0.000000E+0	6.037202E+3
9.815931E-2	6.037083E+3
1.641402E-1	6.037008E+3
2.287159E-1	6.037061E+3
2.960267E-1	6.037063E+3
3.622184E-1	6.036984E+3
4.306378E-1	6.037039E+3
4.981441E-1	6.036972E+3
5.635419E-1	6.037055E+3
6.286807E-1	6.037056E+3
6.968241E-1	6.037005E+3
7.639785E-1	6.037087E+3
8.320127E-1	6.037005E+3
8.998303E-1	6.037109E+3
9.679255E-1	6.037045E+3
1.032689E+0	6.037082E+3
1.102232E+0	6.037023E+3
1.170239E+0	6.036918E+3
1.236358E+0	6.036905E+3
1.306898E+0	6.036937E+3
1.371881E+0	6.036906E+3
1.438513E+0	6.036987E+3
1.504190E+0	6.037006E+3
1.569335E+0	6.036949E+3
1.638309E+0	6.036999E+3
1.707108E+0	6.037024E+3
1.774981E+0	6.037057E+3
1.839883E+0	6.037023E+3
1.906207E+0	6.037052E+3
1.973657E+0	6.036971E+3
2.039344E+0	6.037024E+3
2.108795E+0	6.037028E+3
2.172978E+0	6.037134E+3
2.241031E+0	6.037180E+3
2.305794E+0	6.037092E+3
2.374013E+0	6.037025E+3
2.441628E+0	6.037126E+3
2.507823E+0	6.037139E+3
2.574428E+0	6.037151E+3
2.641010E+0	6.037205E+3
2.705451E+0	6.037200E+3
2.768607E+0	6.037259E+3
2.835108E+0	6.037125E+3
2.901226E+0	6.037124E+3
2.967265E+0	6.037198E+3
3.032302E+0	6.037268E+3
3.100054E+0	6.037288E+3
3.166686E+0	6.037410E+3
3.233002E+0	6.037464E+3
3.301126E+0	6.037406E+3
3.365376E+0	6.037411E+3
3.433571E+0	6.037432E+3
3.497685E+0	6.037267E+3
3.564009E+0	6.037431E+3
3.629667E+0	6.037420E+3
3.695015E+0	6.037392E+3
3.763180E+0	6.037424E+3
3.828570E+0	6.037471E+3
3.898214E+0	6.037462E+3
3.964718E+0	6.037460E+3
4.033202E+0	6.037481E+3
4.097713E+0	6.037540E+3
4.163815E+0	6.037542E+3
4.229290E+0	6.037614E+3
4.295518E+0	6.037620E+3
4.361578E+0	6.037694E+3
4.430737E+0	6.037482E+3
4.496759E+0	6.037454E+3
4.562279E+0	6.037575E+3
4.631917E+0	6.037580E+3
4.698488E+0	6.037506E+3
4.763726E+0	6.037534E+3
4.831310E+0	6.037617E+3
4.898405E+0	6.037648E+3
4.965797E+0	6.037598E+3
5.032728E+0	6.037691E+3
5.101553E+0	6.037671E+3
5.164825E+0	6.037657E+3
5.232488E+0	6.037637E+3
5.301254E+0	6.037672E+3
5.367442E+0	6.037728E+3
5.434948E+0	6.037769E+3
5.500118E+0	6.037798E+3
5.567183E+0	6.037678E+3
5.636640E+0	6.037782E+3
5.704422E+0	6.037919E+3
5.771999E+0	6.037908E+3
5.836550E+0	6.037920E+3
5.904184E+0	6.037881E+3
5.969591E+0	6.037910E+3
6.038895E+0	6.037895E+3
6.104424E+0	6.037980E+3
6.174361E+0	6.037871E+3
6.242593E+0	6.037882E+3
6.311236E+0	6.038014E+3
6.377623E+0	6.038013E+3
6.443428E+0	6.038019E+3
6.510913E+0	6.038070E+3
6.576376E+0	6.038011E+3
6.643034E+0	6.037999E+3
6.712799E+0	6.038120E+3
6.779021E+0	6.038078E+3
6.845609E+0	6.038136E+3
6.913949E+0	6.038142E+3
6.976747E+0	6.038120E+3
7.041264E+0	6.038121E+3
7.105825E+0	6.038125E+3
7.173469E+0	6.038138E+3
7.240003E+0	6.038164E+3
7.306252E+0	6.038188E+3
7.375370E+0	6.038246E+3
7.441169E+0	6.038178E+3
7.506295E+0	6.038231E+3
7.571277E+0	6.038296E+3
7.636638E+0	6.038213E+3
7.702792E+0	6.038402E+3
7.769712E+0	6.038382E+3
7.837159E+0	6.038425E+3
7.907873E+0	6.038301E+3
7.971924E+0	6.038298E+3
8.040633E+0	6.038316E+3
8.106074E+0	6.038387E+3
8.174455E+0	6.038480E+3
8.242132E+0	6.038527E+3
8.309775E+0	6.038542E+3
8.375489E+0	6.038445E+3
8.444263E+0	6.038540E+3
8.510046E+0	6.038589E+3
8.578816E+0	6.038590E+3
8.647691E+0	6.038628E+3
8.715818E+0	6.038569E+3
8.781351E+0	6.038627E+3
8.846473E+0	6.038783E+3
8.911737E+0	6.038768E+3
8.975492E+0	6.038790E+3
9.044646E+0	6.038702E+3
9.109493E+0	6.038622E+3
9.175496E+0	6.038754E+3
9.243505E+0	6.038797E+3
9.310481E+0	6.038770E+3
9.376913E+0	6.038699E+3
9.444199E+0	6.038765E+3
9.511088E+0	6.038830E+3
9.576070E+0	6.038800E+3
9.640951E+0	6.038843E+3
9.704751E+0	6.038939E+3
9.770610E+0	6.038957E+3
9.834764E+0	6.038953E+3
9.900492E+0	6.038962E+3
9.968670E+0	6.038947E+3
1.003579E+1	6.038982E+3
1.010484E+1	6.039055E+3
1.017157E+1	6.039136E+3
1.023629E+1	6.039102E+3
1.030192E+1	6.039140E+3
1.036878E+1	6.039164E+3
1.043650E+1	6.039218E+3
1.050226E+1	6.039223E+3
1.057062E+1	6.039336E+3
1.063493E+1	6.039271E+3
1.070355E+1	6.039244E+3
1.077070E+1	6.039241E+3
1.083539E+1	6.039292E+3
1.090303E+1	6.039347E+3
1.096793E+1	6.039326E+3
1.103278E+1	6.039336E+3
1.109834E+1	6.039385E+3
1.116788E+1	6.039444E+3
1.123312E+1	6.039441E+3
1.130234E+1	6.039398E+3
1.136930E+1	6.039375E+3
1.143609E+1	6.039504E+3
1.150098E+1	6.039434E+3
1.156709E+1	6.039424E+3
1.163480E+1	6.039476E+3
1.170308E+1	6.039563E+3
1.176734E+1	6.039709E+3
1.183279E+1	6.039692E+3
1.189841E+1	6.039656E+3
1.196477E+1	6.039653E+3
1.203199E+1	6.039652E+3
1.209705E+1	6.039688E+3
1.216416E+1	6.039730E+3
1.223104E+1	6.039798E+3
1.229604E+1	6.039828E+3
1.236638E+1	6.039838E+3
1.242966E+1	6.039837E+3
1.249536E+1	6.039940E+3
1.256190E+1	6.039926E+3
1.262905E+1	6.039919E+3
1.269517E+1	6.039864E+3
1.276090E+1	6.039987E+3
1.282881E+1	6.039944E+3
1.289634E+1	6.039989E+3
1.296525E+1	6.040130E+3
1.303133E+1	6.040135E+3
1.309596E+1	6.040160E+3
1.316270E+1	6.040144E+3
1.323016E+1	6.040217E+3
1.329448E+1	6.040207E+3
1.336340E+1	6.040270E+3
1.343048E+1	6.040282E+3
1.349802E+1	6.040289E+3
1.356338E+1	6.040382E+3
1.362988E+1	6.040411E+3
1.369539E+1	6.040404E+3
1.376286E+1	6.040405E+3
1.382906E+1	6.040376E+3
1.389507E+1	6.040432E+3
1.396323E+1	6.040470E+3
1.403018E+1	6.040531E+3
1.409634E+1	6.040626E+3
1.416086E+1	6.040599E+3
1.422529E+1	6.040639E+3
1.429185E+1	6.040719E+3
1.435920E+1	6.040666E+3
1.442496E+1	6.040665E+3
1.449136E+1	6.040655E+3
1.456294E+1	6.040732E+3
1.462857E+1	6.040684E+3
1.469579E+1	6.040731E+3
1.476252E+1	6.040766E+3
1.482806E+1	6.040846E+3
1.489389E+1	6.040881E+3
1.496286E+1	6.040930E+3
1.503027E+1	6.040857E+3
1.509820E+1	6.040897E+3
1.516655E+1	6.040961E+3
1.523269E+1	6.040974E+3
1.529890E+1	6.040935E+3
1.536672E+1	6.040990E+3
1.543101E+1	6.041003E+3
1.549831E+1	6.041049E+3
1.556625E+1	6.041038E+3
1.562885E+1	6.041028E+3
1.569747E+1	6.041120E+3
1.576299E+1	6.041116E+3
1.582855E+1	6.041189E+3
1.589678E+1	6.041241E+3
1.596455E+1	6.041279E+3
1.603185E+1	6.041300E+3
1.609800E+1	6.041283E+3
1.616652E+1	6.041335E+3
1.623339E+1	6.041314E+3
1.629871E+1	6.041348E+3
1.636422E+1	6.041349E+3
1.643200E+1	6.041344E+3
1.649866E+1	6.041325E+3
1.656703E+1	6.041420E+3
1.663076E+1	6.041467E+3
1.669952E+1	6.041518E+3
1.676652E+1	6.041493E+3
1.683480E+1	6.041486E+3
1.690222E+1	6.041503E+3
1.697191E+1	6.041565E+3
1.703819E+1	6.041602E+3
1.710430E+1	6.041619E+3
1.717095E+1	6.041588E+3
1.723646E+1	6.041626E+3
1.730519E+1	6.041668E+3
1.737236E+1	6.041676E+3
1.744107E+1	6.041681E+3
1.750592E+1	6.041761E+3
1.757474E+1	6.041800E+3
1.763886E+1	6.041828E+3
1.770392E+1	6.041835E+3
1.777214E+1	6.041850E+3
1.783756E+1	6.041920E+3
1.790950E+1	6.042043E+3
1.797852E+1	6.041967E+3
1.804495E+1	6.042014E+3
1.811078E+1	6.041962E+3
1.817721E+1	6.042023E+3
1.824473E+1	6.042142E+3
1.831204E+1	6.042194E+3
1.837901E+1	6.042168E+3
1.844645E+1	6.042304E+3
1.851647E+1	6.042275E+3
1.858547E+1	6.042277E+3
1.865260E+1	6.042348E+3
1.871834E+1	6.042309E+3
1.878525E+1	6.042301E+3
1.884994E+1	6.042489E+3
1.891713E+1	6.042575E+3
1.898400E+1	6.042434E+3
1.905141E+1	6.042464E+3
1.912039E+1	6.042520E+3
1.918725E+1	6.042571E+3
1.925257E+1	6.042643E+3
1.932108E+1	6.042597E+3
1.938699E+1	6.042534E+3
1.945090E+1	6.042577E+3
1.951538E+1	6.042622E+3
1.958440E+1	6.042601E+3
1.965272E+1	6.042587E+3
1.972184E+1	6.042736E+3
1.978811E+1	6.042802E+3
1.985828E+1	6.042834E+3
1.992337E+1	6.042819E+3
1.999266E+1	6.042920E+3
2.005842E+1	6.042885E+3
2.012785E+1	6.042918E+3
2.019624E+1	6.042956E+3
2.026958E+1	6.042949E+3
2.034024E+1	6.042923E+3
2.040872E+1	6.042953E+3
2.047672E+1	6.042959E+3
2.054137E+1	6.042937E+3
2.060729E+1	6.042946E+3
2.067316E+1	6.042865E+3
2.073879E+1	6.043034E+3
2.080736E+1	6.042994E+3
2.087833E+1	6.043022E+3
2.094445E+1	6.043028E+3
2.101520E+1	6.043081E+3
2.108114E+1	6.043058E+3
2.114655E+1	6.043014E+3
2.121381E+1	6.043066E+3
2.127981E+1	6.043092E+3
2.134684E+1	6.043064E+3
2.141156E+1	6.043184E+3
2.147951E+1	6.043188E+3
2.154403E+1	6.043257E+3
2.161374E+1	6.043163E+3
2.167964E+1	6.043327E+3
2.174607E+1	6.043255E+3
2.181469E+1	6.043270E+3
2.188168E+1	6.043277E+3
2.194838E+1	6.043279E+3
2.201594E+1	6.043289E+3
2.208494E+1	6.043453E+3
2.215446E+1	6.043442E+3
2.222252E+1	6.043559E+3
2.229252E+1	6.043450E+3
2.236021E+1	6.043446E+3
2.242698E+1	6.043431E+3
2.249367E+1	6.043412E+3
2.255828E+1	6.043607E+3
2.262495E+1	6.043645E+3
2.269494E+1	6.043642E+3
2.275863E+1	6.043687E+3
2.282634E+1	6.043647E+3
2.289472E+1	6.043722E+3
2.296526E+1	6.043755E+3
2.303113E+1	6.043804E+3
2.309705E+1	6.043822E+3
2.316566E+1	6.043808E+3
2.323401E+1	6.043792E+3
2.329921E+1	6.043905E+3
2.336982E+1	6.043965E+3
2.343525E+1	6.044000E+3
2.350407E+1	6.044034E+3
2.357204E+1	6.044005E+3
2.363534E+1	6.043996E+3
2.370188E+1	6.044052E+3
2.376838E+1	6.044058E+3
2.383294E+1	6.044106E+3
2.390325E+1	6.044171E+3
2.396828E+1	6.044062E+3
2.403777E+1	6.043978E+3
2.410658E+1	6.044176E+3
2.417259E+1	6.044184E+3
2.424102E+1	6.044225E+3
2.430741E+1	6.044260E+3
2.437341E+1	6.044271E+3
2.444097E+1	0.000000E+0
2.450625E+1	6.044236E+3
2.457220E+1	6.044306E+3
2.464168E+1	6.044360E+3
2.470971E+1	6.044218E+3
2.477572E+1	6.044294E+3
2.484384E+1	6.044348E+3
2.491041E+1	6.044337E+3
2.497819E+1	6.044304E+3
2.504495E+1	6.044397E+3
2.511344E+1	6.044540E+3
2.517844E+1	6.044363E+3
2.524824E+1	6.044542E+3
2.531601E+1	6.044673E+3
2.538110E+1	6.044597E+3
2.545176E+1	6.044556E+3
2.551964E+1	6.044529E+3
2.558472E+1	6.044581E+3
2.565202E+1	6.044588E+3
2.571954E+1	6.044745E+3
2.578763E+1	6.044718E+3
2.585332E+1	6.044744E+3
2.592165E+1	6.044752E+3
2.598764E+1	6.044805E+3
2.605466E+1	6.044837E+3
2.612227E+1	6.044768E+3
2.618837E+1	6.044847E+3
2.625608E+1	6.044850E+3
2.632376E+1	6.044917E+3
2.639296E+1	6.045070E+3
2.646237E+1	6.045042E+3
2.652900E+1	6.044980E+3
2.659529E+1	6.045002E+3
2.666001E+1	6.045089E+3
2.672759E+1	6.045128E+3
2.679368E+1	6.045196E+3
2.686180E+1	6.045184E+3
2.693137E+1	6.045182E+3
2.700135E+1	6.045224E+3
2.706775E+1	6.045325E+3
2.713966E+1	6.045248E+3
2.720740E+1	6.045298E+3
2.727233E+1	6.045336E+3
2.733886E+1	6.045387E+3
2.740410E+1	6.045401E+3
2.747177E+1	6.045492E+3
2.753983E+1	6.045538E+3
2.761070E+1	6.045601E+3
2.768067E+1	6.045560E+3
2.774733E+1	6.045518E+3
2.781684E+1	6.045558E+3
2.788294E+1	6.045656E+3
2.795245E+1	6.045672E+3
2.801892E+1	6.045639E+3
2.808792E+1	6.045704E+3
2.815420E+1	6.045797E+3
2.822261E+1	6.045835E+3
2.828961E+1	6.045701E+3
2.835721E+1	6.045650E+3
2.842467E+1	6.045674E+3
2.849568E+1	6.045651E+3
2.856121E+1	6.045777E+3
2.862832E+1	6.045865E+3
2.869622E+1	6.045890E+3
2.875951E+1	6.045930E+3
2.882719E+1	6.045892E+3
2.889494E+1	6.045978E+3
2.896139E+1	6.045988E+3
2.902992E+1	6.046114E+3
2.909675E+1	6.046081E+3
2.916209E+1	6.046087E+3
2.922928E+1	6.046096E+3
2.929624E+1	6.046113E+3
2.936332E+1	6.046070E+3
2.942787E+1	6.046144E+3
2.949399E+1	6.046219E+3
2.956419E+1	6.046240E+3
2.963529E+1	6.046218E+3
2.970542E+1	6.046258E+3
2.977104E+1	6.046194E+3
2.983765E+1	6.046256E+3
2.990254E+1	6.046292E+3
2.997195E+1	6.046386E+3
3.003842E+1	6.046363E+3
3.010655E+1	6.046397E+3
3.017315E+1	6.046338E+3
3.024672E+1	6.046382E+3
3.031624E+1	6.046368E+3
3.038523E+1	6.046447E+3
3.045184E+1	6.046512E+3
3.051748E+1	6.046528E+3
3.058349E+1	6.046569E+3
3.065209E+1	6.046578E+3
3.071978E+1	6.046560E+3
3.078679E+1	6.046637E+3
3.086006E+1	6.046669E+3
3.092630E+1	6.046821E+3
3.099363E+1	6.046819E+3
3.106037E+1	6.046939E+3
3.112708E+1	6.047013E+3
3.119516E+1	6.046948E+3
3.126388E+1	6.047042E+3
3.133159E+1	6.047030E+3
3.139752E+1	6.047063E+3
3.146712E+1	6.046991E+3
3.153665E+1	6.046918E+3
3.160566E+1	6.046961E+3
3.167444E+1	6.046965E+3
3.174038E+1	6.046977E+3
3.180636E+1	6.046973E+3
3.187451E+1	6.046987E+3
3.194230E+1	6.047026E+3
3.200921E+1	6.047056E+3
3.207905E+1	6.047112E+3
3.214496E+1	6.047115E+3
3.221407E+1	6.047114E+3
3.228060E+1	6.047122E+3
3.235228E+1	6.047162E+3
3.241890E+1	6.047179E+3
3.248740E+1	6.047184E+3
3.255519E+1	6.047308E+3
3.262194E+1	6.047231E+3
3.268769E+1	6.047213E+3
3.275634E+1	6.047251E+3
3.282200E+1	6.047330E+3
3.289212E+1	6.047393E+3
3.295673E+1	6.047348E+3
3.302561E+1	6.047512E+3
3.309179E+1	6.047494E+3
3.315976E+1	6.047525E+3
3.322770E+1	6.047489E+3
3.329802E+1	6.047471E+3
3.336803E+1	6.047494E+3
3.343838E+1	6.047558E+3
3.350709E+1	6.047518E+3
3.357453E+1	6.047543E+3
3.364321E+1	6.047527E+3
3.371225E+1	6.047578E+3
3.378192E+1	6.047640E+3
3.384594E+1	6.047553E+3
3.391565E+1	6.047640E+3
3.398185E+1	6.047655E+3
3.405168E+1	6.047646E+3
3.412014E+1	6.047705E+3
3.418541E+1	6.047751E+3
3.425986E+1	6.047851E+3
3.432770E+1	6.047783E+3
3.439404E+1	6.047822E+3
3.446104E+1	6.047857E+3
3.453034E+1	6.047975E+3
3.459650E+1	6.047981E+3
3.466536E+1	6.048031E+3
3.473405E+1	6.048040E+3
3.480101E+1	6.048043E+3
3.486720E+1	6.048096E+3
3.493641E+1	6.048196E+3
3.500271E+1	6.048061E+3
3.506750E+1	6.048046E+3
3.513371E+1	6.048001E+3
3.519916E+1	6.048099E+3
3.526483E+1	6.048162E+3
3.532925E+1	6.048199E+3
3.539743E+1	6.048279E+3
3.546418E+1	6.048322E+3
3.552986E+1	6.048352E+3
3.559324E+1	6.048404E+3
3.566008E+1	6.048471E+3
3.572468E+1	6.048399E+3
3.579253E+1	6.048457E+3
3.586333E+1	6.048450E+3
3.592964E+1	6.048374E+3
3.599909E+1	6.048422E+3
3.606271E+1	6.048452E+3
3.612683E+1	6.048454E+3
3.619231E+1	6.048545E+3
3.625709E+1	6.048496E+3
3.632094E+1	6.048583E+3
3.638983E+1	6.048591E+3
3.645435E+1	6.048634E+3
3.652162E+1	6.048628E+3
3.658661E+1	6.048682E+3
3.665436E+1	6.048723E+3
3.672087E+1	6.048698E+3
3.678614E+1	6.048697E+3
3.685273E+1	6.048758E+3
3.691693E+1	6.048770E+3
3.698401E+1	6.048813E+3
3.705179E+1	6.048787E+3
3.711723E+1	6.048868E+3
3.718554E+1	6.048870E+3
3.725351E+1	6.048842E+3
3.731806E+1	6.048902E+3
3.738368E+1	6.048811E+3
3.744939E+1	6.048909E+3
3.751567E+1	6.048923E+3
3.758454E+1	6.048924E+3
3.765148E+1	6.049002E+3
3.771842E+1	6.049068E+3
3.778643E+1	6.049092E+3
3.785386E+1	6.049134E+3
3.792042E+1	6.049100E+3
3.798888E+1	6.049094E+3
3.805558E+1	6.049121E+3
3.812529E+1	6.049113E+3
3.819178E+1	6.049299E+3
3.825653E+1	6.049221E+3
3.832333E+1	6.049308E+3
3.838943E+1	6.049349E+3
3.845573E+1	6.049383E+3
3.852059E+1	6.049379E+3
3.858697E+1	6.049415E+3
3.865241E+1	6.049437E+3
3.872216E+1	6.049416E+3
3.878648E+1	6.049500E+3
3.885442E+1	6.049511E+3
3.892020E+1	6.049536E+3
3.898591E+1	6.049582E+3
3.905355E+1	6.049597E+3
3.911970E+1	6.049619E+3
3.918559E+1	6.049641E+3
3.925196E+1	6.049741E+3
3.931940E+1	6.049685E+3
3.938707E+1	6.049720E+3
3.945294E+1	6.049815E+3
3.951807E+1	6.049819E+3
3.958512E+1	6.049862E+3
3.965290E+1	6.049913E+3
3.971959E+1	6.049968E+3
3.978931E+1	6.050019E+3
3.985573E+1	6.050029E+3
3.992234E+1	6.050031E+3
3.998847E+1	6.050080E+3
4.005495E+1	6.050038E+3
4.012059E+1	6.050084E+3
4.018713E+1	6.050120E+3
4.025798E+1	6.050165E+3
4.032452E+1	6.050193E+3
4.039586E+1	6.050167E+3
4.046210E+1	6.050271E+3
4.052932E+1	6.050242E+3
4.059355E+1	6.050286E+3
4.066004E+1	6.050266E+3
4.072650E+1	6.050379E+3
4.079543E+1	6.050318E+3
4.086706E+1	6.050289E+3
4.093391E+1	6.050404E+3
4.100056E+1	6.050454E+3
4.106632E+1	6.050403E+3
4.113182E+1	6.050409E+3
4.119836E+1	6.050474E+3
4.126588E+1	6.050499E+3
4.133007E+1	6.050566E+3
4.139499E+1	6.050684E+3
4.146376E+1	6.050550E+3
4.153062E+1	6.050563E+3
4.159704E+1	6.050708E+3
4.166268E+1	6.050669E+3
4.172787E+1	6.050768E+3
4.179586E+1	6.050711E+3
4.186093E+1	6.050802E+3
4.193043E+1	6.050811E+3
4.199759E+1	6.050870E+3
4.206683E+1	6.050868E+3
4.213632E+1	6.050982E+3
4.220402E+1	6.050957E+3
4.227196E+1	6.050965E+3
4.233829E+1	6.050972E+3
4.240509E+1	6.051031E+3
4.247054E+1	6.051078E+3
4.253729E+1	6.050977E+3
4.260292E+1	6.051019E+3
4.266948E+1	6.051040E+3
4.273957E+1	6.051114E+3
4.280482E+1	6.051102E+3
4.286970E+1	6.051223E+3
4.293866E+1	6.051209E+3
4.300165E+1	6.051281E+3
4.306754E+1	6.051273E+3
4.313369E+1	6.051371E+3
4.320531E+1	6.051328E+3
4.327084E+1	6.051394E+3
4.333956E+1	6.051414E+3
4.340561E+1	6.051379E+3
4.347251E+1	6.051419E+3
4.353887E+1	6.051401E+3
4.360489E+1	6.051447E+3
4.367186E+1	6.051542E+3
4.373958E+1	6.051604E+3
4.380419E+1	6.051588E+3
4.387232E+1	6.051659E+3
4.393829E+1	6.051727E+3
4.400488E+1	6.051676E+3
4.407264E+1	6.051716E+3
4.413841E+1	6.051810E+3
4.420511E+1	6.051814E+3
4.427133E+1	6.051773E+3
4.434338E+1	6.051905E+3
4.441242E+1	6.051824E+3
4.448107E+1	6.051967E+3
4.454897E+1	6.051949E+3
4.461695E+1	6.051951E+3
4.468614E+1	6.051932E+3
4.475307E+1	6.052054E+3
4.481853E+1	6.052086E+3
4.488817E+1	6.052073E+3
4.495312E+1	6.052168E+3
4.502544E+1	6.052181E+3
4.509343E+1	6.052189E+3
4.516190E+1	6.052157E+3
4.522941E+1	6.052171E+3
4.529572E+1	6.052194E+3
4.536322E+1	6.052300E+3
4.543206E+1	6.052292E+3
4.550147E+1	6.052348E+3
4.557147E+1	6.052389E+3
4.564103E+1	6.052380E+3
4.570466E+1	6.052327E+3
4.577407E+1	6.052489E+3
4.583891E+1	6.052514E+3
4.590618E+1	6.052590E+3
4.597301E+1	6.052594E+3
4.604129E+1	6.052672E+3
4.610834E+1	6.052697E+3
4.617426E+1	6.052699E+3
4.624663E+1	6.052775E+3
4.631264E+1	6.052766E+3
4.638397E+1	6.052791E+3
4.645077E+1	6.052826E+3
4.651839E+1	6.052804E+3
4.658592E+1	6.052856E+3
4.665336E+1	6.052812E+3
4.672292E+1	6.052935E+3
4.679055E+1	6.052926E+3
4.685796E+1	6.052917E+3
4.692414E+1	6.052936E+3
4.699368E+1	6.052982E+3
4.706383E+1	6.052980E+3
4.713330E+1	6.053062E+3
4.720147E+1	6.053156E+3
4.727089E+1	6.053120E+3
4.733981E+1	6.053150E+3
4.740818E+1	6.053136E+3
4.747737E+1	6.053161E+3
4.754469E+1	6.053214E+3
4.761165E+1	6.053190E+3
4.767789E+1	6.053293E+3
4.774672E+1	6.053303E+3
4.781563E+1	6.053315E+3
4.788211E+1	6.053386E+3
4.794898E+1	6.053365E+3
4.801757E+1	6.053448E+3
4.808547E+1	6.053477E+3
4.815802E+1	6.053346E+3
4.822404E+1	6.053382E+3
4.829341E+1	6.053397E+3
4.836041E+1	6.053428E+3
4.842596E+1	6.053417E+3
4.849143E+1	6.053431E+3
4.855633E+1	6.053481E+3
4.862167E+1	6.053541E+3
4.868804E+1	6.053447E+3
4.875642E+1	6.053505E+3
4.882120E+1	6.053520E+3
4.888989E+1	6.053549E+3
4.895414E+1	6.053583E+3
4.901863E+1	6.053661E+3
4.908614E+1	6.053689E+3
4.915391E+1	6.053793E+3
4.922117E+1	6.053801E+3
4.928583E+1	6.053993E+3
4.935121E+1	6.053969E+3
4.941591E+1	6.053897E+3
4.948442E+1	6.053994E+3
4.955029E+1	6.053931E+3
4.961420E+1	6.054036E+3
4.968204E+1	6.053986E+3
4.974716E+1	6.054107E+3
4.981469E+1	6.054080E+3
4.988065E+1	6.054161E+3
4.994942E+1	6.054175E+3
5.001666E+1	0.000000E+0
5.008167E+1	6.054378E+3
5.014710E+1	6.054353E+3
5.021237E+1	6.054325E+3
5.027821E+1	6.054347E+3
5.034636E+1	6.054298E+3
5.041304E+1	6.054273E+3
5.047861E+1	6.054335E+3
5.054685E+1	0.000000E+0
5.061144E+1	6.054426E+3
5.067836E+1	6.054496E+3
5.074661E+1	6.054494E+3
5.081285E+1	6.054551E+3
5.088078E+1	6.054545E+3
5.094883E+1	6.054537E+3
5.101617E+1	6.054637E+3
5.108398E+1	6.054614E+3
5.114853E+1	6.054585E+3
5.121462E+1	6.054633E+3
5.128334E+1	6.054576E+3
5.134812E+1	6.054602E+3
5.141521E+1	6.054620E+3
5.148363E+1	6.054668E+3
5.155343E+1	6.054634E+3
5.162247E+1	6.054731E+3
5.168911E+1	6.054637E+3
5.175524E+1	6.054738E+3
5.182125E+1	6.054798E+3
5.188780E+1	0.000000E+0
5.195290E+1	6.054898E+3
5.202126E+1	6.054857E+3
5.208885E+1	6.054896E+3
5.215407E+1	6.054939E+3
5.222515E+1	6.054894E+3
5.229525E+1	6.054941E+3
5.236364E+1	6.054986E+3
5.242968E+1	6.055083E+3
5.249689E+1	6.055089E+3
5.256343E+1	6.055034E+3
5.262904E+1	6.055074E+3
5.269692E+1	6.055231E+3
5.276507E+1	6.055210E+3
5.282913E+1	6.055307E+3
5.290234E+1	6.055262E+3
5.296898E+1	6.055354E+3
5.303617E+1	6.055351E+3
5.310197E+1	6.055439E+3
5.317006E+1	6.055353E+3
5.323624E+1	6.055351E+3
5.330326E+1	6.055453E+3
5.337090E+1	6.055536E+3
5.343888E+1	6.055476E+3
5.350350E+1	6.055424E+3
5.357002E+1	6.055423E+3
5.363623E+1	6.055675E+3
5.370303E+1	6.055655E+3
5.376888E+1	6.055658E+3
5.383383E+1	6.055752E+3
5.390211E+1	6.055781E+3
5.396630E+1	6.055815E+3
5.403667E+1	6.055863E+3
5.410244E+1	6.055874E+3
5.416970E+1	6.055806E+3
5.423581E+1	6.055907E+3
5.430161E+1	6.055911E+3
5.436924E+1	6.055911E+3
5.443733E+1	6.055954E+3
5.450333E+1	6.056017E+3
5.456850E+1	6.056062E+3
5.463833E+1	6.055966E+3
5.470394E+1	6.055923E+3
5.477059E+1	6.055938E+3
5.483601E+1	6.055998E+3
5.490244E+1	6.055849E+3
5.496756E+1	6.055960E+3
5.503691E+1	6.055970E+3
5.510450E+1	6.056012E+3
5.517400E+1	6.056085E+3
5.524355E+1	6.056197E+3
5.530793E+1	6.056141E+3
5.537463E+1	6.056259E+3
5.543914E+1	6.056212E+3
5.550677E+1	6.056301E+3
5.557390E+1	6.056466E+3
5.564005E+1	6.056345E+3
5.570607E+1	6.056493E+3
5.577636E+1	6.056516E+3
5.584221E+1	6.056554E+3
5.590547E+1	6.056601E+3
5.597179E+1	6.056505E+3
5.603760E+1	6.056586E+3
5.610395E+1	6.056660E+3
5.617016E+1	6.056709E+3
5.623956E+1	6.056841E+3
5.630294E+1	6.056818E+3
5.637230E+1	6.056699E+3
5.643763E+1	6.056692E+3
5.650538E+1	6.056738E+3
5.657480E+1	6.056743E+3
5.664291E+1	6.056741E+3
5.671053E+1	6.056774E+3
5.677840E+1	6.056838E+3
5.684692E+1	6.056836E+3
5.691798E+1	6.056769E+3
5.698396E+1	6.056866E+3
5.704972E+1	6.056915E+3
5.711563E+1	6.056891E+3
5.718258E+1	6.056942E+3
5.724713E+1	6.056996E+3
5.731485E+1	6.057139E+3
5.738449E+1	6.057251E+3
5.745123E+1	6.057262E+3
5.752013E+1	6.057318E+3
5.758849E+1	6.057338E+3
5.765390E+1	6.057251E+3
5.771996E+1	6.057266E+3
5.778426E+1	6.057309E+3
5.784973E+1	6.057430E+3
5.791897E+1	6.057376E+3
5.798441E+1	6.057467E+3
5.805399E+1	6.057484E+3
5.811971E+1	6.057513E+3
5.818578E+1	6.057573E+3
5.825337E+1	6.057551E+3
5.832195E+1	6.057728E+3
5.838817E+1	6.057654E+3
5.845268E+1	6.057572E+3
5.851813E+1	6.057678E+3
5.858312E+1	6.057668E+3
5.865347E+1	6.057713E+3
5.871947E+1	6.057666E+3
5.878457E+1	6.057723E+3
5.885155E+1	6.057737E+3
5.891868E+1	6.057880E+3
5.898319E+1	6.057849E+3
5.905243E+1	6.057845E+3
5.911991E+1	6.057919E+3
5.918750E+1	6.057972E+3
5.925452E+1	6.057868E+3
5.932193E+1	6.057919E+3
5.939011E+1	6.058032E+3
5.945549E+1	6.058035E+3
5.952025E+1	6.058038E+3
5.958573E+1	6.058041E+3
5.965355E+1	6.057999E+3
5.972067E+1	6.058167E+3
5.978959E+1	6.058094E+3
5.985565E+1	6.058090E+3
5.992300E+1	6.058205E+3
5.999080E+1	6.058170E+3
6.005725E+1	6.058160E+3
6.012332E+1	6.058249E+3
6.019017E+1	6.058299E+3
6.025830E+1	6.058352E+3
6.032696E+1	6.058289E+3
6.039413E+1	6.058268E+3
6.045863E+1	6.058334E+3
6.052581E+1	6.058440E+3
6.059339E+1	0.000000E+0
6.066033E+1	6.058578E+3
6.072570E+1	6.058632E+3
6.079309E+1	6.058671E+3
6.086115E+1	6.058612E+3
6.093158E+1	6.058691E+3
6.099732E+1	6.058601E+3
6.106312E+1	6.058606E+3
6.112938E+1	6.058698E+3
6.119721E+1	6.058609E+3
6.126139E+1	6.058688E+3
6.132763E+1	6.058764E+3
6.139578E+1	6.058835E+3
6.146392E+1	6.058856E+3
6.153350E+1	6.058920E+3
6.159987E+1	6.058845E+3
6.166602E+1	6.058896E+3
6.173181E+1	6.058871E+3
6.179856E+1	6.059011E+3
6.186474E+1	6.058949E+3
6.193383E+1	6.059026E+3
6.199967E+1	6.058987E+3
6.206860E+1	6.058980E+3
6.213731E+1	6.059048E+3
6.220255E+1	6.059063E+3
6.226841E+1	6.059137E+3
6.233826E+1	6.059068E+3
6.240558E+1	6.059147E+3
6.246959E+1	6.059336E+3
6.254056E+1	6.059348E+3
6.260692E+1	6.059430E+3
6.267505E+1	6.059457E+3
6.274036E+1	6.059473E+3
6.280755E+1	6.059341E+3
6.287407E+1	6.059432E+3
6.294204E+1	6.059490E+3
6.301005E+1	6.059345E+3
6.307729E+1	6.059344E+3
6.314587E+1	6.059413E+3
6.321725E+1	6.059559E+3
6.328319E+1	6.059531E+3
6.335173E+1	6.059547E+3
6.341575E+1	6.059520E+3
6.348379E+1	6.059665E+3
6.355066E+1	6.059634E+3
6.361881E+1	6.059659E+3
6.368533E+1	6.059782E+3
6.375034E+1	6.059733E+3
6.381730E+1	6.059757E+3
6.388281E+1	6.059823E+3
6.394862E+1	6.059867E+3
6.401580E+1	6.059782E+3
6.408233E+1	6.059904E+3
6.414839E+1	6.059937E+3
6.421774E+1	6.059964E+3
6.428636E+1	6.059993E+3
6.435558E+1	6.059986E+3
6.442155E+1	6.060043E+3
6.449196E+1	6.060051E+3
6.455830E+1	0.000000E+0
6.462438E+1	6.060017E+3
6.469176E+1	6.060014E+3
6.475899E+1	6.060350E+3
6.482449E+1	6.060336E+3
6.488790E+1	6.060367E+3
6.495605E+1	6.060368E+3
6.502290E+1	6.060350E+3
6.509020E+1	6.060369E+3
6.515514E+1	6.060457E+3
6.522181E+1	6.060496E+3
6.528690E+1	6.060557E+3
6.535401E+1	6.060392E+3
6.542062E+1	6.060537E+3
6.548468E+1	6.060498E+3
6.555450E+1	6.060584E+3
6.561976E+1	6.060504E+3
6.568736E+1	6.060699E+3
6.575441E+1	6.060752E+3
6.582207E+1	6.060869E+3
6.588667E+1	6.060772E+3
6.595468E+1	6.060976E+3
6.602219E+1	6.060882E+3
6.608872E+1	6.060802E+3
6.615283E+1	6.060720E+3
6.622031E+1	6.060817E+3
6.628775E+1	6.060839E+3
6.635232E+1	6.060925E+3
6.642026E+1	6.060822E+3
6.648613E+1	6.060833E+3
6.655505E+1	6.061093E+3
6.662100E+1	6.061056E+3
6.669181E+1	6.061004E+3
6.675857E+1	6.061097E+3
6.682337E+1	6.061184E+3
6.689008E+1	6.061119E+3
6.695755E+1	6.061181E+3
6.702408E+1	6.061190E+3
6.709285E+1	6.061232E+3
6.716067E+1	6.061286E+3
6.723208E+1	6.061259E+3
6.729860E+1	6.061308E+3
6.736578E+1	6.061295E+3
6.743193E+1	6.061336E+3
6.749594E+1	6.061374E+3
6.756356E+1	6.061349E+3
6.763118E+1	6.061348E+3
6.769779E+1	6.061421E+3
6.776494E+1	6.061438E+3
6.783671E+1	6.061484E+3
6.790387E+1	6.061575E+3
6.797238E+1	6.061551E+3
6.803766E+1	6.061686E+3
6.810391E+1	6.061596E+3
6.817130E+1	6.061685E+3
6.823746E+1	6.061679E+3
6.830363E+1	6.061762E+3
6.837316E+1	6.061750E+3
6.843829E+1	6.061748E+3
6.850810E+1	6.061794E+3
6.857488E+1	6.061803E+3
6.863909E+1	6.061860E+3
6.870573E+1	6.061849E+3
6.877342E+1	6.061915E+3
6.883964E+1	6.062010E+3
6.891071E+1	6.062005E+3
6.897704E+1	6.062027E+3
6.904613E+1	6.062029E+3
6.911090E+1	6.062020E+3
6.917812E+1	6.062089E+3
6.924255E+1	6.062134E+3
6.930815E+1	6.062197E+3
6.937272E+1	6.062231E+3
6.944112E+1	6.062252E+3
6.951027E+1	6.062279E+3
6.957995E+1	6.062303E+3
6.964805E+1	6.062330E+3
6.971357E+1	6.062409E+3
6.977874E+1	6.062396E+3
6.984643E+1	6.062416E+3
6.991414E+1	6.062442E+3
6.998083E+1	6.062465E+3
7.005194E+1	6.062486E+3
7.012060E+1	6.062531E+3
7.019067E+1	6.062488E+3
7.025686E+1	6.062566E+3
7.032344E+1	6.062549E+3
7.038699E+1	6.062560E+3
7.045290E+1	6.062583E+3
7.051893E+1	6.062621E+3
7.058458E+1	6.062609E+3
7.065255E+1	6.062659E+3
7.071815E+1	6.062787E+3
7.078865E+1	6.062855E+3
7.085676E+1	6.062917E+3
7.092243E+1	6.062920E+3
7.098695E+1	6.062959E+3
7.105240E+1	6.062895E+3
7.112004E+1	6.062906E+3
7.118856E+1	6.062938E+3
7.125859E+1	6.062980E+3
7.132527E+1	6.063004E+3
7.139004E+1	6.063053E+3
7.146013E+1	6.063070E+3
7.152482E+1	6.063155E+3
7.159234E+1	6.063178E+3
7.165835E+1	6.063210E+3
7.172393E+1	6.063201E+3
7.179422E+1	6.063224E+3
7.185937E+1	6.063214E+3
7.192912E+1	6.063247E+3
7.199546E+1	6.063254E+3
7.206105E+1	6.063315E+3
7.212741E+1	6.063353E+3
7.219466E+1	6.063391E+3
7.226157E+1	6.063418E+3
7.232852E+1	6.063405E+3
7.239604E+1	6.063486E+3
7.246360E+1	6.063489E+3
7.253318E+1	6.063517E+3
7.260394E+1	6.063550E+3
7.267212E+1	6.063584E+3
7.273722E+1	6.063581E+3
7.280261E+1	6.063590E+3
7.286874E+1	6.063639E+3
7.293574E+1	6.063637E+3
7.300036E+1	6.063635E+3
7.306784E+1	6.063650E+3
7.313583E+1	6.063720E+3
7.320341E+1	6.063685E+3
7.327129E+1	6.063740E+3
7.333841E+1	6.063774E+3
7.340486E+1	6.063825E+3
7.346989E+1	6.063831E+3
7.353893E+1	6.063813E+3
7.360604E+1	6.063843E+3
7.367180E+1	6.063961E+3
7.374146E+1	6.063992E+3
7.380908E+1	6.064079E+3
7.387783E+1	6.064114E+3
7.394383E+1	6.064086E+3
7.401148E+1	6.064126E+3
7.407803E+1	6.064076E+3
7.414683E+1	6.064164E+3
7.421720E+1	6.064240E+3
7.428552E+1	6.064257E+3
7.435634E+1	6.064226E+3
7.442236E+1	6.064290E+3
7.449092E+1	6.064347E+3
7.455657E+1	6.064369E+3
7.462234E+1	6.064408E+3
7.468861E+1	6.064415E+3
7.475605E+1	6.064448E+3
7.482175E+1	6.064456E+3
7.488609E+1	6.064478E+3
7.495418E+1	6.064549E+3
7.502030E+1	6.064551E+3
7.508780E+1	6.064656E+3
7.515777E+1	6.064655E+3
7.522434E+1	6.064700E+3
7.529023E+1	6.064609E+3
7.535630E+1	6.064699E+3
7.542580E+1	6.064728E+3
7.549426E+1	6.064759E+3
7.556118E+1	6.064665E+3
7.562778E+1	6.064720E+3
7.569423E+1	6.064750E+3
7.575929E+1	6.064809E+3
7.582487E+1	6.064804E+3
7.589158E+1	6.064987E+3
7.596167E+1	6.065086E+3
7.602838E+1	6.065082E+3
7.609729E+1	6.065121E+3
7.616140E+1	6.065191E+3
7.623193E+1	6.065135E+3
7.629655E+1	6.065101E+3
7.636356E+1	6.065118E+3
7.643157E+1	6.065096E+3
7.649810E+1	6.065132E+3
7.656481E+1	6.065105E+3
7.663352E+1	6.065183E+3
7.670005E+1	6.065200E+3
7.676814E+1	6.065211E+3
7.683372E+1	6.065195E+3
7.690022E+1	6.065317E+3
7.696922E+1	6.065221E+3
7.703692E+1	6.065325E+3
7.710373E+1	6.065369E+3
7.717183E+1	6.065445E+3
7.723942E+1	6.065480E+3
7.730534E+1	6.065486E+3
7.737408E+1	6.065524E+3
7.743909E+1	6.065528E+3
7.750682E+1	6.065607E+3
7.757193E+1	6.065682E+3
7.763651E+1	6.065698E+3
7.770132E+1	6.065709E+3
7.776874E+1	6.065788E+3
7.783541E+1	6.065794E+3
7.790666E+1	6.065797E+3
7.797367E+1	6.065819E+3
7.804122E+1	6.065853E+3
7.810655E+1	6.065968E+3
7.817498E+1	0.000000E+0
7.823886E+1	6.065810E+3
7.830304E+1	6.065948E+3
7.837305E+1	6.065967E+3
7.843887E+1	6.065980E+3
7.850712E+1	6.066019E+3
7.857490E+1	6.066047E+3
7.863956E+1	6.066050E+3
7.870763E+1	6.066067E+3
7.877283E+1	6.066107E+3
7.883934E+1	6.066187E+3
7.890690E+1	6.066167E+3
7.897374E+1	6.066234E+3
7.904120E+1	6.066232E+3
7.910612E+1	6.066277E+3
7.917256E+1	6.066312E+3
7.923932E+1	6.066332E+3
7.930527E+1	6.066385E+3
7.936970E+1	6.066577E+3
7.943526E+1	6.066658E+3
7.950443E+1	6.066672E+3
7.957168E+1	6.066585E+3
7.963719E+1	6.066540E+3
7.970280E+1	6.066541E+3
7.977137E+1	6.066592E+3
7.983704E+1	6.066585E+3
7.990560E+1	6.066624E+3
7.997162E+1	6.066633E+3
8.004225E+1	6.066723E+3
8.010777E+1	6.066717E+3
8.017686E+1	0.000000E+0
8.024289E+1	6.066768E+3
8.031015E+1	6.066808E+3
8.037618E+1	6.066857E+3
8.044266E+1	6.066888E+3
8.050826E+1	6.066970E+3
8.057457E+1	6.066998E+3
8.064412E+1	6.067126E+3
8.070965E+1	6.067056E+3
8.077710E+1	6.067041E+3
8.084210E+1	6.067055E+3
8.091096E+1	6.067130E+3
8.097848E+1	6.067082E+3
8.104446E+1	6.067182E+3
8.110966E+1	6.067208E+3
8.117920E+1	6.067413E+3
8.124728E+1	6.067518E+3
8.131632E+1	6.067554E+3
8.138220E+1	6.067579E+3
8.145113E+1	6.067564E+3
8.151795E+1	6.067586E+3
8.158447E+1	6.067604E+3
8.165147E+1	6.067650E+3
8.171798E+1	6.067735E+3
8.178418E+1	6.067758E+3
8.185196E+1	6.067720E+3
8.192126E+1	6.067647E+3
8.198583E+1	6.067599E+3
8.205299E+1	6.067629E+3
8.211861E+1	6.067772E+3
8.218331E+1	6.067709E+3
8.225030E+1	6.067716E+3
8.231500E+1	6.067709E+3
8.238455E+1	6.067801E+3
8.245056E+1	6.067818E+3
8.252026E+1	6.067830E+3
8.258687E+1	6.067854E+3
8.265287E+1	0.000000E+0
8.271949E+1	6.067882E+3
8.278401E+1	6.067899E+3
8.285165E+1	6.067925E+3
8.291892E+1	6.067931E+3
8.298443E+1	6.068005E+3
8.305343E+1	6.068107E+3
8.311795E+1	6.068053E+3
8.318178E+1	6.068110E+3
8.324978E+1	6.068203E+3
8.331481E+1	6.068362E+3
8.338401E+1	6.068104E+3
8.344993E+1	6.068213E+3
8.351630E+1	6.068263E+3
8.358290E+1	6.068259E+3
8.365190E+1	6.068307E+3
8.371845E+1	6.068491E+3
8.378573E+1	6.068489E+3
8.385164E+1	6.068595E+3
8.391845E+1	6.068577E+3
8.398591E+1	6.068614E+3
8.405400E+1	6.068639E+3
8.412273E+1	6.068708E+3
8.419220E+1	6.068745E+3
8.425820E+1	6.068789E+3
8.432385E+1	6.068780E+3
8.439137E+1	6.068798E+3
8.445737E+1	6.068786E+3
8.452191E+1	6.068848E+3
8.458665E+1	6.068901E+3
8.465584E+1	6.068961E+3
8.472350E+1	6.068981E+3
8.479102E+1	6.069022E+3
8.485803E+1	6.069105E+3
8.492457E+1	6.069142E+3
8.498807E+1	6.069134E+3
8.505507E+1	6.069129E+3
8.512325E+1	6.069175E+3
8.519289E+1	6.069170E+3
8.526189E+1	6.069247E+3
8.533250E+1	6.069289E+3
8.539911E+1	6.069400E+3
8.546514E+1	6.069381E+3
8.552967E+1	6.069431E+3
8.559640E+1	6.069512E+3
8.566240E+1	6.069476E+3
8.572955E+1	6.069525E+3
8.579807E+1	6.069515E+3
8.586506E+1	6.069561E+3
8.593413E+1	6.069610E+3
8.599923E+1	6.069676E+3
8.606523E+1	6.069670E+3
8.613279E+1	6.069470E+3
8.619731E+1	6.069557E+3
8.626438E+1	6.069553E+3
8.633063E+1	0.000000E+0
8.639816E+1	6.069623E+3
8.646315E+1	6.069622E+3
8.653168E+1	6.069657E+3
8.659924E+1	6.069697E+3
8.666323E+1	6.069765E+3
8.672785E+1	6.069772E+3
8.679536E+1	6.069806E+3
8.686246E+1	6.069878E+3
8.692806E+1	6.069854E+3
8.699659E+1	6.070069E+3
8.706058E+1	6.070141E+3
8.712710E+1	6.070229E+3
8.719316E+1	6.070253E+3
8.725816E+1	6.070289E+3
8.732431E+1	6.070342E+3
8.739085E+1	6.070329E+3
8.745787E+1	6.070380E+3
8.752755E+1	6.070405E+3
8.759621E+1	6.070360E+3
8.766627E+1	6.070492E+3
8.773189E+1	6.070526E+3
8.779791E+1	6.070584E+3
8.786691E+1	6.070468E+3
8.793456E+1	6.070584E+3
8.800209E+1	6.070625E+3
8.806948E+1	6.070770E+3
8.813599E+1	6.070765E+3
8.820259E+1	6.070770E+3
8.826863E+1	6.070725E+3
8.833520E+1	6.070764E+3
8.840079E+1	6.070786E+3
8.846682E+1	6.070847E+3
8.853248E+1	6.070820E+3
8.860292E+1	6.070826E+3
8.866794E+1	6.070931E+3
8.873543E+1	6.070963E+3
8.880397E+1	6.070965E+3
8.886997E+1	6.071005E+3
8.893548E+1	6.071020E+3
8.900297E+1	6.071086E+3
8.906872E+1	6.071104E+3
8.913392E+1	6.071132E+3
8.920399E+1	6.071215E+3
8.927304E+1	6.071211E+3
8.934045E+1	6.071271E+3
8.940872E+1	6.071318E+3
8.947477E+1	6.071368E+3
8.954142E+1	6.071405E+3
8.960703E+1	6.071456E+3
8.967407E+1	6.071487E+3
8.974370E+1	6.071537E+3
8.981301E+1	6.071543E+3
8.987988E+1	6.071496E+3
8.994780E+1	6.071603E+3
9.001457E+1	6.071510E+3
9.008188E+1	6.071539E+3
9.014542E+1	6.071618E+3
9.020944E+1	6.071673E+3
9.027774E+1	6.071655E+3
9.034379E+1	6.071677E+3
9.040871E+1	6.071749E+3
9.047873E+1	6.071682E+3
9.054532E+1	6.071801E+3
9.061060E+1	6.071905E+3
9.067752E+1	6.071898E+3
9.074313E+1	6.071898E+3
9.081269E+1	6.071945E+3
9.088087E+1	6.072053E+3
9.095000E+1	6.072043E+3
9.101655E+1	6.072064E+3
9.108706E+1	6.071988E+3
9.115213E+1	6.071981E+3
9.121660E+1	6.072082E+3
9.128845E+1	6.072130E+3
9.135717E+1	6.072137E+3
9.142370E+1	6.072288E+3
9.149105E+1	6.072194E+3
9.155726E+1	6.072160E+3
9.162496E+1	6.072219E+3
9.169274E+1	6.072401E+3
9.176173E+1	6.072340E+3
9.182849E+1	6.072342E+3
9.189356E+1	6.072381E+3
9.195960E+1	0.000000E+0
9.202621E+1	6.072436E+3
9.209584E+1	6.072432E+3
9.215992E+1	6.072439E+3
9.222873E+1	6.072484E+3
9.229757E+1	6.072598E+3
9.236682E+1	6.072602E+3
9.243288E+1	6.072599E+3
9.249940E+1	6.072610E+3
9.256454E+1	6.072650E+3
9.262911E+1	6.072749E+3
9.269780E+1	6.072763E+3
9.276380E+1	6.072793E+3
9.283352E+1	6.072924E+3
9.290051E+1	6.072896E+3
9.296971E+1	6.072946E+3
9.303326E+1	6.072981E+3
9.310096E+1	6.072963E+3
9.316824E+1	6.072999E+3
9.323569E+1	6.073066E+3
9.330720E+1	6.073093E+3
9.337627E+1	6.073171E+3
9.344601E+1	6.073215E+3
9.351372E+1	6.073351E+3
9.358413E+1	6.073238E+3
9.365117E+1	6.073226E+3
9.371868E+1	6.073006E+3
9.378673E+1	6.073031E+3
9.385545E+1	6.073055E+3
9.392470E+1	6.073113E+3
9.399194E+1	6.073157E+3
9.405995E+1	6.073141E+3
9.412676E+1	6.073266E+3
9.419284E+1	6.073305E+3
9.425985E+1	6.073316E+3
9.432552E+1	6.073290E+3
9.439275E+1	6.073359E+3
9.445682E+1	6.073370E+3
9.452279E+1	6.073404E+3
9.458979E+1	6.073469E+3
9.465946E+1	6.073547E+3
9.472708E+1	6.073553E+3
9.479288E+1	6.073615E+3
9.485929E+1	6.073552E+3
9.492562E+1	6.073597E+3
9.499160E+1	6.073646E+3
9.505613E+1	6.073702E+3
9.512564E+1	6.073721E+3
9.518969E+1	6.073766E+3
9.526143E+1	6.073800E+3
9.532808E+1	6.073869E+3
9.539828E+1	6.073866E+3
9.546372E+1	6.073901E+3
9.553089E+1	6.073882E+3
9.559664E+1	6.073942E+3
9.566315E+1	6.073966E+3
9.572959E+1	6.073956E+3
9.579709E+1	6.074070E+3
9.586709E+1	6.074146E+3
9.593784E+1	6.074180E+3
9.600627E+1	6.074110E+3
9.607427E+1	6.074140E+3
9.613944E+1	6.074202E+3
9.620792E+1	6.074200E+3
9.627708E+1	6.074257E+3
9.634369E+1	6.074261E+3
9.641230E+1	6.074296E+3
9.647832E+1	6.074354E+3
9.654797E+1	6.074412E+3
9.661469E+1	6.074361E+3
9.668271E+1	6.074432E+3
9.674831E+1	6.074478E+3
9.681650E+1	6.074487E+3
9.688649E+1	6.074502E+3
9.695278E+1	6.074582E+3
9.702054E+1	6.074622E+3
9.709155E+1	6.074578E+3
9.715643E+1	6.074590E+3
9.722789E+1	6.074644E+3
9.729579E+1	6.074683E+3
9.736810E+1	6.074736E+3
9.743611E+1	6.074750E+3
9.750203E+1	6.074792E+3
9.756761E+1	6.074758E+3
9.763315E+1	6.074869E+3
9.770206E+1	6.074814E+3
9.777095E+1	6.074800E+3
9.783863E+1	6.074834E+3
9.790526E+1	6.074904E+3
9.797599E+1	6.074938E+3
9.804246E+1	6.075014E+3
9.810728E+1	6.075052E+3
9.817528E+1	6.075015E+3
9.823994E+1	6.075082E+3
9.830747E+1	6.075128E+3
9.837501E+1	6.075169E+3
9.844462E+1	6.075133E+3
9.850986E+1	6.075171E+3
9.858144E+1	6.075261E+3
9.864841E+1	6.075336E+3
9.871425E+1	6.075304E+3
9.877954E+1	6.075376E+3
9.884747E+1	6.075442E+3
9.891169E+1	6.075488E+3
9.897766E+1	6.075494E+3
9.904212E+1	6.075509E+3
9.910922E+1	6.075532E+3
9.917771E+1	6.075553E+3
9.924523E+1	6.075497E+3
9.931190E+1	6.075688E+3
9.937825E+1	6.075605E+3
9.944414E+1	6.075644E+3
9.951006E+1	6.075674E+3
9.958005E+1	6.075733E+3
9.964397E+1	6.075738E+3
9.971167E+1	6.075794E+3
9.977767E+1	6.075959E+3
9.984419E+1	6.076021E+3
9.991070E+1	6.076028E+3
9.997872E+1	6.076107E+3
1.000480E+2	6.076148E+3
1.001179E+2	6.076120E+3
1.001851E+2	6.076209E+3
1.002548E+2	6.076226E+3
1.003213E+2	6.076248E+3
1.003913E+2	6.076279E+3
1.004600E+2	6.076350E+3
1.005266E+2	6.076371E+3
1.005939E+2	6.076372E+3
1.006605E+2	6.076514E+3
1.007271E+2	6.076431E+3
1.007956E+2	6.076399E+3
1.008601E+2	6.076571E+3
1.009304E+2	6.076602E+3
1.009968E+2	6.076628E+3
1.010616E+2	6.076664E+3
1.011291E+2	6.076638E+3
1.011927E+2	6.076696E+3
1.012594E+2	6.076719E+3
1.013249E+2	6.076755E+3
1.013889E+2	6.076735E+3
1.014585E+2	6.076736E+3
1.015232E+2	6.076820E+3
1.015893E+2	6.076835E+3
1.016543E+2	6.076854E+3
1.017205E+2	6.076919E+3
1.017855E+2	6.076921E+3
1.018554E+2	6.076967E+3
1.019210E+2	6.077013E+3
1.019910E+2	6.077110E+3
1.020565E+2	6.077124E+3
1.021229E+2	6.077073E+3
1.021879E+2	6.077137E+3
1.022564E+2	6.077114E+3
1.023216E+2	6.077160E+3
1.023873E+2	6.077237E+3
1.024564E+2	6.077258E+3
1.025226E+2	6.077273E+3
1.025904E+2	6.077334E+3
1.026556E+2	6.077360E+3
1.027211E+2	6.077373E+3
1.027892E+2	6.077466E+3
1.028547E+2	6.077471E+3
1.029222E+2	6.077493E+3
1.029872E+2	6.077556E+3
1.030547E+2	6.077601E+3
1.031200E+2	6.077618E+3
1.031833E+2	6.077596E+3
1.032482E+2	6.077689E+3
1.033128E+2	6.077664E+3
1.033770E+2	6.077747E+3
1.034436E+2	6.077790E+3
1.035071E+2	6.077796E+3
1.035721E+2	6.077794E+3
1.036397E+2	6.077737E+3
1.037053E+2	6.077852E+3
1.037727E+2	6.077889E+3
1.038387E+2	6.077940E+3
1.039063E+2	6.078178E+3
1.039723E+2	6.078069E+3
1.040404E+2	6.078149E+3
1.041069E+2	6.078170E+3
1.041719E+2	6.078283E+3
1.042381E+2	6.078384E+3
1.043055E+2	6.078427E+3
1.043715E+2	6.078493E+3
1.044361E+2	6.078446E+3
1.045039E+2	6.078494E+3
1.045730E+2	6.078548E+3
1.046400E+2	6.078461E+3
1.047086E+2	6.078386E+3
1.047740E+2	6.078406E+3
1.048392E+2	6.078563E+3
1.049059E+2	6.078622E+3
1.049721E+2	6.078659E+3
1.050443E+2	6.078717E+3
1.051090E+2	6.078745E+3
1.051757E+2	6.078835E+3
1.052420E+2	6.078806E+3
1.053089E+2	6.078755E+3
1.053775E+2	6.078870E+3
1.054429E+2	6.078744E+3
1.055091E+2	6.078900E+3
1.055758E+2	6.078927E+3
1.056439E+2	6.078983E+3
1.057086E+2	6.079065E+3
1.057785E+2	6.079076E+3
1.058438E+2	6.079121E+3
1.059103E+2	6.079122E+3
1.059776E+2	6.079092E+3
1.060437E+2	6.079198E+3
1.061087E+2	6.079224E+3
1.061774E+2	6.079303E+3
1.062450E+2	6.079330E+3
1.063115E+2	6.079360E+3
1.063783E+2	6.079367E+3
1.064426E+2	6.079313E+3
1.065081E+2	6.079365E+3
1.065723E+2	6.079440E+3
1.066369E+2	6.079435E+3
1.067049E+2	6.079530E+3
1.067714E+2	6.079552E+3
1.068415E+2	6.079648E+3
1.069079E+2	6.079770E+3
1.069738E+2	6.079777E+3
1.070384E+2	6.079837E+3
1.071045E+2	6.079791E+3
1.071725E+2	6.079707E+3
1.072400E+2	6.079779E+3
1.073080E+2	6.079798E+3
1.073722E+2	6.079793E+3
1.074368E+2	6.079838E+3
1.075029E+2	6.079907E+3
1.075699E+2	6.079950E+3
1.076347E+2	6.080037E+3
1.076993E+2	6.079948E+3
1.077699E+2	6.080031E+3
1.078338E+2	6.080002E+3
1.079033E+2	6.080025E+3
1.079709E+2	6.080045E+3
1.080383E+2	6.080201E+3
1.081043E+2	6.080199E+3
1.081741E+2	6.080262E+3
1.082392E+2	6.080290E+3
1.083094E+2	6.080346E+3
1.083742E+2	6.080409E+3
1.084422E+2	6.080486E+3
1.085105E+2	6.080554E+3
1.085817E+2	6.080519E+3
1.086492E+2	6.080423E+3
1.087127E+2	6.080560E+3
1.087778E+2	6.080580E+3
1.088437E+2	6.080617E+3
1.089113E+2	6.080597E+3
1.089791E+2	6.080680E+3
1.090461E+2	6.080718E+3
1.091164E+2	6.080704E+3
1.091814E+2	6.080734E+3
1.092482E+2	6.080755E+3
1.093140E+2	6.080906E+3
1.093819E+2	6.080953E+3
1.094506E+2	6.081006E+3
1.095196E+2	6.080948E+3
1.095846E+2	6.080979E+3
1.096543E+2	6.081030E+3
1.097222E+2	6.081088E+3
1.097902E+2	6.081109E+3
1.098548E+2	6.081095E+3
1.099214E+2	6.081134E+3
1.099863E+2	6.081218E+3
1.100524E+2	6.081207E+3
1.101222E+2	6.081169E+3
1.101882E+2	6.081225E+3
1.102580E+2	6.081181E+3
1.103228E+2	6.081254E+3
1.103948E+2	6.081365E+3
1.104626E+2	6.081365E+3
1.105303E+2	6.081419E+3
1.105954E+2	6.081478E+3
1.106622E+2	6.081550E+3
1.107290E+2	6.081592E+3
1.107949E+2	6.081541E+3
1.108616E+2	6.081708E+3
1.109314E+2	6.081720E+3
1.110006E+2	6.081795E+3
1.110693E+2	6.081803E+3
1.111371E+2	6.081817E+3
1.112041E+2	6.081913E+3
1.112706E+2	6.081919E+3
1.113387E+2	6.081910E+3
1.114048E+2	6.081966E+3
1.114715E+2	6.081974E+3
1.115358E+2	6.082034E+3
1.116076E+2	6.082066E+3
1.116722E+2	6.082107E+3
1.117386E+2	6.082156E+3
1.118057E+2	6.082087E+3
1.118713E+2	6.082172E+3
1.119369E+2	6.082164E+3
1.120060E+2	6.082206E+3
1.120746E+2	6.082362E+3
1.121415E+2	6.082274E+3
1.122067E+2	6.082364E+3
1.122753E+2	6.082362E+3
1.123424E+2	6.082444E+3
1.124075E+2	6.082515E+3
1.124741E+2	6.082447E+3
1.125417E+2	6.082483E+3
1.126097E+2	6.082620E+3
1.126763E+2	6.082607E+3
1.127451E+2	6.082709E+3
1.128142E+2	6.082769E+3
1.128797E+2	6.082760E+3
1.129464E+2	6.082769E+3
1.130121E+2	6.082821E+3
1.130807E+2	6.082830E+3
1.131518E+2	6.082874E+3
1.132196E+2	6.082935E+3
1.132876E+2	6.082938E+3
1.133550E+2	6.082964E+3
1.134235E+2	6.083083E+3
1.134896E+2	6.083065E+3
1.135542E+2	6.083062E+3
1.136209E+2	6.083085E+3
1.136899E+2	6.083134E+3
1.137566E+2	6.083124E+3
1.138256E+2	6.083143E+3
1.138905E+2	6.083242E+3
1.139589E+2	6.083286E+3
1.140234E+2	6.083373E+3
1.140914E+2	6.083392E+3
1.141572E+2	6.083499E+3
1.142257E+2	6.083623E+3
1.142915E+2	6.083649E+3
1.143590E+2	6.083676E+3
1.144269E+2	6.083473E+3
1.144968E+2	6.083586E+3
1.145659E+2	6.083577E+3
1.146330E+2	6.083621E+3
1.147025E+2	6.083691E+3
1.147701E+2	6.083717E+3
1.148398E+2	6.083743E+3
1.149087E+2	6.083761E+3
1.149774E+2	6.083883E+3
1.150430E+2	6.083897E+3
1.151138E+2	6.083893E+3
1.151799E+2	6.083885E+3
1.152484E+2	6.083931E+3
1.153176E+2	6.083979E+3
1.153855E+2	6.084063E+3
1.154551E+2	6.084091E+3
1.155237E+2	6.084086E+3
1.155902E+2	6.084139E+3
1.156569E+2	6.084139E+3
1.157224E+2	6.084219E+3
1.157874E+2	6.084283E+3
1.158550E+2	6.084271E+3
1.159213E+2	6.084279E+3
1.159873E+2	6.084321E+3
1.160560E+2	6.084317E+3
1.161226E+2	6.084413E+3
1.161887E+2	6.084437E+3
1.162563E+2	6.084447E+3
1.163229E+2	6.084347E+3
1.163940E+2	6.084457E+3
1.164586E+2	6.084500E+3
1.165281E+2	6.084530E+3
1.165950E+2	6.084544E+3
1.166605E+2	6.084609E+3
1.167290E+2	6.084663E+3
1.167961E+2	6.084714E+3
1.168628E+2	6.084779E+3
1.169306E+2	6.084822E+3
1.169986E+2	6.084868E+3
1.170713E+2	6.084865E+3
1.171378E+2	6.084918E+3
1.172039E+2	6.084938E+3
1.172717E+2	6.084982E+3
1.173385E+2	6.084944E+3
1.174045E+2	6.085000E+3
1.174743E+2	6.085098E+3
1.175395E+2	6.085101E+3
1.176106E+2	6.085153E+3
1.176797E+2	6.085199E+3
1.177493E+2	6.085335E+3
1.178145E+2	6.085429E+3
1.178812E+2	6.085450E+3
1.179494E+2	6.085405E+3
1.180135E+2	6.085369E+3
1.180828E+2	6.085472E+3
1.181504E+2	6.085474E+3
1.182156E+2	6.085542E+3
1.182823E+2	6.085522E+3
1.183511E+2	6.085473E+3
1.184171E+2	6.085561E+3
1.184837E+2	6.085617E+3
1.185494E+2	6.085684E+3
1.186164E+2	6.085706E+3
1.186840E+2	6.085810E+3
1.187535E+2	6.085863E+3
1.188195E+2	6.085872E+3
1.188901E+2	6.085898E+3
1.189577E+2	6.085989E+3
1.190238E+2	6.085955E+3
1.190895E+2	6.085976E+3
1.191571E+2	6.085983E+3
1.192224E+2	6.086036E+3
1.192881E+2	6.086186E+3
1.193558E+2	6.086154E+3
1.194232E+2	6.086148E+3
1.194918E+2	6.086193E+3
1.195634E+2	6.086278E+3
1.196327E+2	6.086358E+3
1.197007E+2	6.086456E+3
1.197673E+2	6.086518E+3
1.198348E+2	6.086576E+3
1.199010E+2	6.086545E+3
1.199672E+2	6.086603E+3
1.200381E+2	6.086593E+3
1.201045E+2	6.086774E+3
1.201733E+2	6.086765E+3
1.202408E+2	6.086788E+3
1.203058E+2	6.086954E+3
1.203726E+2	6.086886E+3
1.204401E+2	6.086854E+3
1.205091E+2	6.086953E+3
1.205777E+2	6.086907E+3
1.206446E+2	6.086876E+3
1.207127E+2	6.086920E+3
1.207823E+2	6.087062E+3
1.208530E+2	6.087042E+3
1.209249E+2	6.087138E+3
1.209914E+2	6.087178E+3
1.210599E+2	6.087210E+3
1.211259E+2	6.087305E+3
1.211951E+2	6.087295E+3
1.212639E+2	6.087390E+3
1.213333E+2	6.087403E+3
1.213994E+2	6.087550E+3
1.214664E+2	6.087461E+3
1.215340E+2	6.087476E+3
1.216040E+2	6.087474E+3
1.216736E+2	6.087506E+3
1.217411E+2	6.087549E+3
1.218089E+2	6.087526E+3
1.218774E+2	6.087571E+3
1.219451E+2	6.087645E+3
1.220102E+2	6.087618E+3
1.220798E+2	6.087641E+3
1.221473E+2	6.087667E+3
1.222193E+2	6.087764E+3
1.222860E+2	6.087804E+3
1.223545E+2	6.087754E+3
1.224235E+2	6.087882E+3
1.224922E+2	6.087993E+3
1.225608E+2	6.087929E+3
1.226278E+2	6.087968E+3
1.226965E+2	6.087969E+3
1.227652E+2	6.088043E+3
1.228348E+2	6.088088E+3
1.229008E+2	6.088141E+3
1.229693E+2	6.088185E+3
1.230360E+2	6.088241E+3
1.231030E+2	6.088257E+3
1.231676E+2	6.088297E+3
1.232349E+2	6.088256E+3
1.233005E+2	6.088283E+3
1.233691E+2	6.088334E+3
1.234386E+2	6.088346E+3
1.235046E+2	6.088340E+3
1.235737E+2	6.088349E+3
1.236448E+2	6.088391E+3
1.237121E+2	6.088441E+3
1.237779E+2	6.088503E+3
1.238445E+2	6.088536E+3
1.239106E+2	6.088556E+3
1.239783E+2	6.088697E+3
1.240469E+2	6.088740E+3
1.241161E+2	6.088853E+3
1.241878E+2	6.088694E+3
1.242563E+2	6.088720E+3
1.243237E+2	6.088792E+3
1.243904E+2	6.088810E+3
1.244602E+2	6.088852E+3
1.245293E+2	6.088934E+3
1.245979E+2	6.088978E+3
1.246667E+2	6.089028E+3
1.247355E+2	6.088989E+3
1.248044E+2	6.089017E+3
1.248719E+2	6.089049E+3
1.249405E+2	6.089109E+3
1.250054E+2	6.089171E+3
1.250729E+2	6.089204E+3
1.251395E+2	6.089230E+3
1.252049E+2	6.089324E+3
1.252724E+2	6.089375E+3
1.253388E+2	6.089352E+3
1.254078E+2	6.089389E+3
1.254718E+2	6.089404E+3
1.255422E+2	6.089462E+3
1.256093E+2	6.089511E+3
1.256748E+2	6.089597E+3
1.257414E+2	6.089603E+3
1.258075E+2	6.089644E+3
1.258731E+2	6.089733E+3
1.259414E+2	6.089737E+3
1.260104E+2	6.089736E+3
1.260791E+2	6.089837E+3
1.261440E+2	6.089834E+3
1.262089E+2	6.089861E+3
1.262804E+2	6.089901E+3
1.263490E+2	6.089922E+3
1.264181E+2	6.089929E+3
1.264868E+2	6.089934E+3
1.265526E+2	6.089962E+3
1.266225E+2	6.089991E+3
1.266883E+2	6.090037E+3
1.267597E+2	6.090102E+3
1.268258E+2	6.090103E+3
1.268936E+2	6.090140E+3
1.269592E+2	6.090195E+3
1.270264E+2	6.090167E+3
1.270921E+2	6.090183E+3
1.271625E+2	6.090264E+3
1.272296E+2	6.090290E+3
1.272985E+2	6.090358E+3
1.273650E+2	6.090374E+3
1.274330E+2	6.090429E+3
1.275007E+2	6.090451E+3
1.275662E+2	0.000000E+0
1.276312E+2	6.090548E+3
1.276990E+2	6.090577E+3
1.277657E+2	6.090607E+3
1.278298E+2	6.090576E+3
1.279004E+2	0.000000E+0
1.279668E+2	6.090713E+3
1.280328E+2	6.090794E+3
1.281002E+2	6.090783E+3
1.281694E+2	6.090842E+3
1.282365E+2	6.090869E+3
1.283018E+2	6.090818E+3
1.283695E+2	6.090884E+3
1.284382E+2	6.090935E+3
1.285032E+2	6.090959E+3
1.285731E+2	6.091016E+3
1.286399E+2	6.091037E+3
1.287048E+2	6.091012E+3
1.287716E+2	6.091061E+3
1.288394E+2	6.091167E+3
1.289065E+2	6.091214E+3
1.289753E+2	6.091206E+3
1.290411E+2	6.091203E+3
1.291110E+2	6.091332E+3
1.291775E+2	6.091368E+3
1.292433E+2	6.091443E+3
1.293113E+2	6.091410E+3
1.293790E+2	6.091475E+3
1.294434E+2	6.091589E+3
1.295114E+2	6.091579E+3
1.295800E+2	6.091702E+3
1.296496E+2	6.091724E+3
1.297136E+2	6.091739E+3
1.297832E+2	6.091743E+3
1.298490E+2	6.091767E+3
1.299160E+2	6.091850E+3
1.299839E+2	6.091891E+3
1.300515E+2	6.091939E+3
1.301195E+2	6.091915E+3
1.301902E+2	6.091952E+3
1.302587E+2	6.091985E+3
1.303237E+2	6.092020E+3
1.303944E+2	6.091984E+3
1.304621E+2	6.092087E+3
1.305272E+2	6.092099E+3
1.305938E+2	6.092155E+3
1.306615E+2	6.092120E+3
1.307265E+2	6.092143E+3
1.307931E+2	6.092161E+3
1.308649E+2	6.092263E+3
1.309290E+2	6.092273E+3
1.309966E+2	6.092299E+3
1.310612E+2	6.092366E+3
1.311272E+2	6.092389E+3
1.311949E+2	6.092440E+3
1.312636E+2	6.092476E+3
1.313326E+2	6.092555E+3
1.314002E+2	6.092683E+3
1.314688E+2	6.092658E+3
1.315369E+2	6.092760E+3
1.316034E+2	6.092786E+3
1.316730E+2	6.092838E+3
1.317391E+2	6.092887E+3
1.318057E+2	6.092982E+3
1.318704E+2	6.093014E+3
1.319377E+2	6.093035E+3
1.320083E+2	6.093051E+3
1.320750E+2	6.093110E+3
1.321447E+2	6.093189E+3
1.322105E+2	6.093157E+3
1.322780E+2	6.093113E+3
1.323445E+2	6.093126E+3
1.324126E+2	6.093273E+3
1.324772E+2	6.093321E+3
1.325458E+2	6.093342E+3
1.326148E+2	6.093396E+3
1.326825E+2	6.093363E+3
1.327481E+2	6.093391E+3
1.328177E+2	6.093421E+3
1.328824E+2	6.093515E+3
1.329518E+2	6.093643E+3
1.330178E+2	6.093690E+3
1.330863E+2	6.093748E+3
1.331556E+2	6.093770E+3
1.332216E+2	6.093732E+3
1.332903E+2	6.093784E+3
1.333629E+2	6.093769E+3
1.334279E+2	6.093837E+3
1.334967E+2	6.093831E+3
1.335630E+2	6.093920E+3
1.336305E+2	6.093942E+3
1.336959E+2	6.093937E+3
1.337626E+2	6.093967E+3
1.338297E+2	6.093963E+3
1.338945E+2	6.093965E+3
1.339652E+2	6.094099E+3
1.340348E+2	6.094120E+3
1.341023E+2	6.094262E+3
1.341686E+2	6.094287E+3
1.342328E+2	6.094302E+3
1.342984E+2	6.094293E+3
1.343643E+2	6.094259E+3
1.344309E+2	6.094242E+3
1.344994E+2	6.094244E+3
1.345662E+2	6.094314E+3
1.346363E+2	6.094351E+3
1.347030E+2	6.094421E+3
1.347687E+2	6.094471E+3
1.348361E+2	6.094515E+3
1.349017E+2	6.094443E+3
1.349667E+2	6.094451E+3
1.350327E+2	6.094517E+3
1.351018E+2	6.094558E+3
1.351707E+2	6.094599E+3
1.352343E+2	6.094638E+3
1.352992E+2	6.094651E+3
1.353668E+2	6.094652E+3
1.354313E+2	6.094660E+3
1.354977E+2	6.094692E+3
1.355659E+2	6.094760E+3
1.356320E+2	6.094799E+3
1.356975E+2	6.094886E+3
1.357645E+2	6.094909E+3
1.358280E+2	6.094937E+3
1.358919E+2	6.094960E+3
1.359580E+2	6.095117E+3
1.360273E+2	6.095005E+3
1.360950E+2	6.095173E+3
1.361638E+2	6.095146E+3
1.362349E+2	6.095142E+3
1.363036E+2	6.095185E+3
1.363733E+2	6.095231E+3
1.364392E+2	6.095271E+3
1.365060E+2	6.095242E+3
1.365727E+2	6.095307E+3
1.366397E+2	6.095406E+3
1.367064E+2	6.095460E+3
1.367751E+2	6.095512E+3
1.368421E+2	6.095543E+3
1.369110E+2	6.095573E+3
1.369765E+2	6.095613E+3
1.370430E+2	6.095667E+3
1.371115E+2	6.095715E+3
1.371782E+2	6.095777E+3
1.372451E+2	6.095965E+3
1.373111E+2	6.095824E+3
1.373797E+2	6.095805E+3
1.374487E+2	6.096004E+3
1.375144E+2	6.096085E+3
1.375841E+2	6.096095E+3
1.376481E+2	6.095962E+3
1.377147E+2	6.096075E+3
1.377812E+2	6.096113E+3
1.378454E+2	6.096098E+3
1.379128E+2	6.096146E+3
1.379776E+2	6.096185E+3
1.380407E+2	6.096153E+3
1.381083E+2	6.096260E+3
1.381770E+2	6.096266E+3
1.382451E+2	6.096281E+3
1.383118E+2	6.096307E+3
1.383798E+2	6.096400E+3
1.384469E+2	6.096431E+3
1.385123E+2	6.096433E+3
1.385778E+2	6.096497E+3
1.386489E+2	6.096516E+3
1.387149E+2	6.096543E+3
1.387866E+2	6.096504E+3
1.388540E+2	6.096570E+3
1.389220E+2	6.096574E+3
1.389885E+2	6.096657E+3
1.390541E+2	6.096766E+3
1.391222E+2	6.096715E+3
1.391860E+2	6.096747E+3
1.392577E+2	6.096776E+3
1.393247E+2	6.096911E+3
1.393912E+2	6.097009E+3
1.394570E+2	6.097076E+3
1.395240E+2	6.097091E+3
1.395894E+2	6.097155E+3
1.396570E+2	6.097187E+3
1.397270E+2	6.097223E+3
1.397936E+2	6.097217E+3
1.398633E+2	6.097239E+3
1.399323E+2	6.097296E+3
1.399991E+2	6.097356E+3
1.400687E+2	6.097404E+3
1.401348E+2	6.097436E+3
1.402019E+2	6.097480E+3
1.402695E+2	6.097520E+3
1.403366E+2	6.097537E+3
1.404022E+2	6.097625E+3
1.404697E+2	0.000000E+0
1.405347E+2	6.097668E+3
1.406042E+2	6.097772E+3
1.406714E+2	6.097718E+3
1.407365E+2	6.097834E+3
1.408022E+2	6.097777E+3
1.408720E+2	6.097790E+3
1.409399E+2	6.097785E+3
1.410037E+2	6.097945E+3
1.410732E+2	6.097942E+3
1.411383E+2	6.098017E+3
1.412090E+2	6.098047E+3
1.412765E+2	6.098058E+3
1.413435E+2	6.098147E+3
1.414120E+2	6.098099E+3
1.414790E+2	6.098200E+3
1.415460E+2	6.098206E+3
1.416142E+2	6.098248E+3
1.416852E+2	6.098260E+3
1.417513E+2	6.098287E+3
1.418198E+2	6.098389E+3
1.418876E+2	6.098434E+3
1.419529E+2	6.098435E+3
1.420193E+2	6.098514E+3
1.420867E+2	6.098548E+3
1.421527E+2	6.098543E+3
1.422185E+2	6.098557E+3
1.422843E+2	6.098627E+3
1.423505E+2	6.098771E+3
1.424197E+2	6.098768E+3
1.424846E+2	6.098789E+3
1.425488E+2	6.098857E+3
1.426164E+2	6.098947E+3
1.426823E+2	6.098981E+3
1.427509E+2	6.098982E+3
1.428160E+2	6.099000E+3
1.428860E+2	6.098905E+3
1.429557E+2	6.098937E+3
1.430238E+2	6.098975E+3
1.430906E+2	6.099029E+3
1.431570E+2	6.099089E+3
1.432220E+2	6.099090E+3
1.432879E+2	6.099119E+3
1.433533E+2	6.099191E+3
1.434215E+2	6.099204E+3
1.434885E+2	6.099221E+3
1.435541E+2	6.099268E+3
1.436209E+2	6.099307E+3
1.436894E+2	6.099318E+3
1.437547E+2	6.099389E+3
1.438225E+2	6.099368E+3
1.438876E+2	6.099387E+3
1.439567E+2	6.099498E+3
1.440223E+2	6.099612E+3
1.440930E+2	6.099703E+3
1.441580E+2	6.099706E+3
1.442246E+2	6.099734E+3
1.442912E+2	6.099778E+3
1.443579E+2	6.099796E+3
1.444254E+2	6.099843E+3
1.444923E+2	6.099850E+3
1.445604E+2	6.099897E+3
1.446249E+2	6.099968E+3
1.446931E+2	6.100020E+3
1.447596E+2	6.100047E+3
1.448249E+2	6.100064E+3
1.448939E+2	6.100176E+3
1.449627E+2	6.100157E+3
1.450287E+2	6.100167E+3
1.450919E+2	6.100200E+3
1.451609E+2	6.100251E+3
1.452294E+2	6.100307E+3
1.452976E+2	6.100405E+3
1.453655E+2	6.100484E+3
1.454355E+2	6.100612E+3
1.455003E+2	6.100586E+3
1.455681E+2	6.100616E+3
1.456359E+2	6.100607E+3
1.457027E+2	6.100637E+3
1.457672E+2	6.100733E+3
1.458353E+2	6.100738E+3
1.459019E+2	6.100692E+3
1.459681E+2	6.100825E+3
1.460352E+2	6.100719E+3
1.461010E+2	6.100752E+3
1.461666E+2	6.100858E+3
1.462328E+2	6.100822E+3
1.463020E+2	6.100860E+3
1.463696E+2	6.100851E+3
1.464361E+2	6.100884E+3
1.465037E+2	6.100976E+3
1.465701E+2	6.100939E+3
1.466364E+2	6.100999E+3
1.467023E+2	6.101070E+3
1.467687E+2	6.101062E+3
1.468377E+2	6.101103E+3
1.469011E+2	6.101255E+3
1.469677E+2	6.101314E+3
1.470320E+2	6.101353E+3
1.470952E+2	6.101337E+3
1.471591E+2	6.101442E+3
1.472236E+2	6.101493E+3
1.472907E+2	6.101488E+3
1.473618E+2	6.101579E+3
1.474266E+2	6.101539E+3
1.474940E+2	6.101607E+3
1.475624E+2	6.101674E+3
1.476309E+2	6.101657E+3
1.476952E+2	6.101676E+3
1.477592E+2	6.101702E+3
1.478266E+2	6.101661E+3
1.478937E+2	6.101757E+3
1.479585E+2	6.101760E+3
1.480259E+2	6.101857E+3
1.480916E+2	6.101882E+3
1.481583E+2	6.101881E+3
1.482217E+2	6.101938E+3
1.482882E+2	6.101968E+3
1.483544E+2	6.101985E+3
1.484195E+2	6.102018E+3
1.484874E+2	6.102087E+3
1.485555E+2	6.102090E+3
1.486213E+2	6.102128E+3
1.486877E+2	6.102185E+3
1.487538E+2	6.102238E+3
1.488183E+2	6.102246E+3
1.488826E+2	6.102297E+3
1.489499E+2	6.102233E+3
1.490155E+2	6.102396E+3
1.490832E+2	6.102366E+3
1.491506E+2	6.102458E+3
1.492139E+2	6.102492E+3
1.492798E+2	6.102526E+3
1.493441E+2	6.102604E+3
1.494120E+2	6.102644E+3
1.494793E+2	6.102675E+3
1.495438E+2	6.102642E+3
1.496130E+2	6.102674E+3
1.496799E+2	6.102774E+3
1.497450E+2	6.102721E+3
1.498138E+2	6.102756E+3
1.498809E+2	6.102812E+3
1.499464E+2	6.102789E+3
1.500159E+2	6.102898E+3
1.500825E+2	6.102977E+3
1.501506E+2	6.103117E+3
1.502174E+2	6.103084E+3
1.502834E+2	6.103072E+3
1.503501E+2	6.103046E+3
1.504145E+2	6.103098E+3
1.504805E+2	6.103274E+3
1.505462E+2	6.103269E+3
1.506145E+2	6.103309E+3
1.506817E+2	6.103358E+3
1.507495E+2	6.103384E+3
1.508144E+2	6.103466E+3
1.508811E+2	6.103522E+3
1.509470E+2	6.103535E+3
1.510123E+2	6.103512E+3
1.510799E+2	6.103534E+3
1.511444E+2	6.103600E+3
1.512163E+2	6.103618E+3
1.512819E+2	6.103583E+3
1.513520E+2	6.103631E+3
1.514188E+2	6.103664E+3
1.514836E+2	6.103781E+3
1.515502E+2	6.103803E+3
1.516171E+2	6.103860E+3
1.516836E+2	6.103876E+3
1.517476E+2	6.103952E+3
1.518161E+2	6.104007E+3
1.518827E+2	6.104008E+3
1.519459E+2	6.104067E+3
1.520122E+2	6.104060E+3
1.520775E+2	6.104083E+3
1.521427E+2	6.104134E+3
1.522078E+2	6.104231E+3
1.522746E+2	6.104242E+3
1.523416E+2	6.104241E+3
1.524098E+2	6.104206E+3
1.524762E+2	6.104216E+3
1.525420E+2	6.104332E+3
1.526070E+2	6.104406E+3
1.526725E+2	6.104429E+3
1.527409E+2	6.104528E+3
1.528054E+2	6.104528E+3
1.528753E+2	6.104519E+3
1.529417E+2	6.104544E+3
1.530086E+2	6.104628E+3
1.530724E+2	6.104672E+3
1.531393E+2	6.104671E+3
1.532058E+2	6.104711E+3
1.532713E+2	6.104773E+3
1.533405E+2	6.104783E+3
1.534068E+2	6.104863E+3
1.534757E+2	6.104839E+3
1.535437E+2	6.104812E+3
1.536082E+2	6.104896E+3
1.536731E+2	6.104890E+3
1.537410E+2	6.104954E+3
1.538045E+2	6.105031E+3
1.538710E+2	6.105062E+3
1.539352E+2	6.105009E+3
1.540038E+2	6.105128E+3
1.540689E+2	6.105106E+3
1.541335E+2	6.105141E+3
1.541978E+2	6.105247E+3
1.542637E+2	6.105309E+3
1.543282E+2	6.105354E+3
1.543981E+2	6.105406E+3
1.544631E+2	6.105406E+3
1.545356E+2	6.105462E+3
1.545997E+2	6.105539E+3
1.546648E+2	6.105509E+3
1.547324E+2	6.105559E+3
1.547987E+2	6.105613E+3
1.548621E+2	6.105640E+3
1.549260E+2	6.105699E+3
1.549930E+2	6.105765E+3
1.550576E+2	6.105821E+3
1.551236E+2	6.105842E+3
1.551900E+2	6.105922E+3
1.552571E+2	6.105977E+3
1.553226E+2	6.106008E+3
1.553907E+2	6.106070E+3
1.554598E+2	6.106093E+3
1.555260E+2	6.106132E+3
1.555958E+2	6.106178E+3
1.556611E+2	6.106197E+3
1.557270E+2	6.106239E+3
1.557913E+2	6.106289E+3
1.558588E+2	6.106325E+3
1.559241E+2	6.106398E+3
1.559924E+2	6.106444E+3
1.560609E+2	6.106460E+3
1.561288E+2	6.106540E+3
1.561949E+2	6.106599E+3
1.562600E+2	6.106582E+3
1.563283E+2	6.106589E+3
1.563929E+2	6.106618E+3
1.564609E+2	6.106676E+3
1.565252E+2	6.106746E+3
1.565951E+2	6.106689E+3
1.566632E+2	6.106810E+3
1.567308E+2	6.106687E+3
1.567984E+2	6.106724E+3
1.568658E+2	6.106788E+3
1.569308E+2	6.106851E+3
1.569964E+2	6.106916E+3
1.570621E+2	6.106950E+3
1.571266E+2	6.107036E+3
1.571989E+2	6.107017E+3
1.572661E+2	6.107016E+3
1.573347E+2	6.107015E+3
1.573997E+2	6.107065E+3
1.574693E+2	6.107116E+3
1.575343E+2	6.107175E+3
1.576023E+2	6.107248E+3
1.576675E+2	6.107408E+3
1.577375E+2	6.107417E+3
1.578053E+2	6.107462E+3
1.578775E+2	6.107525E+3
1.579435E+2	6.107614E+3
1.580109E+2	6.107634E+3
1.580744E+2	6.107727E+3
1.581399E+2	6.107751E+3
1.582055E+2	6.107860E+3
1.582752E+2	6.107806E+3
1.583406E+2	6.107898E+3
1.584079E+2	6.107894E+3
1.584720E+2	6.107937E+3
1.585355E+2	6.108053E+3
1.586023E+2	6.108032E+3
1.586660E+2	6.108077E+3
1.587307E+2	6.108089E+3
1.587998E+2	6.108097E+3
1.588655E+2	6.108167E+3
1.589338E+2	6.108156E+3
1.589990E+2	6.108174E+3
1.590630E+2	6.108167E+3
1.591281E+2	6.108330E+3
1.591948E+2	6.108315E+3
1.592611E+2	6.108375E+3
1.593278E+2	6.108441E+3
1.593958E+2	6.108486E+3
1.594619E+2	6.108480E+3
1.595315E+2	6.108451E+3
1.595964E+2	6.108479E+3
1.596612E+2	6.108560E+3
1.597292E+2	6.108567E+3
1.597976E+2	6.108607E+3
1.598621E+2	6.108659E+3
1.599300E+2	6.108700E+3
1.599968E+2	6.108746E+3
1.600647E+2	6.108746E+3
1.601312E+2	6.108820E+3
1.601973E+2	6.108859E+3
1.602643E+2	6.108950E+3
1.603331E+2	6.108990E+3
1.603990E+2	0.000000E+0
1.604653E+2	6.109051E+3
1.605327E+2	6.109145E+3
1.605978E+2	6.109170E+3
1.606679E+2	6.109164E+3
1.607339E+2	6.109267E+3
1.608001E+2	6.109306E+3
1.608672E+2	6.109324E+3
1.609347E+2	6.109384E+3
1.610019E+2	6.109427E+3
1.610705E+2	6.109462E+3
1.611369E+2	6.109487E+3
1.612084E+2	6.109495E+3
1.612763E+2	6.109573E+3
1.613448E+2	6.109660E+3
1.614097E+2	6.109688E+3
1.614769E+2	6.109647E+3
1.615445E+2	6.109755E+3
1.616130E+2	6.109797E+3
1.616813E+2	6.109767E+3
1.617494E+2	6.109873E+3
1.618165E+2	6.109958E+3
1.618854E+2	6.109969E+3
1.619498E+2	6.109968E+3
1.620178E+2	6.110034E+3
1.620830E+2	6.110062E+3
1.621504E+2	6.110114E+3
1.622146E+2	6.110152E+3
1.622802E+2	6.110272E+3
1.623476E+2	6.110223E+3
1.624174E+2	6.110288E+3
1.624875E+2	0.000000E+0
1.625550E+2	6.110404E+3
1.626232E+2	0.000000E+0
1.626917E+2	6.110409E+3
1.627599E+2	6.110513E+3
1.628283E+2	6.110553E+3
1.628953E+2	6.110547E+3
1.629643E+2	6.110561E+3
1.630317E+2	6.110591E+3
1.631031E+2	6.110706E+3
1.631700E+2	6.110721E+3
1.632391E+2	6.110793E+3
1.633053E+2	6.110819E+3
1.633700E+2	6.110900E+3
1.634374E+2	6.110865E+3
1.635020E+2	6.110866E+3
1.635663E+2	6.110910E+3
1.636334E+2	6.110982E+3
1.637012E+2	6.111029E+3
1.637713E+2	6.111060E+3
1.638374E+2	6.111020E+3
1.639022E+2	6.111171E+3
1.639697E+2	6.111115E+3
1.640359E+2	6.111224E+3
1.641028E+2	6.111259E+3
1.641738E+2	6.111237E+3
1.642422E+2	6.111239E+3
1.643091E+2	6.111261E+3
1.643782E+2	6.111404E+3
1.644473E+2	6.111371E+3
1.645133E+2	6.111371E+3
1.645807E+2	6.111460E+3
1.646463E+2	6.111473E+3
1.647153E+2	6.111491E+3
1.647826E+2	6.111475E+3
1.648527E+2	6.111553E+3
1.649164E+2	6.111595E+3
1.649881E+2	6.111571E+3
1.650535E+2	6.111600E+3
1.651201E+2	6.111622E+3
1.651865E+2	6.111727E+3
1.652527E+2	6.111771E+3
1.653184E+2	6.111834E+3
1.653826E+2	6.111864E+3
1.654464E+2	6.111943E+3
1.655143E+2	6.111901E+3
1.655813E+2	6.112028E+3
1.656477E+2	6.111983E+3
1.657141E+2	6.111978E+3
1.657824E+2	6.112031E+3
1.658512E+2	6.112142E+3
1.659196E+2	6.112162E+3
1.659867E+2	6.112228E+3
1.660549E+2	6.112205E+3
1.661223E+2	6.112252E+3
1.661864E+2	6.112339E+3
1.662565E+2	6.112475E+3
1.663234E+2	6.112441E+3
1.663889E+2	6.112473E+3
1.664554E+2	6.112477E+3
1.665234E+2	6.112433E+3
1.665891E+2	6.112509E+3
1.666583E+2	6.112515E+3
1.667247E+2	6.112537E+3
1.667905E+2	6.112632E+3
1.668555E+2	6.112699E+3
1.669198E+2	6.112669E+3
1.669834E+2	6.112766E+3
1.670472E+2	6.112818E+3
1.671162E+2	6.112904E+3
1.671822E+2	6.112894E+3
1.672478E+2	6.112975E+3
1.673154E+2	6.112994E+3
1.673814E+2	6.112947E+3
1.674479E+2	6.113033E+3
1.675138E+2	6.113055E+3
1.675798E+2	6.113161E+3
1.676446E+2	6.113131E+3
1.677126E+2	6.113372E+3
1.677776E+2	6.113431E+3
1.678448E+2	6.113465E+3
1.679113E+2	6.113508E+3
1.679764E+2	6.113530E+3
1.680443E+2	6.113546E+3
1.681109E+2	6.113645E+3
1.681849E+2	6.113671E+3
1.682508E+2	6.113693E+3
1.683197E+2	6.113828E+3
1.683843E+2	6.113834E+3
1.684513E+2	6.113851E+3
1.685194E+2	6.113829E+3
1.685877E+2	6.113932E+3
1.686572E+2	6.113971E+3
1.687239E+2	6.114039E+3
1.687899E+2	6.114015E+3
1.688607E+2	6.114057E+3
1.689307E+2	6.114096E+3
1.689959E+2	6.114171E+3
1.690626E+2	6.114191E+3
1.691302E+2	6.114198E+3
1.691958E+2	6.114254E+3
1.692617E+2	6.114052E+3
1.693296E+2	6.114117E+3
1.693991E+2	6.114115E+3
1.694651E+2	6.114203E+3
1.695369E+2	6.114253E+3
1.696050E+2	6.114311E+3
1.696740E+2	6.114342E+3
1.697417E+2	6.114389E+3
1.698094E+2	6.114435E+3
1.698771E+2	6.114471E+3
1.699438E+2	6.114440E+3
1.700112E+2	6.114567E+3
1.700771E+2	6.114478E+3
1.701478E+2	6.114463E+3
1.702217E+2	6.114700E+3
1.702898E+2	6.114701E+3
1.703599E+2	6.114690E+3
1.704257E+2	6.114795E+3
1.704920E+2	6.114876E+3
1.705599E+2	6.114949E+3
1.706256E+2	6.114901E+3
1.706917E+2	6.114905E+3
1.707593E+2	6.114953E+3
1.708251E+2	6.114975E+3
1.708927E+2	6.115013E+3
1.709579E+2	6.115053E+3
1.710245E+2	6.115133E+3
1.710938E+2	6.115167E+3
1.711601E+2	6.115190E+3
1.712282E+2	6.115240E+3
1.712925E+2	6.115214E+3
1.713616E+2	6.115294E+3
1.714281E+2	6.115381E+3
1.714990E+2	6.115465E+3
1.715705E+2	6.115515E+3
1.716369E+2	6.115567E+3
1.717057E+2	6.115538E+3
1.717724E+2	6.115654E+3
1.718412E+2	6.115815E+3
1.719079E+2	6.115907E+3
1.719768E+2	6.115961E+3
1.720429E+2	6.115811E+3
1.721134E+2	6.115865E+3
1.721851E+2	6.115938E+3
1.722526E+2	6.115925E+3
1.723193E+2	6.115945E+3
1.723877E+2	6.115859E+3
1.724534E+2	6.115863E+3
1.725184E+2	6.115946E+3
1.725847E+2	6.116003E+3
1.726510E+2	6.116051E+3
1.727221E+2	6.116047E+3
1.727862E+2	6.116218E+3
1.728569E+2	6.116227E+3
1.729244E+2	6.116234E+3
1.729906E+2	6.116281E+3
1.730585E+2	6.116330E+3
1.731218E+2	6.116352E+3
1.731874E+2	6.116504E+3
1.732549E+2	6.116520E+3
1.733270E+2	6.116546E+3
1.733963E+2	6.116578E+3
1.734638E+2	6.116381E+3
1.735336E+2	6.116428E+3
1.736029E+2	6.116477E+3
1.736694E+2	6.116509E+3
1.737348E+2	6.116583E+3
1.738006E+2	6.116663E+3
1.738676E+2	6.116660E+3
1.739379E+2	6.116699E+3
1.740033E+2	6.116744E+3
1.740708E+2	6.116837E+3
1.741353E+2	6.116887E+3
1.742014E+2	6.116934E+3
1.742695E+2	6.116945E+3
1.743368E+2	6.117047E+3
1.744038E+2	6.117084E+3
1.744693E+2	6.117203E+3
1.745385E+2	6.117178E+3
1.746050E+2	6.117286E+3
1.746728E+2	6.117314E+3
1.747395E+2	6.117343E+3
1.748082E+2	6.117461E+3
1.748752E+2	6.117473E+3
1.749417E+2	6.117462E+3
1.750082E+2	6.117485E+3
1.750753E+2	6.117536E+3
1.751409E+2	6.117514E+3
1.752098E+2	6.117557E+3
1.752799E+2	6.117588E+3
1.753512E+2	6.117684E+3
1.754176E+2	6.117752E+3
1.754850E+2	6.117749E+3
1.755509E+2	6.117758E+3
1.756189E+2	6.117864E+3
1.756878E+2	6.118024E+3
1.757575E+2	6.118033E+3
1.758293E+2	6.118088E+3
1.758945E+2	6.118125E+3
1.759639E+2	6.118212E+3
1.760316E+2	6.118209E+3
1.760990E+2	6.118300E+3
1.761636E+2	6.118276E+3
1.762292E+2	6.118362E+3
1.762950E+2	6.118321E+3
1.763616E+2	6.118367E+3
1.764284E+2	6.118380E+3
1.764936E+2	6.118445E+3
1.765610E+2	6.118512E+3
1.766276E+2	6.118585E+3
1.766928E+2	6.118617E+3
1.767591E+2	6.118614E+3
1.768244E+2	6.118716E+3
1.768914E+2	6.118679E+3
1.769581E+2	6.118664E+3
1.770290E+2	6.118751E+3
1.770970E+2	6.118765E+3
1.771656E+2	6.118761E+3
1.772322E+2	6.118760E+3
1.772999E+2	6.118812E+3
1.773675E+2	6.118860E+3
1.774370E+2	6.118901E+3
1.775043E+2	6.119138E+3
1.775703E+2	6.119127E+3
1.776391E+2	6.119219E+3
1.777095E+2	6.119176E+3
1.777764E+2	6.119259E+3
1.778411E+2	6.119263E+3
1.779068E+2	6.119269E+3
1.779725E+2	6.119319E+3
1.780381E+2	6.119351E+3
1.781079E+2	6.119387E+3
1.781759E+2	6.119453E+3
1.782457E+2	6.119379E+3
1.783132E+2	6.119497E+3
1.783842E+2	6.119443E+3
1.784510E+2	6.119544E+3
1.785169E+2	6.119558E+3
1.785845E+2	6.119628E+3
1.786515E+2	6.119707E+3
1.787167E+2	6.119682E+3
1.787847E+2	6.119803E+3
1.788507E+2	6.119816E+3
1.789200E+2	6.119764E+3
1.789884E+2	6.119898E+3
1.790575E+2	6.119900E+3
1.791252E+2	6.119980E+3
1.791914E+2	6.119987E+3
1.792624E+2	6.120003E+3
1.793311E+2	6.120103E+3
1.793977E+2	6.120192E+3
1.794649E+2	6.120222E+3
1.795359E+2	6.120344E+3
1.796000E+2	6.120362E+3
1.796712E+2	6.120357E+3
1.797367E+2	6.120433E+3
1.798030E+2	6.120452E+3
1.798696E+2	6.120461E+3
1.799371E+2	6.120603E+3
1.800033E+2	6.120613E+3
1.800728E+2	6.120625E+3
1.801387E+2	6.120757E+3
1.802118E+2	6.120760E+3
1.802808E+2	6.120783E+3
1.803484E+2	6.120839E+3
1.804132E+2	6.120960E+3
1.804801E+2	6.121004E+3
1.805480E+2	6.121013E+3
1.806136E+2	6.121051E+3
1.806802E+2	6.121084E+3
1.807471E+2	6.121075E+3
1.808123E+2	6.121102E+3
1.808793E+2	6.121159E+3
1.809438E+2	6.121276E+3
1.810090E+2	6.121356E+3
1.810765E+2	6.121366E+3
1.811430E+2	6.121433E+3
1.812089E+2	6.121436E+3
1.812748E+2	6.121423E+3
1.813436E+2	6.121528E+3
1.814123E+2	6.121595E+3
1.814801E+2	6.121646E+3
1.815464E+2	6.121695E+3
1.816124E+2	6.121746E+3
1.816761E+2	6.121781E+3
1.817417E+2	6.121740E+3
1.818109E+2	6.121755E+3
1.818798E+2	6.121808E+3
1.819456E+2	6.121895E+3
1.820149E+2	6.121976E+3
1.820833E+2	6.122085E+3
1.821497E+2	6.122090E+3
1.822163E+2	6.122118E+3
1.822838E+2	6.122172E+3
1.823483E+2	6.122224E+3
1.824162E+2	6.122328E+3
1.824858E+2	6.122317E+3
1.825523E+2	6.122332E+3
1.826218E+2	6.122324E+3
1.826874E+2	6.122507E+3
1.827551E+2	6.122503E+3
1.828214E+2	6.122508E+3
1.828860E+2	6.122532E+3
1.829529E+2	6.122531E+3
1.830202E+2	6.122616E+3
1.830885E+2	6.122662E+3
1.831567E+2	6.122771E+3
1.832264E+2	6.122806E+3
1.832911E+2	6.122915E+3
1.833577E+2	6.122943E+3
1.834254E+2	6.123049E+3
1.834912E+2	6.123008E+3
1.835559E+2	6.123091E+3
1.836259E+2	6.123206E+3
1.836929E+2	6.123237E+3
1.837615E+2	6.123313E+3
1.838268E+2	6.123297E+3
1.838943E+2	6.123312E+3
1.839598E+2	6.123462E+3
1.840254E+2	6.123552E+3
1.840935E+2	6.123624E+3
1.841643E+2	6.123671E+3
1.842298E+2	6.123635E+3
1.842957E+2	6.123611E+3
1.843649E+2	6.123584E+3
1.844334E+2	6.123708E+3
1.844997E+2	6.123741E+3
1.845657E+2	6.123750E+3
1.846326E+2	6.123832E+3
1.846996E+2	6.123847E+3
1.847684E+2	6.123911E+3
1.848343E+2	6.123998E+3
1.849030E+2	6.124106E+3
1.849701E+2	6.124161E+3
1.850366E+2	6.124203E+3
1.851014E+2	6.124102E+3
1.851694E+2	6.124091E+3
1.852342E+2	6.124138E+3
1.853002E+2	6.124239E+3
1.853693E+2	6.124265E+3
1.854389E+2	6.124341E+3
1.855053E+2	6.124379E+3
1.855710E+2	6.124392E+3
1.856383E+2	6.124474E+3
1.857028E+2	6.124558E+3
1.857690E+2	6.124537E+3
1.858369E+2	6.124502E+3
1.859044E+2	6.124605E+3
1.859705E+2	6.124533E+3
1.860399E+2	6.124647E+3
1.861054E+2	6.124691E+3
1.861723E+2	6.124709E+3
1.862424E+2	6.124724E+3
1.863081E+2	0.000000E+0
1.863728E+2	6.124870E+3
1.864383E+2	6.124919E+3
1.865057E+2	6.125038E+3
1.865727E+2	6.124987E+3
1.866427E+2	6.125062E+3
1.867084E+2	6.125065E+3
1.867736E+2	6.125110E+3
1.868406E+2	6.125176E+3
1.869081E+2	6.125208E+3
1.869743E+2	6.125286E+3
1.870413E+2	6.125277E+3
1.871093E+2	6.125361E+3
1.871829E+2	6.125343E+3
1.872463E+2	6.125460E+3
1.873128E+2	6.125423E+3
1.873790E+2	6.125526E+3
1.874429E+2	6.125576E+3
1.875083E+2	0.000000E+0
1.875736E+2	6.125710E+3
1.876401E+2	6.125634E+3
1.877065E+2	6.125619E+3
1.877740E+2	6.125810E+3
1.878408E+2	6.125825E+3
1.879061E+2	6.125873E+3
1.879721E+2	6.125868E+3
1.880379E+2	6.125929E+3
1.881062E+2	6.125947E+3
1.881707E+2	6.125981E+3
1.882363E+2	6.126038E+3
1.883045E+2	6.126124E+3
1.883706E+2	6.126127E+3
1.884383E+2	6.126221E+3
1.885044E+2	6.126219E+3
1.885690E+2	6.126236E+3
1.886347E+2	6.126216E+3
1.887017E+2	6.126281E+3
1.887682E+2	6.126354E+3
1.888361E+2	6.126332E+3
1.889023E+2	6.126437E+3
1.889699E+2	6.126443E+3
1.890354E+2	6.126443E+3
1.891016E+2	6.126495E+3
1.891711E+2	6.126582E+3
1.892358E+2	6.126659E+3
1.893029E+2	6.126762E+3
1.893704E+2	6.126731E+3
1.894412E+2	6.127352E+3
1.895073E+2	6.127417E+3
1.895735E+2	6.127490E+3
1.896390E+2	6.127507E+3
1.897060E+2	6.127492E+3
1.897718E+2	6.127508E+3
1.898413E+2	6.127580E+3
1.899053E+2	6.127678E+3
1.899729E+2	6.127728E+3
1.900382E+2	6.127743E+3
1.901062E+2	6.127788E+3
1.901718E+2	6.127829E+3
1.902395E+2	6.127988E+3
1.903045E+2	6.127968E+3
1.903712E+2	6.127952E+3
1.904369E+2	6.127996E+3
1.905062E+2	6.128039E+3
1.905748E+2	6.128090E+3
1.906423E+2	6.128128E+3
1.907058E+2	6.128113E+3
1.907714E+2	6.128187E+3
1.908379E+2	6.128265E+3
1.909071E+2	6.128331E+3
1.909734E+2	6.128390E+3
1.910401E+2	6.128594E+3
1.911071E+2	6.128563E+3
1.911734E+2	6.128630E+3
1.912430E+2	6.128627E+3
1.913101E+2	6.128615E+3
1.913747E+2	6.128654E+3
1.914413E+2	6.128687E+3
1.915093E+2	6.128771E+3
1.915779E+2	6.128802E+3
1.916435E+2	6.128846E+3
1.917116E+2	6.128869E+3
1.917779E+2	6.128945E+3
1.918444E+2	6.128984E+3
1.919114E+2	6.129021E+3
1.919791E+2	6.129082E+3
1.920475E+2	6.129119E+3
1.921155E+2	6.129177E+3
1.921821E+2	6.129238E+3
1.922536E+2	6.129317E+3
1.923186E+2	6.129271E+3
1.923861E+2	6.129233E+3
1.924546E+2	6.129251E+3
1.925201E+2	6.129279E+3
1.925861E+2	6.129395E+3
1.926546E+2	6.129419E+3
1.927221E+2	6.129378E+3
1.927872E+2	6.129474E+3
1.928567E+2	6.129546E+3
1.929230E+2	6.129624E+3
1.929901E+2	6.129714E+3
1.930546E+2	6.129742E+3
1.931219E+2	6.129788E+3
1.931872E+2	6.129765E+3
1.932547E+2	6.129762E+3
1.933206E+2	6.129814E+3
1.933877E+2	6.129856E+3
1.934532E+2	6.129926E+3
1.935229E+2	6.129984E+3
1.935868E+2	6.130001E+3
1.936508E+2	6.130026E+3
1.937186E+2	6.130105E+3
1.937844E+2	6.130194E+3
1.938510E+2	6.130131E+3
1.939170E+2	6.130182E+3
1.939880E+2	6.130156E+3
1.940541E+2	6.130241E+3
1.941195E+2	6.130272E+3
1.941827E+2	6.130330E+3
1.942468E+2	6.130387E+3
1.943111E+2	6.130421E+3
1.943791E+2	6.130628E+3
1.944436E+2	6.130640E+3
1.945152E+2	6.130685E+3
1.945825E+2	6.130746E+3
1.946470E+2	6.130733E+3
1.947118E+2	6.131069E+3
1.947763E+2	6.130944E+3
1.948409E+2	6.130941E+3
1.949065E+2	6.131025E+3
1.949737E+2	6.131059E+3
1.950422E+2	6.131272E+3
1.951092E+2	6.131219E+3
1.951743E+2	6.131296E+3
1.952390E+2	6.131303E+3
1.953053E+2	6.131335E+3
1.953727E+2	6.131484E+3
1.954394E+2	6.131472E+3
1.955043E+2	6.131536E+3
1.955724E+2	6.131556E+3
1.956377E+2	6.131645E+3
1.957043E+2	6.131727E+3
1.957706E+2	6.131717E+3
1.958367E+2	6.131722E+3
1.959026E+2	6.131810E+3
1.959702E+2	6.131787E+3
1.960371E+2	6.131873E+3
1.961055E+2	6.131926E+3
1.961738E+2	6.131962E+3
1.962380E+2	6.132039E+3
1.963056E+2	6.132057E+3
1.963711E+2	6.132094E+3
1.964372E+2	6.132089E+3
1.965043E+2	6.132162E+3
1.965720E+2	6.132216E+3
1.966390E+2	6.132233E+3
1.967087E+2	6.132276E+3
1.967736E+2	6.132345E+3
1.968387E+2	6.132439E+3
1.969050E+2	6.132502E+3
1.969698E+2	6.132452E+3
1.970389E+2	6.132538E+3
1.971048E+2	6.132562E+3
1.971740E+2	6.132613E+3
1.972411E+2	6.132700E+3
1.973077E+2	6.132713E+3
1.973729E+2	6.132781E+3
1.974389E+2	6.132848E+3
1.975061E+2	6.132861E+3
1.975717E+2	6.132938E+3
1.976403E+2	6.132922E+3
1.977065E+2	6.133065E+3
1.977741E+2	6.133099E+3
1.978426E+2	6.133073E+3
1.979115E+2	6.133115E+3
1.979756E+2	6.133184E+3
1.980412E+2	6.133232E+3
1.981062E+2	6.133278E+3
1.981710E+2	6.133246E+3
1.982387E+2	6.133143E+3
1.983043E+2	6.133419E+3
1.983725E+2	6.133393E+3
1.984397E+2	6.133471E+3
1.985060E+2	6.133530E+3
1.985707E+2	6.133537E+3
1.986379E+2	0.000000E+0
1.987032E+2	6.133573E+3
1.987729E+2	6.133604E+3
1.988389E+2	6.133633E+3
1.989057E+2	6.133728E+3
1.989720E+2	6.133774E+3
1.990381E+2	6.133830E+3
1.991051E+2	6.133810E+3
1.991716E+2	6.133884E+3
1.992347E+2	6.133842E+3
1.992982E+2	6.133903E+3
1.993667E+2	6.133948E+3
1.994332E+2	6.134059E+3
1.995040E+2	6.134131E+3
1.995698E+2	6.134228E+3
1.996380E+2	6.134269E+3
1.997042E+2	6.134313E+3
1.997672E+2	6.134404E+3
1.998361E+2	6.134412E+3
1.999051E+2	6.134434E+3
1.999719E+2	6.134449E+3
2.000390E+2	6.134498E+3
2.001067E+2	6.134543E+3
2.001744E+2	6.134532E+3
2.002419E+2	6.134530E+3
2.003060E+2	6.134565E+3
2.003718E+2	6.134663E+3
2.004368E+2	6.134753E+3
2.005066E+2	6.134830E+3
2.005712E+2	6.134906E+3
2.006375E+2	6.134942E+3
2.007060E+2	6.135015E+3
2.007721E+2	6.135023E+3
2.008372E+2	6.135053E+3
2.009048E+2	6.135127E+3
2.009707E+2	6.135223E+3
2.010382E+2	6.135220E+3
2.011041E+2	6.135320E+3
2.011741E+2	6.135324E+3
2.012434E+2	6.135399E+3
2.013081E+2	6.135441E+3
2.013736E+2	6.135472E+3
2.014399E+2	6.135484E+3
2.015047E+2	6.135489E+3
2.015722E+2	6.135588E+3
2.016427E+2	6.135638E+3
2.017103E+2	6.135660E+3
2.017789E+2	6.135713E+3
2.018449E+2	6.135796E+3
2.019116E+2	6.135831E+3
2.019761E+2	6.135881E+3
2.020445E+2	6.135878E+3
2.021098E+2	6.135895E+3
2.021763E+2	6.135935E+3
2.022439E+2	6.135982E+3
2.023083E+2	6.136014E+3
2.023770E+2	6.136157E+3
2.024446E+2	6.136179E+3
2.025099E+2	6.136248E+3
2.025739E+2	6.136320E+3
2.026406E+2	6.136368E+3
2.027084E+2	6.136404E+3
2.027752E+2	6.136447E+3
2.028444E+2	6.136471E+3
2.029110E+2	6.136535E+3
2.029753E+2	6.136487E+3
2.030432E+2	6.136536E+3
2.031094E+2	6.136626E+3
2.031738E+2	6.136721E+3
2.032416E+2	6.136798E+3
2.033088E+2	6.136849E+3
2.033723E+2	6.136864E+3
2.034392E+2	6.136959E+3
2.035058E+2	6.137001E+3
2.035721E+2	6.137029E+3
2.036398E+2	6.137065E+3
2.037044E+2	6.137073E+3
2.037721E+2	6.137130E+3
2.038367E+2	6.137167E+3
2.039048E+2	6.137231E+3
2.039699E+2	6.137275E+3
2.040372E+2	6.137320E+3
2.041028E+2	6.137322E+3
2.041702E+2	6.137396E+3
2.042368E+2	6.137291E+3
2.043008E+2	6.137368E+3
2.043668E+2	6.137418E+3
2.044313E+2	6.137431E+3
2.045032E+2	6.137523E+3
2.045698E+2	6.137555E+3
2.046367E+2	6.137665E+3
2.047023E+2	6.137681E+3
2.047675E+2	6.137769E+3
2.048317E+2	6.137780E+3
2.049012E+2	6.137854E+3
2.049656E+2	6.137804E+3
2.050331E+2	6.137846E+3
2.051001E+2	6.137943E+3
2.051656E+2	6.137989E+3
2.052322E+2	6.138059E+3
2.052974E+2	6.138101E+3
2.053609E+2	6.138112E+3
2.054264E+2	6.138156E+3
2.054929E+2	6.138229E+3
2.055589E+2	6.138250E+3
2.056254E+2	6.138281E+3
2.056912E+2	6.138291E+3
2.057579E+2	6.138342E+3
2.058229E+2	6.138341E+3
2.058921E+2	6.138413E+3
2.059605E+2	6.138477E+3
2.060282E+2	6.138453E+3
2.060961E+2	6.138498E+3
2.061644E+2	6.138614E+3
2.062318E+2	6.138613E+3
2.062954E+2	6.138706E+3
2.063606E+2	6.138743E+3
2.064271E+2	6.138764E+3
2.064922E+2	6.138806E+3
2.065595E+2	6.138831E+3
2.066252E+2	6.138885E+3
2.066933E+2	6.138892E+3
2.067578E+2	6.138952E+3
2.068247E+2	6.139000E+3
2.068910E+2	6.139031E+3
2.069576E+2	6.139087E+3
2.070242E+2	6.139144E+3
2.070920E+2	6.139212E+3
2.071631E+2	6.139214E+3
2.072271E+2	6.139282E+3
2.072940E+2	6.139347E+3
2.073610E+2	6.139431E+3
2.074277E+2	6.139468E+3
2.074940E+2	6.139535E+3
2.075604E+2	6.139621E+3
2.076295E+2	6.139654E+3
2.076946E+2	6.139696E+3
2.077636E+2	6.139744E+3
2.078290E+2	6.139834E+3
2.078951E+2	6.139844E+3
2.079607E+2	6.139896E+3
2.080258E+2	6.139925E+3
2.080946E+2	6.139981E+3
2.081612E+2	6.140004E+3
2.082290E+2	6.140129E+3
2.082965E+2	6.140141E+3
2.083659E+2	6.140225E+3
2.084310E+2	6.140206E+3
2.084974E+2	6.140200E+3
2.085635E+2	6.140279E+3
2.086309E+2	6.140391E+3
2.086969E+2	6.140373E+3
2.087652E+2	6.140430E+3
2.088303E+2	6.140560E+3
2.088971E+2	6.140599E+3
2.089644E+2	6.140776E+3
2.090319E+2	6.140683E+3
2.090978E+2	6.140702E+3
2.091648E+2	6.140807E+3
2.092299E+2	6.140811E+3
2.092954E+2	6.140828E+3
2.093619E+2	6.140897E+3
2.094264E+2	6.140928E+3
2.094950E+2	6.140973E+3
2.095633E+2	6.141019E+3
2.096289E+2	6.141153E+3
2.096955E+2	6.141249E+3
2.097615E+2	6.141304E+3
2.098312E+2	6.141331E+3
2.098970E+2	6.141488E+3
2.099666E+2	6.141473E+3
2.100355E+2	6.141520E+3
2.100998E+2	6.141554E+3
2.101683E+2	6.141614E+3
2.102334E+2	6.141680E+3
2.103011E+2	6.141616E+3
2.103665E+2	6.141682E+3
2.104305E+2	6.141755E+3
2.104952E+2	6.141809E+3
2.105651E+2	6.141970E+3
2.106318E+2	6.141987E+3
2.106959E+2	6.142042E+3
2.107620E+2	6.142019E+3
2.108259E+2	6.142038E+3
2.108917E+2	6.142041E+3
2.109577E+2	6.142106E+3
2.110270E+2	6.142083E+3
2.110936E+2	6.142130E+3
2.111595E+2	6.142195E+3
2.112273E+2	6.142280E+3
2.112949E+2	6.142315E+3
2.113613E+2	6.142318E+3
2.114266E+2	6.142340E+3
2.114921E+2	6.142453E+3
2.115603E+2	6.142496E+3
2.116277E+2	6.142569E+3
2.116941E+2	6.142660E+3
2.117589E+2	6.142637E+3
2.118231E+2	6.142743E+3
2.118875E+2	6.142826E+3
2.119546E+2	6.142854E+3
2.120239E+2	6.142839E+3
2.120895E+2	6.142891E+3
2.121560E+2	6.142900E+3
2.122245E+2	6.142926E+3
2.122916E+2	6.142960E+3
2.123573E+2	6.142992E+3
2.124221E+2	6.143043E+3
2.124901E+2	6.143141E+3
2.125570E+2	6.143180E+3
2.126247E+2	6.143196E+3
2.126903E+2	6.143182E+3
2.127599E+2	6.143273E+3
2.128269E+2	6.143344E+3
2.128921E+2	6.143378E+3
2.129558E+2	6.143421E+3
2.130235E+2	6.143456E+3
2.130908E+2	6.143492E+3
2.131571E+2	6.143576E+3
2.132256E+2	6.143666E+3
2.132924E+2	6.143714E+3
2.133625E+2	6.143738E+3
2.134283E+2	6.143731E+3
2.134947E+2	6.143744E+3
2.135589E+2	6.143854E+3
2.136261E+2	6.143942E+3
2.136936E+2	6.144012E+3
2.137615E+2	6.143970E+3
2.138254E+2	6.143996E+3
2.138943E+2	6.144074E+3
2.139614E+2	6.144071E+3
2.140263E+2	6.144174E+3
2.140920E+2	6.144231E+3
2.141599E+2	6.144229E+3
2.142245E+2	6.144240E+3
2.142916E+2	6.144398E+3
2.143600E+2	6.144489E+3
2.144273E+2	6.144429E+3
2.144975E+2	6.144540E+3
2.145643E+2	6.144673E+3
2.146319E+2	6.144618E+3
2.146973E+2	6.144678E+3
2.147643E+2	6.144594E+3
2.148294E+2	6.144620E+3
2.148977E+2	6.144637E+3
2.149646E+2	6.144717E+3
2.150324E+2	6.144824E+3
2.150980E+2	6.144847E+3
2.151641E+2	6.144873E+3
2.152290E+2	6.144924E+3
2.152948E+2	6.144884E+3
2.153629E+2	6.145017E+3
2.154288E+2	6.145049E+3
2.154953E+2	6.145091E+3
2.155614E+2	6.145187E+3
2.156276E+2	6.145090E+3
2.156919E+2	6.145166E+3
2.157574E+2	6.145275E+3
2.158217E+2	6.145292E+3
2.158878E+2	6.145428E+3
2.159513E+2	6.145465E+3
2.160188E+2	6.145487E+3
2.160848E+2	6.145529E+3
2.161500E+2	6.145531E+3
2.162192E+2	6.145621E+3
2.162855E+2	6.145557E+3
2.163518E+2	6.145647E+3
2.164189E+2	6.145667E+3
2.164846E+2	6.145810E+3
2.165505E+2	6.145947E+3
2.166196E+2	6.145988E+3
2.166870E+2	6.145963E+3
2.167538E+2	6.146088E+3
2.168210E+2	6.146117E+3
2.168847E+2	6.146200E+3
2.169492E+2	6.146057E+3
2.170196E+2	6.146101E+3
2.170850E+2	6.146330E+3
2.171542E+2	6.146276E+3
2.172202E+2	6.146406E+3
2.172853E+2	6.146321E+3
2.173493E+2	6.146398E+3
2.174139E+2	6.146414E+3
2.174788E+2	6.146550E+3
2.175449E+2	6.146549E+3
2.176090E+2	6.146623E+3
2.176778E+2	6.146682E+3
2.177426E+2	6.146768E+3
2.178072E+2	6.146749E+3
2.178727E+2	6.146863E+3
2.179393E+2	6.146851E+3
2.180071E+2	6.146973E+3
2.180776E+2	6.146920E+3
2.181446E+2	6.147097E+3
2.182128E+2	6.147110E+3
2.182795E+2	6.147183E+3
2.183450E+2	6.147236E+3
2.184092E+2	6.147280E+3
2.184756E+2	6.147240E+3
2.185399E+2	6.147232E+3
2.186095E+2	6.147356E+3
2.186771E+2	6.147390E+3
2.187436E+2	6.147424E+3
2.188088E+2	6.147484E+3
2.188734E+2	6.147465E+3
2.189389E+2	6.147523E+3
2.190054E+2	6.147636E+3
2.190730E+2	6.147700E+3
2.191440E+2	6.147761E+3
2.192139E+2	6.147831E+3
2.192805E+2	6.147902E+3
2.193502E+2	6.147997E+3
2.194181E+2	6.148035E+3
2.194844E+2	6.148118E+3
2.195485E+2	6.147989E+3
2.196145E+2	6.148048E+3
2.196810E+2	6.148129E+3
2.197490E+2	6.148236E+3
2.198161E+2	6.148303E+3
2.198846E+2	6.148261E+3
2.199494E+2	6.148312E+3
2.200174E+2	6.148370E+3
2.200829E+2	6.148371E+3
2.201496E+2	6.148455E+3
2.202166E+2	6.148481E+3
2.202819E+2	6.148611E+3
2.203486E+2	6.148652E+3
2.204156E+2	6.148644E+3
2.204817E+2	6.148732E+3
2.205468E+2	6.148821E+3
2.206133E+2	6.148794E+3
2.206779E+2	6.148817E+3
2.207479E+2	6.148872E+3
2.208155E+2	6.148886E+3
2.208852E+2	6.148940E+3
2.209524E+2	6.148968E+3
2.210221E+2	6.149104E+3
2.210868E+2	6.149154E+3
2.211534E+2	6.149298E+3
2.212234E+2	6.149357E+3
2.212905E+2	6.149386E+3
2.213589E+2	6.149402E+3
2.214238E+2	6.149410E+3
2.214908E+2	6.149385E+3
2.215582E+2	6.149456E+3
2.216225E+2	6.149696E+3
2.216922E+2	6.149779E+3
2.217587E+2	6.149787E+3
2.218232E+2	6.149834E+3
2.218878E+2	6.149813E+3
2.219548E+2	6.149855E+3
2.220210E+2	6.149840E+3
2.220877E+2	6.149939E+3
2.221532E+2	6.150051E+3
2.222221E+2	6.150027E+3
2.222880E+2	6.150044E+3
2.223542E+2	6.150019E+3
2.224211E+2	6.150273E+3
2.224874E+2	6.150199E+3
2.225535E+2	6.150301E+3
2.226195E+2	6.150261E+3
2.226861E+2	6.150310E+3
2.227548E+2	6.150382E+3
2.228214E+2	6.150379E+3
2.228875E+2	6.150436E+3
2.229525E+2	6.150517E+3
2.230192E+2	6.150559E+3
2.230871E+2	6.150605E+3
2.231528E+2	6.150677E+3
2.232195E+2	6.150701E+3
2.232853E+2	6.150725E+3
2.233521E+2	6.150839E+3
2.234182E+2	6.150919E+3
2.234849E+2	6.150800E+3
2.235531E+2	6.150978E+3
2.236187E+2	6.150906E+3
2.236847E+2	6.151037E+3
2.237500E+2	6.151043E+3
2.238213E+2	6.151094E+3
2.238869E+2	6.151216E+3
2.239528E+2	6.151361E+3
2.240196E+2	6.151340E+3
2.240863E+2	6.151346E+3
2.241496E+2	6.151431E+3
2.242158E+2	6.151567E+3
2.242838E+2	6.151564E+3
2.243502E+2	6.151563E+3
2.244197E+2	6.151619E+3
2.244863E+2	6.151850E+3
2.245535E+2	6.151735E+3
2.246216E+2	6.151908E+3
2.246870E+2	6.151991E+3
2.247525E+2	6.151898E+3
2.248225E+2	6.151875E+3
2.248875E+2	6.152036E+3
2.249569E+2	6.152019E+3
2.250251E+2	6.152214E+3
2.250935E+2	6.152162E+3
2.251588E+2	6.152282E+3
2.252246E+2	6.152491E+3
2.252907E+2	6.152498E+3
2.253578E+2	6.152280E+3
2.254250E+2	6.152330E+3
2.254920E+2	6.152384E+3
2.255590E+2	6.152503E+3
2.256259E+2	6.152712E+3
2.256914E+2	6.152736E+3
2.257573E+2	6.152819E+3
2.258235E+2	6.152811E+3
2.258892E+2	6.152916E+3
2.259557E+2	6.152927E+3
2.260209E+2	6.153037E+3
2.260900E+2	6.152972E+3
2.261571E+2	6.153109E+3
2.262264E+2	6.153172E+3
2.262930E+2	6.153273E+3
2.263602E+2	6.153192E+3
2.264262E+2	6.153197E+3
2.264928E+2	6.153229E+3
2.265575E+2	6.153327E+3
2.266287E+2	6.153346E+3
2.266961E+2	6.153385E+3
2.267629E+2	6.153475E+3
2.268276E+2	6.153492E+3
2.268942E+2	6.153660E+3
2.269617E+2	6.153675E+3
2.270277E+2	6.153681E+3
2.270957E+2	6.153794E+3
2.271602E+2	6.153847E+3
2.272264E+2	6.153919E+3
2.272926E+2	6.153980E+3
2.273611E+2	6.154044E+3
2.274270E+2	6.154006E+3
2.274941E+2	6.153990E+3
2.275596E+2	6.153890E+3
2.276266E+2	6.154085E+3
2.276952E+2	6.154178E+3
2.277597E+2	6.154159E+3
2.278295E+2	6.154260E+3
2.278966E+2	6.154263E+3
2.279618E+2	6.154342E+3
2.280305E+2	6.154393E+3
2.280958E+2	6.154569E+3
2.281612E+2	6.154479E+3
2.282293E+2	6.154535E+3
2.282976E+2	6.154608E+3
2.283657E+2	6.154646E+3
2.284323E+2	6.154538E+3
2.284999E+2	6.154671E+3
2.285678E+2	6.154728E+3
2.286329E+2	6.154759E+3
2.286984E+2	6.154948E+3
2.287648E+2	6.155000E+3
2.288325E+2	6.154983E+3
2.288981E+2	6.155055E+3
2.289669E+2	6.155108E+3
2.290331E+2	6.155134E+3
2.291004E+2	6.155199E+3
2.291651E+2	6.155279E+3
2.292321E+2	6.155257E+3
2.292994E+2	6.155320E+3
2.293654E+2	6.155396E+3
2.294319E+2	6.155509E+3
2.294964E+2	6.155500E+3
2.295662E+2	6.155627E+3
2.296298E+2	6.155740E+3
2.296950E+2	6.155719E+3
2.297628E+2	6.155690E+3
2.298295E+2	6.155728E+3
2.298954E+2	6.155747E+3
2.299663E+2	6.155841E+3
2.300330E+2	6.155955E+3
2.300994E+2	6.155979E+3
2.301659E+2	6.156071E+3
2.302314E+2	6.155997E+3
2.302979E+2	6.156087E+3
2.303623E+2	6.156131E+3
2.304264E+2	6.156169E+3
2.304934E+2	6.156289E+3
2.305599E+2	6.156301E+3
2.306272E+2	6.156254E+3
2.306953E+2	6.156272E+3
2.307617E+2	6.156330E+3
2.308279E+2	6.156374E+3
2.308941E+2	6.156445E+3
2.309600E+2	6.156487E+3
2.310273E+2	6.156643E+3
2.310935E+2	6.156579E+3
2.311639E+2	6.156685E+3
2.312295E+2	6.156795E+3
2.312996E+2	6.156931E+3
2.313663E+2	6.156939E+3
2.314325E+2	6.156903E+3
2.314973E+2	6.156956E+3
2.315681E+2	6.156960E+3
2.316350E+2	6.157059E+3
2.317034E+2	6.157079E+3
2.317715E+2	6.157097E+3
2.318395E+2	6.157158E+3
2.319068E+2	6.157221E+3
2.319727E+2	0.000000E+0
2.320376E+2	6.157275E+3
2.321072E+2	6.157356E+3
2.321749E+2	6.157401E+3
2.322399E+2	6.157486E+3
2.323097E+2	6.157502E+3
2.323742E+2	6.157552E+3
2.324450E+2	6.157556E+3
2.325127E+2	6.157604E+3
2.325781E+2	6.157676E+3
2.326441E+2	6.157723E+3
2.327117E+2	6.157747E+3
2.327791E+2	6.157812E+3
2.328489E+2	6.157869E+3
2.329172E+2	6.157976E+3
2.329840E+2	6.158049E+3
2.330530E+2	6.158145E+3
2.331186E+2	6.158232E+3
2.331862E+2	6.158273E+3
2.332514E+2	6.158325E+3
2.333188E+2	6.158480E+3
2.333847E+2	6.158458E+3
2.334513E+2	6.158513E+3
2.335198E+2	6.158614E+3
2.335876E+2	6.158674E+3
2.336565E+2	6.158700E+3
2.337216E+2	6.158754E+3
2.337876E+2	6.158795E+3
2.338537E+2	6.158832E+3
2.339204E+2	6.158892E+3
2.339868E+2	6.158963E+3
2.340538E+2	6.159024E+3
2.341194E+2	6.158984E+3
2.341879E+2	6.159079E+3
2.342570E+2	6.159161E+3
2.343215E+2	6.159224E+3
2.343880E+2	6.159187E+3
2.344551E+2	6.159144E+3
2.345219E+2	6.159262E+3
2.345895E+2	6.159241E+3
2.346610E+2	6.159301E+3
2.347297E+2	6.159326E+3
2.347964E+2	6.159399E+3
2.348669E+2	6.159493E+3
2.349348E+2	6.159579E+3
2.349997E+2	6.159614E+3
2.350686E+2	6.159669E+3
2.351375E+2	0.000000E+0
2.352034E+2	6.159812E+3
2.352721E+2	6.159793E+3
2.353391E+2	6.159761E+3
2.354068E+2	6.159804E+3
2.354728E+2	6.159905E+3
2.355389E+2	6.159943E+3
2.356067E+2	6.160000E+3
2.356741E+2	6.160042E+3
2.357391E+2	6.160150E+3
2.358057E+2	6.160202E+3
2.358752E+2	6.160178E+3
2.359411E+2	6.160259E+3
2.360107E+2	6.160366E+3
2.360759E+2	6.160382E+3
2.361430E+2	6.160445E+3
2.362119E+2	6.160468E+3
2.362783E+2	6.160449E+3
2.363454E+2	6.160410E+3
2.364149E+2	6.160504E+3
2.364837E+2	6.160636E+3
2.365519E+2	6.160671E+3
2.366185E+2	6.160670E+3
2.366901E+2	6.160782E+3
2.367576E+2	6.160811E+3
2.368239E+2	6.160968E+3
2.368899E+2	6.161020E+3
2.369555E+2	6.161014E+3
2.370241E+2	6.161112E+3
2.370928E+2	6.161225E+3
2.371618E+2	6.161202E+3
2.372304E+2	6.161210E+3
2.372995E+2	6.161296E+3
2.373683E+2	6.161301E+3
2.374402E+2	6.161421E+3
2.375059E+2	6.161491E+3
2.375736E+2	6.161586E+3
2.376399E+2	6.161643E+3
2.377056E+2	6.161666E+3
2.377724E+2	6.161776E+3
2.378403E+2	6.161802E+3
2.379070E+2	6.161846E+3
2.379763E+2	6.161908E+3
2.380423E+2	6.161962E+3
2.381078E+2	6.161976E+3
2.381747E+2	6.162046E+3
2.382408E+2	6.162108E+3
2.383064E+2	6.162183E+3
2.383741E+2	6.162164E+3
2.384421E+2	6.162491E+3
2.385096E+2	6.162358E+3
2.385785E+2	6.162407E+3
2.386455E+2	6.162419E+3
2.387141E+2	6.162413E+3
2.387809E+2	6.162446E+3
2.388465E+2	6.162537E+3
2.389140E+2	6.162614E+3
2.389836E+2	6.162653E+3
2.390526E+2	6.162696E+3
2.391203E+2	6.162759E+3
2.391885E+2	6.162778E+3
2.392598E+2	6.162870E+3
2.393296E+2	6.162952E+3
2.393958E+2	6.163067E+3
2.394619E+2	6.163068E+3
2.395286E+2	6.163185E+3
2.395948E+2	6.163323E+3
2.396611E+2	6.163313E+3
2.397289E+2	6.163341E+3
2.397974E+2	6.163422E+3
2.398674E+2	6.163494E+3
2.399340E+2	6.163537E+3
2.399995E+2	6.163591E+3
2.400647E+2	6.163662E+3
2.401332E+2	6.163647E+3
2.402003E+2	6.163722E+3
2.402695E+2	6.163731E+3
2.403360E+2	6.163822E+3
2.404025E+2	6.163970E+3
2.404721E+2	6.163866E+3
2.405422E+2	6.164021E+3
2.406100E+2	6.164023E+3
2.406759E+2	6.164081E+3
2.407436E+2	6.164026E+3
2.408118E+2	6.164174E+3
2.408797E+2	6.164190E+3
2.409476E+2	6.164304E+3
2.410152E+2	6.164305E+3
2.410828E+2	6.164307E+3
2.411513E+2	6.164566E+3
2.412208E+2	6.164571E+3
2.412864E+2	6.164559E+3
2.413543E+2	6.164629E+3
2.414194E+2	6.164614E+3
2.414867E+2	6.164704E+3
2.415527E+2	6.164745E+3
2.416239E+2	6.164781E+3
2.416892E+2	6.164952E+3
2.417581E+2	6.165053E+3
2.418269E+2	6.165073E+3
2.418932E+2	6.165138E+3
2.419592E+2	6.165258E+3
2.420258E+2	6.165122E+3
2.420944E+2	6.165243E+3
2.421604E+2	6.165316E+3
2.422290E+2	6.165309E+3
2.422974E+2	6.165358E+3
2.423620E+2	6.165397E+3
2.424307E+2	6.165535E+3
2.424977E+2	6.165467E+3
2.425657E+2	6.165583E+3
2.426335E+2	6.165577E+3
2.427011E+2	6.165625E+3
2.427701E+2	6.165667E+3
2.428387E+2	6.165892E+3
2.429062E+2	6.165912E+3
2.429760E+2	6.165961E+3
2.430451E+2	6.166074E+3
2.431116E+2	6.166114E+3
2.431784E+2	6.166221E+3
2.432464E+2	6.166212E+3
2.433112E+2	6.166230E+3
2.433766E+2	6.166311E+3
2.434422E+2	6.166446E+3
2.435102E+2	6.166434E+3
2.435787E+2	6.166378E+3
2.436507E+2	6.166439E+3
2.437169E+2	6.166461E+3
2.437830E+2	6.166528E+3
2.438480E+2	6.166616E+3
2.439155E+2	6.166728E+3
2.439812E+2	6.166785E+3
2.440503E+2	6.166872E+3
2.441175E+2	6.166948E+3
2.441872E+2	6.166983E+3
2.442552E+2	6.167069E+3
2.443238E+2	6.167181E+3
2.443873E+2	6.167120E+3
2.444535E+2	6.167125E+3
2.445213E+2	6.167138E+3
2.445887E+2	6.167213E+3
2.446548E+2	6.167226E+3
2.447235E+2	6.167176E+3
2.447913E+2	6.167224E+3
2.448625E+2	6.167222E+3
2.449300E+2	6.167306E+3
2.449978E+2	6.167370E+3
2.450668E+2	6.167509E+3
2.451339E+2	6.167525E+3
2.451997E+2	6.167559E+3
2.452677E+2	6.167616E+3
2.453343E+2	6.167668E+3
2.454050E+2	6.167737E+3
2.454681E+2	6.167885E+3
2.455348E+2	6.168036E+3
2.456025E+2	6.167957E+3
2.456676E+2	6.168814E+3
2.457372E+2	6.168893E+3
2.458040E+2	6.168946E+3
2.458701E+2	6.169011E+3
2.459387E+2	6.169074E+3
2.460056E+2	6.169129E+3
2.460737E+2	6.169149E+3
2.461405E+2	6.169200E+3
2.462103E+2	6.169219E+3
2.462767E+2	6.169312E+3
2.463426E+2	6.169340E+3
2.464082E+2	6.169440E+3
2.464751E+2	6.169467E+3
2.465431E+2	6.169539E+3
2.466140E+2	6.169579E+3
2.466808E+2	6.169672E+3
2.467500E+2	6.169701E+3
2.468184E+2	6.169752E+3
2.468869E+2	6.169774E+3
2.469554E+2	6.169935E+3
2.470220E+2	6.169949E+3
2.470879E+2	6.169962E+3
2.471571E+2	6.170029E+3
2.472258E+2	6.170108E+3
2.472960E+2	6.170195E+3
2.473633E+2	6.170263E+3
2.474310E+2	6.170308E+3
2.475013E+2	6.170406E+3
2.475703E+2	6.170479E+3
2.476384E+2	6.170523E+3
2.477034E+2	6.170585E+3
2.477703E+2	6.170604E+3
2.478367E+2	6.170636E+3
2.479045E+2	6.170758E+3
2.479733E+2	6.170819E+3
2.480428E+2	6.170891E+3
2.481077E+2	6.171182E+3
2.481751E+2	6.171288E+3
2.482411E+2	6.171391E+3
2.483078E+2	6.171465E+3
2.483779E+2	6.171575E+3
2.484446E+2	6.171579E+3
2.485117E+2	6.171514E+3
2.485800E+2	6.171654E+3
2.486509E+2	6.171776E+3
2.487205E+2	6.171761E+3
2.487879E+2	6.171743E+3
2.488553E+2	6.171790E+3
2.489227E+2	6.171815E+3
2.489895E+2	6.171924E+3
2.490593E+2	6.171964E+3
2.491284E+2	6.172004E+3
2.491954E+2	6.172057E+3
2.492626E+2	6.172093E+3
2.493312E+2	6.172073E+3
2.493997E+2	6.172200E+3
2.494667E+2	6.172265E+3
2.495343E+2	6.172451E+3
2.496004E+2	6.172459E+3
2.496675E+2	6.172511E+3
2.497352E+2	6.172557E+3
2.498027E+2	6.172561E+3
2.498717E+2	6.172688E+3
2.499425E+2	6.172672E+3
2.500068E+2	6.172818E+3
2.500758E+2	6.172685E+3
2.501454E+2	6.172710E+3
2.502114E+2	6.172968E+3
2.502784E+2	6.172852E+3
2.503460E+2	6.173046E+3
2.504109E+2	6.173116E+3
2.504748E+2	6.173144E+3
2.505434E+2	6.173222E+3
2.506091E+2	6.173319E+3
2.506768E+2	6.173455E+3
2.507452E+2	6.173420E+3
2.508117E+2	6.173469E+3
2.508787E+2	6.173555E+3
2.509462E+2	6.173605E+3
2.510137E+2	6.173681E+3
2.510821E+2	6.173742E+3
2.511498E+2	6.173963E+3
2.512165E+2	6.173888E+3
2.512816E+2	6.173949E+3
2.513501E+2	6.173939E+3
2.514190E+2	6.174031E+3
2.514880E+2	6.174116E+3
2.515582E+2	6.174145E+3
2.516259E+2	6.174203E+3
2.516948E+2	6.174283E+3
2.517618E+2	6.174394E+3
2.518295E+2	6.174397E+3
2.518970E+2	6.174399E+3
2.519646E+2	6.174538E+3
2.520334E+2	6.174439E+3
2.521000E+2	6.174668E+3
2.521661E+2	6.174799E+3
2.522352E+2	6.174788E+3
2.523036E+2	6.174771E+3
2.523740E+2	6.174844E+3
2.524385E+2	6.174869E+3
2.525104E+2	6.174927E+3
2.525777E+2	6.175006E+3
2.526453E+2	6.175080E+3
2.527124E+2	6.175170E+3
2.527789E+2	6.175230E+3
2.528440E+2	6.175221E+3
2.529142E+2	6.175377E+3
2.529800E+2	6.175454E+3
2.530475E+2	6.175410E+3
2.531152E+2	6.175480E+3
2.531850E+2	6.175586E+3
2.532513E+2	6.175553E+3
2.533191E+2	6.175593E+3
2.533867E+2	6.175660E+3
2.534537E+2	6.175739E+3
2.535211E+2	6.175749E+3
2.535897E+2	6.176015E+3
2.536561E+2	6.175950E+3
2.537259E+2	6.175955E+3
2.537960E+2	6.175919E+3
2.538625E+2	6.176065E+3
2.539288E+2	6.176168E+3
2.539937E+2	6.176290E+3
2.540612E+2	6.176300E+3
2.541291E+2	6.176348E+3
2.541957E+2	6.176383E+3
2.542640E+2	6.176452E+3
2.543302E+2	6.176506E+3
2.544005E+2	6.176554E+3
2.544658E+2	6.176644E+3
2.545348E+2	6.176823E+3
2.546024E+2	6.176814E+3
2.546702E+2	6.176798E+3
2.547360E+2	6.176814E+3
2.548031E+2	6.176864E+3
2.548711E+2	6.176945E+3
2.549419E+2	6.177088E+3
2.550142E+2	6.177088E+3
2.550825E+2	6.177161E+3
2.551513E+2	6.177212E+3
2.552178E+2	6.177317E+3
2.552867E+2	6.177321E+3
2.553542E+2	6.177329E+3
2.554219E+2	6.177435E+3
2.554896E+2	6.177491E+3
2.555578E+2	6.177546E+3
2.556248E+2	6.177464E+3
2.556929E+2	6.177572E+3
2.557584E+2	6.177679E+3
2.558242E+2	6.177752E+3
2.558919E+2	6.177649E+3
2.559613E+2	6.177796E+3
2.560262E+2	6.177804E+3
2.560965E+2	6.177885E+3
2.561664E+2	6.177921E+3
2.562370E+2	6.178055E+3
2.563044E+2	6.178059E+3
2.563736E+2	6.178154E+3
2.564400E+2	6.178242E+3
2.565073E+2	6.178322E+3
2.565742E+2	6.178355E+3
2.566401E+2	6.178458E+3
2.567075E+2	6.178380E+3
2.567773E+2	6.178408E+3
2.568492E+2	6.178508E+3
2.569159E+2	6.178553E+3
2.569888E+2	6.178638E+3
2.570606E+2	6.178687E+3
2.571277E+2	6.178780E+3
2.571958E+2	6.178806E+3
2.572627E+2	6.178846E+3
2.573298E+2	6.178921E+3
2.573973E+2	6.179003E+3
2.574659E+2	6.179075E+3
2.575365E+2	6.179119E+3
2.576058E+2	6.179163E+3
2.576747E+2	6.179196E+3
2.577452E+2	6.179240E+3
2.578104E+2	6.179306E+3
2.578797E+2	6.179298E+3
2.579494E+2	6.179412E+3
2.580174E+2	6.179489E+3
2.580854E+2	6.179522E+3
2.581538E+2	6.179558E+3
2.582192E+2	6.179613E+3
2.582888E+2	6.179700E+3
2.583576E+2	6.179719E+3
2.584258E+2	6.179794E+3
2.584965E+2	6.179816E+3
2.585641E+2	6.179924E+3
2.586296E+2	6.179930E+3
2.586970E+2	6.180018E+3
2.587647E+2	6.180053E+3
2.588304E+2	6.180104E+3
2.588946E+2	6.180168E+3
2.589625E+2	6.180260E+3
2.590309E+2	6.180353E+3
2.590996E+2	6.180403E+3
2.591675E+2	6.180456E+3
2.592343E+2	6.180546E+3
2.593015E+2	6.180558E+3
2.593671E+2	6.180641E+3
2.594344E+2	6.180617E+3
2.595040E+2	6.180743E+3
2.595704E+2	6.180750E+3
2.596394E+2	6.180877E+3
2.597091E+2	6.180818E+3
2.597772E+2	6.180994E+3
2.598436E+2	6.181014E+3
2.599138E+2	6.181014E+3
2.599823E+2	6.181118E+3
2.600500E+2	6.181280E+3
2.601178E+2	6.181331E+3
2.601859E+2	6.181271E+3
2.602570E+2	6.181337E+3
2.603239E+2	6.181380E+3
2.603944E+2	6.181448E+3
2.604649E+2	6.181546E+3
2.605335E+2	6.181565E+3
2.606011E+2	6.181634E+3
2.606701E+2	6.181793E+3
2.607400E+2	6.181931E+3
2.608071E+2	6.181870E+3
2.608762E+2	6.181925E+3
2.609430E+2	6.181961E+3
2.610097E+2	6.182021E+3
2.610802E+2	6.182078E+3
2.611488E+2	6.182156E+3
2.612174E+2	6.182248E+3
2.612820E+2	6.182309E+3
2.613480E+2	6.182322E+3
2.614124E+2	6.182378E+3
2.614801E+2	6.182334E+3
2.615486E+2	6.182398E+3
2.616199E+2	6.182434E+3
2.616845E+2	6.182504E+3
2.617565E+2	6.182552E+3
2.618243E+2	6.182588E+3
2.618892E+2	6.182641E+3
2.619553E+2	6.182684E+3
2.620218E+2	6.182755E+3
2.620907E+2	6.183077E+3
2.621568E+2	6.183007E+3
2.622249E+2	6.183130E+3
2.622954E+2	6.183229E+3
2.623613E+2	6.183245E+3
2.624286E+2	6.183332E+3
2.624955E+2	6.183340E+3
2.625649E+2	6.183385E+3
2.626333E+2	6.183548E+3
2.626981E+2	6.183537E+3
2.627655E+2	6.183681E+3
2.628354E+2	6.183701E+3
2.629027E+2	6.183745E+3
2.629689E+2	6.183767E+3
2.630371E+2	6.183891E+3
2.631027E+2	6.183968E+3
2.631719E+2	6.184028E+3
2.632390E+2	6.184129E+3
2.633051E+2	6.184161E+3
2.633726E+2	6.184223E+3
2.634391E+2	6.184259E+3
2.635095E+2	6.184322E+3
2.635738E+2	6.184410E+3
2.636455E+2	6.184505E+3
2.637139E+2	6.184518E+3
2.637838E+2	6.184633E+3
2.638502E+2	6.184696E+3
2.639171E+2	6.184713E+3
2.639839E+2	6.184740E+3
2.640519E+2	6.184834E+3
2.641211E+2	6.184918E+3
2.641897E+2	6.184978E+3
2.642598E+2	6.185085E+3
2.643282E+2	6.185038E+3
2.643976E+2	6.185116E+3
2.644642E+2	6.185188E+3
2.645329E+2	6.185194E+3
2.645983E+2	6.185303E+3
2.646678E+2	6.185334E+3
2.647364E+2	6.185403E+3
2.648029E+2	6.185444E+3
2.648729E+2	6.185464E+3
2.649390E+2	6.185517E+3
2.650077E+2	6.185532E+3
2.650732E+2	6.185555E+3
2.651390E+2	6.185582E+3
2.652067E+2	6.185588E+3
2.652738E+2	6.185672E+3
2.653436E+2	6.185698E+3
2.654101E+2	6.185706E+3
2.654769E+2	6.185854E+3
2.655456E+2	6.185951E+3
2.656110E+2	6.186006E+3
2.656802E+2	6.186134E+3
2.657480E+2	6.186164E+3
2.658181E+2	6.186271E+3
2.658854E+2	6.186267E+3
2.659551E+2	6.186372E+3
2.660223E+2	6.186435E+3
2.660908E+2	6.186498E+3
2.661567E+2	6.186540E+3
2.662259E+2	6.186580E+3
2.662922E+2	6.186703E+3
2.663627E+2	6.186707E+3
2.664299E+2	6.186791E+3
2.664986E+2	6.186862E+3
2.665661E+2	6.186915E+3
2.666327E+2	6.187016E+3
2.667002E+2	6.187041E+3
2.667676E+2	6.187072E+3
2.668353E+2	6.187135E+3
2.669062E+2	6.187232E+3
2.669743E+2	6.187289E+3
2.670433E+2	6.187310E+3
2.671098E+2	6.187365E+3
2.671760E+2	6.187432E+3
2.672446E+2	6.187544E+3
2.673117E+2	6.187601E+3
2.673803E+2	6.187656E+3
2.674490E+2	6.187899E+3
2.675190E+2	6.187946E+3
2.675847E+2	6.188005E+3
2.676528E+2	6.188096E+3
2.677190E+2	6.188195E+3
2.677870E+2	6.188340E+3
2.678542E+2	6.188368E+3
2.679228E+2	6.188366E+3
2.679916E+2	6.188517E+3
2.680613E+2	6.188559E+3
2.681272E+2	6.188666E+3
2.681953E+2	6.188688E+3
2.682622E+2	6.188788E+3
2.683324E+2	6.188804E+3
2.683977E+2	6.188807E+3
2.684651E+2	6.188767E+3
2.685341E+2	6.188901E+3
2.686032E+2	6.188992E+3
2.686698E+2	6.189011E+3
2.687397E+2	6.189050E+3
2.688056E+2	6.189156E+3
2.688747E+2	6.189217E+3
2.689450E+2	6.189272E+3
2.690125E+2	6.189338E+3
2.690812E+2	6.189304E+3
2.691490E+2	6.189350E+3
2.692161E+2	6.189482E+3
2.692842E+2	6.189560E+3
2.693527E+2	6.189596E+3
2.694218E+2	6.189617E+3
2.694951E+2	6.189706E+3
2.695597E+2	6.189758E+3
2.696315E+2	6.189805E+3
2.697020E+2	6.189832E+3
2.697709E+2	6.189950E+3
2.698396E+2	6.190050E+3
2.699091E+2	6.190377E+3
2.699774E+2	6.190496E+3
2.700437E+2	6.190279E+3
2.701110E+2	6.190355E+3
2.701782E+2	6.190522E+3
2.702452E+2	6.190600E+3
2.703153E+2	6.190658E+3
2.703814E+2	6.190723E+3
2.704508E+2	6.190727E+3
2.705168E+2	6.190836E+3
2.705821E+2	6.190795E+3
2.706489E+2	6.190897E+3
2.707154E+2	6.190981E+3
2.707811E+2	6.190943E+3
2.708495E+2	6.191032E+3
2.709149E+2	6.191066E+3
2.709827E+2	6.191147E+3
2.710508E+2	6.191197E+3
2.711191E+2	6.191259E+3
2.711886E+2	6.191282E+3
2.712556E+2	6.191391E+3
2.713226E+2	6.191417E+3
2.713921E+2	6.191480E+3
2.714613E+2	6.191504E+3
2.715305E+2	6.191578E+3
2.715995E+2	6.191644E+3
2.716703E+2	6.191715E+3
2.717410E+2	6.191980E+3
2.718102E+2	6.191769E+3
2.718773E+2	6.191801E+3
2.719446E+2	6.191846E+3
2.720121E+2	6.191919E+3
2.720816E+2	6.192017E+3
2.721502E+2	6.192000E+3
2.722173E+2	6.192075E+3
2.722857E+2	6.192117E+3
2.723508E+2	6.192158E+3
2.724207E+2	6.192244E+3
2.724897E+2	6.192213E+3
2.725573E+2	6.192299E+3
2.726251E+2	6.192420E+3
2.726917E+2	6.192492E+3
2.727619E+2	6.192599E+3
2.728293E+2	6.192633E+3
2.728961E+2	6.192633E+3
2.729644E+2	6.192682E+3
2.730350E+2	6.192736E+3
2.731035E+2	6.192790E+3
2.731722E+2	6.192865E+3
2.732405E+2	6.192907E+3
2.733092E+2	6.193065E+3
2.733779E+2	6.193070E+3
2.734471E+2	6.193128E+3
2.735156E+2	6.193445E+3
2.735839E+2	6.193286E+3
2.736523E+2	6.193342E+3
2.737192E+2	6.193427E+3
2.737912E+2	6.193423E+3
2.738597E+2	6.193510E+3
2.739268E+2	6.193473E+3
2.739948E+2	6.193605E+3
2.740613E+2	6.193658E+3
2.741289E+2	6.193704E+3
2.741970E+2	6.193723E+3
2.742646E+2	6.193804E+3
2.743331E+2	6.193827E+3
2.744022E+2	6.193941E+3
2.744691E+2	6.193966E+3
2.745403E+2	6.194053E+3
2.746089E+2	6.194078E+3
2.746784E+2	6.194042E+3
2.747466E+2	6.194124E+3
2.748154E+2	6.194243E+3
2.748857E+2	6.194243E+3
2.749528E+2	6.194312E+3
2.750178E+2	6.194384E+3
2.750850E+2	6.194430E+3
2.751555E+2	6.194516E+3
2.752240E+2	6.194632E+3
2.752966E+2	6.194655E+3
2.753656E+2	6.194712E+3
2.754302E+2	6.194794E+3
2.754987E+2	6.194883E+3
2.755676E+2	6.194892E+3
2.756372E+2	6.194901E+3
2.757038E+2	6.194990E+3
2.757764E+2	6.195097E+3
2.758460E+2	6.195165E+3
2.759123E+2	6.195185E+3
2.759824E+2	6.195197E+3
2.760492E+2	6.195227E+3
2.761156E+2	6.195365E+3
2.761858E+2	6.195388E+3
2.762516E+2	6.195468E+3
2.763188E+2	6.195515E+3
2.763839E+2	6.195544E+3
2.764534E+2	0.000000E+0
2.765217E+2	6.195691E+3
2.765864E+2	6.195752E+3
2.766526E+2	6.195817E+3
2.767205E+2	6.195849E+3
2.767895E+2	6.195943E+3
2.768571E+2	6.195977E+3
2.769239E+2	6.196084E+3
2.769944E+2	6.196135E+3
2.770624E+2	6.196216E+3
2.771315E+2	6.196263E+3
2.772006E+2	6.196269E+3
2.772684E+2	6.196376E+3
2.773375E+2	6.196418E+3
2.774034E+2	6.196481E+3
2.774708E+2	6.196583E+3
2.775382E+2	6.196618E+3
2.776071E+2	6.196715E+3
2.776776E+2	6.196777E+3
2.777481E+2	6.196818E+3
2.778184E+2	6.196896E+3
2.778857E+2	6.196967E+3
2.779559E+2	6.196984E+3
2.780229E+2	6.196992E+3
2.780895E+2	6.197046E+3
2.781554E+2	6.197112E+3
2.782231E+2	6.197170E+3
2.782905E+2	6.197242E+3
2.783580E+2	6.197347E+3
2.784239E+2	6.197389E+3
2.784897E+2	6.197476E+3
2.785559E+2	6.197521E+3
2.786287E+2	6.197600E+3
2.786945E+2	6.197710E+3
2.787600E+2	6.197708E+3
2.788270E+2	6.197849E+3
2.788952E+2	6.197890E+3
2.789621E+2	6.197949E+3
2.790299E+2	6.197971E+3
2.790984E+2	6.198060E+3
2.791696E+2	6.198154E+3
2.792389E+2	6.198235E+3
2.793079E+2	6.198242E+3
2.793751E+2	6.198325E+3
2.794411E+2	6.198390E+3
2.795076E+2	6.198423E+3
2.795751E+2	6.198479E+3
2.796437E+2	6.198543E+3
2.797132E+2	6.198586E+3
2.797837E+2	6.198664E+3
2.798548E+2	6.198691E+3
2.799229E+2	6.198795E+3
2.799920E+2	6.198857E+3
2.800590E+2	6.198940E+3
2.801290E+2	6.198963E+3
2.801947E+2	6.199000E+3
2.802637E+2	6.199060E+3
2.803312E+2	6.199180E+3
2.803973E+2	6.199206E+3
2.804640E+2	6.199228E+3
2.805322E+2	6.199243E+3
2.805997E+2	6.199373E+3
2.806708E+2	6.199480E+3
2.807374E+2	6.199491E+3
2.808056E+2	6.199601E+3
2.808690E+2	6.199657E+3
2.809370E+2	6.199762E+3
2.810048E+2	6.199824E+3
2.810741E+2	6.199829E+3
2.811436E+2	6.199935E+3
2.812143E+2	6.200027E+3
2.812837E+2	6.200080E+3
2.813523E+2	6.200117E+3
2.814181E+2	6.200189E+3
2.814858E+2	6.200269E+3
2.815510E+2	6.200302E+3
2.816198E+2	6.200387E+3
2.816890E+2	6.200449E+3
2.817588E+2	6.200467E+3
2.818249E+2	6.200582E+3
2.818952E+2	6.200708E+3
2.819627E+2	6.200724E+3
2.820303E+2	6.200767E+3
2.820977E+2	6.200812E+3
2.821654E+2	6.200902E+3
2.822331E+2	6.200932E+3
2.822980E+2	6.200998E+3
2.823637E+2	6.201020E+3
2.824322E+2	6.200945E+3
2.825002E+2	6.201120E+3
2.825696E+2	6.201145E+3
2.826401E+2	6.201201E+3
2.827058E+2	6.201333E+3
2.827730E+2	6.201315E+3
2.828364E+2	6.201434E+3
2.829025E+2	6.201429E+3
2.829708E+2	6.201502E+3
2.830378E+2	6.201623E+3
2.831084E+2	6.201668E+3
2.831768E+2	6.201692E+3
2.832459E+2	6.201753E+3
2.833135E+2	6.201870E+3
2.833784E+2	6.201991E+3
2.834473E+2	6.202036E+3
2.835149E+2	6.202061E+3
2.835827E+2	6.202156E+3
2.836517E+2	6.202273E+3
2.837209E+2	6.202334E+3
2.837847E+2	6.202430E+3
2.838552E+2	6.202546E+3
2.839206E+2	6.202517E+3
2.839902E+2	6.202648E+3
2.840582E+2	6.202717E+3
2.841257E+2	6.202804E+3
2.841943E+2	6.202896E+3
2.842608E+2	6.202864E+3
2.843279E+2	6.202926E+3
2.843944E+2	6.202977E+3
2.844609E+2	6.203036E+3
2.845280E+2	6.203184E+3
2.845927E+2	6.203251E+3
2.846594E+2	6.203361E+3
2.847255E+2	6.203307E+3
2.847932E+2	6.203387E+3
2.848617E+2	6.203439E+3
2.849320E+2	6.203519E+3
2.849955E+2	6.203574E+3
2.850637E+2	6.203632E+3
2.851292E+2	6.203671E+3
2.851927E+2	6.203698E+3
2.852560E+2	6.203796E+3
2.853214E+2	6.203736E+3
2.853885E+2	6.203888E+3
2.854539E+2	6.203861E+3
2.855206E+2	6.204017E+3
2.855890E+2	6.204041E+3
2.856564E+2	6.204230E+3
2.857218E+2	6.204264E+3
2.857867E+2	6.204291E+3
2.858523E+2	6.204350E+3
2.859210E+2	6.204488E+3
2.859879E+2	6.204467E+3
2.860538E+2	6.204526E+3
2.861213E+2	6.204556E+3
2.861909E+2	6.204653E+3
2.862559E+2	6.204865E+3
2.863238E+2	6.204800E+3
2.863898E+2	6.204866E+3
2.864542E+2	6.204908E+3
2.865184E+2	6.204949E+3
2.865872E+2	6.205099E+3
2.866550E+2	6.205114E+3
2.867235E+2	6.205192E+3
2.867894E+2	6.205215E+3
2.868563E+2	6.205341E+3
2.869226E+2	6.205409E+3
2.869868E+2	6.205391E+3
2.870524E+2	6.205446E+3
2.871186E+2	6.205601E+3
2.871842E+2	0.000000E+0
2.872547E+2	6.205814E+3
2.873200E+2	6.205668E+3
2.873864E+2	6.205762E+3
2.874509E+2	6.205908E+3
2.875180E+2	6.205979E+3
2.875843E+2	6.206021E+3
2.876517E+2	6.206095E+3
2.877184E+2	6.206167E+3
2.877863E+2	0.000000E+0
2.878540E+2	6.206361E+3
2.879218E+2	6.206389E+3
2.879864E+2	6.206418E+3
2.880526E+2	6.206558E+3
2.881153E+2	6.206611E+3
2.881828E+2	6.206630E+3
2.882466E+2	6.206668E+3
2.883132E+2	6.206749E+3
2.883797E+2	6.206786E+3
2.884459E+2	6.206870E+3
2.885131E+2	6.206920E+3
2.885790E+2	6.206985E+3
2.886463E+2	6.207023E+3
2.887107E+2	6.207160E+3
2.887766E+2	6.207205E+3
2.888416E+2	6.207245E+3
2.889075E+2	6.207322E+3
2.889737E+2	6.207454E+3
2.890430E+2	6.207491E+3
2.891086E+2	6.207581E+3
2.891752E+2	6.207617E+3
2.892438E+2	6.207643E+3
2.893136E+2	6.207708E+3
2.893799E+2	6.207800E+3
2.894469E+2	6.207828E+3
2.895136E+2	6.207865E+3
2.895825E+2	6.208007E+3
2.896473E+2	6.208072E+3
2.897152E+2	6.208162E+3
2.897822E+2	6.208182E+3
2.898514E+2	6.208291E+3
2.899180E+2	6.208280E+3
2.899854E+2	6.208359E+3
2.900524E+2	6.208359E+3
2.901189E+2	6.208445E+3
2.901863E+2	6.208556E+3
2.902498E+2	6.208610E+3
2.903158E+2	6.208636E+3
2.903815E+2	6.208666E+3
2.904459E+2	6.208740E+3
2.905146E+2	6.208794E+3
2.905822E+2	6.208875E+3
2.906496E+2	6.208914E+3
2.907144E+2	6.209033E+3
2.907809E+2	6.209124E+3
2.908484E+2	6.209134E+3
2.909173E+2	6.209193E+3
2.909806E+2	6.209275E+3
2.910474E+2	6.209312E+3
2.911149E+2	6.209422E+3
2.911825E+2	6.209424E+3
2.912475E+2	6.209559E+3
2.913152E+2	6.209615E+3
2.913817E+2	6.209655E+3
2.914473E+2	6.209764E+3
2.915161E+2	6.209756E+3
2.915810E+2	6.209807E+3
2.916485E+2	6.209910E+3
2.917153E+2	6.209970E+3
2.917801E+2	6.210054E+3
2.918491E+2	6.210175E+3
2.919139E+2	6.210321E+3
2.919817E+2	6.210335E+3
2.920497E+2	6.210431E+3
2.921204E+2	6.210468E+3
2.921841E+2	6.210558E+3
2.922546E+2	6.210619E+3
2.923222E+2	6.210646E+3
2.923878E+2	6.210795E+3
2.924559E+2	6.210864E+3
2.925215E+2	6.210851E+3
2.925898E+2	6.210983E+3
2.926572E+2	6.211044E+3
2.927226E+2	6.211078E+3
2.927904E+2	6.211156E+3
2.928554E+2	6.211200E+3
2.929223E+2	6.211226E+3
2.929882E+2	6.211325E+3
2.930552E+2	6.211406E+3
2.931199E+2	6.211449E+3
2.931850E+2	6.211462E+3
2.932540E+2	6.211615E+3
2.933210E+2	6.211699E+3
2.933883E+2	6.211763E+3
2.934566E+2	6.211783E+3
2.935242E+2	6.211830E+3
2.935903E+2	6.211890E+3
2.936559E+2	6.211918E+3
2.937243E+2	6.212009E+3
2.937917E+2	6.212110E+3
2.938581E+2	6.212172E+3
2.939286E+2	6.212275E+3
2.939937E+2	6.212330E+3
2.940602E+2	6.212299E+3
2.941250E+2	6.212252E+3
2.941901E+2	6.212371E+3
2.942557E+2	6.212551E+3
2.943208E+2	6.212725E+3
2.943856E+2	6.212692E+3
2.944518E+2	6.212817E+3
2.945220E+2	6.212921E+3
2.945871E+2	6.213092E+3
2.946541E+2	6.213051E+3
2.947202E+2	6.213139E+3
2.947870E+2	6.213178E+3
2.948514E+2	6.213241E+3
2.949220E+2	6.213220E+3
2.949874E+2	6.213458E+3
2.950584E+2	6.213499E+3
2.951260E+2	6.213514E+3
2.951945E+2	6.213598E+3
2.952605E+2	6.213634E+3
2.953252E+2	6.213699E+3
2.953950E+2	6.213644E+3
2.954620E+2	6.213765E+3
2.955286E+2	6.213783E+3
2.955981E+2	6.213866E+3
2.956663E+2	6.214039E+3
2.957334E+2	6.214297E+3
2.958012E+2	6.214327E+3
2.958682E+2	6.214298E+3
2.959338E+2	6.214400E+3
2.960005E+2	6.214432E+3
2.960675E+2	6.214612E+3
2.961344E+2	6.214618E+3
2.962040E+2	6.214582E+3
2.962701E+2	6.214596E+3
2.963384E+2	6.214662E+3
2.964066E+2	6.214726E+3
2.964731E+2	6.214788E+3
2.965412E+2	6.214901E+3
2.966049E+2	6.214945E+3
2.966731E+2	6.214947E+3
2.967403E+2	6.215047E+3
2.968079E+2	6.215125E+3
2.968776E+2	6.215164E+3
2.969447E+2	6.215310E+3
2.970154E+2	6.215352E+3
2.970813E+2	6.215456E+3
2.971473E+2	6.215471E+3
2.972129E+2	6.215576E+3
2.972814E+2	6.215602E+3
2.973512E+2	6.215683E+3
2.974203E+2	6.215744E+3
2.974900E+2	6.215836E+3
2.975590E+2	6.215890E+3
2.976277E+2	6.215899E+3
2.976972E+2	6.216065E+3
2.977643E+2	6.216069E+3
2.978319E+2	6.216170E+3
2.979010E+2	6.216226E+3
2.979693E+2	6.216230E+3
2.980387E+2	6.216291E+3
2.981032E+2	6.216316E+3
2.981721E+2	6.216519E+3
2.982367E+2	6.216588E+3
2.983048E+2	6.216614E+3
2.983709E+2	6.216687E+3
2.984378E+2	6.216625E+3
2.985051E+2	6.216797E+3
2.985718E+2	6.216807E+3
2.986387E+2	6.216941E+3
2.987065E+2	6.216937E+3
2.987735E+2	6.217010E+3
2.988416E+2	6.217109E+3
2.989078E+2	6.217158E+3
2.989744E+2	6.217148E+3
2.990399E+2	6.217264E+3
2.991071E+2	6.217390E+3
2.991752E+2	6.217407E+3
2.992419E+2	6.217487E+3
2.993106E+2	6.217578E+3
2.993810E+2	6.217556E+3
2.994520E+2	6.217574E+3
2.995218E+2	6.217793E+3
2.995894E+2	6.217783E+3
2.996554E+2	6.217876E+3
2.997220E+2	6.217916E+3
2.997887E+2	6.218031E+3
2.998532E+2	6.218029E+3
2.999261E+2	6.218192E+3
2.999909E+2	6.218334E+3
3.000623E+2	6.218411E+3
3.001283E+2	6.218481E+3
3.001985E+2	6.218533E+3
3.002646E+2	6.218605E+3
3.003335E+2	6.218588E+3
3.004016E+2	6.218655E+3
3.004685E+2	6.218633E+3
3.005330E+2	6.218732E+3
3.005983E+2	6.218801E+3
3.006657E+2	6.218857E+3
3.007335E+2	6.219002E+3
3.007990E+2	6.219105E+3
3.008664E+2	6.219163E+3
3.009323E+2	6.219192E+3
3.009963E+2	6.219309E+3
3.010627E+2	6.219342E+3
3.011279E+2	6.219348E+3
3.011947E+2	6.219482E+3
3.012608E+2	6.219493E+3
3.013273E+2	6.219617E+3
3.013939E+2	6.219729E+3
3.014610E+2	6.219763E+3
3.015270E+2	6.219805E+3
3.015926E+2	6.219746E+3
3.016611E+2	6.219939E+3
3.017283E+2	6.219982E+3
3.017946E+2	6.220059E+3
3.018577E+2	6.220059E+3
3.019244E+2	6.220162E+3
3.019905E+2	6.220278E+3
3.020566E+2	6.220270E+3
3.021214E+2	6.220378E+3
3.021870E+2	6.220408E+3
3.022543E+2	6.220498E+3
3.023223E+2	6.220486E+3
3.023908E+2	6.220603E+3
3.024545E+2	6.220670E+3
3.025190E+2	6.220730E+3
3.025852E+2	6.220767E+3
3.026520E+2	6.220764E+3
3.027195E+2	6.220888E+3
3.027835E+2	6.221017E+3
3.028507E+2	6.221077E+3
3.029182E+2	6.221191E+3
3.029842E+2	6.221319E+3
3.030502E+2	6.221349E+3
3.031177E+2	6.221381E+3
3.031832E+2	6.221409E+3
3.032493E+2	6.221487E+3
3.033164E+2	6.221568E+3
3.033820E+2	6.221665E+3
3.034485E+2	6.221736E+3
3.035140E+2	6.221811E+3
3.035801E+2	6.221779E+3
3.036469E+2	6.221832E+3
3.037107E+2	6.221934E+3
3.037780E+2	6.222101E+3
3.038433E+2	6.222124E+3
3.039118E+2	6.222251E+3
3.039794E+2	6.222290E+3
3.040435E+2	6.222323E+3
3.041114E+2	6.222374E+3
3.041750E+2	6.222456E+3
3.042411E+2	6.222419E+3
3.043079E+2	6.222531E+3
3.043751E+2	6.222566E+3
3.044428E+2	6.222653E+3
3.045116E+2	6.222724E+3
3.045778E+2	6.222826E+3
3.046442E+2	6.222884E+3
3.047101E+2	6.223025E+3
3.047770E+2	6.223023E+3
3.048411E+2	6.223098E+3
3.049108E+2	6.223173E+3
3.049766E+2	6.223287E+3
3.050451E+2	6.223385E+3
3.051135E+2	6.223504E+3
3.051768E+2	6.223558E+3
3.052425E+2	6.223623E+3
3.053069E+2	6.223584E+3
3.053715E+2	6.223649E+3
3.054392E+2	6.223727E+3
3.055046E+2	6.223868E+3
3.055711E+2	6.223907E+3
3.056353E+2	6.223885E+3
3.057013E+2	6.223988E+3
3.057670E+2	6.223998E+3
3.058336E+2	6.224134E+3
3.059010E+2	6.224100E+3
3.059692E+2	6.224149E+3
3.060362E+2	6.224308E+3
3.061028E+2	6.224377E+3
3.061709E+2	6.224424E+3
3.062376E+2	6.224469E+3
3.063038E+2	6.224551E+3
3.063687E+2	6.224597E+3
3.064330E+2	6.224745E+3
3.065004E+2	6.224738E+3
3.065709E+2	6.224882E+3
3.066378E+2	6.224967E+3
3.067060E+2	6.224984E+3
3.067727E+2	6.225092E+3
3.068365E+2	6.225199E+3
3.069014E+2	6.225230E+3
3.069687E+2	6.225275E+3
3.070372E+2	6.225300E+3
3.071039E+2	6.225357E+3
3.071706E+2	6.225404E+3
3.072362E+2	6.225445E+3
3.073030E+2	6.225546E+3
3.073691E+2	6.225623E+3
3.074357E+2	6.225694E+3
3.075021E+2	6.225724E+3
3.075673E+2	6.225822E+3
3.076367E+2	6.225882E+3
3.077015E+2	6.226057E+3
3.077736E+2	6.226168E+3
3.078434E+2	6.226233E+3
3.079089E+2	6.226269E+3
3.079740E+2	6.226378E+3
3.080411E+2	6.226434E+3
3.081082E+2	6.226410E+3
3.081770E+2	6.226465E+3
3.082410E+2	6.226556E+3
3.083091E+2	6.226574E+3
3.083740E+2	6.226760E+3
3.084385E+2	6.226785E+3
3.085033E+2	6.226961E+3
3.085686E+2	6.226960E+3
3.086335E+2	6.227067E+3
3.086997E+2	6.227099E+3
3.087647E+2	6.227123E+3
3.088353E+2	6.227090E+3
3.089005E+2	6.227257E+3
3.089686E+2	6.227369E+3
3.090342E+2	6.227401E+3
3.091031E+2	6.227459E+3
3.091680E+2	6.227546E+3
3.092345E+2	6.227607E+3
3.093010E+2	6.227681E+3
3.093673E+2	6.227780E+3
3.094378E+2	6.227820E+3
3.095094E+2	6.227891E+3
3.095784E+2	6.227929E+3
3.096470E+2	6.227961E+3
3.097148E+2	6.227977E+3
3.097819E+2	6.228079E+3
3.098516E+2	6.228113E+3
3.099181E+2	6.228217E+3
3.099882E+2	6.228264E+3
3.100535E+2	6.228255E+3
3.101230E+2	6.228376E+3
3.101890E+2	6.228447E+3
3.102625E+2	6.228555E+3
3.103290E+2	6.228616E+3
3.103944E+2	6.228735E+3
3.104584E+2	6.228816E+3
3.105250E+2	6.228850E+3
3.105916E+2	6.228864E+3
3.106558E+2	6.228909E+3
3.107233E+2	6.229040E+3
3.107889E+2	6.229107E+3
3.108543E+2	6.229178E+3
3.109182E+2	6.229242E+3
3.109842E+2	6.229221E+3
3.110520E+2	6.229424E+3
3.111160E+2	6.229569E+3
3.111810E+2	6.229774E+3
3.112462E+2	6.229728E+3
3.113117E+2	6.229617E+3
3.113801E+2	6.229552E+3
3.114476E+2	6.229705E+3
3.115163E+2	6.229796E+3
3.115834E+2	6.229859E+3
3.116529E+2	6.229956E+3
3.117203E+2	6.229985E+3
3.117873E+2	6.230075E+3
3.118558E+2	6.230167E+3
3.119224E+2	6.230231E+3
3.119937E+2	6.230456E+3
3.120587E+2	6.230526E+3
3.121233E+2	6.230557E+3
3.121905E+2	6.230560E+3
3.122579E+2	6.230674E+3
3.123262E+2	6.230732E+3
3.123917E+2	6.230707E+3
3.124597E+2	6.230774E+3
3.125243E+2	6.230852E+3
3.125915E+2	6.230879E+3
3.126591E+2	6.230957E+3
3.127268E+2	6.231008E+3
3.127928E+2	6.231082E+3
3.128608E+2	6.231133E+3
3.129264E+2	6.231200E+3
3.129940E+2	6.231252E+3
3.130610E+2	6.231194E+3
3.131287E+2	6.231354E+3
3.131960E+2	6.231430E+3
3.132640E+2	6.231513E+3
3.133302E+2	6.231563E+3
3.133969E+2	6.231626E+3
3.134659E+2	6.231675E+3
3.135335E+2	6.231758E+3
3.136008E+2	6.231854E+3
3.136707E+2	6.231913E+3
3.137368E+2	6.232024E+3
3.138029E+2	6.232077E+3
3.138668E+2	6.232089E+3
3.139325E+2	6.232235E+3
3.140011E+2	6.232372E+3
3.140722E+2	6.232402E+3
3.141415E+2	6.232471E+3
3.142085E+2	6.232596E+3
3.142785E+2	6.232692E+3
3.143482E+2	6.232724E+3
3.144137E+2	6.232836E+3
3.144798E+2	6.232885E+3
3.145474E+2	6.232942E+3
3.146142E+2	6.233040E+3
3.146782E+2	6.233069E+3
3.147488E+2	6.233031E+3
3.148135E+2	6.233132E+3
3.148855E+2	6.233188E+3
3.149511E+2	6.233204E+3
3.150196E+2	6.233297E+3
3.150874E+2	6.233336E+3
3.151533E+2	6.233457E+3
3.152209E+2	6.233552E+3
3.152868E+2	6.233626E+3
3.153545E+2	6.233699E+3
3.154217E+2	6.233845E+3
3.154910E+2	6.233930E+3
3.155576E+2	6.233929E+3
3.156232E+2	6.233807E+3
3.156895E+2	6.233883E+3
3.157556E+2	6.234035E+3
3.158203E+2	6.234099E+3
3.158892E+2	6.234221E+3
3.159538E+2	6.234275E+3
3.160233E+2	6.234338E+3
3.160907E+2	6.234458E+3
3.161544E+2	6.234544E+3
3.162215E+2	6.234622E+3
3.162876E+2	6.234721E+3
3.163553E+2	6.234829E+3
3.164220E+2	6.234790E+3
3.164917E+2	6.234768E+3
3.165584E+2	6.234817E+3
3.166265E+2	6.234842E+3
3.166935E+2	6.234781E+3
3.167598E+2	6.234950E+3
3.168245E+2	6.235117E+3
3.168906E+2	6.235176E+3
3.169584E+2	6.235206E+3
3.170247E+2	6.235271E+3
3.170931E+2	6.235309E+3
3.171599E+2	6.235320E+3
3.172274E+2	6.235448E+3
3.172965E+2	6.235524E+3
3.173619E+2	6.235484E+3
3.174280E+2	6.235767E+3
3.174914E+2	6.235806E+3
3.175571E+2	6.235913E+3
3.176268E+2	6.235864E+3
3.176926E+2	6.235867E+3
3.177594E+2	6.235949E+3
3.178284E+2	6.236036E+3
3.178937E+2	6.236107E+3
3.179611E+2	6.236108E+3
3.180271E+2	6.236089E+3
3.180935E+2	6.236274E+3
3.181572E+2	6.236290E+3
3.182278E+2	6.236304E+3
3.182920E+2	6.236270E+3
3.183597E+2	6.236407E+3
3.184252E+2	6.236474E+3
3.184940E+2	6.236552E+3
3.185620E+2	6.236568E+3
3.186258E+2	6.236618E+3
3.186928E+2	6.236786E+3
3.187630E+2	6.236924E+3
3.188297E+2	6.236913E+3
3.188981E+2	6.237031E+3
3.189637E+2	6.237130E+3
3.190314E+2	6.237146E+3
3.190973E+2	6.237326E+3
3.191630E+2	6.237361E+3
3.192297E+2	6.237475E+3
3.192961E+2	6.237567E+3
3.193622E+2	6.237780E+3
3.194290E+2	6.237997E+3
3.194973E+2	6.238081E+3
3.195617E+2	6.238186E+3
3.196279E+2	6.238105E+3
3.196940E+2	6.238206E+3
3.197607E+2	6.238352E+3
3.198293E+2	6.238406E+3
3.198982E+2	6.238447E+3
3.199618E+2	6.238505E+3
3.200303E+2	6.238600E+3
3.200974E+2	6.238669E+3
3.201611E+2	6.238744E+3
3.202257E+2	6.238810E+3
3.202927E+2	6.238862E+3
3.203582E+2	6.238924E+3
3.204270E+2	6.239002E+3
3.204965E+2	6.239142E+3
3.205612E+2	6.239204E+3
3.206258E+2	6.239234E+3
3.206925E+2	6.239232E+3
3.207597E+2	6.239345E+3
3.208256E+2	6.239521E+3
3.208926E+2	6.239580E+3
3.209591E+2	6.239524E+3
3.210249E+2	6.239597E+3
3.210919E+2	6.239677E+3
3.211574E+2	6.239702E+3
3.212250E+2	6.239828E+3
3.212931E+2	6.239937E+3
3.213618E+2	6.240000E+3
3.214264E+2	6.240047E+3
3.214964E+2	6.240061E+3
3.215629E+2	6.240170E+3
3.216284E+2	6.240418E+3
3.216974E+2	6.240526E+3
3.217620E+2	6.240662E+3
3.218251E+2	6.240559E+3
3.218890E+2	6.240607E+3
3.219536E+2	6.240625E+3
3.220231E+2	6.240707E+3
3.220891E+2	6.240774E+3
3.221586E+2	6.240930E+3
3.222231E+2	6.240920E+3
3.222896E+2	6.241021E+3
3.223551E+2	6.241099E+3
3.224198E+2	6.241219E+3
3.224868E+2	6.241275E+3
3.225545E+2	6.241322E+3
3.226208E+2	6.241344E+3
3.226868E+2	6.241558E+3
3.227573E+2	6.241636E+3
3.228248E+2	6.241534E+3
3.228909E+2	6.241719E+3
3.229554E+2	6.241764E+3
3.230231E+2	6.241816E+3
3.230886E+2	6.241788E+3
3.231581E+2	6.241889E+3
3.232257E+2	6.241965E+3
3.232938E+2	6.242046E+3
3.233587E+2	6.242108E+3
3.234280E+2	6.242175E+3
3.234930E+2	6.242298E+3
3.235615E+2	6.242374E+3
3.236272E+2	6.242420E+3
3.236942E+2	6.242523E+3
3.237626E+2	6.242587E+3
3.238277E+2	6.242651E+3
3.238980E+2	6.242733E+3
3.239633E+2	6.242893E+3
3.240308E+2	6.242830E+3
3.240936E+2	6.242871E+3
3.241609E+2	6.242920E+3
3.242282E+2	6.242982E+3
3.242945E+2	6.243115E+3
3.243644E+2	6.243162E+3
3.244307E+2	6.243274E+3
3.244994E+2	6.243383E+3
3.245637E+2	6.243482E+3
3.246278E+2	6.243505E+3
3.246953E+2	6.243523E+3
3.247608E+2	6.243630E+3
3.248254E+2	6.243739E+3
3.248904E+2	6.243705E+3
3.249622E+2	6.243742E+3
3.250296E+2	6.243858E+3
3.250957E+2	6.243934E+3
3.251634E+2	6.244109E+3
3.252308E+2	6.244072E+3
3.252967E+2	6.244282E+3
3.253622E+2	6.244399E+3
3.254297E+2	6.244417E+3
3.254980E+2	6.244521E+3
3.255635E+2	6.244581E+3
3.256311E+2	6.244639E+3
3.256976E+2	6.244665E+3
3.257624E+2	6.244822E+3
3.258296E+2	6.244944E+3
3.258976E+2	6.245014E+3
3.259656E+2	6.245085E+3
3.260309E+2	6.245104E+3
3.260993E+2	6.245157E+3
3.261659E+2	6.245199E+3
3.262366E+2	6.245351E+3
3.263065E+2	6.245334E+3
3.263723E+2	6.245392E+3
3.264392E+2	6.245459E+3
3.265043E+2	6.245492E+3
3.265710E+2	6.245585E+3
3.266378E+2	6.245738E+3
3.267062E+2	6.245863E+3
3.267733E+2	6.245931E+3
3.268430E+2	6.245939E+3
3.269121E+2	6.246022E+3
3.269830E+2	6.246134E+3
3.270508E+2	6.246253E+3
3.271147E+2	6.246222E+3
3.271807E+2	6.246373E+3
3.272455E+2	6.246462E+3
3.273136E+2	6.246538E+3
3.273856E+2	6.246600E+3
3.274501E+2	6.246581E+3
3.275199E+2	6.246749E+3
3.275859E+2	6.246756E+3
3.276526E+2	6.246812E+3
3.277202E+2	6.246969E+3
3.277862E+2	6.247074E+3
3.278519E+2	6.247130E+3
3.279199E+2	6.247106E+3
3.279861E+2	6.247185E+3
3.280567E+2	6.247265E+3
3.281248E+2	6.247342E+3
3.281919E+2	6.247409E+3
3.282577E+2	6.247557E+3
3.283243E+2	6.247892E+3
3.283931E+2	6.247907E+3
3.284607E+2	6.247907E+3
3.285278E+2	6.247909E+3
3.285972E+2	6.247978E+3
3.286648E+2	6.248079E+3
3.287329E+2	6.248200E+3
3.288012E+2	6.248202E+3
3.288673E+2	6.248352E+3
3.289358E+2	6.248489E+3
3.290041E+2	6.248603E+3
3.290717E+2	6.248608E+3
3.291382E+2	6.248655E+3
3.292034E+2	6.248746E+3
3.292730E+2	6.248855E+3
3.293394E+2	6.248892E+3
3.294073E+2	6.248969E+3
3.294751E+2	6.249007E+3
3.295419E+2	6.249181E+3
3.296049E+2	6.249292E+3
3.296693E+2	6.249259E+3
3.297351E+2	6.249348E+3
3.298022E+2	6.249464E+3
3.298719E+2	6.249490E+3
3.299405E+2	6.249669E+3
3.300087E+2	6.249653E+3
3.300763E+2	6.249739E+3
3.301429E+2	6.249752E+3
3.302080E+2	6.249825E+3
3.302734E+2	6.249966E+3
3.303399E+2	6.250074E+3
3.304070E+2	6.250211E+3
3.304757E+2	6.250169E+3
3.305443E+2	6.250360E+3
3.306133E+2	6.250297E+3
3.306798E+2	6.250414E+3
3.307476E+2	6.250539E+3
3.308135E+2	6.250593E+3
3.308801E+2	6.250677E+3
3.309492E+2	6.250665E+3
3.310163E+2	6.250660E+3
3.310855E+2	6.250693E+3
3.311560E+2	6.250885E+3
3.312238E+2	6.251051E+3
3.312889E+2	6.251179E+3
3.313563E+2	6.251194E+3
3.314220E+2	6.251309E+3
3.314910E+2	6.251515E+3
3.315577E+2	6.251530E+3
3.316253E+2	6.251565E+3
3.316923E+2	6.251683E+3
3.317623E+2	6.251771E+3
3.318286E+2	6.251812E+3
3.318959E+2	6.251872E+3
3.319648E+2	6.251879E+3
3.320326E+2	6.251809E+3
3.321006E+2	6.251849E+3
3.321663E+2	6.251985E+3
3.322345E+2	6.252058E+3
3.323035E+2	6.252097E+3
3.323700E+2	6.252219E+3
3.324395E+2	6.252267E+3
3.325075E+2	6.252314E+3
3.325761E+2	6.252443E+3
3.326438E+2	6.252495E+3
3.327090E+2	6.252543E+3
3.327737E+2	6.252653E+3
3.328424E+2	6.252679E+3
3.329061E+2	6.252816E+3
3.329746E+2	6.252849E+3
3.330412E+2	6.252973E+3
3.331082E+2	6.253015E+3
3.331772E+2	6.253054E+3
3.332418E+2	6.253020E+3
3.333108E+2	6.253218E+3
3.333795E+2	6.253339E+3
3.334451E+2	6.253359E+3
3.335148E+2	6.253527E+3
3.335814E+2	6.253531E+3
3.336480E+2	6.253650E+3
3.337140E+2	6.253769E+3
3.337825E+2	6.253762E+3
3.338487E+2	6.253676E+3
3.339147E+2	6.253911E+3
3.339798E+2	6.254010E+3
3.340444E+2	6.254047E+3
3.341165E+2	6.254207E+3
3.341832E+2	6.254204E+3
3.342538E+2	6.254217E+3
3.343210E+2	6.254268E+3
3.343857E+2	6.254296E+3
3.344532E+2	6.254367E+3
3.345173E+2	6.254538E+3
3.345829E+2	6.254640E+3
3.346486E+2	6.254697E+3
3.347157E+2	6.254841E+3
3.347803E+2	6.254819E+3
3.348500E+2	6.254855E+3
3.349192E+2	6.254982E+3
3.349839E+2	6.255126E+3
3.350517E+2	6.255221E+3
3.351186E+2	6.255168E+3
3.351851E+2	6.255379E+3
3.352526E+2	6.255445E+3
3.353216E+2	6.255622E+3
3.353932E+2	6.255732E+3
3.354618E+2	6.255779E+3
3.355294E+2	6.255977E+3
3.355943E+2	6.256070E+3
3.356600E+2	6.256099E+3
3.357288E+2	6.256096E+3
3.357959E+2	6.256180E+3
3.358635E+2	6.256266E+3
3.359281E+2	6.256329E+3
3.359990E+2	6.256359E+3
3.360685E+2	6.256507E+3
3.361384E+2	6.256552E+3
3.362043E+2	6.256542E+3
3.362708E+2	6.256594E+3
3.363384E+2	6.256677E+3
3.364079E+2	6.256827E+3
3.364735E+2	6.256857E+3
3.365451E+2	6.256981E+3
3.366091E+2	6.257051E+3
3.366787E+2	6.256984E+3
3.367445E+2	6.257200E+3
3.368106E+2	6.257115E+3
3.368793E+2	6.257198E+3
3.369445E+2	6.257474E+3
3.370105E+2	6.257475E+3
3.370772E+2	6.257552E+3
3.371447E+2	6.257640E+3
3.372097E+2	6.257726E+3
3.372764E+2	6.257620E+3
3.373431E+2	6.257793E+3
3.374092E+2	6.257824E+3
3.374769E+2	6.257913E+3
3.375428E+2	6.258018E+3
3.376109E+2	6.258179E+3
3.376795E+2	6.258276E+3
3.377503E+2	6.258433E+3
3.378183E+2	6.258498E+3
3.378840E+2	6.258488E+3
3.379489E+2	6.258626E+3
3.380140E+2	6.258714E+3
3.380826E+2	6.258727E+3
3.381503E+2	6.258876E+3
3.382144E+2	6.258983E+3
3.382830E+2	6.258999E+3
3.383467E+2	6.259094E+3
3.384157E+2	6.259211E+3
3.384834E+2	6.259351E+3
3.385509E+2	6.259399E+3
3.386151E+2	6.259480E+3
3.386831E+2	6.259528E+3
3.387480E+2	6.259632E+3
3.388141E+2	6.259697E+3
3.388834E+2	6.259815E+3
3.389528E+2	6.259869E+3
3.390188E+2	6.259894E+3
3.390844E+2	6.260014E+3
3.391499E+2	6.260068E+3
3.392180E+2	6.260128E+3
3.392857E+2	6.260192E+3
3.393518E+2	6.260313E+3
3.394209E+2	6.260391E+3
3.394855E+2	6.260373E+3
3.395543E+2	6.260535E+3
3.396214E+2	6.260523E+3
3.396870E+2	6.260631E+3
3.397507E+2	6.260711E+3
3.398168E+2	6.260754E+3
3.398843E+2	6.260811E+3
3.399540E+2	6.260765E+3
3.400201E+2	6.260869E+3
3.400898E+2	6.260978E+3
3.401596E+2	6.261184E+3
3.402277E+2	6.261213E+3
3.402963E+2	6.261228E+3
3.403629E+2	0.000000E+0
3.404299E+2	6.261423E+3
3.404954E+2	6.261544E+3
3.405609E+2	6.261591E+3
3.406279E+2	6.261683E+3
3.406925E+2	6.261776E+3
3.407592E+2	6.261866E+3
3.408263E+2	6.261750E+3
3.408920E+2	6.261873E+3
3.409580E+2	6.261953E+3
3.410261E+2	6.262118E+3
3.410937E+2	6.262137E+3
3.411606E+2	6.262318E+3
3.412265E+2	6.262372E+3
3.412920E+2	6.262485E+3
3.413631E+2	6.262572E+3
3.414292E+2	6.262594E+3
3.414978E+2	6.262681E+3
3.415667E+2	6.262783E+3
3.416336E+2	6.262894E+3
3.417007E+2	6.262966E+3
3.417679E+2	6.262916E+3
3.418308E+2	6.263061E+3
3.418985E+2	6.263108E+3
3.419666E+2	6.263219E+3
3.420344E+2	6.263232E+3
3.421014E+2	6.263390E+3
3.421711E+2	6.263415E+3
3.422377E+2	6.263474E+3
3.423087E+2	6.263609E+3
3.423765E+2	6.263709E+3
3.424441E+2	6.263729E+3
3.425105E+2	6.263849E+3
3.425801E+2	6.263916E+3
3.426448E+2	6.263968E+3
3.427138E+2	6.264038E+3
3.427821E+2	6.264070E+3
3.428507E+2	6.264228E+3
3.429178E+2	6.264280E+3
3.429856E+2	6.264385E+3
3.430511E+2	6.264494E+3
3.431201E+2	6.264523E+3
3.431877E+2	6.264612E+3
3.432583E+2	6.264614E+3
3.433263E+2	6.264635E+3
3.433920E+2	6.264691E+3
3.434586E+2	6.264715E+3
3.435266E+2	6.264827E+3
3.435912E+2	6.264892E+3
3.436609E+2	6.265039E+3
3.437288E+2	6.265213E+3
3.437984E+2	6.265261E+3
3.438656E+2	6.265326E+3
3.439286E+2	6.265418E+3
3.439922E+2	6.265582E+3
3.440594E+2	6.265708E+3
3.441235E+2	6.265636E+3
3.441927E+2	6.265755E+3
3.442613E+2	6.265819E+3
3.443275E+2	6.265990E+3
3.443992E+2	6.265980E+3
3.444666E+2	6.266086E+3
3.445330E+2	6.266158E+3
3.445974E+2	6.266164E+3
3.446630E+2	6.266275E+3
3.447290E+2	6.266309E+3
3.447946E+2	6.266378E+3
3.448631E+2	6.266476E+3
3.449301E+2	6.266569E+3
3.449966E+2	6.266670E+3
3.450622E+2	6.266878E+3
3.451294E+2	6.266876E+3
3.451944E+2	6.266918E+3
3.452620E+2	6.267051E+3
3.453284E+2	6.267141E+3
3.453970E+2	6.267198E+3
3.454615E+2	6.267338E+3
3.455305E+2	6.267388E+3
3.456000E+2	6.267442E+3
3.456666E+2	6.267540E+3
3.457316E+2	6.267585E+3
3.457991E+2	6.267618E+3
3.458647E+2	6.267634E+3
3.459347E+2	0.000000E+0
3.460011E+2	6.267956E+3
3.460690E+2	6.268053E+3
3.461394E+2	6.268263E+3
3.462025E+2	6.268237E+3
3.462682E+2	6.268367E+3
3.463355E+2	6.268498E+3
3.464051E+2	6.268360E+3
3.464750E+2	6.268480E+3
3.465408E+2	6.268445E+3
3.466078E+2	6.268526E+3
3.466754E+2	6.268654E+3
3.467458E+2	6.268731E+3
3.468118E+2	6.268766E+3
3.468783E+2	6.268842E+3
3.469440E+2	6.269043E+3
3.470119E+2	6.269106E+3
3.470776E+2	6.269137E+3
3.471454E+2	6.269149E+3
3.472144E+2	6.269592E+3
3.472782E+2	6.269592E+3
3.473457E+2	6.269605E+3
3.474106E+2	6.269693E+3
3.474765E+2	6.269773E+3
3.475441E+2	6.269866E+3
3.476092E+2	6.269907E+3
3.476760E+2	6.270081E+3
3.477411E+2	6.270139E+3
3.478098E+2	6.270220E+3
3.478754E+2	6.270257E+3
3.479433E+2	6.270349E+3
3.480102E+2	6.270422E+3
3.480768E+2	6.270411E+3
3.481435E+2	6.270633E+3
3.482104E+2	6.270610E+3
3.482763E+2	6.270812E+3
3.483469E+2	6.270901E+3
3.484119E+2	6.270938E+3
3.484805E+2	6.271041E+3
3.485495E+2	6.271165E+3
3.486155E+2	6.271222E+3
3.486823E+2	6.271288E+3
3.487508E+2	6.271357E+3
3.488161E+2	6.271518E+3
3.488858E+2	6.271482E+3
3.489533E+2	6.271551E+3
3.490223E+2	6.271710E+3
3.490921E+2	6.271846E+3
3.491620E+2	6.271830E+3
3.492301E+2	6.271937E+3
3.492957E+2	6.271903E+3
3.493622E+2	6.272071E+3
3.494312E+2	6.272121E+3
3.494978E+2	6.272158E+3
3.495684E+2	6.272341E+3
3.496400E+2	6.272437E+3
3.497075E+2	6.272483E+3
3.497761E+2	6.272655E+3
3.498437E+2	6.272831E+3
3.499108E+2	6.272923E+3
3.499753E+2	6.272909E+3
3.500413E+2	6.273023E+3
3.501078E+2	6.272978E+3
3.501729E+2	6.273049E+3
3.502411E+2	6.273147E+3
3.503088E+2	6.273239E+3
3.503795E+2	6.273284E+3
3.504472E+2	6.273413E+3
3.505122E+2	6.273564E+3
3.505780E+2	6.273688E+3
3.506471E+2	6.273723E+3
3.507141E+2	6.273698E+3
3.507818E+2	6.273864E+3
3.508536E+2	6.273920E+3
3.509215E+2	6.273981E+3
3.509922E+2	6.273998E+3
3.510608E+2	6.274077E+3
3.511248E+2	6.274160E+3
3.511894E+2	6.274167E+3
3.512580E+2	6.274263E+3
3.513260E+2	6.274754E+3
3.513915E+2	6.274634E+3
3.514590E+2	6.274464E+3
3.515241E+2	6.274844E+3
3.515939E+2	6.274854E+3
3.516594E+2	6.275005E+3
3.517245E+2	6.274998E+3
3.517912E+2	6.275031E+3
3.518578E+2	6.275221E+3
3.519228E+2	6.275346E+3
3.519879E+2	6.275401E+3
3.520595E+2	6.275565E+3
3.521255E+2	6.275711E+3
3.521950E+2	6.275567E+3
3.522616E+2	6.275677E+3
3.523276E+2	6.275738E+3
3.523931E+2	6.275820E+3
3.524606E+2	6.275829E+3
3.525256E+2	6.275986E+3
3.525952E+2	6.276051E+3
3.526619E+2	6.276081E+3
3.527318E+2	6.276162E+3
3.527997E+2	6.276314E+3
3.528656E+2	6.276567E+3
3.529317E+2	6.276380E+3
3.529988E+2	6.276355E+3
3.530671E+2	6.276396E+3
3.531346E+2	6.276387E+3
3.532000E+2	6.276389E+3
3.532649E+2	6.276492E+3
3.533308E+2	6.276696E+3
3.533984E+2	6.276826E+3
3.534639E+2	6.276875E+3
3.535289E+2	6.276919E+3
3.535934E+2	6.276950E+3
3.536589E+2	6.277153E+3
3.537269E+2	6.277124E+3
3.537934E+2	6.277162E+3
3.538619E+2	6.277292E+3
3.539279E+2	6.277288E+3
3.539955E+2	6.277476E+3
3.540613E+2	6.277497E+3
3.541294E+2	6.277555E+3
3.541950E+2	6.277738E+3
3.542626E+2	6.277803E+3
3.543305E+2	6.277791E+3
3.543960E+2	6.277920E+3
3.544636E+2	6.277937E+3
3.545306E+2	6.278331E+3
3.545957E+2	6.278461E+3
3.546635E+2	6.278554E+3
3.547275E+2	6.278633E+3
3.547932E+2	6.278640E+3
3.548638E+2	6.278859E+3
3.549318E+2	6.278834E+3
3.550033E+2	6.278933E+3
3.550749E+2	6.278922E+3
3.551410E+2	6.279387E+3
3.552125E+2	6.279343E+3
3.552800E+2	6.279390E+3
3.553450E+2	6.279666E+3
3.554116E+2	6.279740E+3
3.554761E+2	6.279736E+3
3.555429E+2	6.279776E+3
3.556105E+2	6.279898E+3
3.556801E+2	6.280056E+3
3.557510E+2	6.280240E+3
3.558191E+2	6.280179E+3
3.558865E+2	6.280239E+3
3.559529E+2	6.280341E+3
3.560183E+2	6.280384E+3
3.560854E+2	6.280450E+3
3.561522E+2	6.280647E+3
3.562190E+2	6.280673E+3
3.562867E+2	6.280652E+3
3.563549E+2	6.280819E+3
3.564243E+2	6.280883E+3
3.564903E+2	6.280990E+3
3.565552E+2	6.281114E+3
3.566192E+2	6.281179E+3
3.566858E+2	6.281265E+3
3.567551E+2	6.281370E+3
3.568225E+2	6.281434E+3
3.568932E+2	6.281579E+3
3.569601E+2	6.281675E+3
3.570277E+2	6.281741E+3
3.570951E+2	6.281940E+3
3.571611E+2	6.282084E+3
3.572264E+2	6.282069E+3
3.572964E+2	6.282200E+3
3.573616E+2	6.282483E+3
3.574306E+2	6.282585E+3
3.574965E+2	6.282607E+3
3.575664E+2	6.282688E+3
3.576328E+2	6.282678E+3
3.576985E+2	6.282751E+3
3.577665E+2	6.282777E+3
3.578345E+2	6.282845E+3
3.579006E+2	6.283034E+3
3.579680E+2	6.283130E+3
3.580360E+2	6.283146E+3
3.581008E+2	6.283298E+3
3.581685E+2	6.283312E+3
3.582358E+2	6.283436E+3
3.583007E+2	6.283549E+3
3.583667E+2	6.283628E+3
3.584306E+2	6.283650E+3
3.584986E+2	6.283883E+3
3.585677E+2	6.284142E+3
3.586320E+2	6.283946E+3
3.587008E+2	6.284032E+3
3.587674E+2	6.284463E+3
3.588332E+2	6.284279E+3
3.588974E+2	6.284429E+3
3.589637E+2	6.284649E+3
3.590329E+2	6.284688E+3
3.590995E+2	6.284654E+3
3.591669E+2	6.284794E+3
3.592319E+2	6.284768E+3
3.592997E+2	6.284803E+3
3.593665E+2	6.284934E+3
3.594324E+2	6.284986E+3
3.595000E+2	6.285088E+3
3.595677E+2	6.285227E+3
3.596350E+2	6.285279E+3
3.597049E+2	6.285265E+3
3.597705E+2	6.285308E+3
3.598399E+2	6.285449E+3
3.599041E+2	6.285513E+3
3.599685E+2	6.285670E+3
3.600364E+2	6.285637E+3
3.601008E+2	6.285790E+3
3.601690E+2	6.285871E+3
3.602343E+2	6.285972E+3
3.603032E+2	6.286056E+3
3.603707E+2	6.286030E+3
3.604373E+2	6.286182E+3
3.605005E+2	6.286158E+3
3.605645E+2	6.286218E+3
3.606286E+2	6.286313E+3
3.606964E+2	6.286553E+3
3.607636E+2	6.286548E+3
3.608286E+2	6.286566E+3
3.608986E+2	6.287143E+3
3.609645E+2	6.287276E+3
3.610321E+2	6.287523E+3
3.611020E+2	6.287387E+3
3.611664E+2	6.287531E+3
3.612361E+2	6.287702E+3
3.613036E+2	6.287802E+3
3.613689E+2	6.287882E+3
3.614389E+2	6.287999E+3
3.615067E+2	6.288055E+3
3.615772E+2	6.288178E+3
3.616449E+2	6.288223E+3
3.617106E+2	6.288215E+3
3.617751E+2	6.288342E+3
3.618409E+2	6.288325E+3
3.619091E+2	6.288427E+3
3.619749E+2	6.288555E+3
3.620445E+2	6.288593E+3
3.621120E+2	6.288726E+3
3.621789E+2	6.288757E+3
3.622448E+2	6.288884E+3
3.623104E+2	6.288954E+3
3.623755E+2	6.288991E+3
3.624421E+2	6.289126E+3
3.625093E+2	6.289269E+3
3.625744E+2	6.289333E+3
3.626434E+2	6.289452E+3
3.627103E+2	6.289512E+3
3.627767E+2	6.289517E+3
3.628422E+2	6.289558E+3
3.629095E+2	6.289648E+3
3.629757E+2	6.289694E+3
3.630420E+2	6.289935E+3
3.631106E+2	6.289831E+3
3.631760E+2	6.289923E+3
3.632444E+2	6.290066E+3
3.633128E+2	6.290127E+3
3.633787E+2	6.290098E+3
3.634439E+2	6.290303E+3
3.635102E+2	6.290458E+3
3.635780E+2	6.290497E+3
3.636467E+2	6.290595E+3
3.637133E+2	6.290732E+3
3.637839E+2	6.290823E+3
3.638506E+2	6.290980E+3
3.639161E+2	6.291156E+3
3.639822E+2	6.291198E+3
3.640484E+2	6.291308E+3
3.641159E+2	6.291429E+3
3.641786E+2	6.291368E+3
3.642472E+2	6.291475E+3
3.643140E+2	6.291487E+3
3.643852E+2	6.291623E+3
3.644507E+2	6.291744E+3
3.645172E+2	6.291758E+3
3.645839E+2	6.291816E+3
3.646521E+2	6.292053E+3
3.647194E+2	6.291965E+3
3.647862E+2	6.292007E+3
3.648510E+2	6.292066E+3
3.649207E+2	6.292242E+3
3.649855E+2	6.292283E+3
3.650517E+2	6.292410E+3
3.651196E+2	6.292442E+3
3.651859E+2	6.292489E+3
3.652522E+2	6.292770E+3
3.653182E+2	6.292751E+3
3.653888E+2	6.292980E+3
3.654577E+2	6.292960E+3
3.655254E+2	6.292994E+3
3.655937E+2	6.293056E+3
3.656597E+2	6.293207E+3
3.657237E+2	6.293344E+3
3.657910E+2	6.293422E+3
3.658588E+2	6.293471E+3
3.659251E+2	6.293517E+3
3.659936E+2	6.293805E+3
3.660625E+2	6.293968E+3
3.661274E+2	6.294042E+3
3.661989E+2	6.294115E+3
3.662661E+2	6.294227E+3
3.663344E+2	6.294242E+3
3.664005E+2	6.294510E+3
3.664657E+2	6.294406E+3
3.665323E+2	6.294426E+3
3.666007E+2	6.294559E+3
3.666666E+2	6.294626E+3
3.667334E+2	6.294618E+3
3.667979E+2	6.294670E+3
3.668650E+2	6.294838E+3
3.669319E+2	6.294943E+3
3.669979E+2	6.294741E+3
3.670633E+2	6.294875E+3
3.671307E+2	6.295006E+3
3.671986E+2	6.294969E+3
3.672654E+2	6.295093E+3
3.673345E+2	6.295116E+3
3.674006E+2	6.295258E+3
3.674660E+2	6.295214E+3
3.675317E+2	6.295294E+3
3.675976E+2	6.295402E+3
3.676638E+2	6.295560E+3
3.677303E+2	6.295667E+3
3.677988E+2	6.295749E+3
3.678647E+2	6.295972E+3
3.679311E+2	6.296011E+3
3.679970E+2	6.296204E+3
3.680612E+2	6.296420E+3
3.681268E+2	6.296643E+3
3.681951E+2	6.296698E+3
3.682634E+2	0.000000E+0
3.683320E+2	6.296991E+3
3.683976E+2	6.296896E+3
3.684659E+2	6.297047E+3
3.685330E+2	6.297095E+3
3.685972E+2	6.297031E+3
3.686657E+2	6.297202E+3
3.687302E+2	6.297000E+3
3.687987E+2	6.297330E+3
3.688667E+2	6.297332E+3
3.689373E+2	6.297110E+3
3.690038E+2	6.297272E+3
3.690716E+2	6.297565E+3
3.691368E+2	6.297469E+3
3.692034E+2	6.297677E+3
3.692706E+2	6.297721E+3
3.693400E+2	6.297879E+3
3.694066E+2	6.297932E+3
3.694725E+2	6.297870E+3
3.695399E+2	6.297992E+3
3.696074E+2	6.297930E+3
3.696749E+2	6.298082E+3
3.697429E+2	6.298313E+3
3.698074E+2	6.298341E+3
3.698732E+2	6.298388E+3
3.699412E+2	6.298453E+3
3.700115E+2	6.298609E+3
3.700802E+2	6.298895E+3
3.701451E+2	6.298739E+3
3.702159E+2	6.299065E+3
3.702807E+2	6.298940E+3
3.703468E+2	6.298908E+3
3.704146E+2	6.299027E+3
3.704778E+2	6.299280E+3
3.705454E+2	6.299394E+3
3.706157E+2	6.299308E+3
3.706816E+2	6.299401E+3
3.707480E+2	6.299496E+3
3.708134E+2	6.299643E+3
3.708785E+2	6.299921E+3
3.709459E+2	6.299991E+3
3.710148E+2	6.299931E+3
3.710828E+2	6.299976E+3
3.711520E+2	6.300180E+3
3.712183E+2	6.300166E+3
3.712863E+2	6.300178E+3
3.713548E+2	6.300218E+3
3.714219E+2	6.300514E+3
3.714901E+2	6.300313E+3
3.715551E+2	6.300507E+3
3.716226E+2	6.300651E+3
3.716871E+2	6.300776E+3
3.717571E+2	6.300953E+3
3.718226E+2	6.300913E+3
3.718924E+2	6.300944E+3
3.719574E+2	6.301185E+3
3.720251E+2	6.301176E+3
3.720907E+2	6.301253E+3
3.721563E+2	6.301279E+3
3.722214E+2	6.301430E+3
3.722849E+2	6.301498E+3
3.723562E+2	6.301573E+3
3.724216E+2	6.301682E+3
3.724897E+2	6.301681E+3
3.725576E+2	6.301736E+3
3.726228E+2	6.301815E+3
3.726899E+2	6.301929E+3
3.727548E+2	6.301983E+3
3.728233E+2	6.302170E+3
3.728927E+2	6.302350E+3
3.729570E+2	6.302326E+3
3.730251E+2	6.302365E+3
3.730947E+2	6.302502E+3
3.731620E+2	6.302525E+3
3.732294E+2	6.302722E+3
3.732985E+2	6.302739E+3
3.733655E+2	6.302912E+3
3.734340E+2	0.000000E+0
3.735023E+2	6.303072E+3
3.735709E+2	6.303171E+3
3.736383E+2	6.303287E+3
3.737062E+2	6.303392E+3
3.737727E+2	6.303477E+3
3.738384E+2	6.303409E+3
3.739070E+2	6.303536E+3
3.739732E+2	6.303562E+3
3.740405E+2	6.303781E+3
3.741092E+2	6.304101E+3
3.741785E+2	6.304174E+3
3.742494E+2	6.304060E+3
3.743182E+2	6.304152E+3
3.743880E+2	6.304265E+3
3.744550E+2	6.304349E+3
3.745208E+2	6.304363E+3
3.745882E+2	6.304567E+3
3.746573E+2	6.304633E+3
3.747240E+2	6.304689E+3
3.747898E+2	6.304620E+3
3.748618E+2	6.304717E+3
3.749298E+2	6.304850E+3
3.750014E+2	6.304806E+3
3.750685E+2	6.304814E+3
3.751361E+2	6.304924E+3
3.752039E+2	6.305092E+3
3.752729E+2	6.305050E+3
3.753400E+2	6.305303E+3
3.754037E+2	6.305264E+3
3.754717E+2	6.305492E+3
3.755399E+2	6.305617E+3
3.756081E+2	6.305599E+3
3.756743E+2	6.305529E+3
3.757410E+2	6.305811E+3
3.758093E+2	6.305928E+3
3.758743E+2	6.305937E+3
3.759393E+2	6.305934E+3
3.760076E+2	6.306130E+3
3.760728E+2	6.306268E+3
3.761402E+2	6.306352E+3
3.762048E+2	6.306461E+3
3.762731E+2	6.306566E+3
3.763409E+2	6.306667E+3
3.764077E+2	6.306739E+3
3.764708E+2	6.306771E+3
3.765374E+2	6.306872E+3
3.766050E+2	6.306864E+3
3.766709E+2	6.306872E+3
3.767417E+2	6.307072E+3
3.768104E+2	6.307139E+3
3.768754E+2	6.307363E+3
3.769410E+2	6.307456E+3
3.770084E+2	6.307376E+3
3.770764E+2	6.307641E+3
3.771420E+2	6.307756E+3
3.772115E+2	6.307844E+3
3.772816E+2	6.307717E+3
3.773482E+2	6.307286E+3
3.774139E+2	6.307464E+3
3.774819E+2	6.307618E+3
3.775492E+2	6.307653E+3
3.776146E+2	6.308265E+3
3.776801E+2	6.308386E+3
3.777496E+2	6.308452E+3
3.778181E+2	6.308405E+3
3.778851E+2	6.308571E+3
3.779551E+2	6.308627E+3
3.780197E+2	6.308681E+3
3.780862E+2	6.308549E+3
3.781533E+2	6.308746E+3
3.782207E+2	6.308921E+3
3.782881E+2	6.309154E+3
3.783561E+2	6.309254E+3
3.784249E+2	6.309376E+3
3.784936E+2	6.309508E+3
3.785606E+2	6.309495E+3
3.786294E+2	6.309472E+3
3.786982E+2	6.309562E+3
3.787646E+2	6.309672E+3
3.788322E+2	6.309800E+3
3.789009E+2	6.310177E+3
3.789686E+2	6.310356E+3
3.790360E+2	6.310458E+3
3.791053E+2	6.310903E+3
3.791719E+2	6.310946E+3
3.792375E+2	6.311065E+3
3.793085E+2	6.311174E+3
3.793714E+2	6.311274E+3
3.794380E+2	6.311228E+3
3.795041E+2	6.311229E+3
3.795690E+2	6.311451E+3
3.796385E+2	6.311529E+3
3.797083E+2	6.311690E+3
3.797724E+2	6.311793E+3
3.798401E+2	6.311838E+3
3.799060E+2	6.311884E+3
3.799733E+2	6.311953E+3
3.800408E+2	6.312040E+3
3.801093E+2	6.312081E+3
3.801765E+2	6.312267E+3
3.802431E+2	6.312565E+3
3.803116E+2	6.312550E+3
3.803823E+2	6.312743E+3
3.804494E+2	6.312726E+3
3.805179E+2	6.312841E+3
3.805856E+2	6.312774E+3
3.806526E+2	6.312927E+3
3.807203E+2	6.313130E+3
3.807842E+2	6.313196E+3
3.808503E+2	6.313381E+3
3.809182E+2	6.313540E+3
3.809835E+2	6.313316E+3
3.810542E+2	6.313225E+3
3.811243E+2	6.313168E+3
3.811947E+2	6.313629E+3
3.812621E+2	6.313330E+3
3.813277E+2	6.313413E+3
3.813934E+2	6.313654E+3
3.814621E+2	6.313645E+3
3.815291E+2	6.313849E+3
3.815970E+2	6.314083E+3
3.816620E+2	6.314072E+3
3.817296E+2	6.314194E+3
3.817973E+2	6.314195E+3
3.818644E+2	6.314148E+3
3.819315E+2	6.314307E+3
3.819967E+2	6.314328E+3
3.820630E+2	6.314391E+3
3.821302E+2	6.314582E+3
3.821981E+2	6.314758E+3
3.822675E+2	6.314905E+3
3.823352E+2	6.314906E+3
3.824070E+2	6.315117E+3
3.824749E+2	6.315223E+3
3.825443E+2	6.315321E+3
3.826130E+2	6.315293E+3
3.826820E+2	6.315488E+3
3.827476E+2	6.315580E+3
3.828162E+2	6.315675E+3
3.828821E+2	6.315770E+3
3.829519E+2	6.315775E+3
3.830237E+2	6.315951E+3
3.830916E+2	6.316069E+3
3.831619E+2	6.316135E+3
3.832292E+2	6.316398E+3
3.832948E+2	6.316456E+3
3.833627E+2	6.316504E+3
3.834285E+2	6.316709E+3
3.834954E+2	6.316667E+3
3.835623E+2	6.316678E+3
3.836287E+2	6.316735E+3
3.836962E+2	6.316791E+3
3.837602E+2	6.316931E+3
3.838280E+2	6.317020E+3
3.838947E+2	6.317060E+3
3.839627E+2	6.317133E+3
3.840312E+2	6.317296E+3
3.840978E+2	6.317292E+3
3.841658E+2	6.317537E+3
3.842345E+2	6.317614E+3
3.843058E+2	6.317657E+3
3.843719E+2	6.317834E+3
3.844427E+2	6.317925E+3
3.845098E+2	6.317937E+3
3.845784E+2	6.318129E+3
3.846474E+2	6.318203E+3
3.847149E+2	6.318287E+3
3.847831E+2	6.318423E+3
3.848486E+2	6.318581E+3
3.849202E+2	6.318775E+3
3.849862E+2	6.318876E+3
3.850527E+2	6.318848E+3
3.851200E+2	6.318903E+3
3.851868E+2	6.319025E+3
3.852507E+2	6.319065E+3
3.853188E+2	6.319119E+3
3.853859E+2	6.319238E+3
3.854557E+2	6.319347E+3
3.855242E+2	6.319373E+3
3.855903E+2	6.319499E+3
3.856553E+2	6.319522E+3
3.857195E+2	6.319552E+3
3.857827E+2	6.319657E+3
3.858493E+2	6.319798E+3
3.859181E+2	6.319807E+3
3.859859E+2	6.319979E+3
3.860547E+2	6.319930E+3
3.861217E+2	6.320175E+3
3.861919E+2	6.320345E+3
3.862583E+2	6.320341E+3
3.863259E+2	6.320572E+3
3.863921E+2	6.320517E+3
3.864600E+2	6.320696E+3
3.865268E+2	6.320812E+3
3.865943E+2	6.320812E+3
3.866607E+2	6.320911E+3
3.867308E+2	6.320907E+3
3.867958E+2	6.320993E+3
3.868635E+2	6.321168E+3
3.869291E+2	6.321186E+3
3.869950E+2	6.321297E+3
3.870641E+2	6.321424E+3
3.871307E+2	6.321527E+3
3.871977E+2	6.321608E+3
3.872614E+2	6.321606E+3
3.873300E+2	6.321745E+3
3.873960E+2	6.321877E+3
3.874646E+2	6.322074E+3
3.875331E+2	6.322072E+3
3.875986E+2	6.322122E+3
3.876670E+2	6.322197E+3
3.877357E+2	6.322305E+3
3.878027E+2	6.322423E+3
3.878704E+2	6.322500E+3
3.879384E+2	6.322503E+3
3.880052E+2	6.322593E+3
3.880723E+2	6.322766E+3
3.881364E+2	6.322843E+3
3.882049E+2	6.322967E+3
3.882698E+2	6.322885E+3
3.883355E+2	6.323151E+3
3.884042E+2	6.323327E+3
3.884682E+2	6.323467E+3
3.885404E+2	6.323538E+3
3.886093E+2	6.323611E+3
3.886759E+2	6.323556E+3
3.887438E+2	6.323803E+3
3.888090E+2	6.323928E+3
3.888760E+2	6.323994E+3
3.889450E+2	6.324060E+3
3.890138E+2	6.324027E+3
3.890880E+2	6.324264E+3
3.891564E+2	6.324312E+3
3.892239E+2	6.324501E+3
3.892921E+2	6.324451E+3
3.893608E+2	6.324534E+3
3.894274E+2	6.324500E+3
3.894944E+2	6.324747E+3
3.895609E+2	6.324708E+3
3.896295E+2	6.324627E+3
3.896946E+2	6.324849E+3
3.897596E+2	6.325053E+3
3.898272E+2	6.325340E+3
3.898944E+2	6.325322E+3
3.899610E+2	6.325340E+3
3.900265E+2	6.325448E+3
3.900923E+2	6.325714E+3
3.901598E+2	6.325776E+3
3.902285E+2	6.325768E+3
3.902946E+2	6.325796E+3
3.903622E+2	6.325880E+3
3.904292E+2	6.325977E+3
3.904975E+2	6.326073E+3
3.905665E+2	6.326251E+3
3.906352E+2	0.000000E+0
3.907023E+2	6.326387E+3
3.907715E+2	6.326612E+3
3.908380E+2	6.326626E+3
3.909078E+2	6.326610E+3
3.909778E+2	6.326649E+3
3.910479E+2	6.326783E+3
3.911177E+2	6.326781E+3
3.911838E+2	6.326886E+3
3.912508E+2	6.326931E+3
3.913191E+2	6.326993E+3
3.913857E+2	6.327096E+3
3.914524E+2	6.327361E+3
3.915208E+2	6.327437E+3
3.915869E+2	6.327435E+3
3.916575E+2	6.327499E+3
3.917249E+2	6.327732E+3
3.917886E+2	6.327818E+3
3.918542E+2	6.327749E+3
3.919197E+2	0.000000E+0
3.919874E+2	6.327828E+3
3.920539E+2	6.327848E+3
3.921242E+2	6.327890E+3
3.921943E+2	6.328129E+3
3.922579E+2	6.328263E+3
3.923257E+2	6.328375E+3
3.923929E+2	6.328507E+3
3.924605E+2	6.328686E+3
3.925282E+2	6.328770E+3
3.925953E+2	6.328818E+3
3.926648E+2	6.328915E+3
3.927353E+2	6.328982E+3
3.928003E+2	6.328963E+3
3.928688E+2	6.329180E+3
3.929354E+2	6.329328E+3
3.929995E+2	6.329407E+3
3.930651E+2	6.329441E+3
3.931323E+2	6.329639E+3
3.931994E+2	6.329399E+3
3.932669E+2	6.329697E+3
3.933336E+2	6.329847E+3
3.933996E+2	6.329799E+3
3.934673E+2	6.330088E+3
3.935323E+2	6.330108E+3
3.935987E+2	6.330194E+3
3.936649E+2	6.330318E+3
3.937312E+2	6.330418E+3
3.937994E+2	6.330573E+3
3.938634E+2	6.330658E+3
3.939310E+2	6.330798E+3
3.939956E+2	6.330811E+3
3.940612E+2	6.330900E+3
3.941285E+2	6.331028E+3
3.941953E+2	6.331098E+3
3.942621E+2	6.331200E+3
3.943286E+2	6.331269E+3
3.943996E+2	6.331297E+3
3.944651E+2	6.331486E+3
3.945329E+2	6.331468E+3
3.946013E+2	6.331555E+3
3.946679E+2	6.331607E+3
3.947356E+2	6.331805E+3
3.948018E+2	6.331914E+3
3.948683E+2	6.331996E+3
3.949357E+2	6.332065E+3
3.950041E+2	6.332225E+3
3.950729E+2	6.332323E+3
3.951406E+2	6.332416E+3
3.952107E+2	6.332529E+3
3.952794E+2	6.332602E+3
3.953447E+2	6.332589E+3
3.954088E+2	6.332711E+3
3.954745E+2	6.332851E+3
3.955390E+2	6.332873E+3
3.956075E+2	6.332981E+3
3.956734E+2	6.333135E+3
3.957419E+2	6.333207E+3
3.958099E+2	6.333250E+3
3.958787E+2	6.333410E+3
3.959450E+2	6.333408E+3
3.960142E+2	6.333427E+3
3.960804E+2	6.333543E+3
3.961489E+2	6.333565E+3
3.962145E+2	6.333725E+3
3.962825E+2	6.333942E+3
3.963510E+2	6.334072E+3
3.964218E+2	6.334104E+3
3.964908E+2	6.334209E+3
3.965581E+2	6.334356E+3
3.966248E+2	6.334313E+3
3.966905E+2	6.334476E+3
3.967567E+2	6.334532E+3
3.968249E+2	6.334651E+3
3.968920E+2	6.334720E+3
3.969596E+2	6.334795E+3
3.970258E+2	6.334866E+3
3.970929E+2	6.334909E+3
3.971604E+2	6.334983E+3
3.972269E+2	6.335128E+3
3.972925E+2	6.335234E+3
3.973584E+2	6.335348E+3
3.974249E+2	6.335410E+3
3.974930E+2	6.335520E+3
3.975617E+2	6.335590E+3
3.976282E+2	6.335779E+3
3.976942E+2	6.335902E+3
3.977619E+2	6.336044E+3
3.978292E+2	6.336185E+3
3.978966E+2	6.336375E+3
3.979647E+2	6.336365E+3
3.980315E+2	6.336588E+3
3.981015E+2	6.336635E+3
3.981680E+2	6.336724E+3
3.982357E+2	6.337017E+3
3.983032E+2	6.336840E+3
3.983694E+2	6.336942E+3
3.984380E+2	6.337379E+3
3.985037E+2	6.336861E+3
3.985727E+2	6.337036E+3
3.986412E+2	6.337099E+3
3.987064E+2	6.337192E+3
3.987759E+2	6.337271E+3
3.988419E+2	6.337293E+3
3.989100E+2	6.337522E+3
3.989777E+2	6.337485E+3
3.990434E+2	6.337561E+3
3.991079E+2	6.337656E+3
3.991773E+2	6.337736E+3
3.992459E+2	6.337811E+3
3.993159E+2	6.337848E+3
3.993814E+2	6.338023E+3
3.994511E+2	6.338014E+3
3.995181E+2	6.338097E+3
3.995847E+2	6.338172E+3
3.996525E+2	6.338255E+3
3.997201E+2	6.338434E+3
3.997881E+2	6.338367E+3
3.998556E+2	6.338461E+3
3.999234E+2	6.338606E+3
3.999907E+2	6.338714E+3
4.000575E+2	6.339425E+3
4.001273E+2	6.338989E+3
4.001943E+2	6.339506E+3
4.002639E+2	6.339429E+3
4.003288E+2	6.339369E+3
4.003958E+2	6.339680E+3
4.004636E+2	6.339341E+3
4.005313E+2	6.339438E+3
4.005992E+2	6.339620E+3
4.006661E+2	6.339595E+3
4.007336E+2	6.339924E+3
4.008017E+2	6.339879E+3
4.008705E+2	6.340159E+3
4.009370E+2	6.340120E+3
4.010019E+2	6.340148E+3
4.010698E+2	6.340260E+3
4.011376E+2	6.340455E+3
4.012066E+2	6.340650E+3
4.012725E+2	6.340751E+3
4.013428E+2	6.340782E+3
4.014077E+2	6.340911E+3
4.014754E+2	6.341020E+3
4.015419E+2	6.341116E+3
4.016069E+2	6.341204E+3
4.016754E+2	6.341268E+3
4.017442E+2	6.341312E+3
4.018133E+2	6.341399E+3
4.018809E+2	6.341405E+3
4.019467E+2	6.341499E+3
4.020119E+2	6.341556E+3
4.020779E+2	6.341731E+3
4.021475E+2	6.341937E+3
4.022155E+2	6.341925E+3
4.022843E+2	6.341913E+3
4.023496E+2	6.342035E+3
4.024177E+2	6.342118E+3
4.024863E+2	6.342059E+3
4.025540E+2	6.342377E+3
4.026221E+2	6.342524E+3
4.026888E+2	6.342362E+3
4.027566E+2	6.342650E+3
4.028243E+2	6.342691E+3
4.028914E+2	6.342685E+3
4.029591E+2	6.342938E+3
4.030248E+2	6.343084E+3
4.030888E+2	6.343240E+3
4.031581E+2	6.343267E+3
4.032218E+2	6.343384E+3
4.032861E+2	6.343491E+3
4.033536E+2	6.343668E+3
4.034210E+2	6.343779E+3
4.034896E+2	6.343947E+3
4.035561E+2	6.344160E+3
4.036215E+2	6.344213E+3
4.036908E+2	6.344284E+3
4.037584E+2	6.344360E+3
4.038263E+2	6.344423E+3
4.038897E+2	6.344399E+3
4.039578E+2	6.344596E+3
4.040250E+2	6.344818E+3
4.040902E+2	6.344892E+3
4.041545E+2	6.344983E+3
4.042235E+2	6.345055E+3
4.042922E+2	6.345137E+3
4.043562E+2	6.345139E+3
4.044227E+2	6.345250E+3
4.044882E+2	6.345384E+3
4.045523E+2	6.345376E+3
4.046207E+2	6.345464E+3
4.046872E+2	6.345577E+3
4.047547E+2	6.345591E+3
4.048220E+2	6.345786E+3
4.048890E+2	6.345861E+3
4.049541E+2	6.346040E+3
4.050193E+2	6.346064E+3
4.050855E+2	6.346175E+3
4.051509E+2	6.346295E+3
4.052186E+2	6.346354E+3
4.052866E+2	6.346449E+3
4.053539E+2	6.346361E+3
4.054213E+2	6.346430E+3
4.054879E+2	6.346680E+3
4.055527E+2	6.346768E+3
4.056193E+2	6.346829E+3
4.056848E+2	6.346903E+3
4.057509E+2	6.347025E+3
4.058190E+2	6.346825E+3
4.058865E+2	6.347162E+3
4.059545E+2	6.347257E+3
4.060203E+2	6.347453E+3
4.060881E+2	6.347584E+3
4.061539E+2	6.347593E+3
4.062164E+2	6.347685E+3
4.062824E+2	6.347791E+3
4.063512E+2	6.347865E+3
4.064184E+2	6.348020E+3
4.064884E+2	6.348150E+3
4.065549E+2	6.348263E+3
4.066219E+2	6.348378E+3
4.066878E+2	6.348580E+3
4.067537E+2	6.348626E+3
4.068208E+2	6.348621E+3
4.068896E+2	6.348675E+3
4.069558E+2	6.348832E+3
4.070233E+2	6.348933E+3
4.070918E+2	6.349089E+3
4.071575E+2	6.349153E+3
4.072227E+2	6.349273E+3
4.072893E+2	6.349258E+3
4.073559E+2	6.349449E+3
4.074223E+2	6.349576E+3
4.074900E+2	6.349537E+3
4.075549E+2	6.349585E+3
4.076219E+2	6.349717E+3
4.076879E+2	6.349658E+3
4.077538E+2	6.349932E+3
4.078196E+2	6.349997E+3
4.078846E+2	6.350078E+3
4.079552E+2	6.350030E+3
4.080207E+2	6.350179E+3
4.080894E+2	6.350411E+3
4.081541E+2	6.350630E+3
4.082229E+2	6.350564E+3
4.082870E+2	6.350715E+3
4.083528E+2	6.350921E+3
4.084184E+2	6.350998E+3
4.084849E+2	6.351027E+3
4.085535E+2	6.351178E+3
4.086180E+2	6.351327E+3
4.086871E+2	6.351606E+3
4.087507E+2	6.351728E+3
4.088167E+2	6.351535E+3
4.088806E+2	6.351670E+3
4.089487E+2	6.351815E+3
4.090162E+2	6.351966E+3
4.090795E+2	6.351987E+3
4.091483E+2	6.352157E+3
4.092121E+2	6.352153E+3
4.092772E+2	6.352157E+3
4.093423E+2	6.352393E+3
4.094067E+2	6.352429E+3
4.094745E+2	6.352583E+3
4.095424E+2	6.352820E+3
4.096114E+2	6.352979E+3
4.096780E+2	6.352938E+3
4.097450E+2	6.353159E+3
4.098090E+2	0.000000E+0
4.098775E+2	6.353202E+3
4.099410E+2	6.353227E+3
4.100070E+2	6.353242E+3
4.100748E+2	6.353340E+3
4.101405E+2	6.353424E+3
4.102107E+2	6.353606E+3
4.102773E+2	6.353692E+3
4.103469E+2	6.353891E+3
4.104149E+2	6.353913E+3
4.104796E+2	6.354000E+3
4.105475E+2	6.354064E+3
4.106176E+2	6.354149E+3
4.106840E+2	6.354221E+3
4.107518E+2	6.354330E+3
4.108185E+2	6.354098E+3
4.108880E+2	6.354242E+3
4.109558E+2	6.354389E+3
4.110199E+2	6.354742E+3
4.110867E+2	6.354830E+3
4.111555E+2	6.354874E+3
4.112204E+2	6.355044E+3
4.112852E+2	6.355139E+3
4.113541E+2	6.355180E+3
4.114222E+2	6.355324E+3
4.114877E+2	6.355422E+3
4.115552E+2	6.355562E+3
4.116204E+2	6.355697E+3
4.116870E+2	6.355704E+3
4.117514E+2	6.355645E+3
4.118156E+2	6.355558E+3
4.118852E+2	6.355658E+3
4.119519E+2	6.355725E+3
4.120228E+2	6.356181E+3
4.120884E+2	6.356113E+3
4.121571E+2	6.356303E+3
4.122241E+2	6.356461E+3
4.122886E+2	6.356558E+3
4.123554E+2	6.356503E+3
4.124199E+2	6.356873E+3
4.124896E+2	6.356829E+3
4.125556E+2	6.356880E+3
4.126226E+2	6.356973E+3
4.126902E+2	6.357042E+3
4.127600E+2	6.357194E+3
4.128261E+2	6.357156E+3
4.128931E+2	6.357194E+3
4.129566E+2	6.357279E+3
4.130226E+2	6.357310E+3
4.130912E+2	6.357405E+3
4.131628E+2	6.357610E+3
4.132299E+2	6.357564E+3
4.132955E+2	6.357860E+3
4.133619E+2	6.358007E+3
4.134279E+2	6.358071E+3
4.134945E+2	6.358141E+3
4.135617E+2	6.358280E+3
4.136292E+2	6.358261E+3
4.136932E+2	6.358399E+3
4.137609E+2	6.358524E+3
4.138278E+2	6.358576E+3
4.138933E+2	6.358817E+3
4.139599E+2	6.358862E+3
4.140271E+2	6.359149E+3
4.140925E+2	6.359084E+3
4.141591E+2	6.359289E+3
4.142263E+2	6.358748E+3
4.142954E+2	6.359137E+3
4.143642E+2	6.359353E+3
4.144322E+2	6.359357E+3
4.144973E+2	6.359507E+3
4.145650E+2	6.359500E+3
4.146314E+2	6.359635E+3
4.146960E+2	6.359706E+3
4.147640E+2	6.359935E+3
4.148366E+2	6.359927E+3
4.149026E+2	6.359942E+3
4.149707E+2	6.360012E+3
4.150361E+2	6.360241E+3
4.151020E+2	6.360304E+3
4.151676E+2	6.360380E+3
4.152345E+2	6.360367E+3
4.153015E+2	6.360444E+3
4.153681E+2	6.360491E+3
4.154356E+2	6.360138E+3
4.155028E+2	6.360219E+3
4.155725E+2	6.360285E+3
4.156383E+2	6.360354E+3
4.157042E+2	6.360468E+3
4.157683E+2	6.360571E+3
4.158335E+2	6.360643E+3
4.159022E+2	6.360778E+3
4.159686E+2	6.360824E+3
4.160377E+2	6.360942E+3
4.161053E+2	6.361000E+3
4.161740E+2	6.361161E+3
4.162391E+2	6.361302E+3
4.163061E+2	6.361409E+3
4.163729E+2	6.361384E+3
4.164384E+2	6.361552E+3
4.165048E+2	6.361718E+3
4.165684E+2	6.361754E+3
4.166387E+2	6.362039E+3
4.167067E+2	6.361982E+3
4.167725E+2	6.362017E+3
4.168390E+2	6.362149E+3
4.169052E+2	6.362359E+3
4.169694E+2	6.362448E+3
4.170374E+2	6.362615E+3
4.171039E+2	6.362709E+3
4.171697E+2	6.362639E+3
4.172401E+2	6.362713E+3
4.173112E+2	6.362784E+3
4.173793E+2	6.362864E+3
4.174448E+2	6.362964E+3
4.175108E+2	6.363135E+3
4.175769E+2	6.363169E+3
4.176421E+2	6.363380E+3
4.177072E+2	6.363540E+3
4.177759E+2	6.363649E+3
4.178424E+2	6.363665E+3
4.179084E+2	6.363797E+3
4.179758E+2	6.364136E+3
4.180396E+2	6.363931E+3
4.181055E+2	6.363982E+3
4.181716E+2	6.364130E+3
4.182399E+2	6.364400E+3
4.183059E+2	6.364310E+3
4.183733E+2	6.364510E+3
4.184377E+2	6.364484E+3
4.185033E+2	6.364647E+3
4.185711E+2	6.364772E+3
4.186371E+2	6.364957E+3
4.187020E+2	6.365079E+3
4.187699E+2	6.365239E+3
4.188358E+2	6.365275E+3
4.189045E+2	6.365372E+3
4.189690E+2	6.365503E+3
4.190352E+2	6.365716E+3
4.191039E+2	6.365740E+3
4.191693E+2	6.365697E+3
4.192324E+2	6.366027E+3
4.192990E+2	6.366035E+3
4.193647E+2	6.366112E+3
4.194319E+2	6.366147E+3
4.194970E+2	6.366308E+3
4.195630E+2	6.366434E+3
4.196300E+2	6.366434E+3
4.196959E+2	6.366698E+3
4.197641E+2	6.366898E+3
4.198326E+2	6.367363E+3
4.199003E+2	6.367444E+3
4.199671E+2	6.367432E+3
4.200330E+2	6.367502E+3
4.200982E+2	6.367572E+3
4.201658E+2	6.367745E+3
4.202309E+2	6.367767E+3
4.202973E+2	6.367938E+3
4.203629E+2	6.367969E+3
4.204328E+2	6.368020E+3
4.204994E+2	6.368151E+3
4.205657E+2	6.368472E+3
4.206337E+2	6.368471E+3
4.206993E+2	6.368557E+3
4.207649E+2	6.368789E+3
4.208299E+2	6.368844E+3
4.208991E+2	6.368970E+3
4.209637E+2	6.369070E+3
4.210297E+2	6.369119E+3
4.210990E+2	6.369103E+3
4.211666E+2	6.369202E+3
4.212336E+2	6.369265E+3
4.212971E+2	6.369311E+3
4.213637E+2	6.369304E+3
4.214325E+2	6.369551E+3
4.215012E+2	6.369912E+3
4.215668E+2	6.370717E+3
4.216357E+2	6.370575E+3
4.217043E+2	6.370038E+3
4.217710E+2	6.370001E+3
4.218359E+2	6.370142E+3
4.219040E+2	6.370250E+3
4.219704E+2	6.370484E+3
4.220364E+2	6.370591E+3
4.221029E+2	6.370680E+3
4.221690E+2	6.370840E+3
4.222350E+2	6.370893E+3
4.223056E+2	6.371076E+3
4.223714E+2	6.371098E+3
4.224373E+2	6.371115E+3
4.225039E+2	6.371297E+3
4.225731E+2	6.371423E+3
4.226384E+2	6.371767E+3
4.227029E+2	6.371965E+3
4.227696E+2	6.371774E+3
4.228406E+2	6.371812E+3
4.229063E+2	6.372071E+3
4.229712E+2	6.372039E+3
4.230373E+2	6.372152E+3
4.231030E+2	6.372271E+3
4.231710E+2	6.372315E+3
4.232373E+2	6.372326E+3
4.233040E+2	6.372485E+3
4.233737E+2	0.000000E+0
4.234433E+2	6.372630E+3
4.235103E+2	6.372712E+3
4.235760E+2	6.372832E+3
4.236411E+2	6.372941E+3
4.237071E+2	6.373053E+3
4.237738E+2	6.373144E+3
4.238453E+2	6.373224E+3
4.239113E+2	6.373318E+3
4.239808E+2	6.373448E+3
4.240481E+2	6.373531E+3
4.241132E+2	6.373885E+3
4.241790E+2	6.373980E+3
4.242462E+2	6.374127E+3
4.243120E+2	6.374177E+3
4.243776E+2	6.374261E+3
4.244451E+2	6.374401E+3
4.245102E+2	6.374522E+3
4.245803E+2	6.374563E+3
4.246471E+2	6.374752E+3
4.247105E+2	6.374856E+3
4.247751E+2	6.374823E+3
4.248427E+2	6.374884E+3
4.249102E+2	6.375172E+3
4.249767E+2	6.375319E+3
4.250459E+2	6.375405E+3
4.251131E+2	6.375466E+3
4.251836E+2	6.375527E+3
4.252481E+2	6.375571E+3
4.253131E+2	6.375657E+3
4.253789E+2	6.375848E+3
4.254450E+2	6.375919E+3
4.255125E+2	6.376050E+3
4.255810E+2	6.375985E+3
4.256489E+2	6.376208E+3
4.257158E+2	6.376268E+3
4.257833E+2	6.376288E+3
4.258502E+2	6.376137E+3
4.259171E+2	6.376246E+3
4.259869E+2	6.375854E+3
4.260530E+2	6.376326E+3
4.261192E+2	6.376522E+3
4.261850E+2	6.376825E+3
4.262548E+2	6.377007E+3
4.263208E+2	6.377147E+3
4.263885E+2	6.377434E+3
4.264553E+2	6.377273E+3
4.265203E+2	6.377337E+3
4.265838E+2	6.377444E+3
4.266513E+2	6.377340E+3
4.267213E+2	6.377507E+3
4.267911E+2	6.377650E+3
4.268582E+2	6.377787E+3
4.269273E+2	6.377846E+3
4.269935E+2	6.377991E+3
4.270610E+2	6.378222E+3
4.271260E+2	6.378318E+3
4.271929E+2	6.378425E+3
4.272615E+2	6.378445E+3
4.273285E+2	6.378714E+3
4.273965E+2	6.378790E+3
4.274634E+2	6.378886E+3
4.275313E+2	6.378787E+3
4.275990E+2	6.379611E+3
4.276635E+2	6.379556E+3
4.277302E+2	6.379314E+3
4.277967E+2	0.000000E+0
4.278624E+2	6.379741E+3
4.279319E+2	6.379759E+3
4.279994E+2	6.380096E+3
4.280689E+2	6.380236E+3
4.281349E+2	6.380399E+3
4.282043E+2	6.380623E+3
4.282698E+2	6.380545E+3
4.283358E+2	6.380627E+3
4.283994E+2	6.380692E+3
4.284644E+2	6.380709E+3
4.285314E+2	6.380821E+3
4.285980E+2	6.381197E+3
4.286677E+2	6.381086E+3
4.287368E+2	6.381067E+3
4.288052E+2	6.381123E+3
4.288698E+2	6.381201E+3
4.289372E+2	6.381268E+3
4.290032E+2	6.381352E+3
4.290697E+2	6.381433E+3
4.291331E+2	6.381569E+3
4.292018E+2	6.381706E+3
4.292697E+2	6.381751E+3
4.293417E+2	6.381874E+3
4.294095E+2	6.381994E+3
4.294782E+2	6.382122E+3
4.295463E+2	6.382193E+3
4.296119E+2	6.382380E+3
4.296784E+2	6.382496E+3
4.297446E+2	6.382716E+3
4.298143E+2	6.382723E+3
4.298801E+2	6.382787E+3
4.299475E+2	6.382786E+3
4.300140E+2	6.382995E+3
4.300806E+2	6.383038E+3
4.301496E+2	6.383087E+3
4.302151E+2	6.383152E+3
4.302846E+2	6.383402E+3
4.303507E+2	6.383465E+3
4.304203E+2	6.383416E+3
4.304859E+2	6.383611E+3
4.305568E+2	6.383539E+3
4.306248E+2	6.383731E+3
4.306909E+2	6.383723E+3
4.307575E+2	6.383862E+3
4.308225E+2	6.384061E+3
4.308874E+2	6.384068E+3
4.309552E+2	6.384352E+3
4.310229E+2	6.384426E+3
4.310861E+2	6.384537E+3
4.311549E+2	6.384681E+3
4.312199E+2	6.384693E+3
4.312866E+2	6.384848E+3
4.313526E+2	6.384971E+3
4.314202E+2	6.385155E+3
4.314877E+2	6.385273E+3
4.315573E+2	6.385321E+3
4.316223E+2	6.385435E+3
4.316941E+2	6.385544E+3
4.317598E+2	6.385664E+3
4.318268E+2	6.385830E+3
4.318934E+2	6.385971E+3
4.319600E+2	6.386029E+3
4.320251E+2	6.386046E+3
4.320907E+2	6.386236E+3
4.321584E+2	6.386335E+3
4.322244E+2	6.386406E+3
4.322940E+2	6.386534E+3
4.323598E+2	6.386589E+3
4.324268E+2	6.386642E+3
4.324905E+2	6.386838E+3
4.325559E+2	6.386925E+3
4.326229E+2	6.386921E+3
4.326887E+2	6.387203E+3
4.327567E+2	6.387207E+3
4.328238E+2	6.387296E+3
4.328905E+2	6.387330E+3
4.329567E+2	6.386616E+3
4.330239E+2	6.387639E+3
4.330915E+2	6.387696E+3
4.331580E+2	6.387681E+3
4.332241E+2	6.387785E+3
4.332922E+2	6.387988E+3
4.333591E+2	6.388066E+3
4.334281E+2	6.388200E+3
4.334962E+2	6.388124E+3
4.335649E+2	6.388392E+3
4.336298E+2	6.388380E+3
4.336939E+2	6.388331E+3
4.337604E+2	6.388611E+3
4.338254E+2	6.388899E+3
4.338922E+2	6.388789E+3
4.339586E+2	6.389009E+3
4.340256E+2	6.389132E+3
4.340904E+2	6.389286E+3
4.341565E+2	6.389475E+3
4.342251E+2	6.389483E+3
4.342939E+2	6.389536E+3
4.343617E+2	6.389660E+3
4.344296E+2	6.389803E+3
4.344982E+2	6.389676E+3
4.345697E+2	6.389929E+3
4.346372E+2	6.390018E+3
4.347030E+2	6.390088E+3
4.347710E+2	6.390019E+3
4.348399E+2	6.390256E+3
4.349055E+2	6.390419E+3
4.349733E+2	6.390541E+3
4.350394E+2	6.390622E+3
4.351082E+2	6.391228E+3
4.351719E+2	6.391338E+3
4.352408E+2	6.391344E+3
4.353065E+2	6.391510E+3
4.353743E+2	6.391610E+3
4.354412E+2	6.391552E+3
4.355087E+2	6.391752E+3
4.355735E+2	6.391826E+3
4.356444E+2	6.391960E+3
4.357089E+2	6.391930E+3
4.357785E+2	6.391879E+3
4.358425E+2	6.392201E+3
4.359061E+2	6.392291E+3
4.359727E+2	6.392308E+3
4.360387E+2	6.392529E+3
4.361052E+2	6.392617E+3
4.361700E+2	6.392717E+3
4.362400E+2	6.392704E+3
4.363078E+2	6.392726E+3
4.363765E+2	6.393076E+3
4.364456E+2	6.393059E+3
4.365142E+2	6.393199E+3
4.365817E+2	6.393160E+3
4.366498E+2	6.393414E+3
4.367183E+2	6.393689E+3
4.367858E+2	6.393836E+3
4.368522E+2	6.393797E+3
4.369198E+2	6.394084E+3
4.369906E+2	6.394151E+3
4.370576E+2	6.394405E+3
4.371264E+2	6.394427E+3
4.371932E+2	6.394668E+3
4.372584E+2	6.394737E+3
4.373271E+2	6.395052E+3
4.373944E+2	6.395193E+3
4.374614E+2	6.395387E+3
4.375302E+2	6.395382E+3
4.375939E+2	6.395665E+3
4.376619E+2	6.395515E+3
4.377321E+2	6.395632E+3
4.377985E+2	6.395394E+3
4.378670E+2	6.395514E+3
4.379340E+2	6.395506E+3
4.380018E+2	6.395862E+3
4.380676E+2	6.395912E+3
4.381376E+2	6.396306E+3
4.382093E+2	6.396394E+3
4.382770E+2	6.396317E+3
4.383449E+2	6.396527E+3
4.384125E+2	6.396274E+3
4.384790E+2	6.396950E+3
4.385470E+2	6.397048E+3
4.386136E+2	6.396868E+3
4.386782E+2	6.397057E+3
4.387472E+2	6.396990E+3
4.388150E+2	6.397240E+3
4.388825E+2	6.397354E+3
4.389505E+2	6.397460E+3
4.390182E+2	6.397848E+3
4.390837E+2	6.397766E+3
4.391527E+2	6.398300E+3
4.392196E+2	6.398223E+3
4.392857E+2	6.398529E+3
4.393532E+2	6.398406E+3
4.394178E+2	6.398467E+3
4.394858E+2	6.398513E+3
4.395519E+2	6.397978E+3
4.396176E+2	6.398037E+3
4.396840E+2	6.398049E+3
4.397516E+2	6.398219E+3
4.398166E+2	6.398278E+3
4.398803E+2	6.398355E+3
4.399497E+2	6.398468E+3
4.400172E+2	6.398667E+3
4.400848E+2	6.398722E+3
4.401507E+2	6.398864E+3
4.402163E+2	6.399040E+3
4.402809E+2	6.398938E+3
4.403461E+2	6.399080E+3
4.404146E+2	6.399110E+3
4.404792E+2	6.399377E+3
4.405452E+2	6.399381E+3
4.406100E+2	6.399589E+3
4.406761E+2	6.399583E+3
4.407411E+2	6.399745E+3
4.408082E+2	6.399876E+3
4.408747E+2	6.399899E+3
4.409407E+2	6.400046E+3
4.410114E+2	6.399994E+3
4.410759E+2	6.400184E+3
4.411418E+2	6.400269E+3
4.412073E+2	6.400398E+3
4.412746E+2	6.400503E+3
4.413415E+2	6.400620E+3
4.414081E+2	6.400818E+3
4.414766E+2	6.400920E+3
4.415396E+2	6.401063E+3
4.416091E+2	6.401237E+3
4.416726E+2	6.401310E+3
4.417366E+2	6.401342E+3
4.418022E+2	6.401513E+3
4.418685E+2	6.401701E+3
4.419370E+2	6.401767E+3
4.420015E+2	6.401788E+3
4.420655E+2	6.401835E+3
4.421331E+2	6.402060E+3
4.422006E+2	6.402078E+3
4.422656E+2	6.402161E+3
4.423331E+2	6.402144E+3
4.423983E+2	6.402502E+3
4.424638E+2	6.402377E+3
4.425288E+2	6.402481E+3
4.425956E+2	6.402517E+3
4.426596E+2	6.402773E+3
4.427282E+2	6.402900E+3
4.427916E+2	6.402913E+3
4.428565E+2	6.403066E+3
4.429251E+2	6.402906E+3
4.429914E+2	6.403159E+3
4.430603E+2	6.403212E+3
4.431282E+2	6.403378E+3
4.431959E+2	6.403566E+3
4.432632E+2	6.403651E+3
4.433297E+2	6.403660E+3
4.433936E+2	6.403725E+3
4.434617E+2	6.403733E+3
4.435268E+2	6.403899E+3
4.435923E+2	6.404094E+3
4.436608E+2	6.404050E+3
4.437263E+2	6.404049E+3
4.437934E+2	6.404245E+3
4.438594E+2	6.404273E+3
4.439243E+2	6.404442E+3
4.439919E+2	6.404636E+3
4.440571E+2	6.404823E+3
4.441244E+2	6.404759E+3
4.441930E+2	6.404967E+3
4.442593E+2	6.405310E+3
4.443291E+2	6.405146E+3
4.443976E+2	6.405228E+3
4.444637E+2	6.405510E+3
4.445280E+2	6.405624E+3
4.445967E+2	6.405843E+3
4.446626E+2	6.405811E+3
4.447311E+2	6.406078E+3
4.447967E+2	6.406057E+3
4.448643E+2	6.406253E+3
4.449318E+2	6.406271E+3
4.449990E+2	6.406315E+3
4.450625E+2	6.406507E+3
4.451280E+2	6.406616E+3
4.451951E+2	6.406621E+3
4.452601E+2	6.406757E+3
4.453297E+2	6.407107E+3
4.453933E+2	6.407846E+3
4.454596E+2	6.407345E+3
4.455251E+2	6.407736E+3
4.455937E+2	6.408076E+3
4.456597E+2	6.407749E+3
4.457252E+2	6.407887E+3
4.457918E+2	6.408009E+3
4.458577E+2	6.408320E+3
4.459244E+2	6.408188E+3
4.459911E+2	6.408223E+3
4.460566E+2	6.408374E+3
4.461204E+2	6.408804E+3
4.461850E+2	6.408539E+3
4.462500E+2	6.408808E+3
4.463164E+2	6.408878E+3
4.463829E+2	6.409038E+3
4.464499E+2	6.409134E+3
4.465180E+2	6.409191E+3
4.465827E+2	6.409253E+3
4.466490E+2	6.409609E+3
4.467169E+2	6.409459E+3
4.467820E+2	6.409510E+3
4.468471E+2	6.409851E+3
4.469137E+2	6.409707E+3
4.469782E+2	6.410157E+3
4.470452E+2	6.410058E+3
4.471109E+2	6.409941E+3
4.471775E+2	6.410287E+3
4.472435E+2	6.410343E+3
4.473081E+2	6.410545E+3
4.473767E+2	6.410603E+3
4.474437E+2	6.410763E+3
4.475112E+2	6.410808E+3
4.475785E+2	6.410846E+3
4.476438E+2	6.410834E+3
4.477093E+2	6.410940E+3
4.477779E+2	6.411067E+3
4.478421E+2	6.411490E+3
4.479119E+2	6.411669E+3
4.479807E+2	6.411814E+3
4.480469E+2	6.412038E+3
4.481165E+2	6.411964E+3
4.481850E+2	6.412015E+3
4.482509E+2	6.412082E+3
4.483174E+2	6.412153E+3
4.483840E+2	6.412120E+3
4.484514E+2	6.412275E+3
4.485192E+2	6.412494E+3
4.485878E+2	6.412672E+3
4.486560E+2	6.412912E+3
4.487253E+2	6.412798E+3
4.487919E+2	6.412892E+3
4.488579E+2	6.412971E+3
4.489235E+2	6.413077E+3
4.489910E+2	6.413170E+3
4.490582E+2	6.413474E+3
4.491247E+2	6.413648E+3
4.491935E+2	6.413645E+3
4.492635E+2	6.414436E+3
4.493296E+2	6.414659E+3
4.493944E+2	6.414693E+3
4.494615E+2	6.414741E+3
4.495301E+2	6.414913E+3
4.495976E+2	6.414973E+3
4.496628E+2	6.415210E+3
4.497323E+2	6.415273E+3
4.498037E+2	6.415422E+3
4.498688E+2	6.415555E+3
4.499393E+2	6.415661E+3
4.500041E+2	6.415753E+3
4.500722E+2	6.415791E+3
4.501379E+2	6.415808E+3
4.502033E+2	6.415882E+3
4.502693E+2	6.416443E+3
4.503358E+2	6.416446E+3
4.504054E+2	6.416448E+3
4.504706E+2	6.416549E+3
4.505402E+2	6.416633E+3
4.506049E+2	6.416940E+3
4.506719E+2	6.417111E+3
4.507396E+2	6.417175E+3
4.508063E+2	6.417284E+3
4.508752E+2	6.417423E+3
4.509423E+2	6.417465E+3
4.510098E+2	6.417495E+3
4.510765E+2	6.417671E+3
4.511406E+2	6.417769E+3
4.512093E+2	6.417971E+3
4.512768E+2	6.418044E+3
4.513423E+2	6.417949E+3
4.514089E+2	6.418290E+3
4.514760E+2	6.418338E+3
4.515442E+2	6.418592E+3
4.516137E+2	6.418586E+3
4.516792E+2	6.418570E+3
4.517492E+2	6.418523E+3
4.518168E+2	6.418625E+3
4.518843E+2	6.418676E+3
4.519502E+2	6.418815E+3
4.520157E+2	6.418833E+3
4.520843E+2	6.418916E+3
4.521503E+2	6.419150E+3
4.522160E+2	6.419260E+3
4.522887E+2	6.419400E+3
4.523547E+2	6.419531E+3
4.524263E+2	6.419619E+3
4.524922E+2	6.419912E+3
4.525583E+2	6.420017E+3
4.526257E+2	6.420027E+3
4.526902E+2	6.420140E+3
4.527572E+2	6.420185E+3
4.528267E+2	6.420429E+3
4.528928E+2	6.420502E+3
4.529649E+2	6.420558E+3
4.530299E+2	6.420649E+3
4.531004E+2	6.420771E+3
4.531674E+2	6.420975E+3
4.532329E+2	6.421106E+3
4.532964E+2	6.421146E+3
4.533635E+2	6.421288E+3
4.534320E+2	6.421204E+3
4.535026E+2	6.421250E+3
4.535696E+2	6.421498E+3
4.536352E+2	6.421566E+3
4.537018E+2	6.421688E+3
4.537669E+2	6.421931E+3
4.538345E+2	6.421954E+3
4.538980E+2	6.422261E+3
4.539691E+2	6.422217E+3
4.540346E+2	6.422296E+3
4.541030E+2	6.422496E+3
4.541691E+2	6.422558E+3
4.542368E+2	6.422694E+3
4.543034E+2	6.422807E+3
4.543694E+2	6.422917E+3
4.544356E+2	6.423080E+3
4.545008E+2	6.423344E+3
4.545688E+2	6.423434E+3
4.546351E+2	6.423536E+3
4.547017E+2	6.423640E+3
4.547712E+2	6.423739E+3
4.548376E+2	6.423862E+3
4.549038E+2	6.423842E+3
4.549699E+2	6.423988E+3
4.550375E+2	6.424003E+3
4.551034E+2	6.424147E+3
4.551705E+2	6.424165E+3
4.552341E+2	6.424232E+3
4.553025E+2	6.424341E+3
4.553689E+2	6.424435E+3
4.554334E+2	6.424552E+3
4.555000E+2	6.424672E+3
4.555680E+2	6.424843E+3
4.556345E+2	6.424890E+3
4.556990E+2	6.424983E+3
4.557640E+2	6.425202E+3
4.558305E+2	6.425210E+3
4.558966E+2	6.425441E+3
4.559616E+2	6.425463E+3
4.560278E+2	6.425936E+3
4.560950E+2	6.426034E+3
4.561621E+2	6.426168E+3
4.562301E+2	6.426054E+3
4.562962E+2	6.426159E+3
4.563642E+2	6.426219E+3
4.564304E+2	6.426109E+3
4.564962E+2	6.426095E+3
4.565641E+2	6.426154E+3
4.566304E+2	6.426195E+3
4.566979E+2	6.426264E+3
4.567680E+2	6.426384E+3
4.568345E+2	6.426726E+3
4.569031E+2	6.426602E+3
4.569703E+2	6.426885E+3
4.570389E+2	6.427032E+3
4.571061E+2	6.427239E+3
4.571731E+2	6.427194E+3
4.572397E+2	6.427280E+3
4.573074E+2	6.427400E+3
4.573735E+2	6.427499E+3
4.574421E+2	6.427682E+3
4.575077E+2	6.427852E+3
4.575778E+2	6.427969E+3
4.576435E+2	6.428029E+3
4.577100E+2	6.427945E+3
4.577761E+2	6.427981E+3
4.578427E+2	6.428425E+3
4.579106E+2	6.428743E+3
4.579773E+2	6.428858E+3
4.580459E+2	6.428889E+3
4.581174E+2	6.429004E+3
4.581856E+2	6.428999E+3
4.582555E+2	6.429251E+3
4.583232E+2	6.429342E+3
4.583887E+2	6.429546E+3
4.584557E+2	6.429498E+3
4.585234E+2	6.429954E+3
4.585909E+2	6.429894E+3
4.586589E+2	6.429979E+3
4.587274E+2	6.430243E+3
4.587939E+2	6.430166E+3
4.588635E+2	6.430353E+3
4.589301E+2	6.430527E+3
4.589961E+2	6.430545E+3
4.590613E+2	6.430394E+3
4.591289E+2	6.430703E+3
4.591935E+2	6.430781E+3
4.592614E+2	6.430926E+3
4.593288E+2	6.431021E+3
4.593954E+2	6.431066E+3
4.594644E+2	6.431301E+3
4.595314E+2	6.431298E+3
4.595978E+2	6.431552E+3
4.596628E+2	6.431569E+3
4.597313E+2	6.431551E+3
4.597988E+2	6.431776E+3
4.598668E+2	6.431803E+3
4.599333E+2	6.431960E+3
4.600045E+2	6.432062E+3
4.600705E+2	6.432179E+3
4.601386E+2	6.432392E+3
4.602071E+2	6.432520E+3
4.602721E+2	6.432547E+3
4.603396E+2	0.000000E+0
4.604040E+2	6.432752E+3
4.604701E+2	6.432908E+3
4.605355E+2	6.433012E+3
4.606037E+2	6.433265E+3
4.606697E+2	6.433388E+3
4.607372E+2	6.433471E+3
4.608040E+2	6.433489E+3
4.608669E+2	6.433594E+3
4.609319E+2	6.433618E+3
4.609985E+2	6.433861E+3
4.610685E+2	6.433863E+3
4.611352E+2	6.433966E+3
4.612038E+2	6.433886E+3
4.612687E+2	6.434019E+3
4.613352E+2	6.434739E+3
4.614027E+2	6.434719E+3
4.614677E+2	6.434913E+3
4.615343E+2	6.435022E+3
4.616014E+2	6.435177E+3
4.616664E+2	6.435208E+3
4.617359E+2	6.435322E+3
4.618014E+2	6.435362E+3
4.618684E+2	6.435367E+3
4.619339E+2	6.435595E+3
4.620015E+2	6.435651E+3
4.620655E+2	6.435780E+3
4.621340E+2	6.435874E+3
4.621986E+2	6.435843E+3
4.622695E+2	6.435959E+3
4.623352E+2	6.435950E+3
4.624008E+2	6.436058E+3
4.624679E+2	6.436156E+3
4.625335E+2	6.436367E+3
4.625995E+2	6.436537E+3
4.626685E+2	6.436585E+3
4.627333E+2	6.436637E+3
4.628019E+2	6.436932E+3
4.628660E+2	6.437023E+3
4.629305E+2	6.437150E+3
4.629986E+2	6.437107E+3
4.630626E+2	6.437295E+3
4.631271E+2	6.437622E+3
4.631966E+2	6.437626E+3
4.632638E+2	6.437185E+3
4.633313E+2	6.437920E+3
4.634007E+2	6.437840E+3
4.634667E+2	6.437955E+3
4.635338E+2	0.000000E+0
4.635983E+2	6.438037E+3
4.636663E+2	6.438223E+3
4.637338E+2	6.438326E+3
4.638004E+2	6.438382E+3
4.638694E+2	6.438459E+3
4.639349E+2	6.438564E+3
4.640025E+2	6.438726E+3
4.640685E+2	6.438926E+3
4.641340E+2	6.439077E+3
4.642015E+2	6.439229E+3
4.642675E+2	6.439320E+3
4.643350E+2	6.439523E+3
4.644025E+2	6.439524E+3
4.644705E+2	6.439548E+3
4.645370E+2	6.439493E+3
4.646046E+2	6.439659E+3
4.646705E+2	6.439803E+3
4.647391E+2	6.439814E+3
4.648037E+2	6.440060E+3
4.648706E+2	6.440170E+3
4.649371E+2	6.440257E+3
4.650057E+2	6.440461E+3
4.650727E+2	6.439864E+3
4.651372E+2	6.439955E+3
4.652018E+2	6.440017E+3
4.652691E+2	6.439995E+3
4.653356E+2	6.440145E+3
4.654017E+2	6.440342E+3
4.654657E+2	6.440368E+3
4.655333E+2	6.440540E+3
4.656038E+2	6.440665E+3
4.656678E+2	6.440708E+3
4.657324E+2	6.440752E+3
4.658001E+2	6.440564E+3
4.658661E+2	6.440872E+3
4.659327E+2	6.440966E+3
4.660012E+2	6.441075E+3
4.660662E+2	6.441114E+3
4.661337E+2	6.441134E+3
4.662002E+2	6.441232E+3
4.662652E+2	6.441443E+3
4.663318E+2	6.441491E+3
4.663973E+2	6.441681E+3
4.664640E+2	6.441821E+3
4.665315E+2	6.441886E+3
4.665980E+2	6.441936E+3
4.666650E+2	6.442393E+3
4.667315E+2	6.442683E+3
4.667991E+2	6.442513E+3
4.668641E+2	6.442770E+3
4.669316E+2	6.442745E+3
4.669981E+2	6.442879E+3
4.670631E+2	6.443194E+3
4.671316E+2	6.443273E+3
4.671982E+2	6.443446E+3
4.672681E+2	6.443410E+3
4.673341E+2	6.443426E+3
4.674008E+2	6.443433E+3
4.674668E+2	6.443658E+3
4.675333E+2	6.443915E+3
4.675978E+2	6.443921E+3
4.676679E+2	6.444065E+3
4.677344E+2	6.444194E+3
4.678029E+2	6.444322E+3
4.678689E+2	6.444455E+3
4.679347E+2	6.444442E+3
4.680022E+2	6.444576E+3
4.680683E+2	6.444750E+3
4.681348E+2	6.444700E+3
4.682014E+2	6.444845E+3
4.682684E+2	6.444990E+3
4.683359E+2	6.445259E+3
4.684054E+2	6.445379E+3
4.684694E+2	6.445495E+3
4.685339E+2	6.445577E+3
4.685997E+2	6.445500E+3
4.686667E+2	6.445840E+3
4.687331E+2	6.445966E+3
4.687996E+2	6.446003E+3
4.688687E+2	6.446431E+3
4.689350E+2	6.446414E+3
4.690000E+2	6.446613E+3
4.690680E+2	6.446672E+3
4.691316E+2	6.446608E+3
4.691972E+2	6.446688E+3
4.692643E+2	6.446799E+3
4.693319E+2	6.446905E+3
4.693964E+2	6.447068E+3
4.694624E+2	6.447153E+3
4.695289E+2	6.447199E+3
4.695945E+2	6.447257E+3
4.696605E+2	6.447349E+3
4.697303E+2	6.447465E+3
4.697988E+2	6.447414E+3
4.698678E+2	6.447563E+3
4.699353E+2	6.447801E+3
4.700009E+2	6.447820E+3
4.700689E+2	6.447962E+3
4.701365E+2	6.448047E+3
4.702060E+2	6.448256E+3
4.702740E+2	6.448447E+3
4.703417E+2	6.448585E+3
4.704065E+2	6.448538E+3
4.704765E+2	6.448921E+3
4.705460E+2	6.448946E+3
4.706117E+2	6.449132E+3
4.706827E+2	6.449324E+3
4.707513E+2	6.449294E+3
4.708181E+2	6.449431E+3
4.708851E+2	6.449439E+3
4.709506E+2	6.449728E+3
4.710174E+2	6.449771E+3
4.710854E+2	6.450329E+3
4.711550E+2	6.450415E+3
4.712191E+2	6.450514E+3
4.712861E+2	6.450477E+3
4.713536E+2	6.450426E+3
4.714203E+2	6.450627E+3
4.714883E+2	6.450923E+3
4.715569E+2	6.451131E+3
4.716244E+2	6.450833E+3
4.716920E+2	6.450846E+3
4.717611E+2	6.451038E+3
4.718295E+2	6.451152E+3
4.719001E+2	6.451035E+3
4.719665E+2	6.451397E+3
4.720330E+2	6.451533E+3
4.720996E+2	6.451712E+3
4.721685E+2	6.451910E+3
4.722361E+2	6.451991E+3
4.723036E+2	6.452034E+3
4.723727E+2	6.451919E+3
4.724434E+2	6.452247E+3
4.725069E+2	6.452316E+3
4.725790E+2	6.452547E+3
4.726443E+2	6.452778E+3
4.727077E+2	0.000000E+0
4.727737E+2	6.452654E+3
4.728413E+2	6.452816E+3
4.729084E+2	6.452912E+3
4.729774E+2	6.452894E+3
4.730449E+2	6.453043E+3
4.731124E+2	6.453189E+3
4.731794E+2	0.000000E+0
4.732439E+2	6.453305E+3
4.733120E+2	6.453279E+3
4.733770E+2	6.453362E+3
4.734415E+2	6.453618E+3
4.735106E+2	6.453812E+3
4.735776E+2	6.453822E+3
4.736441E+2	6.454021E+3
4.737097E+2	6.453990E+3
4.737767E+2	6.454139E+3
4.738422E+2	6.454389E+3
4.739108E+2	6.454474E+3
4.739778E+2	6.454754E+3
4.740433E+2	6.454756E+3
4.741109E+2	6.455585E+3
4.741799E+2	6.455657E+3
4.742456E+2	6.455812E+3
4.743131E+2	6.455967E+3
4.743821E+2	6.456101E+3
4.744493E+2	6.456185E+3
4.745139E+2	6.456347E+3
4.745829E+2	6.456457E+3
4.746504E+2	6.456486E+3
4.747200E+2	6.456473E+3
4.747880E+2	6.456687E+3
4.748548E+2	6.456786E+3
4.749188E+2	6.456978E+3
4.749868E+2	6.457042E+3
4.750514E+2	6.457090E+3
4.751181E+2	6.457225E+3
4.751851E+2	6.457280E+3
4.752510E+2	6.457273E+3
4.753205E+2	6.456986E+3
4.753859E+2	6.457149E+3
4.754555E+2	6.457478E+3
4.755210E+2	6.457446E+3
4.755900E+2	6.457498E+3
4.756585E+2	6.457619E+3
4.757232E+2	6.457770E+3
4.757872E+2	6.457721E+3
4.758558E+2	6.457820E+3
4.759214E+2	6.458125E+3
4.759904E+2	6.458210E+3
4.760589E+2	6.458537E+3
4.761254E+2	6.458440E+3
4.761924E+2	6.458463E+3
4.762582E+2	6.458642E+3
4.763253E+2	6.458630E+3
4.763928E+2	6.458760E+3
4.764614E+2	6.458835E+3
4.765308E+2	6.459061E+3
4.765969E+2	6.459140E+3
4.766661E+2	6.459222E+3
4.767326E+2	6.459490E+3
4.767992E+2	6.459622E+3
4.768652E+2	6.459886E+3
4.769308E+2	6.459859E+3
4.769995E+2	6.459783E+3
4.770654E+2	6.459548E+3
4.771360E+2	6.459703E+3
4.772008E+2	6.459872E+3
4.772695E+2	6.460060E+3
4.773382E+2	6.460219E+3
4.774057E+2	6.460327E+3
4.774697E+2	6.460432E+3
4.775332E+2	6.460411E+3
4.775987E+2	6.460526E+3
4.776667E+2	6.460746E+3
4.777347E+2	6.460849E+3
4.778033E+2	6.460923E+3
4.778687E+2	6.460906E+3
4.779353E+2	6.461176E+3
4.780018E+2	6.461363E+3
4.780688E+2	6.461396E+3
4.781333E+2	6.461536E+3
4.781999E+2	6.461633E+3
4.782691E+2	6.461701E+3
4.783377E+2	6.461633E+3
4.784072E+2	6.461825E+3
4.784742E+2	6.461858E+3
4.785388E+2	6.462025E+3
4.786064E+2	6.462055E+3
4.786743E+2	6.462244E+3
4.787419E+2	6.462479E+3
4.788084E+2	6.462588E+3
4.788754E+2	6.462589E+3
4.789455E+2	6.462798E+3
4.790121E+2	6.463018E+3
4.790781E+2	6.463215E+3
4.791436E+2	6.463347E+3
4.792122E+2	6.463655E+3
4.792812E+2	6.463783E+3
4.793487E+2	6.463877E+3
4.794142E+2	6.463981E+3
4.794798E+2	6.464146E+3
4.795483E+2	6.464173E+3
4.796189E+2	6.464378E+3
4.796859E+2	6.464614E+3
4.797525E+2	6.464687E+3
4.798201E+2	6.464882E+3
4.798861E+2	6.465107E+3
4.799517E+2	6.465218E+3
4.800192E+2	6.465307E+3
4.800883E+2	6.465177E+3
4.801518E+2	6.465462E+3
4.802223E+2	6.465581E+3
4.802863E+2	6.465578E+3
4.803530E+2	6.465876E+3
4.804184E+2	6.466072E+3
4.804864E+2	6.466108E+3
4.805530E+2	6.466124E+3
4.806251E+2	6.466365E+3
4.806923E+2	6.466310E+3
4.807618E+2	6.466295E+3
4.808295E+2	6.466805E+3
4.808955E+2	6.466866E+3
4.809619E+2	6.466998E+3
4.810289E+2	6.467046E+3
4.810948E+2	6.466996E+3
4.811624E+2	6.467244E+3
4.812300E+2	6.467454E+3
4.813001E+2	6.467325E+3
4.813668E+2	6.467486E+3
4.814334E+2	6.467593E+3
4.815004E+2	6.467752E+3
4.815661E+2	6.467709E+3
4.816339E+2	6.467791E+3
4.817008E+2	6.467997E+3
4.817675E+2	6.468150E+3
4.818340E+2	6.468193E+3
4.818999E+2	6.468519E+3
4.819675E+2	6.468582E+3
4.820372E+2	6.468579E+3
4.821049E+2	6.468591E+3
4.821719E+2	6.468747E+3
4.822384E+2	6.468647E+3
4.823040E+2	6.468635E+3
4.823730E+2	6.468885E+3
4.824415E+2	6.468941E+3
4.825101E+2	6.469055E+3
4.825771E+2	6.469418E+3
4.826496E+2	6.469635E+3
4.827172E+2	6.469728E+3
4.827842E+2	6.469913E+3
4.828507E+2	6.470033E+3
4.829172E+2	6.470059E+3
4.829833E+2	6.470187E+3
4.830509E+2	6.470279E+3
4.831179E+2	6.470449E+3
4.831872E+2	6.470778E+3
4.832527E+2	6.470749E+3
4.833215E+2	6.471005E+3
4.833885E+2	6.471078E+3
4.834551E+2	6.471178E+3
4.835188E+2	6.471350E+3
4.835858E+2	6.471346E+3
4.836511E+2	6.471656E+3
4.837188E+2	6.471778E+3
4.837877E+2	6.471870E+3
4.838573E+2	6.472319E+3
4.839239E+2	6.472279E+3
4.839909E+2	6.472348E+3
4.840604E+2	6.472502E+3
4.841275E+2	6.472630E+3
4.841936E+2	6.472754E+3
4.842621E+2	6.472850E+3
4.843316E+2	6.472893E+3
4.843966E+2	6.473047E+3
4.844631E+2	6.473228E+3
4.845307E+2	6.472987E+3
4.845969E+2	6.473519E+3
4.846631E+2	6.473409E+3
4.847316E+2	6.473314E+3
4.847997E+2	6.473376E+3
4.848674E+2	6.473656E+3
4.849318E+2	6.473743E+3
4.850041E+2	6.473712E+3
4.850701E+2	6.473895E+3
4.851398E+2	6.474012E+3
4.852048E+2	6.474074E+3
4.852713E+2	6.474221E+3
4.853380E+2	6.474196E+3
4.854065E+2	6.474333E+3
4.854746E+2	6.474345E+3
4.855419E+2	6.474360E+3
4.856074E+2	6.474504E+3
4.856774E+2	6.474585E+3
4.857429E+2	6.474920E+3
4.858115E+2	6.475005E+3
4.858795E+2	6.475136E+3
4.859451E+2	6.475211E+3
4.860116E+2	6.475614E+3
4.860777E+2	6.475375E+3
4.861472E+2	6.475597E+3
4.862117E+2	6.475671E+3
4.862817E+2	6.475551E+3
4.863524E+2	6.476066E+3
4.864201E+2	6.476186E+3
4.864872E+2	6.476295E+3
4.865537E+2	6.476432E+3
4.866212E+2	6.476453E+3
4.866852E+2	6.476474E+3
4.867558E+2	6.476680E+3
4.868223E+2	6.476608E+3
4.868913E+2	6.476753E+3
4.869559E+2	6.476794E+3
4.870234E+2	6.476917E+3
4.870884E+2	6.477053E+3
4.871550E+2	6.477126E+3
4.872235E+2	6.477176E+3
4.872905E+2	6.477232E+3
4.873600E+2	6.477433E+3
4.874256E+2	6.477706E+3
4.874969E+2	6.477740E+3
4.875635E+2	6.477821E+3
4.876310E+2	6.477756E+3
4.876971E+2	6.477840E+3
4.877647E+2	6.477883E+3
4.878331E+2	6.477872E+3
4.879022E+2	6.478036E+3
4.879687E+2	6.478166E+3
4.880383E+2	6.478321E+3
4.881043E+2	6.478462E+3
4.881723E+2	6.478787E+3
4.882410E+2	6.478882E+3
4.883095E+2	6.478964E+3
4.883769E+2	6.479194E+3
4.884417E+2	6.479222E+3
4.885102E+2	6.479384E+3
4.885762E+2	6.479255E+3
4.886430E+2	6.479200E+3
4.887095E+2	6.479453E+3
4.887816E+2	6.479488E+3
4.888491E+2	6.479669E+3
4.889167E+2	6.479573E+3
4.889847E+2	6.479908E+3
4.890483E+2	6.480086E+3
4.891158E+2	6.480211E+3
4.891830E+2	6.480352E+3
4.892485E+2	6.480591E+3
4.893149E+2	6.480518E+3
4.893849E+2	6.480582E+3
4.894504E+2	6.480687E+3
4.895174E+2	6.480756E+3
4.895854E+2	6.480852E+3
4.896519E+2	6.481009E+3
4.897205E+2	6.481193E+3
4.897886E+2	6.481555E+3
4.898573E+2	6.481655E+3
4.899250E+2	6.481726E+3
4.899920E+2	6.481883E+3
4.900601E+2	6.482065E+3
4.901286E+2	6.482080E+3
4.901976E+2	6.482193E+3
4.902652E+2	6.482092E+3
4.903317E+2	6.482633E+3
4.904000E+2	6.482579E+3
4.904654E+2	6.482627E+3
4.905360E+2	6.482637E+3
4.906040E+2	6.482764E+3
4.906715E+2	6.482960E+3
4.907372E+2	6.483024E+3
4.908052E+2	6.483284E+3
4.908728E+2	6.483359E+3
4.909393E+2	6.483503E+3
4.910043E+2	6.483591E+3
4.910720E+2	6.483353E+3
4.911377E+2	6.483451E+3
4.912037E+2	0.000000E+0
4.912732E+2	6.483294E+3
4.913401E+2	6.483431E+3
4.914081E+2	6.483724E+3
4.914756E+2	6.483744E+3
4.915422E+2	6.483872E+3
4.916112E+2	6.483960E+3
4.916788E+2	6.483978E+3
4.917444E+2	6.484451E+3
4.918169E+2	6.484527E+3
4.918850E+2	6.484569E+3
4.919504E+2	6.484324E+3
4.920168E+2	6.484889E+3
4.920837E+2	6.485161E+3
4.921511E+2	6.485308E+3
4.922178E+2	6.485517E+3
4.922848E+2	6.485676E+3
4.923544E+2	6.485797E+3
4.924199E+2	6.485851E+3
4.924883E+2	6.486080E+3
4.925532E+2	6.486228E+3
4.926200E+2	6.486124E+3
4.926880E+2	6.486551E+3
4.927525E+2	6.486555E+3
4.928220E+2	6.486572E+3
4.928911E+2	6.486861E+3
4.929586E+2	6.486915E+3
4.930282E+2	6.487026E+3
4.930955E+2	6.487044E+3
4.931621E+2	6.487213E+3
4.932288E+2	6.487238E+3
4.932957E+2	6.487304E+3
4.933623E+2	6.487567E+3
4.934278E+2	6.487661E+3
4.934938E+2	6.488016E+3
4.935634E+2	6.488011E+3
4.936312E+2	6.488037E+3
4.936982E+2	6.487993E+3
4.937667E+2	6.488140E+3
4.938302E+2	6.488357E+3
4.938967E+2	6.488323E+3
4.939625E+2	6.488455E+3
4.940289E+2	6.488981E+3
4.940962E+2	6.488987E+3
4.941667E+2	6.489057E+3
4.942344E+2	6.489369E+3
4.943014E+2	6.489413E+3
4.943670E+2	6.489527E+3
4.944346E+2	6.489478E+3
4.945016E+2	6.489691E+3
4.945691E+2	6.489949E+3
4.946347E+2	6.490106E+3
4.947022E+2	6.490158E+3
4.947677E+2	6.490279E+3
4.948363E+2	6.490560E+3
4.949033E+2	6.490612E+3
4.949691E+2	6.490722E+3
4.950343E+2	6.490716E+3
4.951013E+2	6.490931E+3
4.951669E+2	6.491029E+3
4.952345E+2	6.491121E+3
4.953015E+2	6.490774E+3
4.953663E+2	6.491310E+3
4.954338E+2	6.491341E+3
4.954989E+2	6.491644E+3
4.955634E+2	6.491632E+3
4.956301E+2	0.000000E+0
4.956970E+2	6.491696E+3
4.957662E+2	6.492103E+3
4.958356E+2	6.492247E+3
4.958996E+2	6.492291E+3
4.959702E+2	6.492561E+3
4.960372E+2	6.492642E+3
4.961013E+2	6.492896E+3
4.961690E+2	6.493031E+3
4.962356E+2	6.493121E+3
4.963025E+2	6.493242E+3
4.963676E+2	6.493206E+3
4.964387E+2	6.493525E+3
4.965080E+2	6.493077E+3
4.965765E+2	6.493409E+3
4.966421E+2	6.493627E+3
4.967091E+2	6.493644E+3
4.967757E+2	6.493950E+3
4.968436E+2	6.494047E+3
4.969116E+2	6.494014E+3
4.969781E+2	6.494312E+3
4.970457E+2	6.494229E+3
4.971147E+2	6.494691E+3
4.971842E+2	6.494851E+3
4.972497E+2	6.494850E+3
4.973193E+2	6.494956E+3
4.973857E+2	6.495024E+3
4.974523E+2	6.495151E+3
4.975195E+2	6.495192E+3
4.975855E+2	6.495311E+3
4.976550E+2	6.495496E+3
4.977245E+2	6.495156E+3
4.977895E+2	6.495658E+3
4.978536E+2	6.495794E+3
4.979222E+2	6.495918E+3
4.979861E+2	6.496156E+3
4.980527E+2	6.496292E+3
4.981178E+2	6.496412E+3
4.981823E+2	6.496444E+3
4.982519E+2	6.496557E+3
4.983217E+2	6.496689E+3
4.983887E+2	6.496344E+3
4.984612E+2	6.496474E+3
4.985317E+2	6.496443E+3
4.985967E+2	6.496984E+3
4.986613E+2	6.497213E+3
4.987308E+2	6.497167E+3
4.987958E+2	6.497443E+3
4.988654E+2	6.497528E+3
4.989391E+2	6.497631E+3
4.990051E+2	6.497690E+3
4.990686E+2	6.497737E+3
4.991382E+2	6.498199E+3
4.992072E+2	6.498373E+3
4.992767E+2	6.498357E+3
4.993443E+2	6.498435E+3
4.994103E+2	6.498178E+3
4.994760E+2	6.498710E+3
4.995441E+2	6.498502E+3
4.996132E+2	6.498612E+3
4.996809E+2	6.498864E+3
4.997505E+2	6.498904E+3
4.998200E+2	6.499223E+3
4.998880E+2	6.499173E+3
4.999556E+2	6.499358E+3
5.000196E+2	6.499427E+3
5.000867E+2	6.499456E+3
5.001543E+2	6.499564E+3
5.002183E+2	6.499700E+3
5.002868E+2	6.499894E+3
5.003533E+2	6.500532E+3
5.004239E+2	6.500140E+3
5.004885E+2	6.500288E+3
5.005561E+2	6.500511E+3
5.006238E+2	6.500417E+3
5.006908E+2	6.500715E+3
5.007564E+2	6.500846E+3
5.008253E+2	6.500895E+3
5.008953E+2	6.500934E+3
5.009684E+2	6.501149E+3
5.010379E+2	6.501262E+3
5.011090E+2	6.501622E+3
5.011765E+2	6.501584E+3
5.012430E+2	6.501701E+3
5.013090E+2	6.501739E+3
5.013756E+2	6.501858E+3
5.014421E+2	6.502027E+3
5.015102E+2	6.502059E+3
5.015759E+2	6.502226E+3
5.016455E+2	6.502337E+3
5.017096E+2	6.502530E+3
5.017746E+2	6.502842E+3
5.018417E+2	6.503140E+3
5.019056E+2	6.502977E+3
5.019732E+2	6.503161E+3
5.020418E+2	6.503382E+3
5.021108E+2	6.503431E+3
5.021813E+2	6.503442E+3
5.022469E+2	6.504001E+3
5.023149E+2	6.504019E+3
5.023804E+2	6.503931E+3
5.024485E+2	6.504008E+3
5.025135E+2	6.504015E+3
5.025812E+2	6.504016E+3
5.026477E+2	6.504273E+3
5.027157E+2	6.504416E+3
5.027803E+2	6.504636E+3
5.028488E+2	6.504692E+3
5.029130E+2	6.504744E+3
5.029806E+2	6.504825E+3
5.030472E+2	6.504962E+3
5.031123E+2	6.504933E+3
5.031789E+2	6.505086E+3
5.032454E+2	6.505150E+3
5.033144E+2	6.505366E+3
5.033802E+2	6.505415E+3
5.034489E+2	6.505662E+3
5.035140E+2	6.505777E+3
5.035791E+2	6.505895E+3
5.036439E+2	6.506084E+3
5.037119E+2	6.506305E+3
5.037810E+2	6.506381E+3
5.038466E+2	6.506422E+3
5.039167E+2	6.506574E+3
5.039833E+2	6.506655E+3
5.040470E+2	6.506827E+3
5.041110E+2	6.506955E+3
5.041766E+2	6.507177E+3
5.042409E+2	6.507265E+3
5.043079E+2	6.507678E+3
5.043734E+2	6.507887E+3
5.044404E+2	6.507555E+3
5.045064E+2	6.507776E+3
5.045741E+2	6.507804E+3
5.046409E+2	6.508092E+3
5.047088E+2	6.507954E+3
5.047753E+2	6.508301E+3
5.048461E+2	6.508264E+3
5.049140E+2	6.508872E+3
5.049845E+2	6.508832E+3
5.050493E+2	6.508566E+3
5.051193E+2	6.508647E+3
5.051858E+2	6.508622E+3
5.052544E+2	6.508936E+3
5.053205E+2	6.508886E+3
5.053882E+2	6.509360E+3
5.054547E+2	6.509626E+3
5.055209E+2	6.509737E+3
5.055865E+2	6.509885E+3
5.056520E+2	6.510092E+3
5.057170E+2	6.510082E+3
5.057826E+2	6.509745E+3
5.058495E+2	6.510349E+3
5.059154E+2	6.510413E+3
5.059810E+2	6.510135E+3
5.060495E+2	6.510670E+3
5.061157E+2	6.510298E+3
5.061853E+2	6.511000E+3
5.062492E+2	6.511078E+3
5.063152E+2	6.510586E+3
5.063810E+2	6.510920E+3
5.064466E+2	6.510813E+3
5.065155E+2	6.510725E+3
5.065858E+2	6.511001E+3
5.066524E+2	6.511190E+3
5.067163E+2	6.511082E+3
5.067809E+2	6.511504E+3
5.068459E+2	6.511656E+3
5.069122E+2	6.511586E+3
5.069770E+2	6.512019E+3
5.070446E+2	6.512010E+3
5.071106E+2	6.512300E+3
5.071782E+2	6.512452E+3
5.072479E+2	6.512100E+3
5.073139E+2	6.512548E+3
5.073785E+2	6.512736E+3
5.074440E+2	6.512334E+3
5.075107E+2	6.512341E+3
5.075793E+2	6.512560E+3
5.076498E+2	6.512687E+3
5.077188E+2	6.512897E+3
5.077893E+2	6.512993E+3
5.078569E+2	6.513255E+3
5.079259E+2	6.513368E+3
5.079924E+2	6.513490E+3
5.080590E+2	6.513549E+3
5.081270E+2	6.513741E+3
5.081915E+2	6.513783E+3
5.082591E+2	6.513900E+3
5.083271E+2	6.514089E+3
5.083902E+2	6.514145E+3
5.084598E+2	6.514096E+3
5.085298E+2	6.514110E+3
5.085964E+2	6.514119E+3
5.086630E+2	6.514499E+3
5.087307E+2	6.514740E+3
5.087981E+2	6.515243E+3
5.088668E+2	6.515138E+3
5.089344E+2	6.515064E+3
5.090073E+2	6.515170E+3
5.090729E+2	6.515755E+3
5.091426E+2	6.516015E+3
5.092086E+2	6.515539E+3
5.092763E+2	6.515634E+3
5.093450E+2	6.515881E+3
5.094090E+2	6.515924E+3
5.094758E+2	6.516580E+3
5.095456E+2	6.516812E+3
5.096116E+2	6.516766E+3
5.096804E+2	6.517110E+3
5.097461E+2	6.517214E+3
5.098141E+2	6.517316E+3
5.098809E+2	6.517318E+3
5.099495E+2	6.517520E+3
5.100185E+2	6.517759E+3
5.100851E+2	6.517927E+3
5.101516E+2	6.518080E+3
5.102190E+2	6.518256E+3
5.102876E+2	6.518385E+3
5.103552E+2	6.518535E+3
5.104222E+2	6.518596E+3
5.104897E+2	6.518689E+3
5.105583E+2	6.518916E+3
5.106233E+2	6.518990E+3
5.106903E+2	6.519201E+3
5.107598E+2	6.519223E+3
5.108268E+2	6.519263E+3
5.108963E+2	6.519466E+3
5.109649E+2	6.519627E+3
5.110334E+2	6.519639E+3
5.111004E+2	6.519829E+3
5.111640E+2	6.519939E+3
5.112290E+2	6.520114E+3
5.112956E+2	6.520269E+3
5.113650E+2	6.520343E+3
5.114356E+2	6.520377E+3
5.115047E+2	6.520467E+3
5.115751E+2	6.520692E+3
5.116407E+2	6.520730E+3
5.117057E+2	6.520757E+3
5.117729E+2	6.520998E+3
5.118395E+2	6.521034E+3
5.119045E+2	6.521074E+3
5.119724E+2	6.521243E+3
5.120421E+2	6.521393E+3
5.121121E+2	6.521490E+3
5.121799E+2	6.521692E+3
5.122504E+2	6.521832E+3
5.123164E+2	6.521973E+3
5.123839E+2	6.522110E+3
5.124495E+2	6.522141E+3
5.125126E+2	6.522265E+3
5.125822E+2	6.522367E+3
5.126457E+2	6.522530E+3
5.127138E+2	6.522791E+3
5.127783E+2	6.522877E+3
5.128459E+2	6.523009E+3
5.129109E+2	6.522917E+3
5.129765E+2	6.523209E+3
5.130454E+2	6.523393E+3
5.131114E+2	6.523353E+3
5.131790E+2	6.523611E+3
5.132467E+2	6.523895E+3
5.133156E+2	6.523900E+3
5.133802E+2	6.523963E+3
5.134472E+2	6.524179E+3
5.135132E+2	6.524356E+3
5.135817E+2	6.524481E+3
5.136470E+2	6.524572E+3
5.137141E+2	6.524855E+3
5.137836E+2	6.524910E+3
5.138522E+2	6.525036E+3
5.139192E+2	6.525072E+3
5.139847E+2	6.525304E+3
5.140523E+2	6.525306E+3
5.141183E+2	6.525453E+3
5.141838E+2	6.525401E+3
5.142515E+2	6.525574E+3
5.143195E+2	6.525617E+3
5.143852E+2	6.525759E+3
5.144552E+2	6.525936E+3
5.145182E+2	6.526105E+3
5.145848E+2	6.526247E+3
5.146513E+2	6.526256E+3
5.147193E+2	6.526354E+3
5.147879E+2	6.526525E+3
5.148574E+2	6.526710E+3
5.149225E+2	6.526538E+3
5.149960E+2	6.526524E+3
5.150616E+2	6.526807E+3
5.151317E+2	6.526869E+3
5.151992E+2	6.527133E+3
5.152647E+2	6.527323E+3
5.153317E+2	6.527457E+3
5.153983E+2	6.527515E+3
5.154648E+2	6.527662E+3
5.155318E+2	6.527749E+3
5.155983E+2	6.527867E+3
5.156669E+2	6.527995E+3
5.157359E+2	6.528166E+3
5.158034E+2	6.528218E+3
5.158710E+2	6.528324E+3
5.159360E+2	6.528023E+3
5.160016E+2	6.528103E+3
5.160671E+2	6.528255E+3
5.161376E+2	6.528519E+3
5.162036E+2	6.528549E+3
5.162726E+2	6.528850E+3
5.163393E+2	6.528964E+3
5.164054E+2	6.529106E+3
5.164709E+2	6.529251E+3
5.165387E+2	6.529176E+3
5.166057E+2	6.529361E+3
5.166745E+2	6.529610E+3
5.167400E+2	6.529721E+3
5.168121E+2	6.529723E+3
5.168796E+2	6.530272E+3
5.169451E+2	6.530247E+3
5.170131E+2	6.529936E+3
5.170822E+2	6.530059E+3
5.171507E+2	6.530500E+3
5.172197E+2	6.530543E+3
5.172882E+2	6.530711E+3
5.173568E+2	6.530949E+3
5.174278E+2	6.531022E+3
5.174932E+2	6.531132E+3
5.175637E+2	6.530924E+3
5.176347E+2	6.531199E+3
5.177012E+2	6.531387E+3
5.177698E+2	6.531581E+3
5.178378E+2	6.531735E+3
5.179053E+2	6.531739E+3
5.179728E+2	6.531736E+3
5.180399E+2	6.532076E+3
5.181069E+2	6.532061E+3
5.181755E+2	6.532136E+3
5.182412E+2	6.532070E+3
5.183111E+2	6.532123E+3
5.183787E+2	6.532612E+3
5.184444E+2	6.532673E+3
5.185089E+2	6.532962E+3
5.185774E+2	6.533024E+3
5.186469E+2	6.533044E+3
5.187179E+2	6.533393E+3
5.187834E+2	6.533589E+3
5.188510E+2	6.533741E+3
5.189190E+2	6.533776E+3
5.189822E+2	6.533839E+3
5.190498E+2	6.534008E+3
5.191148E+2	6.534198E+3
5.191823E+2	6.534211E+3
5.192518E+2	6.534347E+3
5.193198E+2	6.534457E+3
5.193864E+2	6.534495E+3
5.194539E+2	6.534661E+3
5.195199E+2	6.534727E+3
5.195855E+2	6.534759E+3
5.196526E+2	6.534946E+3
5.197226E+2	6.534973E+3
5.197902E+2	6.535149E+3
5.198597E+2	6.535184E+3
5.199247E+2	6.535285E+3
5.199953E+2	6.535598E+3
5.200619E+2	6.535557E+3
5.201339E+2	6.535619E+3
5.201985E+2	6.535990E+3
5.202659E+2	6.536051E+3
5.203330E+2	6.536072E+3
5.204013E+2	6.536200E+3
5.204678E+2	6.536275E+3
5.205378E+2	6.536392E+3
5.206034E+2	6.536388E+3
5.206699E+2	6.536794E+3
5.207339E+2	6.536898E+3
5.207995E+2	6.537158E+3
5.208668E+2	6.537165E+3
5.209309E+2	6.537328E+3
5.209983E+2	6.537465E+3
5.210649E+2	6.537565E+3
5.211339E+2	6.537806E+3
5.211989E+2	6.537900E+3
5.212705E+2	6.538014E+3
5.213375E+2	6.537944E+3
5.214050E+2	6.538255E+3
5.214722E+2	6.538321E+3
5.215372E+2	6.538231E+3
5.216038E+2	6.538305E+3
5.216744E+2	6.538312E+3
5.217429E+2	6.538538E+3
5.218119E+2	6.538437E+3
5.218815E+2	6.538319E+3
5.219512E+2	6.538515E+3
5.220201E+2	6.538707E+3
5.220858E+2	6.538841E+3
5.221544E+2	6.539369E+3
5.222213E+2	6.539073E+3
5.222858E+2	6.539521E+3
5.223504E+2	6.539921E+3
5.224178E+2	6.539923E+3
5.224853E+2	6.540021E+3
5.225548E+2	6.540407E+3
5.226228E+2	6.540453E+3
5.226873E+2	6.540467E+3
5.227549E+2	6.540719E+3
5.228199E+2	6.540869E+3
5.228894E+2	6.540920E+3
5.229560E+2	6.541061E+3
5.230241E+2	6.541147E+3
5.230977E+2	6.541378E+3
5.231646E+2	6.541415E+3
5.232335E+2	6.541664E+3
5.233003E+2	6.541449E+3
5.233680E+2	6.541760E+3
5.234350E+2	6.541858E+3
5.235016E+2	6.541749E+3
5.235681E+2	6.541774E+3
5.236351E+2	6.541997E+3
5.236996E+2	6.542326E+3
5.237652E+2	6.542339E+3
5.238332E+2	6.542494E+3
5.238997E+2	6.542406E+3
5.239663E+2	6.542661E+3
5.240303E+2	6.542801E+3
5.240979E+2	6.543025E+3
5.241648E+2	6.543225E+3
5.242328E+2	6.543091E+3
5.242993E+2	6.543431E+3
5.243696E+2	6.543468E+3
5.244337E+2	6.543697E+3
5.244985E+2	6.543950E+3
5.245641E+2	6.544127E+3
5.246310E+2	6.543876E+3
5.246985E+2	6.543916E+3
5.247701E+2	6.544402E+3
5.248361E+2	6.544533E+3
5.249066E+2	6.544733E+3
5.249731E+2	6.544722E+3
5.250431E+2	6.544822E+3
5.251091E+2	6.544872E+3
5.251758E+2	6.545131E+3
5.252429E+2	6.545318E+3
5.253096E+2	6.545126E+3
5.253771E+2	6.545199E+3
5.254451E+2	6.545423E+3
5.255106E+2	6.545750E+3
5.255774E+2	6.545946E+3
5.256445E+2	6.545819E+3
5.257121E+2	6.546043E+3
5.257788E+2	6.546437E+3
5.258458E+2	6.546252E+3
5.259133E+2	6.546293E+3
5.259789E+2	6.546375E+3
5.260471E+2	6.546988E+3
5.261137E+2	6.547024E+3
5.261834E+2	6.547246E+3
5.262489E+2	6.547130E+3
5.263149E+2	6.547494E+3
5.263816E+2	6.547522E+3
5.264483E+2	6.547461E+3
5.265144E+2	6.547724E+3
5.265808E+2	6.547490E+3
5.266514E+2	6.547922E+3
5.267213E+2	6.548043E+3
5.267883E+2	6.548098E+3
5.268519E+2	6.548298E+3
5.269180E+2	6.548390E+3
5.269846E+2	6.548579E+3
5.270524E+2	6.548756E+3
5.271183E+2	6.548813E+3
5.271880E+2	6.548870E+3
5.272550E+2	6.548812E+3
5.273260E+2	6.548894E+3
5.273916E+2	6.549121E+3
5.274555E+2	6.549278E+3
5.275205E+2	6.549237E+3
5.275869E+2	6.550541E+3
5.276572E+2	6.551063E+3
5.277253E+2	6.551260E+3
5.277920E+2	6.551559E+3
5.278585E+2	6.551605E+3
5.279234E+2	6.551644E+3
5.279909E+2	6.551789E+3
5.280585E+2	6.552084E+3
5.281255E+2	6.552187E+3
5.281920E+2	6.552268E+3
5.282586E+2	6.552436E+3
5.283266E+2	6.552307E+3
5.283954E+2	6.552707E+3
5.284666E+2	6.552784E+3
5.285321E+2	6.552851E+3
5.285985E+2	6.553111E+3
5.286641E+2	6.553303E+3
5.287291E+2	6.553462E+3
5.287955E+2	6.553420E+3
5.288641E+2	6.553758E+3
5.289310E+2	6.553719E+3
5.290026E+2	6.553963E+3
5.290680E+2	6.554051E+3
5.291392E+2	6.554312E+3
5.292067E+2	6.554512E+3
5.292713E+2	6.554539E+3
5.293393E+2	6.554673E+3
5.294059E+2	6.554882E+3
5.294724E+2	6.555059E+3
5.295424E+2	6.555043E+3
5.296081E+2	6.555099E+3
5.296762E+2	6.555270E+3
5.297424E+2	6.555354E+3
5.298069E+2	6.555498E+3
5.298737E+2	6.555499E+3
5.299396E+2	6.555571E+3
5.300072E+2	6.555885E+3
5.300727E+2	6.555984E+3
5.301417E+2	6.556249E+3
5.302072E+2	6.556240E+3
5.302750E+2	6.556323E+3
5.303400E+2	6.556458E+3
5.304056E+2	6.556428E+3
5.304712E+2	6.556748E+3
5.305362E+2	6.556970E+3
5.306063E+2	6.557533E+3
5.306709E+2	6.557646E+3
5.307379E+2	6.557595E+3
5.308037E+2	6.557681E+3
5.308715E+2	6.557820E+3
5.309376E+2	6.557916E+3
5.310029E+2	6.557927E+3
5.310720E+2	6.558154E+3
5.311392E+2	6.558220E+3
5.312057E+2	6.558300E+3
5.312714E+2	6.558934E+3
5.313402E+2	6.558728E+3
5.314059E+2	6.558699E+3
5.314726E+2	6.559019E+3
5.315376E+2	6.559096E+3
5.316042E+2	6.559288E+3
5.316718E+2	6.559217E+3
5.317387E+2	6.559252E+3
5.318043E+2	6.559481E+3
5.318731E+2	6.559890E+3
5.319410E+2	6.559897E+3
5.320086E+2	6.559969E+3
5.320739E+2	6.560145E+3
5.321408E+2	6.560227E+3
5.322074E+2	6.560511E+3
5.322730E+2	6.560484E+3
5.323401E+2	6.560333E+3
5.324056E+2	6.560566E+3
5.324751E+2	6.560491E+3
5.325398E+2	6.560818E+3
5.326048E+2	6.561064E+3
5.326688E+2	6.561065E+3
5.327349E+2	6.561144E+3
5.328014E+2	6.561479E+3
5.328679E+2	6.561471E+3
5.329339E+2	6.561608E+3
5.330028E+2	6.561710E+3
5.330709E+2	6.561873E+3
5.331349E+2	6.561930E+3
5.332002E+2	6.561966E+3
5.332683E+2	6.562060E+3
5.333363E+2	6.562160E+3
5.334038E+2	6.562321E+3
5.334706E+2	6.562479E+3
5.335376E+2	6.562653E+3
5.336040E+2	6.562759E+3
5.336707E+2	6.562965E+3
5.337366E+2	6.563222E+3
5.338017E+2	6.563210E+3
5.338672E+2	6.563471E+3
5.339373E+2	6.563678E+3
5.340070E+2	6.563947E+3
5.340724E+2	6.564116E+3
5.341434E+2	6.564281E+3
5.342120E+2	6.564309E+3
5.342793E+2	6.564578E+3
5.343454E+2	6.564631E+3
5.344120E+2	6.564538E+3
5.344764E+2	6.564745E+3
5.345428E+2	6.564965E+3
5.346084E+2	6.565093E+3
5.346769E+2	6.565178E+3
5.347450E+2	6.565454E+3
5.348135E+2	6.565483E+3
5.348816E+2	6.565615E+3
5.349446E+2	6.565788E+3
5.350106E+2	6.565802E+3
5.350749E+2	6.565864E+3
5.351415E+2	6.566000E+3
5.352062E+2	6.565991E+3
5.352762E+2	6.566133E+3
5.353444E+2	6.566270E+3
5.354119E+2	6.566421E+3
5.354754E+2	6.566617E+3
5.355428E+2	6.566773E+3
5.356099E+2	6.566458E+3
5.356794E+2	6.567074E+3
5.357454E+2	6.567301E+3
5.358119E+2	6.567348E+3
5.358775E+2	6.567414E+3
5.359445E+2	6.567562E+3
5.360117E+2	6.567746E+3
5.360789E+2	6.568114E+3
5.361450E+2	6.569049E+3
5.362105E+2	6.568375E+3
5.362781E+2	6.568197E+3
5.363420E+2	6.568415E+3
5.364096E+2	6.569100E+3
5.364763E+2	6.569416E+3
5.365432E+2	6.569572E+3
5.366096E+2	6.569573E+3
5.366772E+2	6.569612E+3
5.367433E+2	6.569858E+3
5.368103E+2	6.570202E+3
5.368780E+2	6.569900E+3
5.369450E+2	6.570049E+3
5.370155E+2	0.000000E+0
5.370811E+2	6.570504E+3
5.371452E+2	6.570553E+3
5.372128E+2	6.570672E+3
5.372783E+2	6.570750E+3
5.373456E+2	6.570880E+3
5.374121E+2	6.571008E+3
5.374787E+2	6.571160E+3
5.375477E+2	6.571221E+3
5.376112E+2	6.571378E+3
5.376783E+2	6.571590E+3
5.377433E+2	6.571562E+3
5.378089E+2	6.571559E+3
5.378754E+2	6.571794E+3
5.379475E+2	6.572014E+3
5.380116E+2	6.572075E+3
5.380796E+2	6.572410E+3
5.381436E+2	6.572746E+3
5.382121E+2	6.572718E+3
5.382776E+2	6.572951E+3
5.383460E+2	6.573201E+3
5.384115E+2	6.573234E+3
5.384792E+2	6.573314E+3
5.385454E+2	6.573478E+3
5.386167E+2	0.000000E+0
5.386804E+2	6.573696E+3
5.387483E+2	6.573830E+3
5.388149E+2	6.573946E+3
5.388837E+2	6.574053E+3
5.389478E+2	6.574140E+3
5.390153E+2	6.573883E+3
5.390828E+2	6.574935E+3
5.391499E+2	6.574923E+3
5.392185E+2	6.575249E+3
5.392898E+2	6.575307E+3
5.393568E+2	6.575309E+3
5.394245E+2	6.575494E+3
5.394890E+2	6.575531E+3
5.395565E+2	6.575673E+3
5.396223E+2	6.575905E+3
5.396916E+2	6.575898E+3
5.397567E+2	6.576106E+3
5.398244E+2	6.576204E+3
5.398901E+2	6.576180E+3
5.399542E+2	6.576149E+3
5.400188E+2	6.576598E+3
5.400844E+2	6.576715E+3
5.401494E+2	6.576372E+3
5.402160E+2	6.576343E+3
5.402831E+2	6.576521E+3
5.403511E+2	6.576550E+3
5.404167E+2	6.577178E+3
5.404855E+2	6.577375E+3
5.405525E+2	6.577811E+3
5.406185E+2	6.577633E+3
5.406861E+2	6.577725E+3
5.407531E+2	6.577822E+3
5.408206E+2	6.578145E+3
5.408870E+2	6.578360E+3
5.409560E+2	6.578303E+3
5.410206E+2	6.578482E+3
5.410873E+2	6.578140E+3
5.411524E+2	6.578405E+3
5.412169E+2	6.578437E+3
5.412844E+2	6.578606E+3
5.413504E+2	6.578655E+3
5.414170E+2	6.578861E+3
5.414835E+2	6.578918E+3
5.415486E+2	6.579098E+3
5.416152E+2	6.579234E+3
5.416830E+2	6.579550E+3
5.417510E+2	6.579405E+3
5.418193E+2	6.579571E+3
5.418876E+2	6.579628E+3
5.419596E+2	6.579750E+3
5.420278E+2	6.580318E+3
5.420984E+2	6.580355E+3
5.421660E+2	6.580350E+3
5.422340E+2	6.580437E+3
5.423016E+2	6.580871E+3
5.423684E+2	6.580967E+3
5.424353E+2	6.581095E+3
5.425039E+2	6.581530E+3
5.425718E+2	6.581626E+3
5.426436E+2	6.581667E+3
5.427131E+2	6.581880E+3
5.427807E+2	6.582147E+3
5.428468E+2	6.582171E+3
5.429122E+2	6.582301E+3
5.429789E+2	6.582357E+3
5.430460E+2	6.582641E+3
5.431136E+2	6.582978E+3
5.431842E+2	6.582843E+3
5.432532E+2	6.582526E+3
5.433193E+2	6.582700E+3
5.433900E+2	6.582982E+3
5.434550E+2	6.583075E+3
5.435205E+2	6.583062E+3
5.435861E+2	6.583194E+3
5.436522E+2	6.583291E+3
5.437208E+2	6.583429E+3
5.437910E+2	6.583657E+3
5.438580E+2	6.583836E+3
5.439295E+2	6.583933E+3
5.439966E+2	6.584177E+3
5.440646E+2	6.584023E+3
5.441317E+2	6.584091E+3
5.441975E+2	6.584442E+3
5.442646E+2	6.584579E+3
5.443281E+2	6.584540E+3
5.443957E+2	6.584803E+3
5.444649E+2	6.584979E+3
5.445346E+2	6.585087E+3
5.445999E+2	6.585349E+3
5.446660E+2	6.585484E+3
5.447332E+2	6.585616E+3
5.447989E+2	6.585513E+3
5.448649E+2	6.585682E+3
5.449344E+2	6.585901E+3
5.450010E+2	6.586055E+3
5.450701E+2	6.585998E+3
5.451370E+2	6.586237E+3
5.452077E+2	6.586122E+3
5.452722E+2	6.586167E+3
5.453397E+2	6.586468E+3
5.454053E+2	6.586523E+3
5.454710E+2	6.586691E+3
5.455390E+2	6.588199E+3
5.456107E+2	6.588254E+3
5.456772E+2	6.588538E+3
5.457442E+2	6.588571E+3
5.458117E+2	6.588605E+3
5.458774E+2	6.588789E+3
5.459444E+2	6.588982E+3
5.460110E+2	6.588948E+3
5.460786E+2	6.589101E+3
5.461445E+2	6.589122E+3
5.462150E+2	6.589355E+3
5.462807E+2	6.589357E+3
5.463496E+2	6.589521E+3
5.464182E+2	6.589759E+3
5.464863E+2	6.589918E+3
5.465552E+2	6.590075E+3
5.466198E+2	6.589971E+3
5.466873E+2	6.590333E+3
5.467543E+2	6.590355E+3
5.468228E+2	6.590588E+3
5.468893E+2	6.590642E+3
5.469613E+2	6.590762E+3
5.470275E+2	6.590870E+3
5.470959E+2	6.590961E+3
5.471632E+2	6.591017E+3
5.472278E+2	6.591199E+3
5.472952E+2	6.591277E+3
5.473592E+2	6.591445E+3
5.474250E+2	6.591606E+3
5.474915E+2	6.591724E+3
5.475605E+2	6.592092E+3
5.476248E+2	6.592006E+3
5.476884E+2	6.592222E+3
5.477553E+2	6.592408E+3
5.478230E+2	6.592503E+3
5.478914E+2	6.592675E+3
5.479564E+2	6.592881E+3
5.480244E+2	6.592957E+3
5.480898E+2	6.593076E+3
5.481589E+2	6.593196E+3
5.482248E+2	6.593404E+3
5.482933E+2	6.593434E+3
5.483603E+2	6.593567E+3
5.484278E+2	6.593707E+3
5.484945E+2	6.593611E+3
5.485636E+2	6.593906E+3
5.486301E+2	6.594016E+3
5.486987E+2	6.594025E+3
5.487652E+2	6.594258E+3
5.488337E+2	6.594343E+3
5.489005E+2	6.594596E+3
5.489664E+2	6.594867E+3
5.490331E+2	6.594899E+3
5.490976E+2	6.594657E+3
5.491678E+2	6.594894E+3
5.492385E+2	6.595065E+3
5.493061E+2	6.595323E+3
5.493758E+2	6.595664E+3
5.494418E+2	6.595813E+3
5.495082E+2	6.595926E+3
5.495753E+2	6.595965E+3
5.496433E+2	6.596057E+3
5.497098E+2	6.596593E+3
5.497809E+2	6.596431E+3
5.498469E+2	6.596617E+3
5.499163E+2	6.596697E+3
5.499828E+2	6.596811E+3
5.500528E+2	6.596927E+3
5.501195E+2	6.596969E+3
5.501858E+2	6.597161E+3
5.502528E+2	6.597238E+3
5.503184E+2	6.597375E+3
5.503847E+2	6.597289E+3
5.504521E+2	6.597626E+3
5.505197E+2	6.597764E+3
5.505905E+2	6.597942E+3
5.506564E+2	6.598088E+3
5.507242E+2	6.598071E+3
5.507908E+2	6.598162E+3
5.508568E+2	6.598164E+3
5.509214E+2	6.598571E+3
5.509867E+2	6.598603E+3
5.510538E+2	6.598645E+3
5.511213E+2	6.598846E+3
5.511905E+2	6.599068E+3
5.512565E+2	6.599129E+3
5.513231E+2	6.599212E+3
5.513887E+2	6.599197E+3
5.514526E+2	6.599340E+3
5.515213E+2	6.599217E+3
5.515888E+2	6.599587E+3
5.516562E+2	6.599984E+3
5.517248E+2	6.599956E+3
5.517928E+2	6.600037E+3
5.518598E+2	0.000000E+0
5.519258E+2	6.599960E+3
5.519930E+2	6.600165E+3
5.520589E+2	6.600310E+3
5.521235E+2	6.600433E+3
5.521913E+2	6.600584E+3
5.522592E+2	6.600751E+3
5.523267E+2	6.600968E+3
5.523953E+2	6.600981E+3
5.524623E+2	6.600888E+3
5.525288E+2	6.601169E+3
5.525943E+2	6.601158E+3
5.526605E+2	6.601128E+3
5.527301E+2	6.601261E+3
5.527948E+2	6.601467E+3
5.528648E+2	6.601484E+3
5.529315E+2	6.601699E+3
5.529961E+2	6.601727E+3
5.530641E+2	6.602011E+3
5.531302E+2	6.602094E+3
5.531964E+2	6.601882E+3
5.532645E+2	6.602578E+3
5.533309E+2	6.602659E+3
5.533975E+2	6.602508E+3
5.534681E+2	6.603063E+3
5.535377E+2	6.603030E+3
5.536060E+2	6.603306E+3
5.536720E+2	6.603448E+3
5.537415E+2	6.603577E+3
5.538076E+2	6.603522E+3
5.538738E+2	6.603647E+3
5.539415E+2	6.603779E+3
5.540086E+2	6.604047E+3
5.540786E+2	6.604121E+3
5.541461E+2	6.603993E+3
5.542157E+2	6.604172E+3
5.542814E+2	6.604592E+3
5.543493E+2	6.604821E+3
5.544160E+2	6.604916E+3
5.544825E+2	6.605056E+3
5.545494E+2	6.604962E+3
5.546187E+2	6.605379E+3
5.546838E+2	6.605705E+3
5.547518E+2	6.605687E+3
5.548195E+2	6.605791E+3
5.548881E+2	6.605919E+3
5.549560E+2	6.606007E+3
5.550213E+2	6.606042E+3
5.550893E+2	6.605858E+3
5.551576E+2	6.606044E+3
5.552245E+2	6.606228E+3
5.552939E+2	6.606425E+3
5.553609E+2	6.606781E+3
5.554304E+2	6.607124E+3
5.554958E+2	6.607083E+3
5.555631E+2	6.607123E+3
5.556315E+2	6.607360E+3
5.556980E+2	6.607593E+3
5.557641E+2	6.607705E+3
5.558296E+2	6.607687E+3
5.558951E+2	6.607895E+3
5.559611E+2	6.608171E+3
5.560297E+2	6.608130E+3
5.560952E+2	6.608405E+3
5.561611E+2	6.608565E+3
5.562248E+2	6.608656E+3
5.562919E+2	6.608585E+3
5.563600E+2	6.608496E+3
5.564317E+2	6.608813E+3
5.564972E+2	6.608975E+3
5.565672E+2	6.609284E+3
5.566328E+2	6.609409E+3
5.566983E+2	6.609319E+3
5.567644E+2	6.609566E+3
5.568299E+2	6.609781E+3
5.569005E+2	6.609867E+3
5.569665E+2	6.609824E+3
5.570338E+2	6.610093E+3
5.570998E+2	6.610149E+3
5.571698E+2	6.610071E+3
5.572373E+2	6.610429E+3
5.573020E+2	6.610730E+3
5.573700E+2	6.611008E+3
5.574346E+2	6.611176E+3
5.575030E+2	6.611358E+3
5.575714E+2	6.611451E+3
5.576405E+2	6.611487E+3
5.577101E+2	6.611567E+3
5.577762E+2	6.611637E+3
5.578448E+2	6.611685E+3
5.579083E+2	6.611831E+3
5.579743E+2	6.612014E+3
5.580429E+2	6.611999E+3
5.581075E+2	6.611989E+3
5.581757E+2	6.611961E+3
5.582432E+2	6.612045E+3
5.583128E+2	6.612228E+3
5.583778E+2	6.612143E+3
5.584434E+2	6.612401E+3
5.585115E+2	6.612433E+3
5.585775E+2	6.612551E+3
5.586431E+2	6.612609E+3
5.587088E+2	6.613005E+3
5.587769E+2	6.612914E+3
5.588421E+2	6.613083E+3
5.589096E+2	6.613221E+3
5.589755E+2	6.613346E+3
5.590417E+2	6.613476E+3
5.591082E+2	6.613570E+3
5.591742E+2	6.613861E+3
5.592408E+2	6.613560E+3
5.593107E+2	6.614003E+3
5.593758E+2	6.614228E+3
5.594439E+2	6.613839E+3
5.595086E+2	6.614389E+3
5.595748E+2	6.614395E+3
5.596391E+2	6.614501E+3
5.597066E+2	6.614823E+3
5.597769E+2	6.615096E+3
5.598431E+2	6.615261E+3
5.599117E+2	6.615304E+3
5.599778E+2	6.615000E+3
5.600449E+2	6.615451E+3
5.601141E+2	6.615365E+3
5.601812E+2	6.615544E+3
5.602456E+2	6.615743E+3
5.603112E+2	6.616059E+3
5.603802E+2	6.615999E+3
5.604476E+2	6.616103E+3
5.605196E+2	6.616290E+3
5.605885E+2	6.616506E+3
5.606545E+2	6.616666E+3
5.607211E+2	6.616877E+3
5.607861E+2	6.616853E+3
5.608556E+2	6.616977E+3
5.609218E+2	6.617153E+3
5.609904E+2	6.616991E+3
5.610593E+2	6.617398E+3
5.611288E+2	6.617290E+3
5.611941E+2	6.617626E+3
5.612651E+2	6.617925E+3
5.613286E+2	6.618170E+3
5.613962E+2	6.618227E+3
5.614631E+2	6.618372E+3
5.615312E+2	6.618404E+3
5.615958E+2	6.618599E+3
5.616621E+2	6.618626E+3
5.617307E+2	6.618738E+3
5.617989E+2	6.618893E+3
5.618680E+2	6.618879E+3
5.619363E+2	6.619122E+3
5.620055E+2	6.619357E+3
5.620734E+2	0.000000E+0
5.621402E+2	6.619724E+3
5.622079E+2	6.619511E+3
5.622749E+2	6.619915E+3
5.623432E+2	6.620039E+3
5.624109E+2	6.620301E+3
5.624811E+2	6.620585E+3
5.625477E+2	6.620449E+3
5.626123E+2	6.620538E+3
5.626779E+2	6.620813E+3
5.627464E+2	6.620713E+3
5.628120E+2	6.620985E+3
5.628800E+2	6.621126E+3
5.629495E+2	6.621503E+3
5.630147E+2	6.621554E+3
5.630838E+2	6.621678E+3
5.631574E+2	6.621965E+3
5.632239E+2	6.621991E+3
5.632915E+2	6.622185E+3
5.633585E+2	6.622191E+3
5.634260E+2	6.622284E+3
5.634915E+2	6.622332E+3
5.635606E+2	6.622493E+3
5.636267E+2	6.622558E+3
5.636954E+2	6.622806E+3
5.637623E+2	6.622884E+3
5.638279E+2	6.622919E+3
5.638929E+2	6.623291E+3
5.639610E+2	6.623491E+3
5.640276E+2	6.623389E+3
5.640932E+2	6.623763E+3
5.641622E+2	6.623737E+3
5.642287E+2	6.623918E+3
5.642994E+2	6.623916E+3
5.643704E+2	6.623752E+3
5.644354E+2	6.624346E+3
5.645009E+2	6.624759E+3
5.645679E+2	6.624929E+3
5.646336E+2	6.624944E+3
5.647010E+2	6.624802E+3
5.647720E+2	6.624978E+3
5.648394E+2	6.625398E+3
5.649100E+2	6.625500E+3
5.649779E+2	6.625666E+3
5.650474E+2	6.625696E+3
5.651140E+2	6.625894E+3
5.651800E+2	6.625867E+3
5.652455E+2	6.625943E+3
5.653124E+2	6.625974E+3
5.653794E+2	6.625920E+3
5.654460E+2	6.626279E+3
5.655105E+2	6.626027E+3
5.655778E+2	6.626394E+3
5.656456E+2	6.626682E+3
5.657141E+2	6.626703E+3
5.657812E+2	6.627027E+3
5.658487E+2	6.627007E+3
5.659124E+2	6.627127E+3
5.659778E+2	6.627059E+3
5.660443E+2	6.627093E+3
5.661104E+2	6.627505E+3
5.661784E+2	6.627445E+3
5.662450E+2	6.627513E+3
5.663106E+2	6.627502E+3
5.663796E+2	6.627602E+3
5.664471E+2	6.627775E+3
5.665144E+2	6.627901E+3
5.665841E+2	6.627759E+3
5.666497E+2	6.628190E+3
5.667213E+2	6.628356E+3
5.667873E+2	6.628426E+3
5.668589E+2	6.628858E+3
5.669244E+2	6.629069E+3
5.669924E+2	6.629174E+3
5.670600E+2	6.629367E+3
5.671265E+2	6.629367E+3
5.671971E+2	6.629427E+3
5.672631E+2	6.629700E+3
5.673354E+2	6.629785E+3
5.674031E+2	6.630125E+3
5.674711E+2	6.629966E+3
5.675398E+2	6.630124E+3
5.676082E+2	6.630152E+3
5.676757E+2	6.630160E+3
5.677433E+2	6.630390E+3
5.678108E+2	6.631010E+3
5.678768E+2	6.631199E+3
5.679431E+2	6.631098E+3
5.680126E+2	6.631218E+3
5.680776E+2	6.631177E+3
5.681493E+2	6.631286E+3
5.682156E+2	6.631253E+3
5.682830E+2	6.631715E+3
5.683474E+2	6.631621E+3
5.684139E+2	6.631615E+3
5.684800E+2	6.631627E+3
5.685486E+2	6.631829E+3
5.686171E+2	6.631840E+3
5.686844E+2	6.632074E+3
5.687520E+2	6.632187E+3
5.688172E+2	6.632347E+3
5.688824E+2	6.632625E+3
5.689491E+2	6.632600E+3
5.690173E+2	6.632777E+3
5.690813E+2	6.633086E+3
5.691498E+2	6.633202E+3
5.692175E+2	6.633393E+3
5.692875E+2	6.633472E+3
5.693571E+2	6.633332E+3
5.694245E+2	6.633650E+3
5.694926E+2	6.633873E+3
5.695613E+2	6.633974E+3
5.696270E+2	6.634390E+3
5.696941E+2	6.634281E+3
5.697647E+2	6.634347E+3
5.698351E+2	6.634570E+3
5.699011E+2	6.634848E+3
5.699692E+2	6.635031E+3
5.700377E+2	6.634931E+3
5.701053E+2	6.635228E+3
5.701743E+2	6.635371E+3
5.702398E+2	6.635345E+3
5.703063E+2	6.635936E+3
5.703702E+2	6.635464E+3
5.704368E+2	6.635651E+3
5.705023E+2	6.636224E+3
5.705713E+2	6.636300E+3
5.706378E+2	6.636288E+3
5.707012E+2	6.636425E+3
5.707666E+2	6.636672E+3
5.708341E+2	6.636797E+3
5.709016E+2	6.636882E+3
5.709705E+2	6.636949E+3
5.710401E+2	6.637267E+3
5.711064E+2	6.637442E+3
5.711754E+2	6.637502E+3
5.712410E+2	6.637619E+3
5.713077E+2	6.637742E+3
5.713757E+2	6.637843E+3
5.714432E+2	6.637994E+3
5.715107E+2	6.637855E+3
5.715787E+2	6.638300E+3
5.716428E+2	6.638091E+3
5.717134E+2	6.638543E+3
5.717784E+2	6.638551E+3
5.718459E+2	6.638653E+3
5.719116E+2	6.638957E+3
5.719786E+2	6.639024E+3
5.720451E+2	6.639104E+3
5.721117E+2	6.639227E+3
5.721807E+2	6.639553E+3
5.722463E+2	6.639363E+3
5.723140E+2	6.639394E+3
5.723801E+2	6.639492E+3
5.724467E+2	6.639360E+3
5.725143E+2	6.639625E+3
5.725793E+2	6.639717E+3
5.726479E+2	6.639632E+3
5.727155E+2	6.639863E+3
5.727805E+2	6.640410E+3
5.728480E+2	6.640333E+3
5.729156E+2	6.640431E+3
5.729817E+2	6.640806E+3
5.730494E+2	6.641076E+3
5.731169E+2	6.641233E+3
5.731830E+2	6.641080E+3
5.732494E+2	6.641251E+3
5.733202E+2	6.641766E+3
5.733863E+2	6.641553E+3
5.734578E+2	6.642042E+3
5.735238E+2	6.641674E+3
5.735898E+2	6.641807E+3
5.736576E+2	6.641790E+3
5.737261E+2	6.642343E+3
5.737921E+2	6.642401E+3
5.738597E+2	6.642478E+3
5.739282E+2	6.642660E+3
5.739953E+2	6.642531E+3
5.740614E+2	6.642907E+3
5.741312E+2	6.643195E+3
5.741992E+2	6.643154E+3
5.742648E+2	6.643541E+3
5.743303E+2	6.643871E+3
5.743973E+2	6.643843E+3
5.744639E+2	6.643760E+3
5.745314E+2	6.643911E+3
5.745994E+2	6.643767E+3
5.746680E+2	6.644212E+3
5.747326E+2	6.644236E+3
5.748015E+2	6.644250E+3
5.748675E+2	6.644634E+3
5.749361E+2	6.644899E+3
5.750011E+2	6.644972E+3
5.750682E+2	6.645076E+3
5.751358E+2	6.645042E+3
5.752023E+2	6.644990E+3
5.752713E+2	6.645289E+3
5.753400E+2	6.645577E+3
5.754056E+2	6.645648E+3
5.754726E+2	6.645603E+3
5.755402E+2	6.646034E+3
5.756069E+2	6.646039E+3
5.756749E+2	6.646417E+3
5.757418E+2	6.646763E+3
5.758093E+2	6.646508E+3
5.758763E+2	6.646674E+3
5.759416E+2	6.646780E+3
5.760100E+2	6.646656E+3
5.760770E+2	6.646612E+3
5.761433E+2	6.646863E+3
5.762089E+2	6.647193E+3
5.762760E+2	6.647371E+3
5.763437E+2	6.647248E+3
5.764102E+2	6.647486E+3
5.764823E+2	6.647673E+3
5.765507E+2	6.647734E+3
5.766191E+2	6.648080E+3
5.766860E+2	6.647770E+3
5.767531E+2	6.647754E+3
5.768191E+2	6.647682E+3
5.768879E+2	6.647940E+3
5.769524E+2	6.648018E+3
5.770231E+2	6.648037E+3
5.770901E+2	6.648123E+3
5.771597E+2	6.648908E+3
5.772262E+2	6.648939E+3
5.772932E+2	6.648731E+3
5.773608E+2	6.648961E+3
5.774287E+2	6.649264E+3
5.774969E+2	6.649419E+3
5.775665E+2	6.649623E+3
5.776329E+2	6.649568E+3
5.777000E+2	6.649631E+3
5.777676E+2	6.649663E+3
5.778342E+2	6.649820E+3
5.779002E+2	6.649749E+3
5.779668E+2	6.650079E+3
5.780317E+2	6.650194E+3
5.780996E+2	6.650384E+3
5.781686E+2	6.650422E+3
5.782322E+2	6.650666E+3
5.783035E+2	6.650779E+3
5.783751E+2	6.650696E+3
5.784431E+2	6.650699E+3
5.785079E+2	6.650828E+3
5.785759E+2	6.651601E+3
5.786432E+2	6.651705E+3
5.787096E+2	6.651889E+3
5.787766E+2	6.651951E+3
5.788423E+2	6.651854E+3
5.789104E+2	6.651782E+3
5.789788E+2	6.651639E+3
5.790438E+2	6.651917E+3
5.791102E+2	6.651907E+3
5.791753E+2	6.652054E+3
5.792429E+2	6.652255E+3
5.793097E+2	6.652588E+3
5.793736E+2	6.652690E+3
5.794402E+2	6.652653E+3
5.795067E+2	6.652773E+3
5.795737E+2	6.652568E+3
5.796402E+2	6.652765E+3
5.797089E+2	6.652971E+3
5.797741E+2	6.653175E+3
5.798427E+2	6.653485E+3
5.799080E+2	6.653620E+3
5.799770E+2	6.653609E+3
5.800456E+2	6.653926E+3
5.801121E+2	6.654044E+3
5.801821E+2	6.654207E+3
5.802497E+2	6.654364E+3
5.803141E+2	6.654450E+3
5.803812E+2	6.654436E+3
5.804493E+2	6.654749E+3
5.805139E+2	6.655068E+3
5.805818E+2	6.655126E+3
5.806465E+2	6.655284E+3
5.807130E+2	6.655882E+3
5.807791E+2	6.655833E+3
5.808477E+2	6.656210E+3
5.809113E+2	6.656172E+3
5.809772E+2	6.656112E+3
5.810469E+2	6.656336E+3
5.811128E+2	6.656688E+3
5.811828E+2	6.656698E+3
5.812489E+2	6.657072E+3
5.813155E+2	6.657031E+3
5.813835E+2	6.657007E+3
5.814502E+2	6.657238E+3
5.815162E+2	6.657542E+3
5.815852E+2	6.657588E+3
5.816522E+2	6.657424E+3
5.817194E+2	6.657518E+3
5.817838E+2	6.657701E+3
5.818505E+2	6.657865E+3
5.819181E+2	6.658012E+3
5.819842E+2	6.658045E+3
5.820497E+2	6.658237E+3
5.821162E+2	6.658435E+3
5.821833E+2	6.658504E+3
5.822479E+2	6.658678E+3
5.823173E+2	6.658560E+3
5.823856E+2	6.658739E+3
5.824532E+2	6.658739E+3
5.825185E+2	6.658966E+3
5.825845E+2	6.659251E+3
5.826519E+2	6.659440E+3
5.827206E+2	6.659538E+3
5.827852E+2	6.659657E+3
5.828508E+2	6.659833E+3
5.829183E+2	0.000000E+0
5.829843E+2	6.659956E+3
5.830529E+2	6.660139E+3
5.831176E+2	6.660290E+3
5.831866E+2	6.660489E+3
5.832532E+2	6.660442E+3
5.833219E+2	6.660605E+3
5.833889E+2	6.660562E+3
5.834594E+2	6.660785E+3
5.835279E+2	6.660861E+3
5.835929E+2	6.660773E+3
5.836605E+2	6.661109E+3
5.837259E+2	6.661322E+3
5.837930E+2	6.661341E+3
5.838627E+2	6.661487E+3
5.839341E+2	6.661937E+3
5.840011E+2	6.661572E+3
5.840719E+2	6.661603E+3
5.841376E+2	6.662057E+3
5.842069E+2	6.662258E+3
5.842716E+2	6.662395E+3
5.843382E+2	6.662315E+3
5.844062E+2	6.662408E+3
5.844706E+2	6.662737E+3
5.845359E+2	6.662859E+3
5.846019E+2	6.662876E+3
5.846685E+2	6.663148E+3
5.847331E+2	6.662922E+3
5.848010E+2	6.663311E+3
5.848675E+2	6.663568E+3
5.849320E+2	6.663909E+3
5.850009E+2	6.663976E+3
5.850676E+2	6.664041E+3
5.851378E+2	6.664218E+3
5.852008E+2	6.664104E+3
5.852689E+2	6.664477E+3
5.853353E+2	6.664573E+3
5.854006E+2	6.664750E+3
5.854691E+2	6.664764E+3
5.855376E+2	6.664757E+3
5.856016E+2	6.664938E+3
5.856692E+2	6.664947E+3
5.857357E+2	6.665061E+3
5.858043E+2	6.665010E+3
5.858718E+2	6.665276E+3
5.859373E+2	6.665257E+3
5.860063E+2	6.665750E+3
5.860719E+2	6.665846E+3
5.861405E+2	6.665782E+3
5.862085E+2	6.665759E+3
5.862772E+2	6.665982E+3
5.863452E+2	6.666407E+3
5.864091E+2	6.666202E+3
5.864797E+2	6.666536E+3
5.865452E+2	6.666226E+3
5.866138E+2	6.666969E+3
5.866788E+2	6.667078E+3
5.867474E+2	0.000000E+0
5.868141E+2	6.667011E+3
5.868841E+2	6.667257E+3
5.869503E+2	6.667477E+3
5.870165E+2	6.667912E+3
5.870848E+2	6.668053E+3
5.871525E+2	6.668098E+3
5.872177E+2	6.668364E+3
5.872836E+2	6.668515E+3
5.873491E+2	6.668517E+3
5.874155E+2	6.668694E+3
5.874825E+2	6.668765E+3
5.875491E+2	6.668879E+3
5.876206E+2	6.669105E+3
5.876857E+2	6.669114E+3
5.877502E+2	6.669249E+3
5.878166E+2	6.669481E+3
5.878826E+2	6.669567E+3
5.879481E+2	6.669610E+3
5.880175E+2	6.669824E+3
5.880854E+2	6.670062E+3
5.881562E+2	6.669641E+3
5.882215E+2	6.669881E+3
5.882914E+2	6.669911E+3
5.883561E+2	6.670143E+3
5.884217E+2	6.670189E+3
5.884878E+2	6.670374E+3
5.885534E+2	6.670461E+3
5.886209E+2	6.670331E+3
5.886878E+2	6.670701E+3
5.887574E+2	6.670744E+3
5.888216E+2	6.670908E+3
5.888895E+2	6.671186E+3
5.889551E+2	6.671049E+3
5.890208E+2	6.671149E+3
5.890872E+2	6.671516E+3
5.891560E+2	6.671509E+3
5.892255E+2	6.671722E+3
5.892915E+2	6.671843E+3
5.893607E+2	6.671947E+3
5.894317E+2	6.672089E+3
5.894987E+2	6.672398E+3
5.895650E+2	6.672390E+3
5.896315E+2	6.672429E+3
5.896985E+2	6.672737E+3
5.897681E+2	6.672883E+3
5.898391E+2	6.672945E+3
5.899091E+2	6.673170E+3
5.899769E+2	6.673502E+3
5.900466E+2	6.673684E+3
5.901146E+2	6.674010E+3
5.901851E+2	6.674096E+3
5.902546E+2	6.674079E+3
5.903191E+2	6.674242E+3
5.903861E+2	6.674479E+3
5.904527E+2	6.674419E+3
5.905177E+2	6.674711E+3
5.905896E+2	6.674800E+3
5.906551E+2	6.674909E+3
5.907257E+2	6.675269E+3
5.907900E+2	6.675376E+3
5.908576E+2	6.675523E+3
5.909229E+2	6.675653E+3
5.909899E+2	6.675772E+3
5.910554E+2	6.676025E+3
5.911240E+2	6.676118E+3
5.911940E+2	6.676153E+3
5.912612E+2	6.676301E+3
5.913306E+2	6.676421E+3
5.914006E+2	6.676517E+3
5.914661E+2	6.676761E+3
5.915307E+2	6.676954E+3
5.915977E+2	6.677019E+3
5.916623E+2	6.677196E+3
5.917309E+2	6.677143E+3
5.917999E+2	6.677289E+3
5.918664E+2	6.677493E+3
5.919377E+2	6.677697E+3
5.920036E+2	6.677716E+3
5.920714E+2	6.677719E+3
5.921390E+2	6.677810E+3
5.922049E+2	6.677883E+3
5.922737E+2	6.678060E+3
5.923402E+2	6.678220E+3
5.924077E+2	6.678226E+3
5.924753E+2	6.678365E+3
5.925410E+2	6.678569E+3
5.926111E+2	6.678793E+3
5.926816E+2	6.678827E+3
5.927482E+2	0.000000E+0
5.928152E+2	6.679201E+3
5.928823E+2	6.679328E+3
5.929479E+2	6.680012E+3
5.930140E+2	6.680151E+3
5.930807E+2	6.679976E+3
5.931463E+2	6.680450E+3
5.932163E+2	6.680607E+3
5.932810E+2	6.680695E+3
5.933484E+2	6.680873E+3
5.934146E+2	6.680915E+3
5.934820E+2	6.680658E+3
5.935504E+2	6.681090E+3
5.936203E+2	6.681383E+3
5.936885E+2	6.681536E+3
5.937561E+2	6.682627E+3
5.938222E+2	6.682759E+3
5.938873E+2	6.682650E+3
5.939531E+2	6.682569E+3
5.940200E+2	6.682776E+3
5.940865E+2	6.682971E+3
5.941551E+2	6.683041E+3
5.942226E+2	6.683272E+3
5.942916E+2	6.683727E+3
5.943571E+2	6.684140E+3
5.944246E+2	6.683903E+3
5.944915E+2	6.684250E+3
5.945600E+2	6.684402E+3
5.946262E+2	6.684629E+3
5.946961E+2	6.684908E+3
5.947618E+2	6.685022E+3
5.948293E+2	6.685175E+3
5.948943E+2	6.685269E+3
5.949636E+2	6.685304E+3
5.950334E+2	6.685539E+3
5.951014E+2	6.685559E+3
5.951702E+2	6.685798E+3
5.952369E+2	6.685893E+3
5.953029E+2	6.685947E+3
5.953689E+2	6.686042E+3
5.954352E+2	6.686273E+3
5.955052E+2	6.686480E+3
5.955686E+2	6.686522E+3
5.956342E+2	6.686859E+3
5.956983E+2	6.686671E+3
5.957643E+2	0.000000E+0
5.958318E+2	6.687084E+3
5.959009E+2	6.687245E+3
5.959684E+2	6.687145E+3
5.960369E+2	6.687319E+3
5.961019E+2	6.687482E+3
5.961674E+2	6.687529E+3
5.962352E+2	6.687679E+3
5.963042E+2	6.687595E+3
5.963724E+2	6.687884E+3
5.964356E+2	6.687798E+3
5.965006E+2	6.688092E+3
5.965711E+2	6.688625E+3
5.966377E+2	6.688519E+3
5.967057E+2	6.688566E+3
5.967713E+2	6.689057E+3
5.968359E+2	6.688996E+3
5.969020E+2	6.689439E+3
5.969671E+2	6.689569E+3
5.970325E+2	6.689589E+3
5.970996E+2	6.689872E+3
5.971690E+2	6.690203E+3
5.972346E+2	6.690252E+3
5.973056E+2	6.690540E+3
5.973748E+2	6.690720E+3
5.974400E+2	6.690776E+3
5.975060E+2	6.690397E+3
5.975716E+2	6.690637E+3
5.976354E+2	6.691035E+3
5.976994E+2	6.690983E+3
5.977680E+2	6.691392E+3
5.978347E+2	6.691320E+3
5.979020E+2	6.691366E+3
5.979695E+2	6.691486E+3
5.980361E+2	6.691656E+3
5.981021E+2	6.691824E+3
5.981674E+2	6.691746E+3
5.982347E+2	6.691857E+3
5.983037E+2	6.692060E+3
5.983692E+2	6.692453E+3
5.984407E+2	6.692382E+3
5.985078E+2	6.692684E+3
5.985734E+2	6.692543E+3
5.986379E+2	6.692792E+3
5.987040E+2	6.692942E+3
5.987722E+2	6.693113E+3
5.988380E+2	6.693168E+3
5.989090E+2	6.693885E+3
5.989781E+2	6.694352E+3
5.990465E+2	6.694423E+3
5.991175E+2	6.694231E+3
5.991823E+2	6.694637E+3
5.992498E+2	6.694526E+3
5.993180E+2	6.694639E+3
5.993844E+2	6.694715E+3
5.994510E+2	6.694943E+3
5.995200E+2	6.694961E+3
5.995875E+2	6.695267E+3
5.996591E+2	6.695415E+3
5.997262E+2	6.695335E+3
5.997919E+2	6.695589E+3
5.998604E+2	6.695958E+3
5.999275E+2	6.695737E+3
5.999941E+2	6.695938E+3
6.000607E+2	6.695918E+3
6.001268E+2	6.696194E+3
6.001953E+2	6.696432E+3
6.002608E+2	6.696780E+3
6.003309E+2	6.696625E+3
6.003989E+2	6.696923E+3
6.004645E+2	6.697270E+3
6.005295E+2	6.697171E+3
6.005990E+2	6.697486E+3
6.006665E+2	6.697593E+3
6.007340E+2	6.697705E+3
6.008010E+2	6.697751E+3
6.008720E+2	6.697813E+3
6.009416E+2	6.698369E+3
6.010096E+2	6.698592E+3
6.010771E+2	6.698820E+3
6.011434E+2	6.699201E+3
6.012074E+2	6.699114E+3
6.012740E+2	6.699151E+3
6.013415E+2	6.699436E+3
6.014136E+2	6.699547E+3
6.014802E+2	6.699576E+3
6.015477E+2	6.699663E+3
6.016147E+2	6.699877E+3
6.016800E+2	6.699973E+3
6.017455E+2	6.700210E+3
6.018116E+2	6.700242E+3
6.018791E+2	6.700399E+3
6.019447E+2	6.700463E+3
6.020127E+2	6.700645E+3
6.020783E+2	6.700868E+3
6.021487E+2	6.701040E+3
6.022152E+2	6.701082E+3
6.022828E+2	6.701251E+3
6.023493E+2	6.701432E+3
6.024153E+2	6.701580E+3
6.024802E+2	6.701571E+3
6.025493E+2	6.701786E+3
6.026163E+2	6.701805E+3
6.026848E+2	6.701904E+3
6.027514E+2	6.701997E+3
6.028163E+2	6.702029E+3
6.028819E+2	6.702242E+3
6.029484E+2	6.702384E+3
6.030159E+2	6.702598E+3
6.030834E+2	6.702791E+3
6.031532E+2	6.702906E+3
6.032232E+2	6.703098E+3
6.032894E+2	6.703247E+3
6.033551E+2	6.703254E+3
6.034232E+2	6.703453E+3
6.034913E+2	6.703479E+3
6.035588E+2	6.703823E+3
6.036268E+2	6.704054E+3
6.036924E+2	6.704021E+3
6.037569E+2	6.704170E+3
6.038259E+2	6.704327E+3
6.038919E+2	6.704398E+3
6.039580E+2	6.704517E+3
6.040230E+2	6.704711E+3
6.040902E+2	6.704847E+3
6.041568E+2	6.704914E+3
6.042229E+2	6.705018E+3
6.042907E+2	6.705176E+3
6.043589E+2	6.705217E+3
6.044298E+2	6.705551E+3
6.044954E+2	6.705727E+3
6.045619E+2	6.705546E+3
6.046261E+2	6.705853E+3
6.046958E+2	6.705951E+3
6.047645E+2	6.706201E+3
6.048315E+2	6.706140E+3
6.048971E+2	6.706441E+3
6.049676E+2	6.706541E+3
6.050307E+2	6.706660E+3
6.050971E+2	6.706915E+3
6.051646E+2	6.707046E+3
6.052328E+2	6.707240E+3
6.052965E+2	6.707328E+3
6.053651E+2	6.707501E+3
6.054304E+2	6.707815E+3
6.054976E+2	6.707837E+3
6.055683E+2	6.708506E+3
6.056333E+2	6.708713E+3
6.057030E+2	6.708828E+3
6.057696E+2	6.709006E+3
6.058366E+2	6.709161E+3
6.059022E+2	6.709272E+3
6.059668E+2	6.709353E+3
6.060328E+2	6.709539E+3
6.061003E+2	6.709646E+3
6.061718E+2	6.709791E+3
6.062368E+2	6.709901E+3
6.063043E+2	6.709900E+3
6.063697E+2	6.710013E+3
6.064338E+2	0.000000E+0
6.065011E+2	6.710254E+3
6.065706E+2	6.710466E+3
6.066356E+2	6.710738E+3
6.067073E+2	6.710764E+3
6.067748E+2	6.710563E+3
6.068444E+2	6.710800E+3
6.069105E+2	6.710917E+3
6.069762E+2	6.710837E+3
6.070428E+2	6.711089E+3
6.071069E+2	6.711311E+3
6.071753E+2	6.711314E+3
6.072459E+2	6.711565E+3
6.073099E+2	6.711701E+3
6.073797E+2	6.711880E+3
6.074469E+2	6.712039E+3
6.075119E+2	6.712280E+3
6.075794E+2	6.712467E+3
6.076450E+2	6.712654E+3
6.077123E+2	6.712905E+3
6.077820E+2	6.712885E+3
6.078500E+2	6.712985E+3
6.079222E+2	6.713226E+3
6.079892E+2	6.713278E+3
6.080576E+2	6.713432E+3
6.081246E+2	6.713647E+3
6.081903E+2	6.713991E+3
6.082569E+2	6.714092E+3
6.083239E+2	6.714535E+3
6.083894E+2	6.714625E+3
6.084575E+2	6.714946E+3
6.085245E+2	6.715098E+3
6.085935E+2	6.715178E+3
6.086606E+2	6.715299E+3
6.087246E+2	6.715519E+3
6.087894E+2	6.715889E+3
6.088581E+2	6.716134E+3
6.089241E+2	6.716101E+3
6.089886E+2	6.716370E+3
6.090571E+2	6.716647E+3
6.091221E+2	6.716593E+3
6.091911E+2	6.716899E+3
6.092576E+2	6.717038E+3
6.093260E+2	6.717273E+3
6.093911E+2	6.717267E+3
6.094572E+2	6.717452E+3
6.095232E+2	6.717621E+3
6.095918E+2	6.717605E+3
6.096563E+2	6.717823E+3
6.097223E+2	6.718060E+3
6.097892E+2	6.718323E+3
6.098553E+2	6.718332E+3
6.099227E+2	6.718449E+3
6.099873E+2	6.718711E+3
6.100537E+2	6.718805E+3
6.101219E+2	6.718779E+3
6.101875E+2	6.718861E+3
6.102568E+2	6.719123E+3
6.103198E+2	6.719303E+3
6.103843E+2	6.719282E+3
6.104489E+2	6.719322E+3
6.105168E+2	6.719483E+3
6.105834E+2	6.719584E+3
6.106481E+2	6.719760E+3
6.107181E+2	6.719934E+3
6.107848E+2	6.720060E+3
6.108507E+2	6.720649E+3
6.109160E+2	6.720634E+3
6.109828E+2	0.000000E+0
6.110479E+2	6.720987E+3
6.111149E+2	6.721147E+3
6.111811E+2	6.721032E+3
6.112493E+2	6.721337E+3
6.113154E+2	6.721526E+3
6.113861E+2	6.721519E+3
6.114517E+2	6.721916E+3
6.115185E+2	6.721894E+3
6.115829E+2	6.722049E+3
6.116484E+2	6.722314E+3
6.117163E+2	6.722647E+3
6.117830E+2	6.722748E+3
6.118493E+2	6.722604E+3
6.119151E+2	6.722593E+3
6.119826E+2	6.722604E+3
6.120487E+2	6.722870E+3
6.121141E+2	6.723068E+3
6.121798E+2	6.722782E+3
6.122471E+2	6.723184E+3
6.123163E+2	6.723644E+3
6.123833E+2	6.723867E+3
6.124511E+2	6.723864E+3
6.125168E+2	6.723964E+3
6.125826E+2	6.724097E+3
6.126482E+2	6.724212E+3
6.127156E+2	6.724481E+3
6.127817E+2	6.724689E+3
6.128502E+2	6.724714E+3
6.129174E+2	6.724933E+3
6.129830E+2	6.725104E+3
6.130526E+2	6.725125E+3
6.131219E+2	6.725242E+3
6.131874E+2	6.725301E+3
6.132537E+2	6.725341E+3
6.133202E+2	6.725537E+3
6.133862E+2	6.725569E+3
6.134549E+2	6.725631E+3
6.135238E+2	6.725733E+3
6.135910E+2	6.726130E+3
6.136607E+2	6.726138E+3
6.137280E+2	6.726308E+3
6.137937E+2	6.726326E+3
6.138598E+2	6.726475E+3
6.139265E+2	6.726788E+3
6.139926E+2	6.726922E+3
6.140597E+2	6.727001E+3
6.141282E+2	6.727171E+3
6.141944E+2	6.727292E+3
6.142641E+2	6.727448E+3
6.143292E+2	6.727529E+3
6.143964E+2	6.727654E+3
6.144609E+2	6.727772E+3
6.145275E+2	6.728055E+3
6.145938E+2	6.728041E+3
6.146634E+2	6.728198E+3
6.147304E+2	6.728361E+3
6.147977E+2	6.728377E+3
6.148653E+2	6.728624E+3
6.149317E+2	6.728760E+3
6.149980E+2	6.728816E+3
6.150630E+2	6.728887E+3
6.151291E+2	6.729053E+3
6.151958E+2	6.729142E+3
6.152649E+2	6.729178E+3
6.153287E+2	6.729374E+3
6.153968E+2	6.729453E+3
6.154635E+2	6.729646E+3
6.155293E+2	6.729490E+3
6.155970E+2	6.729422E+3
6.156634E+2	6.730295E+3
6.157274E+2	6.730700E+3
6.157930E+2	6.730705E+3
6.158616E+2	6.730894E+3
6.159295E+2	6.731009E+3
6.159991E+2	6.731519E+3
6.160657E+2	6.731722E+3
6.161322E+2	6.731539E+3
6.161971E+2	6.731783E+3
6.162647E+2	6.731939E+3
6.163316E+2	6.732035E+3
6.164016E+2	6.732412E+3
6.164685E+2	6.732591E+3
6.165371E+2	6.732613E+3
6.166036E+2	6.732779E+3
6.166704E+2	6.732802E+3
6.167350E+2	6.732888E+3
6.168023E+2	6.733031E+3
6.168676E+2	6.733240E+3
6.169337E+2	6.733347E+3
6.170051E+2	6.733435E+3
6.170745E+2	6.733486E+3
6.171410E+2	6.733605E+3
6.172099E+2	6.733912E+3
6.172759E+2	6.734078E+3
6.173417E+2	6.733867E+3
6.174098E+2	6.734146E+3
6.174736E+2	6.734321E+3
6.175395E+2	6.734286E+3
6.176058E+2	6.734356E+3
6.176724E+2	6.734545E+3
6.177416E+2	6.734654E+3
6.178097E+2	6.734793E+3
6.178748E+2	6.734626E+3
6.179421E+2	6.734693E+3
6.180062E+2	6.734802E+3
6.180691E+2	6.735172E+3
6.181381E+2	6.735209E+3
6.182031E+2	6.735250E+3
6.182716E+2	0.000000E+0
6.183391E+2	6.735479E+3
6.184053E+2	6.735775E+3
6.184720E+2	6.735884E+3
6.185390E+2	6.736019E+3
6.186049E+2	6.736098E+3
6.186720E+2	6.736343E+3
6.187355E+2	6.736351E+3
6.187994E+2	6.736590E+3
6.188659E+2	6.736691E+3
6.189342E+2	6.736804E+3
6.189989E+2	6.737086E+3
6.190645E+2	6.737229E+3
6.191312E+2	6.737545E+3
6.191980E+2	6.737668E+3
6.192665E+2	6.737691E+3
6.193348E+2	6.738010E+3
6.194020E+2	6.738164E+3
6.194676E+2	6.738117E+3
6.195347E+2	6.738235E+3
6.195994E+2	6.738229E+3
6.196662E+2	6.738520E+3
6.197397E+2	6.738714E+3
6.198033E+2	6.738858E+3
6.198711E+2	6.739157E+3
6.199381E+2	6.739015E+3
6.200037E+2	6.739216E+3
6.200704E+2	6.739386E+3
6.201363E+2	6.739431E+3
6.202019E+2	6.739760E+3
6.202673E+2	6.739935E+3
6.203389E+2	6.740054E+3
6.204042E+2	6.740309E+3
6.204724E+2	6.740315E+3
6.205395E+2	6.740677E+3
6.206061E+2	6.740527E+3
6.206722E+2	6.740639E+3
6.207372E+2	6.740463E+3
6.208057E+2	6.740806E+3
6.208722E+2	6.741208E+3
6.209405E+2	6.741226E+3
6.210050E+2	6.741406E+3
6.210751E+2	6.741592E+3
6.211410E+2	6.741713E+3
6.212061E+2	6.741941E+3
6.212730E+2	6.742078E+3
6.213390E+2	6.742285E+3
6.214061E+2	6.742332E+3
6.214704E+2	6.742543E+3
6.215426E+2	6.742647E+3
6.216116E+2	6.742296E+3
6.216781E+2	6.742760E+3
6.217452E+2	6.742945E+3
6.218127E+2	6.743333E+3
6.218793E+2	6.743081E+3
6.219473E+2	6.743373E+3
6.220138E+2	6.743386E+3
6.220789E+2	6.743364E+3
6.221459E+2	6.743550E+3
6.222182E+2	6.744306E+3
6.222849E+2	6.744414E+3
6.223524E+2	6.744633E+3
6.224184E+2	6.744914E+3
6.224840E+2	6.745042E+3
6.225525E+2	6.745068E+3
6.226210E+2	6.745374E+3
6.226885E+2	6.745577E+3
6.227571E+2	6.745395E+3
6.228272E+2	6.745789E+3
6.228927E+2	6.746000E+3
6.229582E+2	6.746077E+3
6.230242E+2	6.746279E+3
6.230918E+2	6.746558E+3
6.231554E+2	6.746442E+3
6.232223E+2	6.746666E+3
6.232900E+2	6.746810E+3
6.233604E+2	6.746945E+3
6.234325E+2	6.747022E+3
6.235000E+2	6.747197E+3
6.235645E+2	6.747229E+3
6.236316E+2	6.747412E+3
6.236972E+2	6.747515E+3
6.237629E+2	6.747436E+3
6.238329E+2	6.747546E+3
6.238995E+2	6.747862E+3
6.239680E+2	6.747908E+3
6.240380E+2	6.748065E+3
6.241061E+2	6.748195E+3
6.241707E+2	6.748400E+3
6.242367E+2	6.748509E+3
6.243046E+2	6.748639E+3
6.243707E+2	6.748649E+3
6.244407E+2	6.748704E+3
6.245112E+2	6.748894E+3
6.245748E+2	6.749143E+3
6.246408E+2	6.749289E+3
6.247064E+2	6.749167E+3
6.247739E+2	6.749508E+3
6.248410E+2	6.749583E+3
6.249065E+2	6.749742E+3
6.249721E+2	6.749854E+3
6.250401E+2	6.750039E+3
6.251088E+2	6.750175E+3
6.251763E+2	6.750436E+3
6.252433E+2	6.750395E+3
6.253128E+2	6.750643E+3
6.253794E+2	6.750532E+3
6.254464E+2	6.750856E+3
6.255146E+2	6.750833E+3
6.255811E+2	6.751032E+3
6.256506E+2	6.751340E+3
6.257181E+2	6.751423E+3
6.257876E+2	6.751391E+3
6.258524E+2	6.751624E+3
6.259199E+2	6.751822E+3
6.259878E+2	6.751933E+3
6.260520E+2	6.752055E+3
6.261203E+2	6.752216E+3
6.261859E+2	6.752410E+3
6.262563E+2	6.752489E+3
6.263250E+2	6.752537E+3
6.263936E+2	6.752559E+3
6.264654E+2	6.752678E+3
6.265327E+2	6.752844E+3
6.265992E+2	6.753039E+3
6.266668E+2	6.753013E+3
6.267332E+2	6.753106E+3
6.267987E+2	6.753474E+3
6.268682E+2	6.753394E+3
6.269353E+2	6.753648E+3
6.270050E+2	6.753807E+3
6.270736E+2	6.754027E+3
6.271426E+2	6.754177E+3
6.272101E+2	6.754143E+3
6.272766E+2	6.754246E+3
6.273406E+2	6.754315E+3
6.274042E+2	6.754622E+3
6.274697E+2	6.754869E+3
6.275388E+2	6.754868E+3
6.276083E+2	6.755176E+3
6.276765E+2	6.755358E+3
6.277435E+2	6.755414E+3
6.278090E+2	6.755389E+3
6.278758E+2	6.755539E+3
6.279398E+2	6.755693E+3
6.280087E+2	6.755934E+3
6.280751E+2	6.755904E+3
6.281411E+2	6.756180E+3
6.282055E+2	6.756242E+3
6.282709E+2	6.756246E+3
6.283369E+2	6.756123E+3
6.284025E+2	6.756302E+3
6.284690E+2	6.756570E+3
6.285350E+2	6.756734E+3
6.286045E+2	6.756981E+3
6.286687E+2	6.757048E+3
6.287367E+2	6.757408E+3
6.288025E+2	6.757635E+3
6.288700E+2	6.757789E+3
6.289358E+2	6.757702E+3
6.290024E+2	6.757765E+3
6.290689E+2	6.758009E+3
6.291349E+2	6.758222E+3
6.292037E+2	6.758066E+3
6.292701E+2	6.758275E+3
6.293393E+2	6.758338E+3
6.294041E+2	6.758509E+3
6.294695E+2	6.758786E+3
6.295341E+2	6.758961E+3
6.296026E+2	6.759051E+3
6.296692E+2	6.759476E+3
6.297412E+2	6.759649E+3
6.298081E+2	6.759840E+3
6.298760E+2	6.759992E+3
6.299410E+2	6.759971E+3
6.300065E+2	6.760112E+3
6.300732E+2	6.760287E+3
6.301383E+2	6.760404E+3
6.302057E+2	6.760730E+3
6.302727E+2	6.760655E+3
6.303426E+2	6.760722E+3
6.304103E+2	6.760776E+3
6.304788E+2	6.760957E+3
6.305468E+2	6.761286E+3
6.306125E+2	6.761329E+3
6.306792E+2	6.761334E+3
6.307451E+2	6.761572E+3
6.308138E+2	6.761614E+3
6.308835E+2	6.761843E+3
6.309489E+2	6.761882E+3
6.310196E+2	6.762209E+3
6.310910E+2	6.762446E+3
6.311560E+2	6.762157E+3
6.312230E+2	6.762026E+3
6.312868E+2	6.762325E+3
6.313528E+2	6.762348E+3
6.314193E+2	6.762389E+3
6.314869E+2	6.762447E+3
6.315558E+2	6.762480E+3
6.316245E+2	6.762669E+3
6.316943E+2	6.762849E+3
6.317604E+2	6.763166E+3
6.318259E+2	6.763281E+3
6.318924E+2	0.000000E+0
6.319584E+2	6.763610E+3
6.320260E+2	6.763591E+3
6.320915E+2	6.763647E+3
6.321595E+2	6.763801E+3
6.322270E+2	6.763497E+3
6.322937E+2	6.763838E+3
6.323596E+2	6.764148E+3
6.324262E+2	6.764224E+3
6.324907E+2	6.764397E+3
6.325598E+2	6.764544E+3
6.326274E+2	6.764844E+3
6.326952E+2	6.764893E+3
6.327637E+2	6.765035E+3
6.328338E+2	6.765222E+3
6.329015E+2	6.765417E+3
6.329691E+2	6.765684E+3
6.330361E+2	6.765945E+3
6.331012E+2	6.766141E+3
6.331657E+2	6.766326E+3
6.332317E+2	6.766452E+3
6.332983E+2	6.766545E+3
6.333633E+2	6.766503E+3
6.334350E+2	6.767040E+3
6.334996E+2	6.767165E+3
6.335626E+2	6.767208E+3
6.336291E+2	6.767090E+3
6.336926E+2	6.767337E+3
6.337617E+2	6.767488E+3
6.338272E+2	6.767568E+3
6.338962E+2	6.768214E+3
6.339663E+2	6.767997E+3
6.340344E+2	6.768221E+3
6.341039E+2	6.768281E+3
6.341681E+2	6.768344E+3
6.342360E+2	6.768360E+3
6.343026E+2	6.768636E+3
6.343661E+2	6.768823E+3
6.344345E+2	6.768616E+3
6.344999E+2	6.769135E+3
6.345680E+2	6.769651E+3
6.346332E+2	6.769850E+3
6.346997E+2	6.769895E+3
6.347664E+2	6.770098E+3
6.348310E+2	6.770216E+3
6.348998E+2	6.770152E+3
6.349674E+2	6.770269E+3
6.350353E+2	6.770349E+3
6.351003E+2	6.770566E+3
6.351700E+2	6.770686E+3
6.352370E+2	6.770901E+3
6.353037E+2	6.771089E+3
6.353715E+2	6.771144E+3
6.354385E+2	6.771293E+3
6.355077E+2	6.771570E+3
6.355755E+2	6.771217E+3
6.356429E+2	6.771386E+3
6.357119E+2	6.771416E+3
6.357787E+2	6.771466E+3
6.358450E+2	6.771554E+3
6.359086E+2	6.771371E+3
6.359743E+2	6.771487E+3
6.360423E+2	6.771876E+3
6.361092E+2	6.772107E+3
6.361772E+2	6.772119E+3
6.362471E+2	6.772106E+3
6.363150E+2	6.772143E+3
6.363857E+2	6.772462E+3
6.364549E+2	6.772548E+3
6.365239E+2	6.772764E+3
6.365906E+2	6.772873E+3
6.366578E+2	6.773082E+3
6.367242E+2	6.773285E+3
6.367920E+2	6.773015E+3
6.368579E+2	6.773193E+3
6.369315E+2	6.773296E+3
6.369977E+2	6.773590E+3
6.370659E+2	6.773542E+3
6.371316E+2	6.773725E+3
6.371964E+2	6.773828E+3
6.372625E+2	6.773931E+3
6.373279E+2	6.774264E+3
6.373960E+2	6.774421E+3
6.374661E+2	6.774691E+3
6.375308E+2	6.774745E+3
6.376034E+2	6.774952E+3
6.376691E+2	6.775007E+3
6.377350E+2	6.775034E+3
6.378024E+2	6.775129E+3
6.378700E+2	6.775478E+3
6.379361E+2	6.776223E+3
6.380057E+2	6.776454E+3
6.380728E+2	6.776448E+3
6.381408E+2	6.776757E+3
6.382051E+2	6.776666E+3
6.382749E+2	6.777019E+3
6.383399E+2	6.777031E+3
6.384068E+2	6.777077E+3
6.384718E+2	6.777330E+3
6.385398E+2	6.777440E+3
6.386085E+2	6.777495E+3
6.386716E+2	6.777587E+3
6.387418E+2	6.777751E+3
6.388115E+2	6.777710E+3
6.388782E+2	6.777999E+3
6.389443E+2	6.778017E+3
6.390117E+2	6.778129E+3
6.390771E+2	6.778282E+3
6.391434E+2	6.778505E+3
6.392095E+2	6.778818E+3
6.392785E+2	6.779132E+3
6.393452E+2	6.779617E+3
6.394119E+2	6.779518E+3
6.394803E+2	6.779258E+3
6.395473E+2	6.779884E+3
6.396159E+2	6.779954E+3
6.396822E+2	6.779798E+3
6.397472E+2	6.780105E+3
6.398152E+2	6.780441E+3
6.398827E+2	6.780436E+3
6.399567E+2	6.780806E+3
6.400215E+2	6.780810E+3
6.400889E+2	6.781154E+3
6.401580E+2	6.781218E+3
6.402226E+2	6.781477E+3
6.402913E+2	6.781379E+3
6.403574E+2	6.781494E+3
6.404251E+2	6.781098E+3
6.404938E+2	6.781168E+3
6.405605E+2	6.781353E+3
6.406288E+2	6.781611E+3
6.406955E+2	6.782215E+3
6.407627E+2	6.782408E+3
6.408293E+2	6.782723E+3
6.408961E+2	6.782992E+3
6.409642E+2	6.782955E+3
6.410267E+2	6.782990E+3
6.410945E+2	6.783308E+3
6.411615E+2	6.783647E+3
6.412313E+2	6.783701E+3
6.412991E+2	6.783925E+3
6.413672E+2	6.783654E+3
6.414334E+2	6.783817E+3
6.415011E+2	6.784242E+3
6.415672E+2	6.784451E+3
6.416339E+2	6.784623E+3
6.417013E+2	6.784954E+3
6.417695E+2	6.785165E+3
6.418418E+2	6.785336E+3
6.419084E+2	6.785532E+3
6.419764E+2	6.785328E+3
6.420435E+2	6.785646E+3
6.421102E+2	6.785890E+3
6.421771E+2	6.786030E+3
6.422467E+2	6.786144E+3
6.423144E+2	6.786369E+3
6.423821E+2	6.786395E+3
6.424489E+2	6.786672E+3
6.425178E+2	6.786802E+3
6.425836E+2	6.786956E+3
6.426525E+2	6.786947E+3
6.427195E+2	6.786963E+3
6.427858E+2	6.786988E+3
6.428515E+2	0.000000E+0
6.429170E+2	6.787446E+3
6.429850E+2	6.787511E+3
6.430501E+2	6.787708E+3
6.431198E+2	6.788183E+3
6.431846E+2	6.788210E+3
6.432506E+2	6.788518E+3
6.433182E+2	6.788821E+3
6.433831E+2	6.788947E+3
6.434510E+2	6.788993E+3
6.435211E+2	6.789057E+3
6.435887E+2	6.789192E+3
6.436566E+2	6.789315E+3
6.437242E+2	6.789474E+3
6.437877E+2	6.789675E+3
6.438527E+2	6.789857E+3
6.439188E+2	6.789926E+3
6.439854E+2	6.790172E+3
6.440508E+2	6.790387E+3
6.441206E+2	6.790394E+3
6.441892E+2	6.790443E+3
6.442593E+2	6.790541E+3
6.443270E+2	6.790906E+3
6.443929E+2	6.790859E+3
6.444599E+2	6.791277E+3
6.445266E+2	6.791279E+3
6.445914E+2	6.791494E+3
6.446595E+2	6.791584E+3
6.447271E+2	6.791715E+3
6.447968E+2	6.791842E+3
6.448608E+2	6.791868E+3
6.449255E+2	6.792206E+3
6.449920E+2	6.792449E+3
6.450581E+2	6.792493E+3
6.451258E+2	6.792589E+3
6.451916E+2	6.792813E+3
6.452596E+2	6.792843E+3
6.453259E+2	6.793022E+3
6.453949E+2	6.793096E+3
6.454609E+2	6.793114E+3
6.455290E+2	6.793226E+3
6.455951E+2	6.793404E+3
6.456604E+2	6.793470E+3
6.457268E+2	6.793527E+3
6.457925E+2	6.793722E+3
6.458634E+2	6.793595E+3
6.459290E+2	6.794004E+3
6.459972E+2	6.793952E+3
6.460641E+2	6.794253E+3
6.461319E+2	6.793917E+3
6.461986E+2	6.794397E+3
6.462637E+2	6.794470E+3
6.463338E+2	6.794593E+3
6.464017E+2	6.794826E+3
6.464668E+2	6.794697E+3
6.465343E+2	6.795197E+3
6.466009E+2	6.795564E+3
6.466679E+2	6.795592E+3
6.467345E+2	6.795837E+3
6.468001E+2	6.795846E+3
6.468677E+2	6.795942E+3
6.469367E+2	6.796173E+3
6.470034E+2	6.796362E+3
6.470724E+2	6.796607E+3
6.471420E+2	6.796894E+3
6.472128E+2	6.797175E+3
6.472799E+2	6.796816E+3
6.473455E+2	6.797031E+3
6.474113E+2	6.797262E+3
6.474803E+2	6.797260E+3
6.475478E+2	6.797521E+3
6.476174E+2	6.797555E+3
6.476839E+2	6.797910E+3
6.477534E+2	6.797959E+3
6.478200E+2	6.797967E+3
6.478842E+2	6.798537E+3
6.479477E+2	6.798126E+3
6.480135E+2	6.798745E+3
6.480804E+2	6.798606E+3
6.481460E+2	6.798604E+3
6.482105E+2	6.798767E+3
6.482806E+2	6.798947E+3
6.483522E+2	6.799062E+3
6.484185E+2	6.799247E+3
6.484875E+2	6.799389E+3
6.485557E+2	6.800286E+3
6.486233E+2	6.799749E+3
6.486898E+2	6.800245E+3
6.487577E+2	6.800122E+3
6.488236E+2	6.799827E+3
6.488924E+2	6.799918E+3
6.489598E+2	6.799972E+3
6.490234E+2	6.800171E+3
6.490902E+2	6.800288E+3
6.491562E+2	6.800378E+3
6.492219E+2	6.800773E+3
6.492896E+2	6.800806E+3
6.493576E+2	6.800838E+3
6.494252E+2	6.800996E+3
6.494946E+2	6.800933E+3
6.495608E+2	6.801250E+3
6.496271E+2	6.801207E+3
6.496909E+2	6.801308E+3
6.497579E+2	6.801427E+3
6.498267E+2	6.801686E+3
6.498923E+2	6.802068E+3
6.499613E+2	6.802328E+3
6.500275E+2	6.802734E+3
6.500979E+2	6.802861E+3
6.501643E+2	6.802918E+3
6.502306E+2	6.803026E+3
6.502981E+2	6.803156E+3
6.503651E+2	6.803290E+3
6.504318E+2	6.803626E+3
6.505005E+2	6.803670E+3
6.505715E+2	6.803845E+3
6.506356E+2	6.803904E+3
6.507043E+2	6.804121E+3
6.507713E+2	6.803930E+3
6.508400E+2	6.804506E+3
6.509047E+2	6.804402E+3
6.509708E+2	6.804739E+3
6.510370E+2	6.804746E+3
6.511018E+2	6.805475E+3
6.511708E+2	6.805198E+3
6.512351E+2	6.805453E+3
6.513058E+2	6.805307E+3
6.513729E+2	6.805348E+3
6.514407E+2	6.805392E+3
6.515062E+2	6.805485E+3
6.515706E+2	6.805533E+3
6.516376E+2	6.805877E+3
6.517070E+2	6.805974E+3
6.517761E+2	6.806189E+3
6.518453E+2	6.806588E+3
6.519107E+2	6.806968E+3
6.519779E+2	6.807001E+3
6.520417E+2	6.807564E+3
6.521084E+2	6.807414E+3
6.521743E+2	6.807384E+3
6.522420E+2	6.807351E+3
6.523126E+2	6.807597E+3
6.523797E+2	6.807795E+3
6.524494E+2	6.808115E+3
6.525162E+2	6.808242E+3
6.525802E+2	6.808133E+3
6.526481E+2	6.808449E+3
6.527158E+2	6.808778E+3
6.527820E+2	6.808871E+3
6.528517E+2	6.809189E+3
6.529198E+2	6.809347E+3
6.529877E+2	6.809457E+3
6.530524E+2	6.809648E+3
6.531198E+2	6.809797E+3
6.531857E+2	6.809823E+3
6.532515E+2	6.810021E+3
6.533201E+2	6.810179E+3
6.533882E+2	6.810394E+3
6.534558E+2	6.810493E+3
6.535262E+2	6.810568E+3
6.535914E+2	6.810628E+3
6.536619E+2	6.810816E+3
6.537306E+2	6.811117E+3
6.537989E+2	6.811379E+3
6.538680E+2	6.811473E+3
6.539370E+2	6.811533E+3
6.540047E+2	6.811409E+3
6.540696E+2	6.811514E+3
6.541356E+2	6.811670E+3
6.542036E+2	6.811748E+3
6.542706E+2	6.811966E+3
6.543392E+2	6.812003E+3
6.544058E+2	6.812272E+3
6.544729E+2	6.812418E+3
6.545383E+2	6.812604E+3
6.546063E+2	6.812742E+3
6.546739E+2	6.812871E+3
6.547439E+2	6.812905E+3
6.548085E+2	6.813153E+3
6.548785E+2	6.813311E+3
6.549430E+2	6.813458E+3
6.550106E+2	6.813620E+3
6.550749E+2	6.813661E+3
6.551415E+2	6.813789E+3
6.552079E+2	6.813845E+3
6.552739E+2	6.813980E+3
6.553435E+2	6.814156E+3
6.554090E+2	6.814385E+3
6.554780E+2	6.814666E+3
6.555430E+2	6.814769E+3
6.556088E+2	6.814907E+3
6.556757E+2	6.815073E+3
6.557433E+2	6.815169E+3
6.558099E+2	6.815272E+3
6.558775E+2	6.815437E+3
6.559451E+2	6.815595E+3
6.560138E+2	6.815346E+3
6.560794E+2	6.815278E+3
6.561430E+2	6.815466E+3
6.562096E+2	6.815673E+3
6.562756E+2	6.815793E+3
6.563431E+2	6.816034E+3
6.564109E+2	6.816133E+3
6.564789E+2	6.816326E+3
6.565463E+2	6.816410E+3
6.566164E+2	6.816572E+3
6.566835E+2	6.816580E+3
6.567511E+2	6.816718E+3
6.568176E+2	6.816819E+3
6.568837E+2	0.000000E+0
6.569513E+2	6.816926E+3
6.570181E+2	6.816928E+3
6.570849E+2	6.817068E+3
6.571545E+2	6.817145E+3
6.572211E+2	6.817781E+3
6.572890E+2	6.817955E+3
6.573563E+2	6.817860E+3
6.574225E+2	6.818850E+3
6.574884E+2	6.819200E+3
6.575550E+2	6.819055E+3
6.576217E+2	6.819715E+3
6.576876E+2	6.819014E+3
6.577580E+2	6.818996E+3
6.578248E+2	6.819131E+3
6.578918E+2	6.819307E+3
6.579575E+2	6.819335E+3
6.580242E+2	6.819769E+3
6.580922E+2	6.819870E+3
6.581607E+2	6.819949E+3
6.582239E+2	6.819874E+3
6.582897E+2	6.820124E+3
6.583587E+2	6.820090E+3
6.584260E+2	6.819710E+3
6.584970E+2	6.820083E+3
6.585637E+2	6.820585E+3
6.586309E+2	6.820942E+3
6.586969E+2	6.821187E+3
6.587656E+2	6.820967E+3
6.588353E+2	6.821123E+3
6.589015E+2	6.821018E+3
6.589741E+2	6.821306E+3
6.590419E+2	6.821323E+3
6.591085E+2	6.821553E+3
6.591728E+2	6.821631E+3
6.592393E+2	6.821653E+3
6.593069E+2	6.821871E+3
6.593719E+2	6.821949E+3
6.594415E+2	6.822214E+3
6.595111E+2	6.821903E+3
6.595791E+2	6.822197E+3
6.596466E+2	6.822175E+3
6.597132E+2	6.822823E+3
6.597823E+2	6.822480E+3
6.598470E+2	6.823309E+3
6.599137E+2	6.823531E+3
6.599797E+2	6.823448E+3
6.600453E+2	6.823606E+3
6.601141E+2	6.823828E+3
6.601812E+2	6.823953E+3
6.602500E+2	6.823970E+3
6.603178E+2	6.824152E+3
6.603837E+2	6.824344E+3
6.604515E+2	6.824378E+3
6.605203E+2	6.824755E+3
6.605843E+2	6.824810E+3
6.606508E+2	6.824987E+3
6.607153E+2	6.825565E+3
6.607853E+2	6.825655E+3
6.608528E+2	6.825427E+3
6.609214E+2	6.824949E+3
6.609894E+2	6.825102E+3
6.610575E+2	6.825300E+3
6.611224E+2	6.825993E+3
6.611923E+2	6.825461E+3
6.612584E+2	6.825839E+3
6.613272E+2	6.826238E+3
6.613943E+2	6.826910E+3
6.614638E+2	6.826456E+3
6.615285E+2	6.826871E+3
6.615945E+2	6.826861E+3
6.616620E+2	6.827144E+3
6.617296E+2	6.826861E+3
6.617976E+2	6.827244E+3
6.618651E+2	6.827488E+3
6.619339E+2	6.827500E+3
6.620049E+2	6.827493E+3
6.620724E+2	6.827628E+3
6.621401E+2	6.827776E+3
6.622083E+2	6.828066E+3
6.622751E+2	6.828384E+3
6.623439E+2	6.828305E+3
6.624127E+2	6.828312E+3
6.624817E+2	6.828674E+3
6.625513E+2	6.828674E+3
6.626208E+2	6.829129E+3
6.626878E+2	6.829015E+3
6.627550E+2	6.829056E+3
6.628220E+2	6.829401E+3
6.628899E+2	6.829322E+3
6.629555E+2	6.829614E+3
6.630250E+2	6.829803E+3
6.630926E+2	6.829824E+3
6.631614E+2	6.830020E+3
6.632261E+2	6.830339E+3
6.632970E+2	6.831098E+3
6.633626E+2	6.831042E+3
6.634329E+2	6.831329E+3
6.635007E+2	6.831592E+3
6.635653E+2	6.831596E+3
6.636325E+2	6.831836E+3
6.637006E+2	6.832403E+3
6.637689E+2	6.832722E+3
6.638398E+2	6.832985E+3
6.639088E+2	6.833200E+3
6.639754E+2	6.833318E+3
6.640429E+2	6.833484E+3
6.641121E+2	6.833613E+3
6.641771E+2	6.833668E+3
6.642437E+2	6.833822E+3
6.643109E+2	6.833948E+3
6.643785E+2	6.833888E+3
6.644443E+2	6.833988E+3
6.645148E+2	6.834080E+3
6.645808E+2	6.834186E+3
6.646484E+2	6.834474E+3
6.647170E+2	6.834582E+3
6.647837E+2	6.834744E+3
6.648514E+2	6.835003E+3
6.649189E+2	6.835292E+3
6.649879E+2	6.835351E+3
6.650564E+2	6.835522E+3
6.651243E+2	6.835749E+3
6.651943E+2	6.835640E+3
6.652619E+2	6.835793E+3
6.653275E+2	6.835980E+3
6.653984E+2	6.836269E+3
6.654650E+2	6.836294E+3
6.655315E+2	6.836459E+3
6.655995E+2	6.836582E+3
6.656655E+2	6.836792E+3
6.657307E+2	6.836986E+3
6.657996E+2	6.836920E+3
6.658672E+2	6.837179E+3
6.659367E+2	6.837206E+3
6.660048E+2	6.837284E+3
6.660735E+2	6.837479E+3
6.661423E+2	6.837538E+3
6.662082E+2	6.837651E+3
6.662778E+2	6.837834E+3
6.663463E+2	6.837862E+3
6.664128E+2	6.838053E+3
6.664834E+2	6.838115E+3
6.665520E+2	6.838484E+3
6.666188E+2	6.838459E+3
6.666888E+2	6.838430E+3
6.667547E+2	6.838604E+3
6.668216E+2	6.839059E+3
6.668878E+2	6.839093E+3
6.669523E+2	6.838985E+3
6.670199E+2	6.839185E+3
6.670859E+2	6.838932E+3
6.671566E+2	6.839619E+3
6.672281E+2	6.839722E+3
6.672932E+2	6.839666E+3
6.673620E+2	6.839755E+3
6.674278E+2	6.839978E+3
6.674949E+2	6.840135E+3
6.675617E+2	6.840360E+3
6.676284E+2	6.840801E+3
6.676983E+2	6.840635E+3
6.677671E+2	6.840952E+3
6.678347E+2	6.841004E+3
6.679087E+2	6.841161E+3
6.679753E+2	6.841341E+3
6.680451E+2	6.841555E+3
6.681098E+2	6.841693E+3
6.681777E+2	6.841799E+3
6.682445E+2	6.841972E+3
6.683116E+2	6.841679E+3
6.683783E+2	6.842251E+3
6.684469E+2	6.842301E+3
6.685130E+2	6.842334E+3
6.685828E+2	6.842625E+3
6.686500E+2	6.842721E+3
6.687130E+2	6.842764E+3
6.687776E+2	6.842416E+3
6.688431E+2	6.841796E+3
6.689113E+2	6.841940E+3
6.689778E+2	6.842203E+3
6.690463E+2	6.842217E+3
6.691137E+2	6.842374E+3
6.691806E+2	6.842381E+3
6.692485E+2	6.842662E+3
6.693176E+2	6.842563E+3
6.693812E+2	6.842594E+3
6.694489E+2	6.842950E+3
6.695159E+2	6.842789E+3
6.695823E+2	6.843106E+3
6.696491E+2	6.843297E+3
6.697162E+2	6.843795E+3
6.697833E+2	6.843920E+3
6.698488E+2	6.843919E+3
6.699138E+2	6.843950E+3
6.699793E+2	6.844242E+3
6.700439E+2	6.844378E+3
6.701115E+2	6.844450E+3
6.701810E+2	6.844647E+3
6.702476E+2	6.844763E+3
6.703156E+2	6.844889E+3
6.703848E+2	6.845022E+3
6.704520E+2	6.845176E+3
6.705190E+2	6.845334E+3
6.705881E+2	6.845531E+3
6.706542E+2	6.845782E+3
6.707234E+2	6.845848E+3
6.707895E+2	6.845894E+3
6.708582E+2	6.846157E+3
6.709288E+2	6.846605E+3
6.709938E+2	6.846751E+3
6.710623E+2	6.846963E+3
6.711271E+2	6.847334E+3
6.711934E+2	6.847415E+3
6.712597E+2	6.847546E+3
6.713275E+2	6.847738E+3
6.713960E+2	6.847989E+3
6.714667E+2	6.847995E+3
6.715364E+2	6.848063E+3
6.716034E+2	6.848198E+3
6.716680E+2	6.848258E+3
6.717332E+2	6.848544E+3
6.717992E+2	6.848775E+3
6.718677E+2	6.848895E+3
6.719347E+2	6.848790E+3
6.720038E+2	6.848709E+3
6.720702E+2	6.848726E+3
6.721390E+2	6.848952E+3
6.722066E+2	6.849185E+3
6.722763E+2	6.849275E+3
6.723463E+2	6.849575E+3
6.724118E+2	6.849668E+3
6.724785E+2	6.849805E+3
6.725433E+2	6.850058E+3
6.726106E+2	6.850188E+3
6.726762E+2	6.850087E+3
6.727462E+2	6.850243E+3
6.728117E+2	6.850298E+3
6.728785E+2	6.850525E+3
6.729438E+2	6.850682E+3
6.730097E+2	6.850856E+3
6.730768E+2	6.851028E+3
6.731437E+2	6.851057E+3
6.732117E+2	6.851216E+3
6.732778E+2	6.851313E+3
6.733469E+2	6.851520E+3
6.734140E+2	6.851736E+3
6.734802E+2	6.851861E+3
6.735453E+2	6.851945E+3
6.736117E+2	6.852103E+3
6.736774E+2	6.852242E+3
6.737475E+2	6.852434E+3
6.738139E+2	6.852600E+3
6.738805E+2	6.852655E+3
6.739456E+2	6.852752E+3
6.740126E+2	6.852948E+3
6.740792E+2	6.853273E+3
6.741447E+2	6.853442E+3
6.742107E+2	6.853609E+3
6.742793E+2	6.853689E+3
6.743488E+2	6.853747E+3
6.744138E+2	6.853895E+3
6.744844E+2	6.853919E+3
6.745486E+2	6.853866E+3
6.746171E+2	6.854324E+3
6.746806E+2	6.854521E+3
6.747465E+2	6.854658E+3
6.748159E+2	6.854766E+3
6.748801E+2	6.854962E+3
6.749499E+2	6.855090E+3
6.750151E+2	6.855236E+3
6.750848E+2	6.855402E+3
6.751520E+2	6.855459E+3
6.752178E+2	6.855550E+3
6.752847E+2	6.855930E+3
6.753493E+2	6.855974E+3
6.754176E+2	6.855995E+3
6.754866E+2	6.856131E+3
6.755532E+2	6.856271E+3
6.756202E+2	6.856385E+3
6.756878E+2	6.856613E+3
6.757517E+2	6.856580E+3
6.758201E+2	6.856727E+3
6.758880E+2	6.856895E+3
6.759565E+2	6.857024E+3
6.760247E+2	6.857198E+3
6.760927E+2	6.857351E+3
6.761580E+2	6.857486E+3
6.762290E+2	6.857615E+3
6.762956E+2	6.857606E+3
6.763624E+2	6.857894E+3
6.764294E+2	6.858025E+3
6.764970E+2	6.858201E+3
6.765645E+2	6.858328E+3
6.766304E+2	6.858411E+3
6.766973E+2	6.858446E+3
6.767658E+2	6.858626E+3
6.768325E+2	6.858906E+3
6.768986E+2	6.859069E+3
6.769620E+2	6.859183E+3
6.770281E+2	6.859316E+3
6.770946E+2	6.859012E+3
6.771621E+2	6.859294E+3
6.772301E+2	6.859648E+3
6.772982E+2	6.859698E+3
6.773647E+2	6.860014E+3
6.774332E+2	6.860364E+3
6.774982E+2	6.860630E+3
6.775640E+2	6.860575E+3
6.776291E+2	6.860603E+3
6.776957E+2	6.860677E+3
6.777643E+2	6.861004E+3
6.778304E+2	6.861170E+3
6.779016E+2	6.861335E+3
6.779684E+2	6.861462E+3
6.780380E+2	6.861498E+3
6.781040E+2	6.861662E+3
6.781677E+2	6.861787E+3
6.782339E+2	6.861891E+3
6.783004E+2	6.862076E+3
6.783660E+2	6.862147E+3
6.784331E+2	6.862289E+3
6.785022E+2	6.862532E+3
6.785733E+2	6.862772E+3
6.786396E+2	6.862918E+3
6.787056E+2	6.863093E+3
6.787721E+2	6.863222E+3
6.788397E+2	6.863304E+3
6.789063E+2	6.863542E+3
6.789750E+2	6.863861E+3
6.790445E+2	6.864054E+3
6.791143E+2	6.864126E+3
6.791812E+2	6.864268E+3
6.792524E+2	6.864314E+3
6.793189E+2	6.864387E+3
6.793871E+2	6.864540E+3
6.794561E+2	6.864885E+3
6.795227E+2	6.865044E+3
6.795904E+2	6.865064E+3
6.796585E+2	6.865288E+3
6.797289E+2	6.865268E+3
6.797969E+2	6.865346E+3
6.798672E+2	6.865565E+3
6.799362E+2	6.865657E+3
6.800032E+2	6.865865E+3
6.800689E+2	6.866253E+3
6.801376E+2	6.866284E+3
6.802045E+2	6.866528E+3
6.802721E+2	6.866558E+3
6.803397E+2	6.866620E+3
6.804086E+2	6.866862E+3
6.804744E+2	6.866964E+3
6.805450E+2	6.867151E+3
6.806122E+2	6.867181E+3
6.806790E+2	6.867420E+3
6.807447E+2	6.867661E+3
6.808128E+2	6.867881E+3
6.808780E+2	6.867841E+3
6.809426E+2	6.867952E+3
6.810117E+2	6.868126E+3
6.810824E+2	6.868474E+3
6.811482E+2	6.868559E+3
6.812153E+2	6.869139E+3
6.812829E+2	6.869209E+3
6.813484E+2	6.869548E+3
6.814141E+2	6.869769E+3
6.814818E+2	6.869845E+3
6.815493E+2	6.870020E+3
6.816193E+2	6.869928E+3
6.816850E+2	6.870213E+3
6.817567E+2	6.870699E+3
6.818237E+2	6.870630E+3
6.818933E+2	6.870671E+3
6.819596E+2	6.870939E+3
6.820258E+2	6.871021E+3
6.820944E+2	6.871452E+3
6.821610E+2	6.871330E+3
6.822297E+2	6.871678E+3
6.822973E+2	6.871606E+3
6.823639E+2	6.872102E+3
6.824334E+2	6.872086E+3
6.825010E+2	6.871902E+3
6.825677E+2	6.872182E+3
6.826346E+2	6.872392E+3
6.827012E+2	6.872398E+3
6.827689E+2	6.872734E+3
6.828387E+2	6.872768E+3
6.829042E+2	6.873171E+3
6.829733E+2	6.873260E+3
6.830383E+2	6.873521E+3
6.831069E+2	6.873682E+3
6.831735E+2	6.873818E+3
6.832405E+2	6.874149E+3
6.833074E+2	6.874164E+3
6.833735E+2	6.874373E+3
6.834395E+2	6.874558E+3
6.835077E+2	6.874750E+3
6.835748E+2	6.875344E+3
6.836435E+2	6.875438E+3
6.837095E+2	6.875378E+3
6.837781E+2	6.875733E+3
6.838436E+2	6.875831E+3
6.839126E+2	6.875794E+3
6.839813E+2	6.876045E+3
6.840470E+2	6.876158E+3
6.841139E+2	6.876320E+3
6.841825E+2	6.876454E+3
6.842515E+2	6.876597E+3
6.843204E+2	6.876788E+3
6.843868E+2	6.876835E+3
6.844555E+2	6.876967E+3
6.845225E+2	6.876979E+3
6.845893E+2	6.877091E+3
6.846545E+2	6.877346E+3
6.847243E+2	6.877435E+3
6.847887E+2	6.877532E+3
6.848581E+2	6.877566E+3
6.849235E+2	6.878329E+3
6.849887E+2	6.878628E+3
6.850578E+2	6.878220E+3
6.851269E+2	6.879066E+3
6.851909E+2	6.879171E+3
6.852549E+2	6.879424E+3
6.853248E+2	6.879508E+3
6.853914E+2	6.879730E+3
6.854598E+2	6.879856E+3
6.855268E+2	6.880145E+3
6.855953E+2	6.880073E+3
6.856639E+2	6.880409E+3
6.857285E+2	6.880624E+3
6.857963E+2	6.880838E+3
6.858653E+2	6.880717E+3
6.859343E+2	6.880987E+3
6.860044E+2	6.881187E+3
6.860742E+2	6.881267E+3
6.861460E+2	6.881232E+3
6.862130E+2	6.881514E+3
6.862795E+2	6.881641E+3
6.863445E+2	6.881669E+3
6.864131E+2	6.881906E+3
6.864796E+2	6.882114E+3
6.865494E+2	6.882238E+3
6.866195E+2	6.882274E+3
6.866861E+2	6.882493E+3
6.867589E+2	6.882559E+3
6.868289E+2	6.882735E+3
6.868965E+2	6.882983E+3
6.869641E+2	6.883166E+3
6.870306E+2	6.883298E+3
6.870967E+2	6.883387E+3
6.871652E+2	6.883409E+3
6.872301E+2	6.883383E+3
6.872986E+2	6.883627E+3
6.873642E+2	6.883683E+3
6.874362E+2	6.883952E+3
6.875027E+2	6.884177E+3
6.875693E+2	6.884323E+3
6.876354E+2	6.884755E+3
6.877009E+2	6.885123E+3
6.877684E+2	6.885296E+3
6.878374E+2	6.885460E+3
6.879030E+2	6.885580E+3
6.879717E+2	6.885763E+3
6.880397E+2	6.885874E+3
6.881084E+2	6.886073E+3
6.881751E+2	6.886204E+3
6.882423E+2	6.886385E+3
6.883059E+2	6.886525E+3
6.883735E+2	6.886658E+3
6.884405E+2	6.886712E+3
6.885093E+2	6.886831E+3
6.885759E+2	6.887109E+3
6.886459E+2	6.887123E+3
6.887134E+2	6.887283E+3
6.887790E+2	6.887332E+3
6.888467E+2	6.887538E+3
6.889112E+2	6.887688E+3
6.889808E+2	6.887820E+3
6.890478E+2	6.887954E+3
6.891171E+2	6.888178E+3
6.891860E+2	6.888423E+3
6.892533E+2	6.888480E+3
6.893233E+2	6.888651E+3
6.893877E+2	6.888654E+3
6.894513E+2	6.888798E+3
6.895183E+2	6.889032E+3
6.895870E+2	6.889319E+3
6.896566E+2	6.889567E+3
6.897271E+2	6.889591E+3
6.897946E+2	6.889820E+3
6.898632E+2	6.890067E+3
6.899314E+2	6.890080E+3
6.900025E+2	6.889225E+3
6.900704E+2	6.889344E+3
6.901405E+2	6.889484E+3
6.902091E+2	6.889732E+3
6.902755E+2	6.890730E+3
6.903425E+2	6.889766E+3
6.904101E+2	6.890912E+3
6.904817E+2	6.891057E+3
6.905525E+2	6.891367E+3
6.906215E+2	6.891355E+3
6.906911E+2	6.891566E+3
6.907584E+2	6.891685E+3
6.908244E+2	6.891943E+3
6.908912E+2	6.891961E+3
6.909567E+2	6.892201E+3
6.910218E+2	6.892289E+3
6.910881E+2	6.892476E+3
6.911578E+2	6.892586E+3
6.912227E+2	6.892696E+3
6.912945E+2	6.892861E+3
6.913653E+2	6.893042E+3
6.914313E+2	6.893168E+3
6.914970E+2	6.893188E+3
6.915638E+2	6.893235E+3
6.916307E+2	6.893416E+3
6.916982E+2	6.893603E+3
6.917639E+2	6.893548E+3
6.918339E+2	6.893884E+3
6.919014E+2	6.894000E+3
6.919731E+2	6.893256E+3
6.920442E+2	6.893297E+3
6.921118E+2	6.893493E+3
6.921794E+2	6.893630E+3
6.922460E+2	6.894935E+3
6.923137E+2	6.894881E+3
6.923804E+2	6.895012E+3
6.924495E+2	6.895241E+3
6.925171E+2	6.895416E+3
6.925893E+2	6.895570E+3
6.926565E+2	6.895662E+3
6.927234E+2	6.895338E+3
6.927911E+2	6.894829E+3
6.928609E+2	6.894903E+3
6.929249E+2	6.895121E+3
6.929926E+2	6.896056E+3
6.930593E+2	6.895530E+3
6.931283E+2	6.895590E+3
6.931951E+2	6.895621E+3
6.932655E+2	6.895749E+3
6.933375E+2	6.895887E+3
6.934038E+2	6.897154E+3
6.934744E+2	6.897338E+3
6.935414E+2	6.897398E+3
6.936080E+2	6.897565E+3
6.936743E+2	6.897722E+3
6.937413E+2	6.897782E+3
6.938057E+2	6.897010E+3
6.938770E+2	6.897065E+3
6.939432E+2	6.897335E+3
6.940107E+2	6.897773E+3
6.940756E+2	6.897684E+3
6.941445E+2	6.897937E+3
6.942111E+2	6.898203E+3
6.942782E+2	6.898423E+3
6.943473E+2	6.898605E+3
6.944110E+2	6.898461E+3
6.944806E+2	6.898898E+3
6.945457E+2	6.898945E+3
6.946119E+2	6.899121E+3
6.946783E+2	6.899190E+3
6.947444E+2	6.899409E+3
6.948100E+2	6.899568E+3
6.948784E+2	6.899876E+3
6.949466E+2	6.899890E+3
6.950142E+2	6.899909E+3
6.950841E+2	6.900874E+3
6.951540E+2	6.900972E+3
6.952251E+2	6.901285E+3
6.952928E+2	6.901118E+3
6.953599E+2	6.901302E+3
6.954271E+2	6.901446E+3
6.954968E+2	6.901601E+3
6.955656E+2	6.901627E+3
6.956356E+2	6.901672E+3
6.957073E+2	6.901968E+3
6.957741E+2	6.901992E+3
6.958422E+2	6.902145E+3
6.959097E+2	6.902306E+3
6.959765E+2	6.902341E+3
6.960424E+2	6.902536E+3
6.961100E+2	6.902819E+3
6.961765E+2	6.902960E+3
6.962446E+2	6.902979E+3
6.963127E+2	6.903225E+3
6.963843E+2	6.903353E+3
6.964504E+2	6.903722E+3
6.965189E+2	6.903873E+3
6.965845E+2	6.904019E+3
6.966505E+2	6.904131E+3
6.967180E+2	6.904155E+3
6.967837E+2	6.904420E+3
6.968519E+2	6.904561E+3
6.969206E+2	6.904781E+3
6.969884E+2	6.904847E+3
6.970575E+2	6.904968E+3
6.971224E+2	6.905072E+3
6.971904E+2	6.905137E+3
6.972565E+2	6.905264E+3
6.973221E+2	6.905454E+3
6.973871E+2	6.905526E+3
6.974552E+2	6.905762E+3
6.975228E+2	6.905867E+3
6.975934E+2	6.906013E+3
6.976605E+2	6.906230E+3
6.977283E+2	6.906325E+3
6.977970E+2	6.906441E+3
6.978631E+2	6.906579E+3
6.979313E+2	6.906790E+3
6.979980E+2	6.906917E+3
6.980626E+2	6.906965E+3
6.981292E+2	6.907163E+3
6.981984E+2	6.907285E+3
6.982638E+2	6.907385E+3
6.983344E+2	6.907558E+3
6.984004E+2	6.907761E+3
6.984699E+2	6.908013E+3
6.985329E+2	6.907982E+3
6.985965E+2	6.908160E+3
6.986615E+2	6.908199E+3
6.987321E+2	6.908483E+3
6.987986E+2	6.908691E+3
6.988704E+2	6.908870E+3
6.989404E+2	6.909094E+3
6.990101E+2	6.908977E+3
6.990751E+2	6.909333E+3
6.991420E+2	6.909431E+3
6.992085E+2	6.909690E+3
6.992721E+2	6.909704E+3
6.993401E+2	6.909844E+3
6.994093E+2	6.909970E+3
6.994758E+2	6.910061E+3
6.995449E+2	6.910248E+3
6.996115E+2	6.910381E+3
6.996774E+2	6.910587E+3
6.997433E+2	6.910801E+3
6.998101E+2	6.911015E+3
6.998779E+2	6.911030E+3
6.999469E+2	6.911057E+3
7.000155E+2	6.911223E+3
7.000850E+2	6.911485E+3
7.001511E+2	6.911699E+3
7.002196E+2	6.911769E+3
7.002881E+2	6.911931E+3
7.003563E+2	6.912083E+3
7.004220E+2	6.912202E+3
7.004895E+2	6.912393E+3
7.005586E+2	6.912482E+3
7.006273E+2	6.912584E+3
7.006959E+2	6.912856E+3
7.007662E+2	6.912928E+3
7.008348E+2	6.913139E+3
7.009034E+2	6.913382E+3
7.009689E+2	6.913531E+3
7.010350E+2	6.913563E+3
7.011016E+2	6.913805E+3
7.011677E+2	6.913825E+3
7.012368E+2	6.914053E+3
7.013068E+2	6.914191E+3
7.013783E+2	6.914286E+3
7.014446E+2	6.914365E+3
7.015132E+2	6.914432E+3
7.015795E+2	6.914613E+3
7.016464E+2	6.914729E+3
7.017093E+2	6.914929E+3
7.017749E+2	6.915182E+3
7.018430E+2	6.915212E+3
7.019117E+2	6.915499E+3
7.019813E+2	6.915682E+3
7.020488E+2	6.915889E+3
7.021207E+2	6.916031E+3
7.021884E+2	6.916179E+3
7.022554E+2	6.916268E+3
7.023210E+2	6.916404E+3
7.023876E+2	6.916554E+3
7.024546E+2	6.916748E+3
7.025248E+2	6.916910E+3
7.025950E+2	6.917060E+3
7.026631E+2	6.917276E+3
7.027329E+2	6.917419E+3
7.028017E+2	6.917537E+3
7.028704E+2	6.917654E+3
7.029391E+2	6.917809E+3
7.030056E+2	6.917906E+3
7.030717E+2	6.918030E+3
7.031383E+2	6.918139E+3
7.032041E+2	6.918327E+3
7.032733E+2	6.918249E+3
7.033389E+2	6.918394E+3
7.034097E+2	6.918598E+3
7.034743E+2	6.918615E+3
7.035433E+2	6.918755E+3
7.036129E+2	6.919024E+3
7.036792E+2	6.919144E+3
7.037453E+2	6.919453E+3
7.038164E+2	6.919511E+3
7.038879E+2	6.919799E+3
7.039579E+2	6.919945E+3
7.040264E+2	6.920072E+3
7.040922E+2	6.920192E+3
7.041623E+2	6.920282E+3
7.042318E+2	6.920588E+3
7.043005E+2	6.920731E+3
7.043695E+2	6.920878E+3
7.044376E+2	6.920948E+3
7.045073E+2	6.921022E+3
7.045765E+2	6.921182E+3
7.046456E+2	6.921323E+3
7.047119E+2	6.921501E+3
7.047823E+2	6.921632E+3
7.048513E+2	6.921940E+3
7.049179E+2	6.921986E+3
7.049864E+2	6.922091E+3
7.050526E+2	6.922147E+3
7.051216E+2	6.922345E+3
7.051901E+2	6.922484E+3
7.052561E+2	6.922773E+3
7.053279E+2	6.922898E+3
7.053971E+2	6.923191E+3
7.054642E+2	6.923325E+3
7.055327E+2	6.923450E+3
7.055994E+2	6.923516E+3
7.056655E+2	6.923632E+3
7.057328E+2	6.923891E+3
7.057993E+2	6.924067E+3
7.058655E+2	6.924213E+3
7.059335E+2	6.924365E+3
7.059992E+2	6.924398E+3
7.060661E+2	6.924605E+3
7.061347E+2	6.924777E+3
7.062014E+2	6.924913E+3
7.062674E+2	6.924972E+3
7.063310E+2	6.925075E+3
7.063988E+2	6.925245E+3
7.064659E+2	6.925440E+3
7.065337E+2	6.925609E+3
7.066005E+2	6.925760E+3
7.066692E+2	6.925876E+3
7.067360E+2	6.926052E+3
7.068015E+2	6.926270E+3
7.068666E+2	6.926340E+3
7.069328E+2	6.926381E+3
7.069985E+2	6.926555E+3
7.070666E+2	6.926730E+3
7.071378E+2	6.926926E+3
7.072075E+2	6.927036E+3
7.072727E+2	6.927169E+3
7.073434E+2	6.927274E+3
7.074081E+2	6.927337E+3
7.074751E+2	6.927526E+3
7.075413E+2	6.927644E+3
7.076080E+2	6.927919E+3
7.076772E+2	6.928072E+3
7.077468E+2	6.928306E+3
7.078134E+2	6.928425E+3
7.078827E+2	6.928551E+3
7.079517E+2	6.928602E+3
7.080220E+2	6.928814E+3
7.080892E+2	6.928936E+3
7.081563E+2	6.928963E+3
7.082229E+2	6.929223E+3
7.082914E+2	6.929442E+3
7.083574E+2	6.929578E+3
7.084260E+2	6.929707E+3
7.084918E+2	6.929811E+3
7.085607E+2	6.929985E+3
7.086274E+2	6.930266E+3
7.086940E+2	6.930378E+3
7.087610E+2	6.930453E+3
7.088316E+2	6.930690E+3
7.088972E+2	6.930815E+3
7.089644E+2	6.930980E+3
7.090320E+2	6.931057E+3
7.091005E+2	6.931207E+3
7.091686E+2	6.931444E+3
7.092396E+2	6.931541E+3
7.093034E+2	6.931782E+3
7.093703E+2	6.931900E+3
7.094348E+2	6.932061E+3
7.095035E+2	6.932152E+3
7.095704E+2	6.932251E+3
7.096372E+2	6.932305E+3
7.097048E+2	6.932636E+3
7.097759E+2	6.932705E+3
7.098445E+2	6.932804E+3
7.099113E+2	6.933016E+3
7.099803E+2	6.933224E+3
7.100492E+2	6.933362E+3
7.101149E+2	6.933453E+3
7.101835E+2	6.933575E+3
7.102472E+2	6.933699E+3
7.103157E+2	6.933650E+3
7.103819E+2	6.933934E+3
7.104506E+2	6.934122E+3
7.105153E+2	6.934169E+3
7.105824E+2	6.934605E+3
7.106480E+2	6.934743E+3
7.107147E+2	6.934859E+3
7.107839E+2	6.934870E+3
7.108535E+2	6.935127E+3
7.109204E+2	6.935255E+3
7.109892E+2	6.935717E+3
7.110573E+2	6.935828E+3
7.111259E+2	6.936004E+3
7.111934E+2	6.936040E+3
7.112594E+2	6.936225E+3
7.113270E+2	6.936337E+3
7.113938E+2	6.936250E+3
7.114638E+2	6.936544E+3
7.115334E+2	6.936659E+3
7.115984E+2	6.936739E+3
7.116703E+2	6.936905E+3
7.117369E+2	6.937134E+3
7.118065E+2	6.937252E+3
7.118715E+2	6.937364E+3
7.119391E+2	6.937557E+3
7.120069E+2	6.937752E+3
7.120760E+2	6.937960E+3
7.121440E+2	6.937902E+3
7.122127E+2	6.938021E+3
7.122770E+2	6.938361E+3
7.123470E+2	6.938384E+3
7.124135E+2	6.938743E+3
7.124805E+2	0.000000E+0
7.125493E+2	6.938932E+3
7.126161E+2	6.939023E+3
7.126811E+2	6.939119E+3
7.127507E+2	6.939334E+3
7.128173E+2	6.939528E+3
7.128885E+2	6.939753E+3
7.129553E+2	6.939954E+3
7.130250E+2	6.940141E+3
7.130916E+2	6.940149E+3
7.131577E+2	6.940393E+3
7.132255E+2	6.940326E+3
7.132936E+2	6.940442E+3
7.133636E+2	6.940654E+3
7.134327E+2	6.940905E+3
7.134974E+2	6.941069E+3
7.135694E+2	6.941195E+3
7.136360E+2	6.941318E+3
7.137028E+2	6.941304E+3
7.137698E+2	6.941526E+3
7.138357E+2	6.941710E+3
7.139024E+2	6.941755E+3
7.139693E+2	6.941933E+3
7.140349E+2	6.942197E+3
7.141005E+2	6.942213E+3
7.141646E+2	6.942282E+3
7.142333E+2	6.942337E+3
7.143013E+2	6.942767E+3
7.143703E+2	6.942891E+3
7.144380E+2	6.943044E+3
7.145037E+2	6.943216E+3
7.145697E+2	6.943476E+3
7.146384E+2	6.943610E+3
7.147050E+2	6.943748E+3
7.147740E+2	6.943901E+3
7.148389E+2	6.943888E+3
7.149049E+2	6.944057E+3
7.149719E+2	6.944185E+3
7.150364E+2	6.944386E+3
7.151031E+2	6.944546E+3
7.151696E+2	6.944722E+3
7.152343E+2	6.944683E+3
7.153040E+2	6.944923E+3
7.153719E+2	6.945292E+3
7.154406E+2	6.945272E+3
7.155060E+2	6.945504E+3
7.155740E+2	6.945554E+3
7.156407E+2	6.945543E+3
7.157079E+2	6.945712E+3
7.157778E+2	6.945819E+3
7.158446E+2	6.946212E+3
7.159131E+2	6.946489E+3
7.159822E+2	6.946549E+3
7.160502E+2	6.946649E+3
7.161176E+2	6.946815E+3
7.161848E+2	6.946971E+3
7.162534E+2	6.947063E+3
7.163222E+2	6.947254E+3
7.163902E+2	6.947412E+3
7.164577E+2	6.947651E+3
7.165241E+2	6.947710E+3
7.165951E+2	6.948034E+3
7.166627E+2	6.948158E+3
7.167284E+2	6.948550E+3
7.167966E+2	6.948606E+3
7.168632E+2	6.948726E+3
7.169289E+2	6.949029E+3
7.169976E+2	6.949009E+3
7.170667E+2	6.949113E+3
7.171354E+2	6.949294E+3
7.172092E+2	6.949413E+3
7.172760E+2	6.949639E+3
7.173461E+2	6.949685E+3
7.174108E+2	6.949781E+3
7.174788E+2	6.949996E+3
7.175455E+2	6.950025E+3
7.176119E+2	6.950297E+3
7.176790E+2	6.950716E+3
7.177485E+2	6.950884E+3
7.178129E+2	6.951005E+3
7.178858E+2	6.951203E+3
7.179533E+2	6.951428E+3
7.180167E+2	6.951546E+3
7.180816E+2	6.951697E+3
7.181462E+2	6.951702E+3
7.182103E+2	6.951922E+3
7.182763E+2	6.952179E+3
7.183420E+2	6.952234E+3
7.184117E+2	6.952433E+3
7.184758E+2	6.952662E+3
7.185410E+2	6.952628E+3
7.186079E+2	6.953037E+3
7.186742E+2	6.953077E+3
7.187393E+2	6.953246E+3
7.188061E+2	6.953307E+3
7.188744E+2	6.953443E+3
7.189439E+2	6.953618E+3
7.190129E+2	6.953754E+3
7.190792E+2	6.953982E+3
7.191450E+2	6.953983E+3
7.192125E+2	6.954180E+3
7.192787E+2	6.954540E+3
7.193447E+2	6.954603E+3
7.194111E+2	6.954614E+3
7.194766E+2	6.954866E+3
7.195453E+2	6.955069E+3
7.196125E+2	6.955248E+3
7.196779E+2	6.955398E+3
7.197445E+2	6.955431E+3
7.198099E+2	6.955657E+3
7.198776E+2	6.955903E+3
7.199417E+2	6.956029E+3
7.200095E+2	6.956229E+3
7.200751E+2	6.956322E+3
7.201453E+2	6.956544E+3
7.202107E+2	6.956468E+3
7.202769E+2	6.956624E+3
7.203419E+2	6.956785E+3
7.204059E+2	6.956969E+3
7.204735E+2	6.957314E+3
7.205370E+2	6.957328E+3
7.206053E+2	6.957603E+3
7.206727E+2	6.957610E+3
7.207378E+2	6.957874E+3
7.208043E+2	6.957868E+3
7.208685E+2	6.958164E+3
7.209332E+2	6.958133E+3
7.209979E+2	6.958268E+3
7.210675E+2	6.958321E+3
7.211322E+2	6.958616E+3
7.211990E+2	6.958688E+3
7.212661E+2	6.958799E+3
7.213301E+2	6.959000E+3
7.213955E+2	6.959071E+3
7.214614E+2	6.959193E+3
7.215301E+2	6.959385E+3
7.215969E+2	6.959463E+3
7.216672E+2	6.959685E+3
7.217317E+2	6.959805E+3
7.217949E+2	6.960118E+3
7.218612E+2	6.960308E+3
7.219284E+2	6.960250E+3
7.219947E+2	6.960492E+3
7.220597E+2	6.960632E+3
7.221237E+2	6.960660E+3
7.221942E+2	6.960788E+3
7.222611E+2	6.961034E+3
7.223247E+2	6.961141E+3
7.223885E+2	6.961330E+3
7.224540E+2	6.961465E+3
7.225215E+2	6.961762E+3
7.225883E+2	6.961777E+3
7.226555E+2	6.961930E+3
7.227207E+2	6.962246E+3
7.227857E+2	6.962131E+3
7.228501E+2	6.962218E+3
7.229186E+2	6.962299E+3
7.229872E+2	6.962630E+3
7.230532E+2	6.962766E+3
7.231192E+2	6.962887E+3
7.231840E+2	6.963007E+3
7.232518E+2	6.963119E+3
7.233182E+2	6.963383E+3
7.233837E+2	6.963497E+3
7.234507E+2	6.963664E+3
7.235162E+2	6.963706E+3
7.235842E+2	6.963969E+3
7.236499E+2	6.963992E+3
7.237166E+2	6.964268E+3
7.237829E+2	6.964513E+3
7.238492E+2	6.964561E+3
7.239153E+2	6.964437E+3
7.239793E+2	6.964545E+3
7.240448E+2	6.964681E+3
7.241114E+2	6.964728E+3
7.241802E+2	6.964921E+3
7.242458E+2	6.965111E+3
7.243164E+2	6.965184E+3
7.243842E+2	6.965524E+3
7.244504E+2	6.965659E+3
7.245161E+2	6.965870E+3
7.245841E+2	6.965887E+3
7.246527E+2	6.966233E+3
7.247194E+2	6.966368E+3
7.247904E+2	6.966532E+3
7.248570E+2	6.966705E+3
7.249241E+2	6.967000E+3
7.249931E+2	6.967230E+3
7.250606E+2	6.967199E+3
7.251292E+2	6.967377E+3
7.251973E+2	6.967536E+3
7.252630E+2	6.967705E+3
7.253315E+2	6.967961E+3
7.253987E+2	6.968285E+3
7.254663E+2	6.968379E+3
7.255322E+2	6.968544E+3
7.256023E+2	6.968711E+3
7.256659E+2	6.968818E+3
7.257324E+2	6.968930E+3
7.257975E+2	6.969066E+3
7.258631E+2	6.969251E+3
7.259317E+2	6.969456E+3
7.259974E+2	6.969660E+3
7.260660E+2	6.969839E+3
7.261321E+2	6.970024E+3
7.262022E+2	6.970200E+3
7.262669E+2	6.970367E+3
7.263336E+2	6.970663E+3
7.263999E+2	6.970778E+3
7.264645E+2	6.971069E+3
7.265330E+2	6.971051E+3
7.265991E+2	6.971179E+3
7.266668E+2	6.971386E+3
7.267339E+2	6.971358E+3
7.268011E+2	6.971500E+3
7.268688E+2	6.971688E+3
7.269355E+2	6.971913E+3
7.269995E+2	6.971980E+3
7.270662E+2	6.972433E+3
7.271369E+2	6.972435E+3
7.272022E+2	6.972543E+3
7.272717E+2	6.972691E+3
7.273384E+2	6.972944E+3
7.274045E+2	6.973200E+3
7.274721E+2	6.973407E+3
7.275383E+2	6.973622E+3
7.276074E+2	6.973823E+3
7.276773E+2	6.973927E+3
7.277431E+2	6.974133E+3
7.278113E+2	6.974489E+3
7.278773E+2	6.974949E+3
7.279410E+2	6.975085E+3
7.280091E+2	6.975223E+3
7.280757E+2	6.975292E+3
7.281410E+2	6.975470E+3
7.282072E+2	6.975538E+3
7.282728E+2	6.975748E+3
7.283413E+2	6.975884E+3
7.284095E+2	6.976069E+3
7.284814E+2	6.976207E+3
7.285466E+2	6.976366E+3
7.286117E+2	6.976672E+3
7.286804E+2	6.976767E+3
7.287492E+2	6.976888E+3
7.288197E+2	6.976881E+3
7.288857E+2	6.977074E+3
7.289553E+2	6.977210E+3
7.290230E+2	6.977481E+3
7.290880E+2	6.977639E+3
7.291558E+2	6.977767E+3
7.292223E+2	6.977806E+3
7.292873E+2	6.978037E+3
7.293559E+2	6.978178E+3
7.294224E+2	6.978356E+3
7.294904E+2	6.978447E+3
7.295588E+2	6.978782E+3
7.296239E+2	6.979031E+3
7.296906E+2	6.978960E+3
7.297550E+2	6.979040E+3
7.298208E+2	6.979079E+3
7.298883E+2	6.979175E+3
7.299519E+2	6.979375E+3
7.300182E+2	6.979587E+3
7.300852E+2	6.979672E+3
7.301527E+2	6.979779E+3
7.302173E+2	6.979937E+3
7.302850E+2	6.980096E+3
7.303510E+2	6.980291E+3
7.304166E+2	6.980513E+3
7.304841E+2	6.980684E+3
7.305506E+2	6.980775E+3
7.306197E+2	6.980965E+3
7.306907E+2	6.981108E+3
7.307566E+2	6.981291E+3
7.308221E+2	6.981462E+3
7.308911E+2	6.981668E+3
7.309578E+2	6.981799E+3
7.310243E+2	6.981942E+3
7.310903E+2	6.982125E+3
7.311600E+2	0.000000E+0
7.312246E+2	6.982371E+3
7.312930E+2	6.982658E+3
7.313596E+2	6.982864E+3
7.314290E+2	6.982889E+3
7.314950E+2	6.983234E+3
7.315639E+2	6.983472E+3
7.316325E+2	6.983522E+3
7.317027E+2	6.983667E+3
7.317683E+2	6.984059E+3
7.318374E+2	6.983893E+3
7.319055E+2	6.984048E+3
7.319732E+2	6.984284E+3
7.320367E+2	6.984331E+3
7.321029E+2	6.984436E+3
7.321701E+2	6.984469E+3
7.322392E+2	6.984696E+3
7.323056E+2	6.985010E+3
7.323743E+2	6.985160E+3
7.324420E+2	6.985179E+3
7.325109E+2	6.985378E+3
7.325745E+2	6.985600E+3
7.326382E+2	6.985688E+3
7.327052E+2	6.986001E+3
7.327740E+2	6.986209E+3
7.328423E+2	6.986264E+3
7.329059E+2	6.986416E+3
7.329745E+2	6.986551E+3
7.330411E+2	6.986909E+3
7.331072E+2	6.987015E+3
7.331710E+2	6.987241E+3
7.332368E+2	6.987134E+3
7.333038E+2	6.987360E+3
7.333700E+2	6.987441E+3
7.334338E+2	6.987571E+3
7.335008E+2	6.987759E+3
7.335706E+2	6.987972E+3
7.336371E+2	6.988066E+3
7.337036E+2	6.988134E+3
7.337702E+2	6.988355E+3
7.338365E+2	6.988503E+3
7.339044E+2	6.988728E+3
7.339712E+2	6.989029E+3
7.340400E+2	6.989206E+3
7.341059E+2	6.989576E+3
7.341728E+2	6.989797E+3
7.342382E+2	6.989968E+3
7.343042E+2	6.990164E+3
7.343711E+2	6.990189E+3
7.344377E+2	6.990220E+3
7.345058E+2	6.990327E+3
7.345753E+2	6.990553E+3
7.346390E+2	6.990830E+3
7.347081E+2	6.990979E+3
7.347736E+2	6.991075E+3
7.348422E+2	6.991170E+3
7.349092E+2	6.991250E+3
7.349764E+2	6.991390E+3
7.350453E+2	6.991633E+3
7.351142E+2	6.991728E+3
7.351822E+2	6.991876E+3
7.352511E+2	6.992138E+3
7.353170E+2	6.992263E+3
7.353851E+2	6.992313E+3
7.354514E+2	6.992473E+3
7.355175E+2	6.992573E+3
7.355851E+2	6.992692E+3
7.356512E+2	6.992824E+3
7.357174E+2	6.993101E+3
7.357830E+2	6.993343E+3
7.358525E+2	6.993456E+3
7.359219E+2	6.993816E+3
7.359849E+2	6.993913E+3
7.360509E+2	6.994107E+3
7.361192E+2	6.994187E+3
7.361879E+2	6.994389E+3
7.362553E+2	6.994530E+3
7.363204E+2	6.994562E+3
7.363910E+2	6.994833E+3
7.364597E+2	6.994955E+3
7.365259E+2	6.995121E+3
7.365920E+2	6.995335E+3
7.366579E+2	6.995469E+3
7.367235E+2	6.995818E+3
7.367895E+2	6.995845E+3
7.368602E+2	6.995726E+3
7.369276E+2	6.996237E+3
7.369957E+2	6.996387E+3
7.370613E+2	6.996544E+3
7.371301E+2	6.996875E+3
7.371974E+2	6.996969E+3
7.372651E+2	6.997037E+3
7.373309E+2	6.997144E+3
7.373989E+2	6.997259E+3
7.374656E+2	6.997463E+3
7.375330E+2	6.997439E+3
7.375988E+2	6.997628E+3
7.376676E+2	6.997827E+3
7.377354E+2	6.997907E+3
7.378003E+2	6.998096E+3
7.378648E+2	6.998478E+3
7.379322E+2	6.998586E+3
7.380002E+2	6.998740E+3
7.380677E+2	6.998834E+3
7.381352E+2	6.999085E+3
7.382002E+2	6.999187E+3
7.382679E+2	6.999255E+3
7.383344E+2	6.999412E+3
7.384004E+2	6.999662E+3
7.384680E+2	6.999851E+3
7.385318E+2	6.999883E+3
7.385980E+2	7.000062E+3
7.386671E+2	7.000284E+3
7.387327E+2	7.000559E+3
7.388023E+2	7.000705E+3
7.388678E+2	7.000929E+3
7.389344E+2	7.001031E+3
7.390005E+2	7.001155E+3
7.390682E+2	7.001454E+3
7.391357E+2	7.001556E+3
7.392023E+2	7.001640E+3
7.392709E+2	7.001910E+3
7.393396E+2	7.002066E+3
7.394066E+2	7.002123E+3
7.394764E+2	7.002152E+3
7.395448E+2	7.002359E+3
7.396138E+2	7.002545E+3
7.396791E+2	7.002625E+3
7.397448E+2	7.002797E+3
7.398108E+2	7.002840E+3
7.398795E+2	7.003018E+3
7.399467E+2	7.003146E+3
7.400127E+2	7.003382E+3
7.400828E+2	7.003449E+3
7.401514E+2	7.003659E+3
7.402169E+2	7.003775E+3
7.402816E+2	7.004007E+3
7.403481E+2	7.004227E+3
7.404143E+2	7.004285E+3
7.404839E+2	7.004382E+3
7.405486E+2	7.004683E+3
7.406157E+2	7.004832E+3
7.406823E+2	7.004920E+3
7.407466E+2	7.005062E+3
7.408107E+2	7.005241E+3
7.408782E+2	7.005353E+3
7.409430E+2	7.005280E+3
7.410070E+2	7.005573E+3
7.410752E+2	7.005630E+3
7.411418E+2	7.005642E+3
7.412058E+2	7.005778E+3
7.412693E+2	7.006063E+3
7.413338E+2	7.006102E+3
7.413998E+2	7.006357E+3
7.414671E+2	7.006650E+3
7.415336E+2	7.006462E+3
7.416047E+2	7.006397E+3
7.416763E+2	7.006575E+3
7.417460E+2	7.006678E+3
7.418149E+2	7.006938E+3
7.418812E+2	7.007221E+3
7.419479E+2	7.007183E+3
7.420128E+2	7.007380E+3
7.420774E+2	7.007737E+3
7.421452E+2	7.008087E+3
7.422172E+2	7.007882E+3
7.422818E+2	7.008216E+3
7.423500E+2	7.008534E+3
7.424151E+2	7.008467E+3
7.424816E+2	7.008720E+3
7.425461E+2	7.008884E+3
7.426142E+2	7.008958E+3
7.426828E+2	7.009399E+3
7.427529E+2	7.009714E+3
7.428182E+2	7.010098E+3
7.428873E+2	7.010175E+3
7.429569E+2	7.010387E+3
7.430239E+2	7.010434E+3
7.430874E+2	7.010628E+3
7.431533E+2	7.011049E+3
7.432185E+2	7.010608E+3
7.432860E+2	7.010886E+3
7.433546E+2	7.011007E+3
7.434218E+2	7.011251E+3
7.434905E+2	7.011353E+3
7.435573E+2	7.011650E+3
7.436232E+2	7.011747E+3
7.436910E+2	7.011838E+3
7.437575E+2	7.012132E+3
7.438235E+2	7.011959E+3
7.438923E+2	7.012073E+3
7.439610E+2	7.012237E+3
7.440249E+2	7.012563E+3
7.440946E+2	7.012684E+3
7.441604E+2	7.012755E+3
7.442256E+2	7.012856E+3
7.442923E+2	7.012890E+3
7.443590E+2	7.013038E+3
7.444248E+2	7.013316E+3
7.444926E+2	7.013590E+3
7.445620E+2	7.013692E+3
7.446304E+2	7.014152E+3
7.446990E+2	7.014030E+3
7.447657E+2	7.014278E+3
7.448333E+2	7.014445E+3
7.448984E+2	7.014629E+3
7.449668E+2	7.014671E+3
7.450357E+2	7.014967E+3
7.451046E+2	7.015175E+3
7.451759E+2	7.015338E+3
7.452454E+2	7.015548E+3
7.453129E+2	7.015636E+3
7.453824E+2	7.015655E+3
7.454489E+2	7.015813E+3
7.455162E+2	7.015870E+3
7.455818E+2	7.016053E+3
7.456494E+2	7.016178E+3
7.457131E+2	7.016333E+3
7.457799E+2	7.016525E+3
7.458464E+2	7.016606E+3
7.459154E+2	7.016906E+3
7.459855E+2	7.016934E+3
7.460543E+2	7.017368E+3
7.461198E+2	7.017471E+3
7.461854E+2	7.017630E+3
7.462519E+2	0.000000E+0
7.463203E+2	7.017928E+3
7.463881E+2	7.018083E+3
7.464555E+2	7.018020E+3
7.465235E+2	7.018603E+3
7.465924E+2	7.018682E+3
7.466614E+2	7.018994E+3
7.467294E+2	7.019319E+3
7.467960E+2	7.019205E+3
7.468637E+2	7.019464E+3
7.469328E+2	7.019735E+3
7.469985E+2	7.019752E+3
7.470658E+2	7.019855E+3
7.471347E+2	7.020112E+3
7.471984E+2	7.020171E+3
7.472671E+2	7.020313E+3
7.473321E+2	7.020548E+3
7.473990E+2	7.020519E+3
7.474670E+2	7.020716E+3
7.475342E+2	7.021019E+3
7.475999E+2	7.021074E+3
7.476699E+2	7.021376E+3
7.477342E+2	7.021486E+3
7.478047E+2	7.021598E+3
7.478710E+2	7.021803E+3
7.479372E+2	7.022150E+3
7.480035E+2	7.022356E+3
7.480722E+2	7.022380E+3
7.481372E+2	7.022691E+3
7.482044E+2	7.022769E+3
7.482750E+2	7.022983E+3
7.483444E+2	7.022984E+3
7.484134E+2	7.022991E+3
7.484808E+2	7.023178E+3
7.485486E+2	7.023677E+3
7.486157E+2	7.023740E+3
7.486820E+2	7.023845E+3
7.487484E+2	7.023904E+3
7.488165E+2	7.024346E+3
7.488862E+2	7.024592E+3
7.489511E+2	7.025041E+3
7.490201E+2	7.025180E+3
7.490869E+2	7.025213E+3
7.491564E+2	7.025363E+3
7.492222E+2	7.025442E+3
7.492898E+2	7.025761E+3
7.493534E+2	7.026214E+3
7.494213E+2	7.026451E+3
7.494880E+2	7.026663E+3
7.495538E+2	7.026861E+3
7.496238E+2	7.027046E+3
7.496956E+2	7.027089E+3
7.497628E+2	7.027242E+3
7.498279E+2	7.027460E+3
7.498972E+2	7.027473E+3
7.499648E+2	7.027500E+3
7.500299E+2	7.027900E+3
7.500984E+2	7.027924E+3
7.501669E+2	7.028130E+3
7.502350E+2	7.028307E+3
7.503001E+2	7.028489E+3
7.503688E+2	7.028704E+3
7.504359E+2	7.028704E+3
7.505018E+2	7.029203E+3
7.505658E+2	7.029421E+3
7.506319E+2	7.029608E+3
7.507005E+2	7.029770E+3
7.507663E+2	7.029972E+3
7.508353E+2	7.030031E+3
7.509034E+2	7.030140E+3
7.509736E+2	7.030284E+3
7.510397E+2	7.030502E+3
7.511063E+2	7.030552E+3
7.511729E+2	7.030948E+3
7.512399E+2	7.031016E+3
7.513083E+2	7.031064E+3
7.513770E+2	7.031113E+3
7.514435E+2	7.031399E+3
7.515105E+2	7.031541E+3
7.515754E+2	7.031629E+3
7.516420E+2	7.031835E+3
7.517081E+2	7.032073E+3
7.517747E+2	7.032140E+3
7.518403E+2	7.032126E+3
7.519059E+2	7.032349E+3
7.519746E+2	7.032673E+3
7.520416E+2	7.032878E+3
7.521097E+2	7.033071E+3
7.521765E+2	7.033285E+3
7.522430E+2	7.033259E+3
7.523100E+2	7.033440E+3
7.523748E+2	7.033614E+3
7.524410E+2	7.033821E+3
7.525116E+2	7.033937E+3
7.525801E+2	7.034350E+3
7.526486E+2	7.034622E+3
7.527166E+2	7.034731E+3
7.527843E+2	7.034895E+3
7.528521E+2	7.035111E+3
7.529180E+2	7.035265E+3
7.529846E+2	7.035365E+3
7.530511E+2	7.035428E+3
7.531171E+2	7.035597E+3
7.531860E+2	7.035705E+3
7.532524E+2	7.035860E+3
7.533217E+2	7.035913E+3
7.533865E+2	7.036162E+3
7.534529E+2	7.036263E+3
7.535191E+2	7.036353E+3
7.535868E+2	7.036838E+3
7.536516E+2	7.037147E+3
7.537176E+2	7.037281E+3
7.537884E+2	7.037191E+3
7.538562E+2	7.037300E+3
7.539232E+2	7.037719E+3
7.539874E+2	7.037755E+3
7.540548E+2	7.037975E+3
7.541228E+2	7.038015E+3
7.541916E+2	7.038073E+3
7.542584E+2	7.038131E+3
7.543285E+2	7.038338E+3
7.543960E+2	7.038549E+3
7.544641E+2	7.038487E+3
7.545321E+2	7.038574E+3
7.545987E+2	7.038848E+3
7.546665E+2	7.038841E+3
7.547334E+2	7.039426E+3
7.548007E+2	7.039511E+3
7.548665E+2	7.039664E+3
7.549343E+2	7.039780E+3
7.550038E+2	7.039908E+3
7.550705E+2	7.040447E+3
7.551394E+2	7.040628E+3
7.552061E+2	7.040745E+3
7.552713E+2	7.040859E+3
7.553395E+2	7.041071E+3
7.554072E+2	7.041342E+3
7.554723E+2	7.041440E+3
7.555423E+2	7.041638E+3
7.556077E+2	7.041796E+3
7.556762E+2	7.041875E+3
7.557434E+2	7.041912E+3
7.558080E+2	7.042110E+3
7.558776E+2	7.042208E+3
7.559437E+2	7.042467E+3
7.560123E+2	7.042600E+3
7.560792E+2	7.042734E+3
7.561468E+2	7.042964E+3
7.562184E+2	7.043112E+3
7.562862E+2	7.043305E+3
7.563557E+2	7.043469E+3
7.564228E+2	7.043699E+3
7.564903E+2	7.043967E+3
7.565579E+2	7.043999E+3
7.566227E+2	7.044212E+3
7.566881E+2	7.044255E+3
7.567579E+2	7.044358E+3
7.568249E+2	7.044559E+3
7.568955E+2	7.044950E+3
7.569633E+2	7.045315E+3
7.570343E+2	7.045504E+3
7.571019E+2	7.045657E+3
7.571684E+2	7.045789E+3
7.572345E+2	7.046074E+3
7.573021E+2	7.046266E+3
7.573696E+2	7.046302E+3
7.574396E+2	7.046505E+3
7.575102E+2	7.046596E+3
7.575767E+2	7.046714E+3
7.576421E+2	7.046856E+3
7.577077E+2	7.047015E+3
7.577743E+2	7.047102E+3
7.578414E+2	7.047551E+3
7.579080E+2	7.047551E+3
7.579745E+2	7.047541E+3
7.580415E+2	7.047645E+3
7.581091E+2	7.047636E+3
7.581747E+2	7.047942E+3
7.582456E+2	7.048295E+3
7.583143E+2	7.048348E+3
7.583819E+2	7.048541E+3
7.584458E+2	7.048651E+3
7.585111E+2	7.048854E+3
7.585779E+2	7.049004E+3
7.586440E+2	7.049280E+3
7.587107E+2	7.049330E+3
7.587787E+2	7.049560E+3
7.588449E+2	7.049644E+3
7.589125E+2	7.050049E+3
7.589760E+2	7.050272E+3
7.590410E+2	7.050362E+3
7.591096E+2	7.050391E+3
7.591762E+2	7.050689E+3
7.592451E+2	7.050853E+3
7.593139E+2	7.051228E+3
7.593838E+2	7.051527E+3
7.594499E+2	7.051339E+3
7.595136E+2	7.051686E+3
7.595803E+2	7.051913E+3
7.596463E+2	7.052056E+3
7.597138E+2	7.051996E+3
7.597785E+2	7.052260E+3
7.598454E+2	7.052399E+3
7.599155E+2	7.052536E+3
7.599853E+2	7.052897E+3
7.600502E+2	7.052923E+3
7.601175E+2	7.053299E+3
7.601841E+2	7.053461E+3
7.602493E+2	7.053442E+3
7.603149E+2	7.053337E+3
7.603858E+2	7.053597E+3
7.604509E+2	7.053945E+3
7.605196E+2	7.053962E+3
7.605854E+2	7.054160E+3
7.606544E+2	7.054080E+3
7.607213E+2	7.054461E+3
7.607881E+2	7.054764E+3
7.608536E+2	7.055359E+3
7.609204E+2	7.055519E+3
7.609898E+2	7.055649E+3
7.610549E+2	7.055951E+3
7.611229E+2	7.055929E+3
7.611921E+2	7.056469E+3
7.612577E+2	7.056474E+3
7.613234E+2	7.056720E+3
7.613898E+2	7.056866E+3
7.614564E+2	7.056870E+3
7.615244E+2	7.056929E+3
7.615926E+2	7.057038E+3
7.616603E+2	7.057297E+3
7.617243E+2	7.057554E+3
7.617889E+2	7.057886E+3
7.618549E+2	7.057664E+3
7.619215E+2	7.057623E+3
7.619902E+2	7.057779E+3
7.620577E+2	7.057961E+3
7.621258E+2	7.058590E+3
7.621903E+2	7.058724E+3
7.622580E+2	7.058898E+3
7.623249E+2	7.059055E+3
7.623905E+2	7.059180E+3
7.624586E+2	7.059450E+3
7.625257E+2	7.059348E+3
7.625944E+2	7.059575E+3
7.626630E+2	7.059838E+3
7.627322E+2	7.059912E+3
7.628013E+2	7.060104E+3
7.628697E+2	7.060431E+3
7.629370E+2	7.060682E+3
7.630007E+2	7.060892E+3
7.630666E+2	7.060907E+3
7.631347E+2	0.000000E+0
7.632022E+2	7.061171E+3
7.632701E+2	7.061532E+3
7.633401E+2	7.061572E+3
7.634059E+2	7.061847E+3
7.634754E+2	7.062270E+3
7.635424E+2	7.062276E+3
7.636102E+2	7.062417E+3
7.636767E+2	7.062490E+3
7.637427E+2	7.062731E+3
7.638105E+2	7.062830E+3
7.638794E+2	7.062920E+3
7.639464E+2	7.063158E+3
7.640141E+2	7.063480E+3
7.640797E+2	7.063657E+3
7.641488E+2	7.063939E+3
7.642154E+2	7.064275E+3
7.642830E+2	7.064401E+3
7.643478E+2	7.064633E+3
7.644154E+2	7.064685E+3
7.644820E+2	7.064740E+3
7.645479E+2	7.065339E+3
7.646185E+2	7.065308E+3
7.646882E+2	7.065513E+3
7.647563E+2	7.065932E+3
7.648210E+2	7.066098E+3
7.648874E+2	7.066993E+3
7.649536E+2	7.066979E+3
7.650211E+2	7.067262E+3
7.650884E+2	7.067409E+3
7.651543E+2	7.067356E+3
7.652210E+2	7.067699E+3
7.652897E+2	7.067933E+3
7.653557E+2	7.068093E+3
7.654218E+2	7.068242E+3
7.654904E+2	7.068438E+3
7.655575E+2	7.068693E+3
7.656238E+2	7.068757E+3
7.656897E+2	7.069003E+3
7.657568E+2	7.069380E+3
7.658244E+2	7.069083E+3
7.658920E+2	7.069375E+3
7.659591E+2	7.069883E+3
7.660268E+2	7.070106E+3
7.660932E+2	7.070101E+3
7.661592E+2	7.070169E+3
7.662229E+2	7.070324E+3
7.662916E+2	7.070455E+3
7.663586E+2	7.070809E+3
7.664278E+2	7.070892E+3
7.664974E+2	7.071122E+3
7.665640E+2	7.071562E+3
7.666299E+2	7.071784E+3
7.666955E+2	7.072413E+3
7.667642E+2	7.072735E+3
7.668321E+2	7.072707E+3
7.668987E+2	7.072779E+3
7.669637E+2	7.072781E+3
7.670312E+2	7.074174E+3
7.670978E+2	7.074238E+3
7.671664E+2	7.074364E+3
7.672325E+2	7.075051E+3
7.672980E+2	7.075512E+3
7.673655E+2	7.073966E+3
7.674336E+2	7.074491E+3
7.675022E+2	7.074798E+3
7.675707E+2	7.075097E+3
7.676402E+2	7.075311E+3
7.677038E+2	7.075603E+3
7.677715E+2	7.075358E+3
7.678405E+2	7.076597E+3
7.679078E+2	7.076359E+3
7.679733E+2	7.077556E+3
7.680415E+2	7.077774E+3
7.681119E+2	7.076699E+3
7.681774E+2	7.077871E+3
7.682444E+2	7.077953E+3
7.683114E+2	7.078608E+3
7.683770E+2	7.078842E+3
7.684430E+2	7.078735E+3
7.685075E+2	7.078892E+3
7.685718E+2	7.079057E+3
7.686368E+2	7.079607E+3
7.687051E+2	7.079467E+3
7.687746E+2	7.079616E+3
7.688398E+2	7.079745E+3
7.689083E+2	7.080135E+3
7.689768E+2	7.080081E+3
7.690418E+2	7.080189E+3
7.691075E+2	7.080381E+3
7.691746E+2	7.080610E+3
7.692415E+2	7.081046E+3
7.693068E+2	7.080590E+3
7.693753E+2	7.080980E+3
7.694414E+2	7.081125E+3
7.695098E+2	7.081316E+3
7.695763E+2	7.081533E+3
7.696443E+2	7.081400E+3
7.697121E+2	7.081968E+3
7.697816E+2	7.082029E+3
7.698482E+2	7.082299E+3
7.699176E+2	7.082511E+3
7.699844E+2	7.082247E+3
7.700543E+2	7.082911E+3
7.701215E+2	7.082994E+3
7.701903E+2	7.083133E+3
7.702585E+2	7.083096E+3
7.703250E+2	7.083486E+3
7.703916E+2	7.083377E+3
7.704626E+2	7.083874E+3
7.705334E+2	7.083895E+3
7.705980E+2	7.083811E+3
7.706688E+2	7.084116E+3
7.707355E+2	7.083944E+3
7.708022E+2	7.084104E+3
7.708693E+2	7.084286E+3
7.709353E+2	7.084589E+3
7.710022E+2	7.084700E+3
7.710699E+2	7.084987E+3
7.711378E+2	7.085304E+3
7.712054E+2	7.085444E+3
7.712743E+2	7.085793E+3
7.713452E+2	7.087017E+3
7.714147E+2	7.086333E+3
7.714833E+2	7.086429E+3
7.715503E+2	7.086448E+3
7.716181E+2	7.086790E+3
7.716846E+2	7.086689E+3
7.717536E+2	7.086779E+3
7.718243E+2	7.087235E+3
7.718909E+2	7.087157E+3
7.719602E+2	7.087692E+3
7.720279E+2	7.088785E+3
7.720947E+2	7.088720E+3
7.721626E+2	7.089347E+3
7.722304E+2	7.089462E+3
7.722972E+2	7.089493E+3
7.723637E+2	7.089568E+3
7.724294E+2	7.089784E+3
7.724978E+2	7.090099E+3
7.725657E+2	7.090340E+3
7.726353E+2	7.090304E+3
7.727021E+2	7.090460E+3
7.727702E+2	7.090721E+3
7.728389E+2	7.091471E+3
7.729067E+2	7.091718E+3
7.729717E+2	7.091834E+3
7.730393E+2	7.092234E+3
7.731058E+2	7.092260E+3
7.731734E+2	7.092075E+3
7.732384E+2	7.092060E+3
7.733051E+2	7.092256E+3
7.733732E+2	7.092742E+3
7.734395E+2	7.092720E+3
7.735061E+2	7.093161E+3
7.735704E+2	7.093511E+3
7.736420E+2	7.093593E+3
7.737119E+2	7.093732E+3
7.737763E+2	7.093661E+3
7.738454E+2	7.094141E+3
7.739109E+2	7.094588E+3
7.739765E+2	7.094840E+3
7.740425E+2	7.095133E+3
7.741115E+2	7.095432E+3
7.741804E+2	7.095721E+3
7.742464E+2	7.095835E+3
7.743149E+2	7.096261E+3
7.743822E+2	7.096357E+3
7.744512E+2	7.096513E+3
7.745169E+2	7.096667E+3
7.745830E+2	7.096627E+3
7.746484E+2	7.096864E+3
7.747140E+2	7.096871E+3
7.747825E+2	7.097135E+3
7.748477E+2	7.097383E+3
7.749155E+2	7.097593E+3
7.749800E+2	7.097935E+3
7.750465E+2	7.098331E+3
7.751165E+2	7.098430E+3
7.751804E+2	7.098613E+3
7.752464E+2	7.098943E+3
7.753126E+2	7.099156E+3
7.753807E+2	7.099669E+3
7.754477E+2	7.099790E+3
7.755148E+2	7.099971E+3
7.755796E+2	7.100054E+3
7.756437E+2	7.099906E+3
7.757109E+2	7.100296E+3
7.757768E+2	7.100408E+3
7.758443E+2	7.100488E+3
7.759120E+2	7.100939E+3
7.759809E+2	7.101195E+3
7.760463E+2	7.101308E+3
7.761154E+2	7.101569E+3
7.761825E+2	7.101926E+3
7.762478E+2	7.102248E+3
7.763139E+2	7.102361E+3
7.763795E+2	7.102694E+3
7.764469E+2	7.102371E+3
7.765120E+2	7.102506E+3
7.765785E+2	7.102734E+3
7.766462E+2	7.102835E+3
7.767112E+2	7.103085E+3
7.767770E+2	7.103028E+3
7.768423E+2	7.103281E+3
7.769098E+2	7.103305E+3
7.769739E+2	7.103702E+3
7.770434E+2	7.103781E+3
7.771088E+2	7.103809E+3
7.771794E+2	7.103889E+3
7.772441E+2	7.104093E+3
7.773118E+2	7.104264E+3
7.773776E+2	7.104404E+3
7.774441E+2	7.104495E+3
7.775096E+2	7.104755E+3
7.775766E+2	7.104800E+3
7.776407E+2	7.105138E+3
7.777072E+2	7.105411E+3
7.777727E+2	7.105562E+3
7.778386E+2	7.105816E+3
7.779042E+2	7.105982E+3
7.779723E+2	7.105891E+3
7.780407E+2	7.106143E+3
7.781075E+2	7.106383E+3
7.781710E+2	7.106562E+3
7.782370E+2	7.106850E+3
7.783027E+2	7.106932E+3
7.783679E+2	7.107231E+3
7.784356E+2	7.107199E+3
7.785029E+2	7.107308E+3
7.785700E+2	7.107313E+3
7.786394E+2	7.107517E+3
7.787055E+2	7.107704E+3
7.787721E+2	7.107943E+3
7.788362E+2	7.108137E+3
7.789005E+2	0.000000E+0
7.789671E+2	7.108839E+3
7.790342E+2	0.000000E+0
7.790997E+2	7.108857E+3
7.791676E+2	7.109136E+3
7.792342E+2	7.109388E+3
7.793042E+2	7.109601E+3
7.793711E+2	7.109903E+3
7.794366E+2	7.109856E+3
7.795027E+2	7.110055E+3
7.795697E+2	7.110126E+3
7.796361E+2	7.110344E+3
7.797075E+2	7.110885E+3
7.797712E+2	7.110963E+3
7.798403E+2	7.111239E+3
7.799043E+2	7.111042E+3
7.799691E+2	7.111339E+3
7.800365E+2	7.111461E+3
7.801016E+2	7.111647E+3
7.801678E+2	7.111843E+3
7.802332E+2	7.112059E+3
7.802964E+2	7.112286E+3
7.803629E+2	7.112479E+3
7.804291E+2	7.112489E+3
7.804935E+2	7.112782E+3
7.805617E+2	7.113046E+3
7.806278E+2	7.113233E+3
7.806932E+2	7.113526E+3
7.807579E+2	7.113494E+3
7.808261E+2	7.113822E+3
7.808923E+2	7.113914E+3
7.809590E+2	7.114054E+3
7.810236E+2	7.114400E+3
7.810885E+2	7.114542E+3
7.811532E+2	7.114853E+3
7.812198E+2	7.114966E+3
7.812830E+2	7.115091E+3
7.813510E+2	7.115191E+3
7.814178E+2	7.115461E+3
7.814818E+2	7.115710E+3
7.815463E+2	7.115564E+3
7.816091E+2	7.115504E+3
7.816771E+2	7.115918E+3
7.817447E+2	7.116072E+3
7.818132E+2	7.116268E+3
7.818787E+2	7.116571E+3
7.819461E+2	7.116796E+3
7.820109E+2	7.116946E+3
7.820773E+2	7.117123E+3
7.821443E+2	7.117100E+3
7.822089E+2	7.117270E+3
7.822771E+2	7.117547E+3
7.823428E+2	7.118140E+3
7.824123E+2	7.118050E+3
7.824774E+2	7.118232E+3
7.825428E+2	7.118626E+3
7.826091E+2	7.118770E+3
7.826747E+2	7.118700E+3
7.827422E+2	7.119272E+3
7.828075E+2	7.119425E+3
7.828786E+2	7.119460E+3
7.829452E+2	7.119465E+3
7.830142E+2	7.119262E+3
7.830805E+2	7.119647E+3
7.831450E+2	7.120286E+3
7.832117E+2	7.120478E+3
7.832807E+2	7.120588E+3
7.833484E+2	7.120380E+3
7.834180E+2	7.120786E+3
7.834851E+2	7.121310E+3
7.835536E+2	7.121582E+3
7.836194E+2	7.121735E+3
7.836868E+2	7.122036E+3
7.837532E+2	7.122011E+3
7.838230E+2	7.122101E+3
7.838890E+2	7.122070E+3
7.839540E+2	7.122057E+3
7.840213E+2	7.122837E+3
7.840845E+2	7.122425E+3
7.841522E+2	7.122979E+3
7.842188E+2	7.123346E+3
7.842872E+2	7.124429E+3
7.843527E+2	7.124413E+3
7.844194E+2	7.124626E+3
7.844859E+2	7.124849E+3
7.845549E+2	7.125000E+3
7.846223E+2	7.125161E+3
7.846909E+2	7.125382E+3
7.847571E+2	7.125686E+3
7.848224E+2	7.125828E+3
7.848894E+2	7.126115E+3
7.849575E+2	7.126193E+3
7.850239E+2	7.126462E+3
7.850895E+2	7.125732E+3
7.851587E+2	0.000000E+0
7.852248E+2	7.126190E+3
7.852949E+2	7.126183E+3
7.853592E+2	7.126228E+3
7.854257E+2	7.126330E+3
7.854933E+2	7.126862E+3
7.855603E+2	7.126918E+3
7.856269E+2	7.127023E+3
7.856945E+2	7.127288E+3
7.857617E+2	7.127242E+3
7.858301E+2	7.127903E+3
7.858989E+2	7.127991E+3
7.859649E+2	7.128718E+3
7.860337E+2	7.129714E+3
7.861015E+2	7.129273E+3
7.861651E+2	7.128758E+3
7.862290E+2	7.129061E+3
7.862991E+2	7.128949E+3
7.863652E+2	7.128943E+3
7.864340E+2	7.129112E+3
7.864998E+2	7.129180E+3
7.865679E+2	7.129158E+3
7.866338E+2	7.129474E+3
7.866981E+2	7.129092E+3
7.867660E+2	7.129900E+3
7.868337E+2	7.129346E+3
7.869036E+2	7.129972E+3
7.869686E+2	7.130216E+3
7.870368E+2	7.131013E+3
7.871012E+2	7.130822E+3
7.871692E+2	7.131408E+3
7.872349E+2	7.131353E+3
7.873016E+2	7.131526E+3
7.873687E+2	7.131560E+3
7.874343E+2	7.132140E+3
7.874999E+2	7.132057E+3
7.875677E+2	7.132368E+3
7.876303E+2	7.132674E+3
7.876948E+2	7.132535E+3
7.877623E+2	7.132695E+3
7.878287E+2	7.132767E+3
7.878932E+2	7.133043E+3
7.879593E+2	7.133005E+3
7.880278E+2	7.133336E+3
7.880973E+2	7.133500E+3
7.881623E+2	7.133854E+3
7.882272E+2	7.134085E+3
7.882929E+2	7.134331E+3
7.883610E+2	7.134302E+3
7.884317E+2	7.134456E+3
7.884952E+2	7.134836E+3
7.885663E+2	7.135244E+3
7.886347E+2	7.135277E+3
7.887000E+2	7.135419E+3
7.887661E+2	7.135550E+3
7.888327E+2	7.135877E+3
7.888975E+2	7.136152E+3
7.889659E+2	7.136305E+3
7.890321E+2	7.136374E+3
7.891004E+2	7.136432E+3
7.891674E+2	7.136678E+3
7.892360E+2	7.136424E+3
7.893028E+2	7.136645E+3
7.893687E+2	7.137106E+3
7.894340E+2	7.137138E+3
7.895006E+2	7.137184E+3
7.895678E+2	7.137288E+3
7.896313E+2	7.137447E+3
7.897018E+2	7.137579E+3
7.897728E+2	7.137821E+3
7.898384E+2	7.138304E+3
7.899049E+2	7.138191E+3
7.899694E+2	7.138625E+3
7.900352E+2	7.138676E+3
7.901026E+2	7.138985E+3
7.901706E+2	7.139095E+3
7.902374E+2	7.139139E+3
7.903024E+2	7.139427E+3
7.903683E+2	7.139651E+3
7.904320E+2	7.139689E+3
7.904984E+2	7.139660E+3
7.905634E+2	7.140051E+3
7.906309E+2	7.139992E+3
7.906967E+2	7.140135E+3
7.907632E+2	7.140143E+3
7.908316E+2	7.140379E+3
7.908991E+2	7.140454E+3
7.909685E+2	7.140755E+3
7.910360E+2	7.140926E+3
7.910995E+2	7.140954E+3
7.911634E+2	7.141324E+3
7.912288E+2	7.141480E+3
7.912965E+2	7.141552E+3
7.913644E+2	7.141800E+3
7.914341E+2	7.141969E+3
7.914986E+2	7.142128E+3
7.915643E+2	7.142414E+3
7.916329E+2	7.142845E+3
7.916959E+2	7.142866E+3
7.917631E+2	7.143186E+3
7.918348E+2	7.143319E+3
7.919015E+2	7.143508E+3
7.919710E+2	7.143863E+3
7.920349E+2	7.144124E+3
7.920999E+2	7.144348E+3
7.921662E+2	7.144407E+3
7.922346E+2	7.144557E+3
7.923015E+2	7.144819E+3
7.923682E+2	7.145163E+3
7.924377E+2	7.145125E+3
7.925063E+2	7.145488E+3
7.925754E+2	7.145395E+3
7.926432E+2	7.145553E+3
7.927119E+2	7.147223E+3
7.927798E+2	7.147118E+3
7.928456E+2	7.146921E+3
7.929115E+2	7.147040E+3
7.929776E+2	7.147357E+3
7.930432E+2	7.147532E+3
7.931108E+2	0.000000E+0
7.931754E+2	7.148168E+3
7.932459E+2	7.148233E+3
7.933111E+2	7.148684E+3
7.933766E+2	7.148782E+3
7.934411E+2	7.149031E+3
7.935068E+2	7.149153E+3
7.935768E+2	7.149222E+3
7.936431E+2	7.149325E+3
7.937125E+2	7.149473E+3
7.937785E+2	7.149933E+3
7.938451E+2	7.150266E+3
7.939105E+2	7.150114E+3
7.939775E+2	7.150354E+3
7.940425E+2	7.150631E+3
7.941104E+2	0.000000E+0
7.941750E+2	7.150400E+3
7.942426E+2	7.150705E+3
7.943111E+2	7.150872E+3
7.943791E+2	7.151328E+3
7.944458E+2	7.151361E+3
7.945128E+2	7.151301E+3
7.945778E+2	7.151624E+3
7.946474E+2	7.151712E+3
7.947161E+2	7.151952E+3
7.947862E+2	7.151999E+3
7.948517E+2	7.152252E+3
7.949198E+2	7.152484E+3
7.949878E+2	7.152321E+3
7.950556E+2	7.152648E+3
7.951247E+2	7.152824E+3
7.951917E+2	7.153204E+3
7.952594E+2	7.153378E+3
7.953256E+2	7.153114E+3
7.953940E+2	7.153584E+3
7.954609E+2	7.154035E+3
7.955296E+2	7.154135E+3
7.955987E+2	7.154502E+3
7.956653E+2	7.154912E+3
7.957288E+2	7.155244E+3
7.957957E+2	7.155390E+3
7.958611E+2	7.155610E+3
7.959270E+2	7.155777E+3
7.959955E+2	7.155848E+3
7.960641E+2	7.155799E+3
7.961312E+2	7.155890E+3
7.961985E+2	7.156155E+3
7.962616E+2	7.156401E+3
7.963276E+2	7.156518E+3
7.963925E+2	7.156998E+3
7.964589E+2	7.157020E+3
7.965284E+2	7.157187E+3
7.965928E+2	7.157208E+3
7.966588E+2	7.157382E+3
7.967244E+2	7.157769E+3
7.967914E+2	7.158298E+3
7.968575E+2	7.158101E+3
7.969260E+2	7.158109E+3
7.969923E+2	7.158244E+3
7.970582E+2	7.158431E+3
7.971272E+2	7.158857E+3
7.971944E+2	7.158863E+3
7.972639E+2	7.159138E+3
7.973277E+2	7.159406E+3
7.973938E+2	7.159655E+3
7.974596E+2	7.159893E+3
7.975276E+2	7.160292E+3
7.975967E+2	7.160809E+3
7.976664E+2	7.160847E+3
7.977329E+2	7.160802E+3
7.978009E+2	7.161047E+3
7.978680E+2	7.160931E+3
7.979319E+2	7.161459E+3
7.979967E+2	7.161401E+3
7.980633E+2	7.161674E+3
7.981299E+2	7.161863E+3
7.981979E+2	7.161951E+3
7.982666E+2	7.162577E+3
7.983329E+2	7.162856E+3
7.984040E+2	7.163003E+3
7.984688E+2	7.162963E+3
7.985367E+2	7.163231E+3
7.986044E+2	7.163415E+3
7.986708E+2	7.163656E+3
7.987362E+2	7.163729E+3
7.988047E+2	7.163699E+3
7.988707E+2	7.164276E+3
7.989426E+2	7.164599E+3
7.990090E+2	7.164704E+3
7.990780E+2	7.164666E+3
7.991442E+2	7.164959E+3
7.992101E+2	7.165047E+3
7.992773E+2	7.164981E+3
7.993438E+2	7.165316E+3
7.994097E+2	7.165607E+3
7.994776E+2	7.165962E+3
7.995451E+2	7.165987E+3
7.996133E+2	7.166210E+3
7.996783E+2	7.166642E+3
7.997441E+2	7.166646E+3
7.998115E+2	7.167002E+3
7.998786E+2	7.167208E+3
7.999448E+2	7.167328E+3
8.000120E+2	7.167384E+3
8.000790E+2	7.167816E+3
8.001465E+2	7.168024E+3
8.002141E+2	7.168279E+3
8.002820E+2	7.168268E+3
8.003509E+2	7.168356E+3
8.004166E+2	7.168780E+3
8.004841E+2	7.169084E+3
8.005493E+2	7.169000E+3
8.006181E+2	7.169064E+3
8.006850E+2	7.169029E+3
8.007539E+2	7.169273E+3
8.008221E+2	7.169570E+3
8.008869E+2	7.170065E+3
8.009536E+2	7.170416E+3
8.010204E+2	7.170588E+3
8.010884E+2	7.170454E+3
8.011561E+2	7.170721E+3
8.012222E+2	7.170613E+3
8.012902E+2	7.170921E+3
8.013549E+2	7.171213E+3
8.014217E+2	7.171440E+3
8.014877E+2	7.171517E+3
8.015534E+2	7.170714E+3
8.016202E+2	7.171471E+3
8.016837E+2	7.171827E+3
8.017510E+2	7.171806E+3
8.018176E+2	7.172220E+3
8.018887E+2	7.172617E+3
8.019562E+2	7.172614E+3
8.020236E+2	7.172874E+3
8.020913E+2	7.173013E+3
8.021579E+2	7.173282E+3
8.022238E+2	7.173535E+3
8.022907E+2	7.173852E+3
8.023584E+2	7.173380E+3
8.024248E+2	7.173920E+3
8.024916E+2	7.174329E+3
8.025615E+2	7.174047E+3
8.026282E+2	7.174490E+3
8.026932E+2	7.175045E+3
8.027609E+2	7.175324E+3
8.028295E+2	7.175293E+3
8.028944E+2	7.175459E+3
8.029603E+2	7.175808E+3
8.030270E+2	7.175964E+3
8.030940E+2	7.176283E+3
8.031607E+2	7.176517E+3
8.032285E+2	7.176828E+3
8.032919E+2	7.176925E+3
8.033556E+2	7.177324E+3
8.034224E+2	7.177565E+3
8.034893E+2	7.177517E+3
8.035561E+2	7.177769E+3
8.036272E+2	7.177829E+3
8.036926E+2	7.177968E+3
8.037571E+2	7.178085E+3
8.038248E+2	7.178343E+3
8.038907E+2	7.178355E+3
8.039562E+2	7.178909E+3
8.040240E+2	7.178996E+3
8.040910E+2	7.179397E+3
8.041588E+2	7.179472E+3
8.042296E+2	7.179631E+3
8.042956E+2	7.179771E+3
8.043631E+2	7.179950E+3
8.044306E+2	7.180141E+3
8.044967E+2	7.180172E+3
8.045613E+2	7.180293E+3
8.046280E+2	7.180598E+3
8.046920E+2	7.180767E+3
8.047606E+2	7.181092E+3
8.048243E+2	7.181208E+3
8.048923E+2	7.181337E+3
8.049597E+2	7.181373E+3
8.050250E+2	0.000000E+0
8.050903E+2	7.182113E+3
8.051579E+2	7.182320E+3
8.052267E+2	7.182422E+3
8.052926E+2	7.182699E+3
8.053617E+2	7.182722E+3
8.054281E+2	7.182892E+3
8.054936E+2	7.183195E+3
8.055609E+2	7.183454E+3
8.056245E+2	7.183511E+3
8.056922E+2	7.183747E+3
8.057588E+2	7.183956E+3
8.058267E+2	7.183982E+3
8.058924E+2	7.184074E+3
8.059613E+2	7.184202E+3
8.060262E+2	7.184471E+3
8.060932E+2	7.184581E+3
8.061588E+2	7.184923E+3
8.062233E+2	7.185074E+3
8.062890E+2	7.185177E+3
8.063558E+2	7.185194E+3
8.064203E+2	7.185439E+3
8.064833E+2	7.185499E+3
8.065500E+2	7.185718E+3
8.066157E+2	7.185973E+3
8.066827E+2	7.186126E+3
8.067492E+2	7.186481E+3
8.068174E+2	7.186844E+3
8.068853E+2	7.186980E+3
8.069551E+2	7.187255E+3
8.070214E+2	7.187481E+3
8.070875E+2	7.187725E+3
8.071527E+2	7.187849E+3
8.072206E+2	7.188237E+3
8.072845E+2	7.188104E+3
8.073506E+2	7.188153E+3
8.074170E+2	7.188349E+3
8.074850E+2	7.188512E+3
8.075509E+2	7.188381E+3
8.076188E+2	7.188503E+3
8.076868E+2	7.189041E+3
8.077544E+2	7.189362E+3
8.078217E+2	7.189629E+3
8.078869E+2	7.189855E+3
8.079553E+2	7.190332E+3
8.080238E+2	7.190502E+3
8.080898E+2	0.000000E+0
8.081545E+2	7.190758E+3
8.082220E+2	7.191339E+3
8.082868E+2	7.191151E+3
8.083544E+2	7.191059E+3
8.084230E+2	7.191117E+3
8.084910E+2	7.191273E+3
8.085566E+2	7.191463E+3
8.086248E+2	7.191727E+3
8.086925E+2	7.192407E+3
8.087578E+2	7.192592E+3
8.088236E+2	7.192858E+3
8.088916E+2	7.193018E+3
8.089573E+2	7.193266E+3
8.090247E+2	7.193497E+3
8.090936E+2	7.193656E+3
8.091593E+2	7.193662E+3
8.092298E+2	7.194073E+3
8.092978E+2	7.194443E+3
8.093644E+2	7.194839E+3
8.094320E+2	7.195106E+3
8.094993E+2	7.195374E+3
8.095629E+2	7.195349E+3
8.096294E+2	7.195510E+3
8.096954E+2	7.195991E+3
8.097629E+2	7.196108E+3
8.098304E+2	7.196331E+3
8.098954E+2	7.196276E+3
8.099620E+2	7.196753E+3
8.100296E+2	7.197034E+3
8.100956E+2	7.197091E+3
8.101608E+2	7.197205E+3
8.102275E+2	7.197456E+3
8.102956E+2	7.197821E+3
8.103628E+2	7.197949E+3
8.104308E+2	7.197977E+3
8.104977E+2	7.198116E+3
8.105635E+2	7.198311E+3
8.106302E+2	7.198463E+3
8.106981E+2	7.198801E+3
8.107641E+2	7.199085E+3
8.108335E+2	7.198956E+3
8.109004E+2	7.199137E+3
8.109700E+2	7.199166E+3
8.110345E+2	7.199368E+3
8.111025E+2	7.199696E+3
8.111681E+2	7.199517E+3
8.112356E+2	7.199669E+3
8.112997E+2	7.199712E+3
8.113710E+2	7.199974E+3
8.114367E+2	7.199518E+3
8.115039E+2	7.200327E+3
8.115710E+2	7.200659E+3
8.116370E+2	7.199947E+3
8.117030E+2	7.201027E+3
8.117686E+2	7.200836E+3
8.118352E+2	7.201457E+3
8.119032E+2	7.201352E+3
8.119714E+2	7.201719E+3
8.120368E+2	7.201973E+3
8.121063E+2	7.202119E+3
8.121745E+2	7.201963E+3
8.122417E+2	7.201807E+3
8.123078E+2	7.201763E+3
8.123733E+2	7.202354E+3
8.124405E+2	7.202390E+3
8.125075E+2	7.202864E+3
8.125747E+2	7.203220E+3
8.126398E+2	7.203474E+3
8.127049E+2	7.203664E+3
8.127720E+2	7.203893E+3
8.128374E+2	7.204139E+3
8.129028E+2	7.204231E+3
8.129725E+2	7.204321E+3
8.130400E+2	7.204415E+3
8.131078E+2	7.204572E+3
8.131766E+2	7.204930E+3
8.132464E+2	7.205463E+3
8.133133E+2	7.205533E+3
8.133788E+2	7.205615E+3
8.134447E+2	7.205743E+3
8.135097E+2	7.205869E+3
8.135752E+2	7.206012E+3
8.136414E+2	7.205253E+3
8.137096E+2	7.206192E+3
8.137747E+2	7.205814E+3
8.138405E+2	7.206246E+3
8.139055E+2	7.206372E+3
8.139725E+2	7.206677E+3
8.140382E+2	7.207274E+3
8.141061E+2	7.207306E+3
8.141738E+2	7.207620E+3
8.142402E+2	7.207713E+3
8.143089E+2	7.208023E+3
8.143753E+2	7.208184E+3
8.144423E+2	7.208353E+3
8.145083E+2	7.208584E+3
8.145759E+2	7.208770E+3
8.146425E+2	7.209033E+3
8.147123E+2	7.209293E+3
8.147789E+2	7.209566E+3
8.148485E+2	7.209533E+3
8.149145E+2	7.209590E+3
8.149821E+2	7.209510E+3
8.150480E+2	7.210008E+3
8.151140E+2	7.210161E+3
8.151828E+2	7.210460E+3
8.152476E+2	7.210603E+3
8.153136E+2	7.210882E+3
8.153782E+2	0.000000E+0
8.154497E+2	7.211138E+3
8.155147E+2	7.211247E+3
8.155802E+2	7.211448E+3
8.156491E+2	7.211506E+3
8.157161E+2	7.211760E+3
8.157827E+2	7.212137E+3
8.158488E+2	7.212401E+3
8.159149E+2	7.212488E+3
8.159795E+2	7.212698E+3
8.160481E+2	7.212964E+3
8.161141E+2	7.212974E+3
8.161780E+2	7.213163E+3
8.162438E+2	7.213506E+3
8.163117E+2	7.213579E+3
8.163765E+2	7.213562E+3
8.164427E+2	7.213791E+3
8.165128E+2	7.213968E+3
8.165808E+2	7.214230E+3
8.166464E+2	7.214091E+3
8.167124E+2	7.214403E+3
8.167780E+2	7.214700E+3
8.168455E+2	7.214722E+3
8.169111E+2	7.215171E+3
8.169788E+2	7.214962E+3
8.170463E+2	7.215423E+3
8.171124E+2	7.215658E+3
8.171818E+2	7.215969E+3
8.172471E+2	7.216116E+3
8.173122E+2	7.216248E+3
8.173769E+2	7.216639E+3
8.174443E+2	7.216947E+3
8.175108E+2	7.217003E+3
8.175775E+2	7.217143E+3
8.176460E+2	7.217343E+3
8.177139E+2	7.217521E+3
8.177805E+2	7.218087E+3
8.178470E+2	7.218290E+3
8.179120E+2	7.218366E+3
8.179772E+2	7.218322E+3
8.180432E+2	7.218726E+3
8.181117E+2	7.218645E+3
8.181783E+2	7.219224E+3
8.182488E+2	7.219451E+3
8.183189E+2	7.219584E+3
8.183834E+2	7.219617E+3
8.184502E+2	7.219858E+3
8.185192E+2	7.220237E+3
8.185867E+2	7.220060E+3
8.186542E+2	7.220316E+3
8.187232E+2	7.220397E+3
8.187910E+2	7.220512E+3
8.188581E+2	7.220735E+3
8.189257E+2	7.221124E+3
8.189900E+2	7.221589E+3
8.190546E+2	7.221505E+3
8.191207E+2	7.221816E+3
8.191876E+2	7.222006E+3
8.192538E+2	7.222184E+3
8.193209E+2	7.222370E+3
8.193865E+2	7.222756E+3
8.194521E+2	7.222946E+3
8.195213E+2	7.223013E+3
8.195890E+2	7.223221E+3
8.196554E+2	7.223256E+3
8.197216E+2	7.223421E+3
8.197901E+2	7.223781E+3
8.198537E+2	7.223941E+3
8.199237E+2	7.224076E+3
8.199925E+2	7.224428E+3
8.200639E+2	7.224809E+3
8.201305E+2	7.224749E+3
8.201975E+2	7.225140E+3
8.202620E+2	7.225016E+3
8.203275E+2	7.225117E+3
8.203916E+2	7.225206E+3
8.204603E+2	7.225199E+3
8.205257E+2	7.225569E+3
8.205943E+2	7.225842E+3
8.206627E+2	7.225676E+3
8.207282E+2	7.226109E+3
8.207942E+2	7.226234E+3
8.208619E+2	7.226518E+3
8.209269E+2	7.226745E+3
8.209928E+2	7.227021E+3
8.210586E+2	7.227470E+3
8.211236E+2	7.227656E+3
8.211881E+2	7.227723E+3
8.212566E+2	7.228043E+3
8.213246E+2	7.228254E+3
8.213901E+2	7.228251E+3
8.214567E+2	7.228392E+3
8.215256E+2	7.228477E+3
8.215911E+2	7.228789E+3
8.216605E+2	7.228917E+3
8.217275E+2	7.229000E+3
8.217931E+2	7.229392E+3
8.218574E+2	7.229291E+3
8.219235E+2	7.229548E+3
8.219900E+2	7.229608E+3
8.220555E+2	7.229816E+3
8.221237E+2	7.230075E+3
8.221913E+2	7.230256E+3
8.222588E+2	7.230344E+3
8.223254E+2	7.230376E+3
8.223919E+2	7.230280E+3
8.224585E+2	7.230345E+3
8.225226E+2	7.230635E+3
8.225909E+2	7.231013E+3
8.226577E+2	7.231313E+3
8.227238E+2	7.231534E+3
8.227940E+2	7.231788E+3
8.228605E+2	7.232033E+3
8.229276E+2	7.232435E+3
8.229931E+2	7.232430E+3
8.230619E+2	7.232637E+3
8.231269E+2	7.232858E+3
8.231931E+2	7.232946E+3
8.232617E+2	7.233064E+3
8.233286E+2	7.233550E+3
8.233930E+2	7.234141E+3
8.234607E+2	7.234066E+3
8.235247E+2	7.233965E+3
8.235902E+2	7.234169E+3
8.236557E+2	7.234400E+3
8.237248E+2	7.234622E+3
8.237898E+2	7.234743E+3
8.238561E+2	7.234873E+3
8.239223E+2	7.235007E+3
8.239880E+2	7.235318E+3
8.240544E+2	7.235528E+3
8.241205E+2	7.235895E+3
8.241871E+2	7.235794E+3
8.242545E+2	7.236168E+3
8.243246E+2	7.236038E+3
8.243913E+2	7.236239E+3
8.244588E+2	7.236706E+3
8.245261E+2	7.236943E+3
8.245923E+2	7.236987E+3
8.246587E+2	7.237100E+3
8.247249E+2	7.237166E+3
8.247926E+2	7.237613E+3
8.248602E+2	7.237823E+3
8.249316E+2	7.237765E+3
8.249977E+2	7.237811E+3
8.250673E+2	7.237718E+3
8.251352E+2	7.237957E+3
8.252012E+2	7.238407E+3
8.252669E+2	7.238647E+3
8.253344E+2	7.238614E+3
8.253994E+2	7.238940E+3
8.254687E+2	7.239028E+3
8.255337E+2	7.239263E+3
8.256028E+2	7.239675E+3
8.256721E+2	7.239751E+3
8.257397E+2	7.240072E+3
8.258057E+2	7.239942E+3
8.258706E+2	7.240083E+3
8.259370E+2	7.240340E+3
8.260033E+2	7.240458E+3
8.260709E+2	7.241043E+3
8.261363E+2	7.241086E+3
8.262034E+2	7.241169E+3
8.262707E+2	7.241403E+3
8.263374E+2	7.241733E+3
8.264047E+2	7.241983E+3
8.264691E+2	7.242009E+3
8.265362E+2	7.242137E+3
8.266052E+2	7.242360E+3
8.266718E+2	7.242608E+3
8.267424E+2	7.242930E+3
8.268104E+2	7.243213E+3
8.268750E+2	7.243391E+3
8.269409E+2	7.243628E+3
8.270090E+2	7.243818E+3
8.270755E+2	7.243986E+3
8.271421E+2	7.244395E+3
8.272132E+2	7.244612E+3
8.272798E+2	7.244703E+3
8.273481E+2	7.244692E+3
8.274162E+2	7.244872E+3
8.274809E+2	7.245062E+3
8.275455E+2	7.245384E+3
8.276134E+2	7.245634E+3
8.276798E+2	7.245481E+3
8.277448E+2	7.245734E+3
8.278118E+2	7.245767E+3
8.278831E+2	7.246026E+3
8.279492E+2	7.246297E+3
8.280171E+2	7.246349E+3
8.280848E+2	7.246468E+3
8.281482E+2	7.246805E+3
8.282142E+2	7.247050E+3
8.282813E+2	7.247199E+3
8.283486E+2	7.247317E+3
8.284152E+2	7.247658E+3
8.284837E+2	7.248079E+3
8.285515E+2	7.248133E+3
8.286169E+2	7.248315E+3
8.286834E+2	7.248721E+3
8.287507E+2	7.248876E+3
8.288187E+2	7.249194E+3
8.288915E+2	7.249315E+3
8.289591E+2	7.249436E+3
8.290260E+2	7.249697E+3
8.290943E+2	7.249982E+3
8.291620E+2	7.250165E+3
8.292280E+2	7.250104E+3
8.292942E+2	7.250166E+3
8.293622E+2	7.250478E+3
8.294281E+2	7.250283E+3
8.294922E+2	7.250615E+3
8.295580E+2	7.250771E+3
8.296269E+2	7.250996E+3
8.296924E+2	7.251310E+3
8.297601E+2	7.251542E+3
8.298282E+2	7.251434E+3
8.298928E+2	7.251562E+3
8.299583E+2	7.252200E+3
8.300233E+2	7.252090E+3
8.300930E+2	7.252392E+3
8.301573E+2	7.252125E+3
8.302255E+2	7.252732E+3
8.302940E+2	7.252977E+3
8.303590E+2	7.253370E+3
8.304240E+2	7.253128E+3
8.304912E+2	7.253466E+3
8.305571E+2	7.254480E+3
8.306245E+2	7.255535E+3
8.306891E+2	7.255840E+3
8.307586E+2	7.256142E+3
8.308226E+2	7.256399E+3
8.308892E+2	7.256604E+3
8.309581E+2	7.256778E+3
8.310221E+2	7.256944E+3
8.310876E+2	7.257261E+3
8.311541E+2	7.257030E+3
8.312201E+2	7.257484E+3
8.312847E+2	7.257732E+3
8.313552E+2	7.257945E+3
8.314197E+2	7.258117E+3
8.314853E+2	7.257679E+3
8.315514E+2	7.258592E+3
8.316174E+2	7.258527E+3
8.316835E+2	7.258342E+3
8.317521E+2	7.258635E+3
8.318201E+2	7.258897E+3
8.318866E+2	7.259027E+3
8.319552E+2	7.259919E+3
8.320222E+2	7.260059E+3
8.320868E+2	7.260367E+3
8.321525E+2	7.259851E+3
8.322196E+2	7.260047E+3
8.322853E+2	7.260361E+3
8.323516E+2	7.260323E+3
8.324197E+2	7.260673E+3
8.324872E+2	7.261219E+3
8.325527E+2	7.261648E+3
8.326207E+2	7.261733E+3
8.326887E+2	7.262333E+3
8.327552E+2	7.262402E+3
8.328237E+2	7.262155E+3
8.328884E+2	7.262223E+3
8.329541E+2	7.262729E+3
8.330222E+2	7.263196E+3
8.330900E+2	7.263327E+3
8.331560E+2	7.263409E+3
8.332231E+2	7.263497E+3
8.332914E+2	7.263579E+3
8.333589E+2	7.263689E+3
8.334249E+2	7.264105E+3
8.334915E+2	7.263804E+3
8.335601E+2	7.263939E+3
8.336251E+2	7.264148E+3
8.336925E+2	7.264313E+3
8.337603E+2	7.264613E+3
8.338294E+2	7.264889E+3
8.338970E+2	7.265152E+3
8.339615E+2	7.265248E+3
8.340294E+2	7.265593E+3
8.340929E+2	7.265763E+3
8.341605E+2	7.266068E+3
8.342285E+2	7.266123E+3
8.342930E+2	7.265852E+3
8.343611E+2	7.266418E+3
8.344260E+2	7.266469E+3
8.344906E+2	7.266781E+3
8.345593E+2	7.266666E+3
8.346262E+2	7.267217E+3
8.346939E+2	7.267131E+3
8.347607E+2	7.267561E+3
8.348268E+2	7.267684E+3
8.348913E+2	7.267858E+3
8.349579E+2	7.268009E+3
8.350261E+2	7.268442E+3
8.350898E+2	7.268817E+3
8.351543E+2	7.268743E+3
8.352223E+2	7.268545E+3
8.352900E+2	7.269339E+3
8.353564E+2	7.269492E+3
8.354234E+2	7.269477E+3
8.354897E+2	7.269877E+3
8.355537E+2	7.269870E+3
8.356198E+2	7.269874E+3
8.356845E+2	7.270158E+3
8.357551E+2	7.270376E+3
8.358191E+2	7.270751E+3
8.358835E+2	7.270881E+3
8.359512E+2	7.270976E+3
8.360172E+2	7.271279E+3
8.360827E+2	7.271371E+3
8.361485E+2	7.271329E+3
8.362164E+2	7.271683E+3
8.362825E+2	7.271930E+3
8.363524E+2	7.271958E+3
8.364207E+2	7.272259E+3
8.364847E+2	7.272622E+3
8.365492E+2	7.272765E+3
8.366162E+2	7.273089E+3
8.366834E+2	7.273281E+3
8.367493E+2	7.273437E+3
8.368153E+2	7.273701E+3
8.368797E+2	7.273981E+3
8.369459E+2	7.274283E+3
8.370109E+2	7.274792E+3
8.370794E+2	7.274959E+3
8.371461E+2	7.275226E+3
8.372122E+2	7.275271E+3
8.372816E+2	7.275664E+3
8.373462E+2	7.275542E+3
8.374183E+2	7.275776E+3
8.374854E+2	7.275988E+3
8.375525E+2	7.275830E+3
8.376198E+2	7.276173E+3
8.376845E+2	7.276357E+3
8.377507E+2	7.276726E+3
8.378187E+2	7.276672E+3
8.378833E+2	7.276923E+3
8.379510E+2	7.277112E+3
8.380179E+2	7.277401E+3
8.380874E+2	7.277370E+3
8.381531E+2	7.277609E+3
8.382180E+2	7.278142E+3
8.382830E+2	7.278642E+3
8.383485E+2	7.279054E+3
8.384165E+2	7.279336E+3
8.384820E+2	7.279391E+3
8.385505E+2	7.279549E+3
8.386164E+2	7.279988E+3
8.386810E+2	7.280057E+3
8.387488E+2	7.280552E+3
8.388177E+2	7.280666E+3
8.388852E+2	7.280957E+3
8.389506E+2	7.281434E+3
8.390207E+2	7.281909E+3
8.390856E+2	7.282322E+3
8.391542E+2	7.282249E+3
8.392233E+2	7.282676E+3
8.392930E+2	7.282572E+3
8.393592E+2	7.282749E+3
8.394271E+2	7.283004E+3
8.394926E+2	7.283503E+3
8.395603E+2	7.283833E+3
8.396253E+2	7.283830E+3
8.396956E+2	7.284127E+3
8.397632E+2	7.284173E+3
8.398322E+2	7.284057E+3
8.398998E+2	7.284016E+3
8.399648E+2	7.284330E+3
8.400338E+2	7.284579E+3
8.401024E+2	7.284762E+3
8.401699E+2	7.285091E+3
8.402360E+2	7.284899E+3
8.403044E+2	7.285129E+3
8.403710E+2	7.285567E+3
8.404385E+2	7.285805E+3
8.405050E+2	7.286094E+3
8.405725E+2	7.286474E+3
8.406376E+2	7.286621E+3
8.407039E+2	7.286833E+3
8.407716E+2	7.286537E+3
8.408356E+2	7.287414E+3
8.409062E+2	7.287702E+3
8.409729E+2	7.287599E+3
8.410408E+2	7.287972E+3
8.411084E+2	7.288223E+3
8.411731E+2	7.288536E+3
8.412394E+2	7.288700E+3
8.413059E+2	7.288440E+3
8.413728E+2	7.288859E+3
8.414409E+2	7.288938E+3
8.415067E+2	7.289333E+3
8.415768E+2	7.289437E+3
8.416448E+2	7.289971E+3
8.417113E+2	7.290059E+3
8.417788E+2	7.290195E+3
8.418458E+2	7.290281E+3
8.419114E+2	7.290967E+3
8.419760E+2	7.290796E+3
8.420451E+2	7.291173E+3
8.421127E+2	7.291478E+3
8.421812E+2	7.291802E+3
8.422507E+2	7.291846E+3
8.423139E+2	7.292295E+3
8.423784E+2	7.292013E+3
8.424436E+2	7.292228E+3
8.425099E+2	7.292558E+3
8.425771E+2	7.292349E+3
8.426432E+2	7.292682E+3
8.427147E+2	7.292812E+3
8.427792E+2	7.293184E+3
8.428442E+2	7.292848E+3
8.429079E+2	7.293463E+3
8.429717E+2	7.293642E+3
8.430377E+2	7.293812E+3
8.431036E+2	7.294098E+3
8.431699E+2	7.294164E+3
8.432379E+2	7.294402E+3
8.433042E+2	7.294625E+3
8.433728E+2	7.294714E+3
8.434394E+2	7.294751E+3
8.435049E+2	7.294951E+3
8.435721E+2	7.295263E+3
8.436401E+2	7.295388E+3
8.437103E+2	7.295974E+3
8.437770E+2	7.296315E+3
8.438461E+2	7.296365E+3
8.439123E+2	7.296489E+3
8.439774E+2	7.296729E+3
8.440444E+2	7.297192E+3
8.441109E+2	7.297134E+3
8.441765E+2	7.297357E+3
8.442435E+2	7.297536E+3
8.443081E+2	7.297778E+3
8.443757E+2	7.298259E+3
8.444408E+2	7.297987E+3
8.445083E+2	7.298305E+3
8.445730E+2	7.298485E+3
8.446392E+2	7.298957E+3
8.447041E+2	7.298575E+3
8.447726E+2	7.299121E+3
8.448376E+2	7.299465E+3
8.449081E+2	7.299631E+3
8.449737E+2	7.299913E+3
8.450417E+2	7.300065E+3
8.451095E+2	7.300474E+3
8.451762E+2	7.300302E+3
8.452408E+2	7.300685E+3
8.453044E+2	7.300556E+3
8.453742E+2	7.301229E+3
8.454423E+2	7.301160E+3
8.455118E+2	7.301267E+3
8.455834E+2	7.301481E+3
8.456504E+2	7.301759E+3
8.457149E+2	7.301675E+3
8.457847E+2	7.301776E+3
8.458506E+2	7.302341E+3
8.459172E+2	7.302159E+3
8.459859E+2	7.302411E+3
8.460529E+2	7.302471E+3
8.461182E+2	7.302802E+3
8.461878E+2	7.303064E+3
8.462527E+2	7.303173E+3
8.463192E+2	7.303638E+3
8.463870E+2	7.303763E+3
8.464531E+2	7.304069E+3
8.465171E+2	7.304276E+3
8.465857E+2	7.304712E+3
8.466508E+2	7.304857E+3
8.467225E+2	7.305110E+3
8.467900E+2	7.305526E+3
8.468569E+2	7.305683E+3
8.469209E+2	7.305712E+3
8.469864E+2	7.306087E+3
8.470516E+2	7.306171E+3
8.471201E+2	7.306593E+3
8.471868E+2	7.306494E+3
8.472538E+2	7.306696E+3
8.473215E+2	7.306834E+3
8.473892E+2	7.307691E+3
8.474540E+2	7.307778E+3
8.475207E+2	7.307773E+3
8.475863E+2	7.307955E+3
8.476533E+2	7.307761E+3
8.477239E+2	7.308333E+3
8.477896E+2	7.308414E+3
8.478594E+2	7.308414E+3
8.479283E+2	7.308897E+3
8.479961E+2	7.309283E+3
8.480614E+2	7.309557E+3
8.481275E+2	7.310277E+3
8.481940E+2	7.310566E+3
8.482596E+2	7.310436E+3
8.483287E+2	7.311192E+3
8.483982E+2	7.311290E+3
8.484627E+2	7.311743E+3
8.485297E+2	7.311425E+3
8.485974E+2	7.311697E+3
8.486635E+2	7.311461E+3
8.487295E+2	7.311813E+3
8.487982E+2	7.312267E+3
8.488642E+2	7.312243E+3
8.489292E+2	7.312514E+3
8.489959E+2	7.312552E+3
8.490625E+2	7.312684E+3
8.491315E+2	7.312571E+3
8.492001E+2	7.313252E+3
8.492678E+2	7.313504E+3
8.493327E+2	7.313294E+3
8.493999E+2	7.313672E+3
8.494663E+2	7.314379E+3
8.495334E+2	7.314893E+3
8.495989E+2	7.315103E+3
8.496657E+2	7.314857E+3
8.497317E+2	7.315009E+3
8.497983E+2	7.315440E+3
8.498630E+2	7.315857E+3
8.499319E+2	7.315666E+3
8.499965E+2	7.316090E+3
8.500621E+2	7.316444E+3
8.501319E+2	7.316503E+3
8.501955E+2	7.317027E+3
8.502632E+2	7.317227E+3
8.503292E+2	7.317608E+3
8.503969E+2	7.317793E+3
8.504604E+2	7.318003E+3
8.505272E+2	7.318244E+3
8.505957E+2	7.318272E+3
8.506602E+2	7.318423E+3
8.507282E+2	7.318733E+3
8.507920E+2	7.318761E+3
8.508569E+2	0.000000E+0
8.509256E+2	7.319265E+3
8.509932E+2	7.320046E+3
8.510583E+2	7.319872E+3
8.511264E+2	7.320184E+3
8.511936E+2	7.320521E+3
8.512604E+2	7.320427E+3
8.513298E+2	7.320765E+3
8.513964E+2	7.320837E+3
8.514626E+2	7.320974E+3
8.515287E+2	7.321278E+3
8.515952E+2	7.321517E+3
8.516607E+2	7.321828E+3
8.517258E+2	7.321971E+3
8.517931E+2	7.322169E+3
8.518615E+2	7.322351E+3
8.519305E+2	7.322580E+3
8.519976E+2	7.322894E+3
8.520661E+2	7.322723E+3
8.521341E+2	7.323023E+3
8.521991E+2	7.323229E+3
8.522648E+2	7.323351E+3
8.523338E+2	7.323361E+3
8.523983E+2	7.323582E+3
8.524668E+2	7.323820E+3
8.525309E+2	7.323946E+3
8.525959E+2	7.323964E+3
8.526600E+2	7.324080E+3
8.527266E+2	7.324415E+3
8.527952E+2	7.325018E+3
8.528628E+2	7.324617E+3
8.529299E+2	7.324864E+3
8.529995E+2	7.325164E+3
8.530680E+2	7.326236E+3
8.531361E+2	7.326259E+3
8.532038E+2	7.326651E+3
8.532682E+2	7.326696E+3
8.533339E+2	7.327251E+3
8.534016E+2	7.327197E+3
8.534680E+2	7.327579E+3
8.535370E+2	7.327785E+3
8.536037E+2	7.327993E+3
8.536682E+2	7.328086E+3
8.537332E+2	7.328401E+3
8.538028E+2	7.328703E+3
8.538703E+2	7.329000E+3
8.539383E+2	7.329051E+3
8.540030E+2	7.329466E+3
8.540737E+2	7.329532E+3
8.541377E+2	7.329994E+3
8.542072E+2	7.330262E+3
8.542748E+2	7.330270E+3
8.543399E+2	7.330825E+3
8.544063E+2	7.330847E+3
8.544721E+2	7.331288E+3
8.545391E+2	7.331143E+3
8.546076E+2	7.331363E+3
8.546761E+2	7.331397E+3
8.547461E+2	7.331598E+3
8.548097E+2	7.331847E+3
8.548755E+2	7.332476E+3
8.549424E+2	7.332716E+3
8.550071E+2	7.332853E+3
8.550747E+2	7.332795E+3
8.551417E+2	7.333222E+3
8.552115E+2	7.333234E+3
8.552786E+2	7.333708E+3
8.553466E+2	7.333891E+3
8.554137E+2	7.334018E+3
8.554788E+2	7.334221E+3
8.555438E+2	7.334300E+3
8.556101E+2	7.334557E+3
8.556762E+2	7.334611E+3
8.557422E+2	7.334733E+3
8.558128E+2	7.335233E+3
8.558813E+2	7.335561E+3
8.559484E+2	7.335746E+3
8.560143E+2	7.336029E+3
8.560828E+2	7.336148E+3
8.561508E+2	7.336075E+3
8.562165E+2	7.336246E+3
8.562831E+2	7.336342E+3
8.563502E+2	7.336339E+3
8.564217E+2	7.336501E+3
8.564888E+2	7.336832E+3
8.565580E+2	7.337097E+3
8.566235E+2	7.337493E+3
8.566890E+2	7.338383E+3
8.567571E+2	7.338385E+3
8.568219E+2	7.338313E+3
8.568870E+2	7.338590E+3
8.569531E+2	7.338688E+3
8.570202E+2	7.339100E+3
8.570843E+2	7.339141E+3
8.571554E+2	7.339512E+3
8.572205E+2	7.339492E+3
8.572861E+2	7.339994E+3
8.573543E+2	7.340032E+3
8.574198E+2	7.340174E+3
8.574864E+2	7.340492E+3
8.575523E+2	7.340628E+3
8.576210E+2	7.340960E+3
8.576852E+2	7.340936E+3
8.577530E+2	7.341168E+3
8.578216E+2	7.341583E+3
8.578886E+2	7.341729E+3
8.579567E+2	7.341832E+3
8.580253E+2	7.341958E+3
8.580908E+2	7.342237E+3
8.581607E+2	7.342346E+3
8.582303E+2	7.342849E+3
8.582959E+2	7.342929E+3
8.583619E+2	7.343458E+3
8.584327E+2	7.344211E+3
8.584982E+2	7.344512E+3
8.585622E+2	7.344680E+3
8.586269E+2	7.345001E+3
8.586954E+2	7.345125E+3
8.587630E+2	7.345139E+3
8.588333E+2	7.344840E+3
8.589031E+2	7.346776E+3
8.589726E+2	7.346914E+3
8.590387E+2	7.347161E+3
8.591064E+2	7.347341E+3
8.591729E+2	7.347602E+3
8.592386E+2	7.347742E+3
8.593055E+2	7.347751E+3
8.593749E+2	7.348182E+3
8.594393E+2	7.348593E+3
8.595091E+2	7.348589E+3
8.595736E+2	7.349006E+3
8.596387E+2	7.349636E+3
8.597038E+2	7.349838E+3
8.597697E+2	7.349693E+3
8.598357E+2	7.349770E+3
8.599028E+2	7.349754E+3
8.599703E+2	7.349805E+3
8.600364E+2	7.350137E+3
8.601048E+2	7.350151E+3
8.601726E+2	7.350507E+3
8.602396E+2	7.350665E+3
8.603032E+2	7.351045E+3
8.603693E+2	7.351484E+3
8.604368E+2	7.351759E+3
8.605073E+2	7.351843E+3
8.605729E+2	7.351815E+3
8.606389E+2	7.351960E+3
8.607048E+2	7.351875E+3
8.607706E+2	7.352175E+3
8.608397E+2	7.352292E+3
8.609073E+2	7.352669E+3
8.609729E+2	7.352846E+3
8.610399E+2	7.353160E+3
8.611105E+2	7.353397E+3
8.611750E+2	7.353567E+3
8.612418E+2	7.353867E+3
8.613074E+2	7.354214E+3
8.613722E+2	7.354341E+3
8.614388E+2	7.354644E+3
8.615033E+2	7.354826E+3
8.615713E+2	7.354829E+3
8.616374E+2	7.355127E+3
8.617102E+2	7.355379E+3
8.617737E+2	7.355594E+3
8.618398E+2	7.356123E+3
8.619050E+2	7.355920E+3
8.619705E+2	7.356183E+3
8.620371E+2	7.356267E+3
8.621046E+2	7.356657E+3
8.621735E+2	7.356853E+3
8.622424E+2	7.357314E+3
8.623101E+2	7.357582E+3
8.623799E+2	7.357782E+3
8.624458E+2	7.358013E+3
8.625109E+2	7.358222E+3
8.625775E+2	7.358512E+3
8.626429E+2	7.358656E+3
8.627100E+2	7.358603E+3
8.627730E+2	7.359232E+3
8.628416E+2	7.359129E+3
8.629081E+2	7.359458E+3
8.629753E+2	7.359649E+3
8.630403E+2	7.360107E+3
8.631051E+2	7.360035E+3
8.631722E+2	7.360541E+3
8.632410E+2	7.360852E+3
8.633074E+2	7.361180E+3
8.633726E+2	7.361289E+3
8.634441E+2	7.361684E+3
8.635099E+2	7.362071E+3
8.635757E+2	7.362110E+3
8.636427E+2	7.362422E+3
8.637124E+2	7.362776E+3
8.637809E+2	7.362989E+3
8.638470E+2	7.363078E+3
8.639167E+2	7.363494E+3
8.639862E+2	7.363734E+3
8.640502E+2	7.363953E+3
8.641189E+2	7.363866E+3
8.641825E+2	7.363956E+3
8.642504E+2	7.364319E+3
8.643172E+2	7.364561E+3
8.643837E+2	7.364714E+3
8.644507E+2	7.364726E+3
8.645185E+2	7.365022E+3
8.645871E+2	7.365143E+3
8.646541E+2	7.365460E+3
8.647205E+2	7.365609E+3
8.647841E+2	7.365809E+3
8.648481E+2	7.366240E+3
8.649142E+2	7.366392E+3
8.649808E+2	7.366640E+3
8.650478E+2	7.366829E+3
8.651173E+2	7.367119E+3
8.651849E+2	7.367204E+3
8.652499E+2	7.367321E+3
8.653174E+2	7.367459E+3
8.653838E+2	7.368083E+3
8.654518E+2	7.368163E+3
8.655164E+2	7.368310E+3
8.655823E+2	7.368483E+3
8.656480E+2	7.368718E+3
8.657146E+2	7.368913E+3
8.657792E+2	7.369001E+3
8.658472E+2	7.369209E+3
8.659157E+2	7.369409E+3
8.659812E+2	7.369605E+3
8.660472E+2	7.369679E+3
8.661149E+2	7.369816E+3
8.661809E+2	7.369995E+3
8.662476E+2	7.370535E+3
8.663173E+2	7.370630E+3
8.663833E+2	7.370872E+3
8.664479E+2	7.370945E+3
8.665135E+2	7.371155E+3
8.665796E+2	7.371330E+3
8.666476E+2	7.371609E+3
8.667183E+2	7.371856E+3
8.667850E+2	7.372129E+3
8.668540E+2	7.372292E+3
8.669228E+2	7.372598E+3
8.669936E+2	7.372648E+3
8.670585E+2	7.372820E+3
8.671232E+2	7.373094E+3
8.671904E+2	7.373310E+3
8.672574E+2	7.373311E+3
8.673229E+2	7.374097E+3
8.673877E+2	7.374371E+3
8.674576E+2	7.374499E+3
8.675257E+2	7.374607E+3
8.675952E+2	7.374805E+3
8.676622E+2	7.375160E+3
8.677286E+2	7.375134E+3
8.677943E+2	7.375599E+3
8.678623E+2	7.375788E+3
8.679275E+2	7.375899E+3
8.679982E+2	7.376093E+3
8.680662E+2	7.376271E+3
8.681337E+2	7.376648E+3
8.681986E+2	7.376885E+3
8.682676E+2	7.376965E+3
8.683332E+2	7.377167E+3
8.683988E+2	7.377314E+3
8.684627E+2	7.377490E+3
8.685312E+2	7.377747E+3
8.685970E+2	7.378074E+3
8.686653E+2	7.377946E+3
8.687319E+2	7.377988E+3
8.687994E+2	7.378168E+3
8.688644E+2	7.378697E+3
8.689302E+2	7.378750E+3
8.689966E+2	7.379088E+3
8.690637E+2	7.379486E+3
8.691323E+2	7.379692E+3
8.691969E+2	7.379975E+3
8.692653E+2	7.380094E+3
8.693299E+2	7.380419E+3
8.693984E+2	7.380440E+3
8.694624E+2	7.380766E+3
8.695298E+2	7.381058E+3
8.695984E+2	7.381133E+3
8.696693E+2	7.381412E+3
8.697346E+2	7.381629E+3
8.698041E+2	7.381831E+3
8.698682E+2	7.381950E+3
8.699357E+2	7.382022E+3
8.700024E+2	7.382802E+3
8.700664E+2	7.382535E+3
8.701322E+2	7.382730E+3
8.701959E+2	7.382939E+3
8.702639E+2	7.383128E+3
8.703291E+2	7.383555E+3
8.703950E+2	7.383488E+3
8.704599E+2	7.383819E+3
8.705255E+2	7.383952E+3
8.705934E+2	7.384082E+3
8.706574E+2	7.384368E+3
8.707262E+2	7.384657E+3
8.707918E+2	7.384962E+3
8.708587E+2	7.385064E+3
8.709273E+2	7.385291E+3
8.709918E+2	7.385442E+3
8.710578E+2	7.385785E+3
8.711224E+2	7.385923E+3
8.711889E+2	7.385930E+3
8.712569E+2	7.386318E+3
8.713284E+2	7.386546E+3
8.713929E+2	7.386574E+3
8.714633E+2	7.386815E+3
8.715305E+2	7.387190E+3
8.715967E+2	7.387208E+3
8.716639E+2	7.387393E+3
8.717304E+2	7.387616E+3
8.717960E+2	7.387852E+3
8.718629E+2	7.387938E+3
8.719305E+2	7.388313E+3
8.720000E+2	7.388546E+3
8.720660E+2	7.388706E+3
8.721355E+2	7.388869E+3
8.722002E+2	7.389016E+3
8.722649E+2	7.389299E+3
8.723334E+2	7.389630E+3
8.724002E+2	7.389875E+3
8.724682E+2	7.389901E+3
8.725337E+2	7.390177E+3
8.726019E+2	7.390329E+3
8.726679E+2	7.390648E+3
8.727356E+2	7.391046E+3
8.728012E+2	7.391284E+3
8.728652E+2	7.391232E+3
8.729321E+2	7.391278E+3
8.729993E+2	7.391436E+3
8.730663E+2	7.391709E+3
8.731327E+2	7.392043E+3
8.732012E+2	7.392146E+3
8.732643E+2	7.392726E+3
8.733288E+2	7.393312E+3
8.733953E+2	7.393097E+3
8.734598E+2	7.393411E+3
8.735294E+2	7.393696E+3
8.735952E+2	7.393963E+3
8.736627E+2	7.394343E+3
8.737293E+2	7.394093E+3
8.737942E+2	7.394413E+3
8.738592E+2	7.394538E+3
8.739257E+2	7.394579E+3
8.739915E+2	7.394898E+3
8.740555E+2	7.395300E+3
8.741202E+2	7.395518E+3
8.741896E+2	7.395918E+3
8.742567E+2	7.396208E+3
8.743230E+2	7.396246E+3
8.743891E+2	7.396452E+3
8.744531E+2	7.396786E+3
8.745182E+2	7.396998E+3
8.745847E+2	7.397180E+3
8.746516E+2	7.397846E+3
8.747175E+2	7.397802E+3
8.747827E+2	7.398238E+3
8.748483E+2	7.398676E+3
8.749125E+2	7.398785E+3
8.749760E+2	7.398859E+3
8.750400E+2	7.399268E+3
8.751076E+2	7.399376E+3
8.751738E+2	0.000000E+0
8.752413E+2	7.399856E+3
8.753072E+2	7.399928E+3
8.753726E+2	7.400185E+3
8.754386E+2	7.400397E+3
8.755031E+2	7.400762E+3
8.755696E+2	7.400843E+3
8.756352E+2	7.401032E+3
8.757025E+2	7.401188E+3
8.757681E+2	7.401419E+3
8.758357E+2	7.401642E+3
8.759052E+2	7.402036E+3
8.759712E+2	7.402489E+3
8.760359E+2	7.402528E+3
8.761023E+2	7.402789E+3
8.761683E+2	7.402922E+3
8.762349E+2	7.403172E+3
8.763016E+2	7.403430E+3
8.763699E+2	7.403515E+3
8.764360E+2	7.404038E+3
8.765034E+2	7.404023E+3
8.765715E+2	0.000000E+0
8.766362E+2	7.404451E+3
8.767054E+2	7.404829E+3
8.767724E+2	7.404812E+3
8.768430E+2	7.405257E+3
8.769086E+2	7.405665E+3
8.769748E+2	7.405828E+3
8.770402E+2	7.405926E+3
8.771068E+2	7.406185E+3
8.771728E+2	7.406340E+3
8.772375E+2	7.406705E+3
8.773073E+2	7.406867E+3
8.773744E+2	7.407051E+3
8.774434E+2	7.407589E+3
8.775098E+2	7.407811E+3
8.775798E+2	7.408107E+3
8.776466E+2	7.408097E+3
8.777134E+2	7.408520E+3
8.777768E+2	7.408759E+3
8.778416E+2	7.408800E+3
8.779097E+2	7.409158E+3
8.779776E+2	7.409100E+3
8.780427E+2	7.409756E+3
8.781082E+2	7.409982E+3
8.781732E+2	7.410118E+3
8.782408E+2	7.410284E+3
8.783073E+2	7.410502E+3
8.783734E+2	7.410542E+3
8.784410E+2	7.410938E+3
8.785086E+2	7.411226E+3
8.785766E+2	7.411494E+3
8.786421E+2	7.411490E+3
8.787100E+2	7.411753E+3
8.787744E+2	7.412141E+3
8.788427E+2	7.412272E+3
8.789083E+2	7.412751E+3
8.789755E+2	7.413009E+3
8.790413E+2	7.413107E+3
8.791089E+2	7.413342E+3
8.791802E+2	7.413377E+3
8.792452E+2	7.413680E+3
8.793111E+2	7.414184E+3
8.793761E+2	7.414403E+3
8.794428E+2	7.414278E+3
8.795084E+2	7.414287E+3
8.795761E+2	7.414758E+3
8.796412E+2	7.415316E+3
8.797083E+2	7.415427E+3
8.797749E+2	7.415545E+3
8.798390E+2	7.415892E+3
8.799040E+2	7.415629E+3
8.799735E+2	7.415942E+3
8.800384E+2	7.416880E+3
8.801035E+2	7.416867E+3
8.801685E+2	7.417772E+3
8.802361E+2	7.417044E+3
8.803022E+2	7.417498E+3
8.803683E+2	7.417502E+3
8.804358E+2	7.417771E+3
8.805011E+2	7.418200E+3
8.805663E+2	7.418068E+3
8.806359E+2	7.418825E+3
8.807030E+2	7.419090E+3
8.807709E+2	7.419159E+3
8.808414E+2	7.419436E+3
8.809066E+2	7.419486E+3
8.809726E+2	7.419809E+3
8.810377E+2	7.420042E+3
8.811051E+2	7.420150E+3
8.811721E+2	7.420084E+3
8.812417E+2	7.420359E+3
8.813086E+2	7.420722E+3
8.813790E+2	7.421161E+3
8.814443E+2	7.421695E+3
8.815128E+2	7.421728E+3
8.815788E+2	7.422289E+3
8.816454E+2	7.422749E+3
8.817108E+2	7.422846E+3
8.817799E+2	7.423532E+3
8.818485E+2	7.424143E+3
8.819200E+2	7.424547E+3
8.819853E+2	7.424859E+3
8.820516E+2	7.424333E+3
8.821185E+2	7.424804E+3
8.821845E+2	7.425220E+3
8.822480E+2	7.426111E+3
8.823128E+2	7.425574E+3
8.823810E+2	7.426093E+3
8.824465E+2	7.427052E+3
8.825160E+2	7.427180E+3
8.825795E+2	7.426795E+3
8.826446E+2	7.427088E+3
8.827099E+2	7.427511E+3
8.827737E+2	0.000000E+0
8.828410E+2	7.428161E+3
8.829071E+2	7.428617E+3
8.829788E+2	7.428800E+3
8.830458E+2	7.429215E+3
8.831124E+2	7.429132E+3
8.831785E+2	7.429134E+3
8.832431E+2	7.429816E+3
8.833106E+2	7.429770E+3
8.833786E+2	7.429744E+3
8.834454E+2	7.429903E+3
8.835160E+2	7.430214E+3
8.835839E+2	7.430401E+3
8.836540E+2	7.430546E+3
8.837193E+2	7.431035E+3
8.837856E+2	7.430908E+3
8.838531E+2	7.431195E+3
8.839204E+2	7.431358E+3
8.839844E+2	7.431100E+3
8.840505E+2	7.431886E+3
8.841182E+2	7.432236E+3
8.841832E+2	7.432296E+3
8.842518E+2	7.432441E+3
8.843193E+2	7.432598E+3
8.843863E+2	7.432813E+3
8.844510E+2	7.433065E+3
8.845187E+2	7.433295E+3
8.845857E+2	7.433492E+3
8.846566E+2	7.433918E+3
8.847213E+2	7.434502E+3
8.847895E+2	7.434519E+3
8.848547E+2	7.434732E+3
8.849218E+2	7.434891E+3
8.849880E+2	7.434882E+3
8.850547E+2	7.434977E+3
8.851185E+2	7.435281E+3
8.851846E+2	7.435745E+3
8.852532E+2	7.435884E+3
8.853187E+2	7.436273E+3
8.853897E+2	7.436557E+3
8.854572E+2	7.436613E+3
8.855215E+2	7.436821E+3
8.855866E+2	7.438099E+3
8.856537E+2	7.437562E+3
8.857192E+2	7.437780E+3
8.857882E+2	7.438115E+3
8.858587E+2	7.438426E+3
8.859263E+2	7.438670E+3
8.859904E+2	7.438800E+3
8.860591E+2	7.439388E+3
8.861252E+2	7.439236E+3
8.861896E+2	7.439279E+3
8.862572E+2	7.439682E+3
8.863227E+2	7.440102E+3
8.863911E+2	7.439678E+3
8.864587E+2	7.441066E+3
8.865281E+2	7.441293E+3
8.865921E+2	7.441404E+3
8.866554E+2	7.441448E+3
8.867200E+2	7.441623E+3
8.867854E+2	7.441985E+3
8.868507E+2	7.442280E+3
8.869193E+2	7.442527E+3
8.869852E+2	7.442834E+3
8.870537E+2	7.443088E+3
8.871183E+2	7.443639E+3
8.871853E+2	7.443942E+3
8.872518E+2	7.444381E+3
8.873183E+2	7.444474E+3
8.873853E+2	7.444528E+3
8.874549E+2	7.444479E+3
8.875223E+2	7.444821E+3
8.875874E+2	7.444835E+3
8.876530E+2	7.445070E+3
8.877206E+2	7.445211E+3
8.877867E+2	7.445522E+3
8.878542E+2	7.446050E+3
8.879217E+2	7.446094E+3
8.879877E+2	7.446725E+3
8.880562E+2	7.447323E+3
8.881222E+2	7.447645E+3
8.881913E+2	7.447882E+3
8.882578E+2	7.448069E+3
8.883233E+2	7.448570E+3
8.883873E+2	7.448602E+3
8.884548E+2	7.448730E+3
8.885224E+2	7.448962E+3
8.885876E+2	7.449503E+3
8.886569E+2	7.449738E+3
8.887257E+2	7.449915E+3
8.887909E+2	7.450334E+3
8.888585E+2	7.450556E+3
8.889272E+2	7.450852E+3
8.889952E+2	7.451145E+3
8.890632E+2	7.451567E+3
8.891284E+2	7.451441E+3
8.891959E+2	7.451834E+3
8.892623E+2	7.452008E+3
8.893309E+2	7.452308E+3
8.893978E+2	7.452675E+3
8.894644E+2	7.452728E+3
8.895310E+2	7.453081E+3
8.895949E+2	7.453146E+3
8.896594E+2	7.453388E+3
8.897285E+2	7.453553E+3
8.897946E+2	7.453803E+3
8.898650E+2	7.453850E+3
8.899311E+2	7.454305E+3
8.900012E+2	7.454583E+3
8.900662E+2	7.454688E+3
8.901307E+2	7.454908E+3
8.901947E+2	7.455014E+3
8.902623E+2	0.000000E+0
8.903303E+2	7.455286E+3
8.903973E+2	7.455744E+3
8.904659E+2	7.456238E+3
8.905347E+2	7.456025E+3
8.906015E+2	7.456199E+3
8.906690E+2	7.456669E+3
8.907353E+2	7.456777E+3
8.908041E+2	7.456974E+3
8.908700E+2	7.457471E+3
8.909352E+2	7.457617E+3
8.910048E+2	7.457743E+3
8.910699E+2	7.458439E+3
8.911375E+2	7.458657E+3
8.912040E+2	7.458964E+3
8.912710E+2	7.459287E+3
8.913357E+2	7.459377E+3
8.914011E+2	7.459462E+3
8.914686E+2	7.459750E+3
8.915345E+2	7.460212E+3
8.916035E+2	7.460197E+3
8.916728E+2	7.460618E+3
8.917414E+2	7.460718E+3
8.918073E+2	7.460993E+3
8.918728E+2	7.461053E+3
8.919383E+2	7.461273E+3
8.920044E+2	7.461505E+3
8.920714E+2	7.461679E+3
8.921434E+2	7.462049E+3
8.922085E+2	7.462258E+3
8.922762E+2	7.462214E+3
8.923408E+2	7.462637E+3
8.924089E+2	7.462845E+3
8.924756E+2	7.462953E+3
8.925404E+2	7.463100E+3
8.926075E+2	7.463497E+3
8.926765E+2	7.463960E+3
8.927411E+2	7.463918E+3
8.928091E+2	7.464329E+3
8.928765E+2	7.464351E+3
8.929429E+2	7.464466E+3
8.930092E+2	7.464337E+3
8.930764E+2	7.464736E+3
8.931418E+2	7.464645E+3
8.932071E+2	7.465157E+3
8.932711E+2	7.465409E+3
8.933389E+2	7.465361E+3
8.934056E+2	7.465708E+3
8.934698E+2	7.465897E+3
8.935358E+2	7.465457E+3
8.935999E+2	7.466338E+3
8.936656E+2	7.466552E+3
8.937311E+2	7.466557E+3
8.937981E+2	7.466811E+3
8.938616E+2	7.467052E+3
8.939262E+2	7.467755E+3
8.939912E+2	7.468093E+3
8.940577E+2	7.468599E+3
8.941233E+2	7.469307E+3
8.941924E+2	7.469604E+3
8.942573E+2	7.469894E+3
8.943239E+2	7.469620E+3
8.943899E+2	7.469988E+3
8.944553E+2	7.470114E+3
8.945208E+2	7.470989E+3
8.945891E+2	7.471053E+3
8.946550E+2	7.470960E+3
8.947185E+2	7.471447E+3
8.947875E+2	7.471978E+3
8.948557E+2	7.472196E+3
8.949226E+2	7.472275E+3
8.949866E+2	7.472320E+3
8.950514E+2	7.472893E+3
8.951191E+2	7.473056E+3
8.951831E+2	7.473264E+3
8.952519E+2	7.473718E+3
8.953186E+2	7.473400E+3
8.953862E+2	7.473625E+3
8.954518E+2	7.473818E+3
8.955184E+2	7.474216E+3
8.955847E+2	7.474837E+3
8.956492E+2	7.474984E+3
8.957170E+2	7.475040E+3
8.957815E+2	7.475454E+3
8.958510E+2	7.475458E+3
8.959185E+2	7.475709E+3
8.959875E+2	7.476053E+3
8.960538E+2	7.476051E+3
8.961198E+2	7.476252E+3
8.961838E+2	7.476558E+3
8.962492E+2	7.476932E+3
8.963166E+2	7.476962E+3
8.963820E+2	7.477178E+3
8.964503E+2	7.477444E+3
8.965149E+2	7.477711E+3
8.965804E+2	7.478054E+3
8.966467E+2	7.478059E+3
8.967141E+2	7.478424E+3
8.967821E+2	7.478646E+3
8.968489E+2	7.478910E+3
8.969159E+2	7.479042E+3
8.969819E+2	7.479366E+3
8.970505E+2	7.479646E+3
8.971168E+2	7.480045E+3
8.971828E+2	7.480271E+3
8.972490E+2	7.480479E+3
8.973139E+2	7.480538E+3
8.973819E+2	7.481206E+3
8.974505E+2	7.481137E+3
8.975172E+2	7.481393E+3
8.975833E+2	7.481585E+3
8.976495E+2	7.481826E+3
8.977150E+2	7.482057E+3
8.977821E+2	7.481868E+3
8.978487E+2	7.482463E+3
8.979158E+2	7.482825E+3
8.979834E+2	7.483121E+3
8.980499E+2	7.483608E+3
8.981145E+2	7.483726E+3
8.981845E+2	7.484089E+3
8.982512E+2	7.484059E+3
8.983167E+2	7.484135E+3
8.983838E+2	7.484386E+3
8.984506E+2	7.484528E+3
8.985172E+2	7.484892E+3
8.985876E+2	7.485428E+3
8.986542E+2	7.485611E+3
8.987226E+2	7.485807E+3
8.987867E+2	7.486415E+3
8.988527E+2	7.486748E+3
8.989193E+2	7.486580E+3
8.989833E+2	7.487251E+3
8.990491E+2	7.487500E+3
8.991144E+2	7.488110E+3
8.991822E+2	7.488247E+3
8.992488E+2	7.488469E+3
8.993144E+2	7.488973E+3
8.993804E+2	7.489253E+3
8.994449E+2	7.489314E+3
8.995117E+2	7.489485E+3
8.995786E+2	7.489515E+3
8.996498E+2	7.489772E+3
8.997171E+2	7.489878E+3
8.997861E+2	7.490192E+3
8.998548E+2	7.490475E+3
8.999234E+2	7.490431E+3
8.999874E+2	7.490568E+3
9.000539E+2	7.490859E+3
9.001198E+2	7.491111E+3
9.001857E+2	7.491534E+3
9.002523E+2	7.491615E+3
9.003203E+2	7.491778E+3
9.003870E+2	7.492222E+3
9.004556E+2	7.492497E+3
9.005224E+2	7.492994E+3
9.005884E+2	7.492903E+3
9.006540E+2	7.493093E+3
9.007193E+2	7.493408E+3
9.007860E+2	7.493469E+3
9.008526E+2	7.493872E+3
9.009222E+2	7.494562E+3
9.009892E+2	7.494603E+3
9.010570E+2	7.494706E+3
9.011225E+2	7.494824E+3
9.011905E+2	7.494898E+3
9.012567E+2	7.495275E+3
9.013232E+2	7.495628E+3
9.013892E+2	7.495918E+3
9.014589E+2	7.496325E+3
9.015244E+2	7.496931E+3
9.015919E+2	7.496887E+3
9.016574E+2	7.497184E+3
9.017250E+2	7.497468E+3
9.017920E+2	7.498005E+3
9.018581E+2	7.498399E+3
9.019220E+2	7.498122E+3
9.019864E+2	7.498527E+3
9.020540E+2	7.498891E+3
9.021205E+2	7.499113E+3
9.021875E+2	7.499277E+3
9.022511E+2	7.499541E+3
9.023165E+2	7.499585E+3
9.023805E+2	7.499694E+3
9.024470E+2	7.499935E+3
9.025157E+2	7.500409E+3
9.025823E+2	7.500340E+3
9.026520E+2	7.500529E+3
9.027176E+2	7.501129E+3
9.027849E+2	7.501245E+3
9.028524E+2	7.501376E+3
9.029182E+2	7.501693E+3
9.029857E+2	7.501905E+3
9.030504E+2	7.502929E+3
9.031180E+2	7.503194E+3
9.031840E+2	7.503835E+3
9.032530E+2	7.503959E+3
9.033192E+2	7.504270E+3
9.033827E+2	7.504085E+3
9.034493E+2	7.504086E+3
9.035159E+2	7.504321E+3
9.035829E+2	7.504127E+3
9.036524E+2	7.504947E+3
9.037176E+2	7.505033E+3
9.037867E+2	7.505389E+3
9.038521E+2	7.505948E+3
9.039176E+2	7.506165E+3
9.039831E+2	7.506287E+3
9.040499E+2	7.506633E+3
9.041153E+2	7.506996E+3
9.041797E+2	7.507122E+3
9.042464E+2	7.507535E+3
9.043142E+2	7.507671E+3
9.043812E+2	7.507899E+3
9.044479E+2	7.508067E+3
9.045136E+2	7.508389E+3
9.045829E+2	7.508560E+3
9.046499E+2	7.509016E+3
9.047179E+2	7.509236E+3
9.047861E+2	7.509412E+3
9.048578E+2	7.509848E+3
9.049243E+2	7.510018E+3
9.049944E+2	7.510248E+3
9.050597E+2	7.510264E+3
9.051265E+2	7.510728E+3
9.051930E+2	7.510267E+3
9.052606E+2	7.510563E+3
9.053252E+2	7.510401E+3
9.053926E+2	7.510525E+3
9.054614E+2	7.510996E+3
9.055310E+2	7.511288E+3
9.055950E+2	7.511634E+3
9.056617E+2	7.512044E+3
9.057264E+2	7.512331E+3
9.057944E+2	7.512212E+3
9.058610E+2	7.512414E+3
9.059286E+2	7.512668E+3
9.059955E+2	7.513019E+3
9.060616E+2	7.513304E+3
9.061294E+2	7.513504E+3
9.061964E+2	7.513845E+3
9.062609E+2	7.514215E+3
9.063268E+2	7.514566E+3
9.063928E+2	7.514971E+3
9.064603E+2	7.515059E+3
9.065285E+2	7.515142E+3
9.065956E+2	7.515367E+3
9.066640E+2	7.515454E+3
9.067324E+2	7.515797E+3
9.067975E+2	7.516128E+3
9.068620E+2	7.516595E+3
9.069277E+2	7.516789E+3
9.069947E+2	7.517236E+3
9.070604E+2	7.518008E+3
9.071319E+2	7.518353E+3
9.072000E+2	7.518471E+3
9.072696E+2	7.519328E+3
9.073371E+2	7.519763E+3
9.074002E+2	7.520259E+3
9.074637E+2	7.520529E+3
9.075283E+2	7.520931E+3
9.075989E+2	7.521766E+3
9.076656E+2	7.521997E+3
9.077341E+2	7.522073E+3
9.077981E+2	7.522612E+3
9.078627E+2	7.523020E+3
9.079305E+2	7.523779E+3
9.079950E+2	7.523517E+3
9.080617E+2	7.524336E+3
9.081275E+2	7.524128E+3
9.081967E+2	7.524754E+3
9.082635E+2	7.525313E+3
9.083350E+2	7.525594E+3
9.084020E+2	7.525208E+3
9.084658E+2	7.526366E+3
9.085306E+2	7.526621E+3
9.085975E+2	7.526361E+3
9.086640E+2	7.526550E+3
9.087324E+2	7.527100E+3
9.087984E+2	7.527243E+3
9.088690E+2	7.527870E+3
9.089355E+2	7.528003E+3
9.090045E+2	7.528375E+3
9.090726E+2	7.528493E+3
9.091392E+2	7.528797E+3
9.092072E+2	7.528580E+3
9.092716E+2	7.528910E+3
9.093389E+2	7.529327E+3
9.094068E+2	7.529744E+3
9.094733E+2	7.529745E+3
9.095444E+2	7.529326E+3
9.096094E+2	7.529460E+3
9.096735E+2	7.529734E+3
9.097401E+2	7.529679E+3
9.098063E+2	7.530053E+3
9.098718E+2	7.530334E+3
9.099390E+2	7.530477E+3
9.100069E+2	7.530759E+3
9.100731E+2	7.530888E+3
9.101424E+2	7.530974E+3
9.102095E+2	7.531589E+3
9.102771E+2	7.531891E+3
9.103445E+2	7.532309E+3
9.104105E+2	7.532643E+3
9.104742E+2	7.533050E+3
9.105421E+2	7.533517E+3
9.106091E+2	7.533611E+3
9.106788E+2	7.533843E+3
9.107443E+2	7.533972E+3
9.108106E+2	7.534457E+3
9.108782E+2	7.534568E+3
9.109449E+2	7.534926E+3
9.110127E+2	7.534984E+3
9.110784E+2	7.535552E+3
9.111462E+2	7.535520E+3
9.112110E+2	7.535823E+3
9.112802E+2	7.536618E+3
9.113438E+2	7.537035E+3
9.114088E+2	7.537228E+3
9.114740E+2	7.537453E+3
9.115405E+2	7.537694E+3
9.116056E+2	7.538164E+3
9.116727E+2	7.538420E+3
9.117385E+2	7.538631E+3
9.118046E+2	7.538898E+3
9.118692E+2	7.539178E+3
9.119349E+2	7.539418E+3
9.120009E+2	7.539654E+3
9.120675E+2	7.539712E+3
9.121337E+2	7.540199E+3
9.122006E+2	7.540532E+3
9.122693E+2	7.541072E+3
9.123352E+2	7.541493E+3
9.124017E+2	7.541487E+3
9.124665E+2	7.541644E+3
9.125331E+2	7.541661E+3
9.125981E+2	7.542097E+3
9.126664E+2	7.542136E+3
9.127326E+2	7.542821E+3
9.127986E+2	7.543143E+3
9.128665E+2	7.543409E+3
9.129331E+2	7.543791E+3
9.130002E+2	7.543666E+3
9.130659E+2	7.544113E+3
9.131327E+2	7.544043E+3
9.131980E+2	7.544441E+3
9.132667E+2	7.544995E+3
9.133335E+2	7.544924E+3
9.134024E+2	7.545076E+3
9.134679E+2	7.545562E+3
9.135354E+2	7.545869E+3
9.135994E+2	7.546054E+3
9.136650E+2	7.546138E+3
9.137337E+2	7.546364E+3
9.138058E+2	7.546673E+3
9.138733E+2	7.546824E+3
9.139429E+2	7.547195E+3
9.140089E+2	7.547286E+3
9.140755E+2	7.547600E+3
9.141437E+2	7.548052E+3
9.142098E+2	7.548388E+3
9.142759E+2	7.548663E+3
9.143451E+2	7.549008E+3
9.144141E+2	7.549385E+3
9.144839E+2	7.549257E+3
9.145490E+2	7.549947E+3
9.146180E+2	7.550000E+3
9.146836E+2	7.550222E+3
9.147492E+2	7.550658E+3
9.148152E+2	7.550782E+3
9.148798E+2	7.550669E+3
9.149468E+2	7.550999E+3
9.150138E+2	7.551257E+3
9.150825E+2	7.551521E+3
9.151480E+2	7.551571E+3
9.152180E+2	7.551992E+3
9.152846E+2	7.552116E+3
9.153482E+2	7.552391E+3
9.154151E+2	7.552610E+3
9.154816E+2	7.552865E+3
9.155471E+2	7.553317E+3
9.156112E+2	7.553526E+3
9.156788E+2	7.553861E+3
9.157472E+2	7.553991E+3
9.158122E+2	7.554376E+3
9.158785E+2	7.554497E+3
9.159444E+2	7.554746E+3
9.160106E+2	7.554945E+3
9.160744E+2	7.556094E+3
9.161407E+2	7.556091E+3
9.162047E+2	7.556000E+3
9.162708E+2	7.556252E+3
9.163373E+2	7.556606E+3
9.164033E+2	7.556865E+3
9.164679E+2	7.557073E+3
9.165333E+2	7.557215E+3
9.166014E+2	7.557630E+3
9.166671E+2	7.558065E+3
9.167369E+2	7.557913E+3
9.168049E+2	7.558417E+3
9.168756E+2	7.558659E+3
9.169430E+2	7.559092E+3
9.170120E+2	7.559575E+3
9.170771E+2	7.559679E+3
9.171447E+2	7.559862E+3
9.172128E+2	7.560136E+3
9.172815E+2	7.560321E+3
9.173518E+2	7.560472E+3
9.174178E+2	7.560636E+3
9.174894E+2	7.561213E+3
9.175539E+2	7.561528E+3
9.176201E+2	7.561577E+3
9.176898E+2	7.561799E+3
9.177552E+2	7.562143E+3
9.178212E+2	7.562179E+3
9.178898E+2	7.562386E+3
9.179553E+2	7.562478E+3
9.180203E+2	7.563069E+3
9.180900E+2	7.563294E+3
9.181547E+2	7.563584E+3
9.182207E+2	7.563861E+3
9.182865E+2	7.564205E+3
9.183520E+2	7.564475E+3
9.184199E+2	7.564785E+3
9.184874E+2	7.564842E+3
9.185523E+2	7.565112E+3
9.186202E+2	7.565480E+3
9.186878E+2	7.565746E+3
9.187533E+2	7.566044E+3
9.188203E+2	7.566019E+3
9.188858E+2	7.566681E+3
9.189513E+2	7.566858E+3
9.190203E+2	7.566836E+3
9.190879E+2	7.567126E+3
9.191544E+2	7.567545E+3
9.192208E+2	7.567823E+3
9.192865E+2	7.568121E+3
9.193532E+2	7.568051E+3
9.194181E+2	7.568084E+3
9.194856E+2	7.568419E+3
9.195521E+2	7.568514E+3
9.196262E+2	7.568827E+3
9.196909E+2	7.569136E+3
9.197604E+2	7.569286E+3
9.198267E+2	7.569516E+3
9.198944E+2	7.569826E+3
9.199607E+2	7.570178E+3
9.200278E+2	7.570256E+3
9.200945E+2	7.570645E+3
9.201586E+2	7.570759E+3
9.202268E+2	7.571216E+3
9.202934E+2	7.571513E+3
9.203619E+2	7.571678E+3
9.204280E+2	7.572020E+3
9.204937E+2	7.572310E+3
9.205591E+2	7.572689E+3
9.206252E+2	7.572899E+3
9.206909E+2	7.573086E+3
9.207586E+2	7.573329E+3
9.208236E+2	7.573732E+3
9.208921E+2	7.574000E+3
9.209599E+2	7.574500E+3
9.210263E+2	7.574523E+3
9.210939E+2	7.574714E+3
9.211575E+2	7.575198E+3
9.212226E+2	7.575334E+3
9.212903E+2	7.575566E+3
9.213561E+2	7.575602E+3
9.214250E+2	7.576220E+3
9.214897E+2	7.576274E+3
9.215565E+2	7.576644E+3
9.216255E+2	7.577002E+3
9.216901E+2	7.577559E+3
9.217577E+2	7.577798E+3
9.218264E+2	7.577824E+3
9.218931E+2	7.578359E+3
9.219635E+2	7.578567E+3
9.220296E+2	7.578841E+3
9.220985E+2	7.579091E+3
9.221651E+2	7.579422E+3
9.222322E+2	7.579742E+3
9.222988E+2	7.580173E+3
9.223629E+2	7.580373E+3
9.224294E+2	7.580567E+3
9.224960E+2	7.580879E+3
9.225645E+2	7.581453E+3
9.226299E+2	7.581468E+3
9.226973E+2	7.581740E+3
9.227627E+2	7.581884E+3
9.228297E+2	7.582080E+3
9.228953E+2	7.582588E+3
9.229605E+2	7.582640E+3
9.230275E+2	7.582793E+3
9.230960E+2	7.583132E+3
9.231666E+2	7.583430E+3
9.232327E+2	7.583584E+3
9.233003E+2	7.583953E+3
9.233687E+2	7.584196E+3
9.234356E+2	7.584256E+3
9.235013E+2	7.584524E+3
9.235691E+2	7.585015E+3
9.236350E+2	7.584765E+3
9.237030E+2	7.585081E+3
9.237706E+2	7.585459E+3
9.238356E+2	7.585765E+3
9.239019E+2	7.586330E+3
9.239675E+2	7.586401E+3
9.240355E+2	7.586613E+3
9.241004E+2	7.587304E+3
9.241700E+2	7.587410E+3
9.242377E+2	7.587632E+3
9.243038E+2	7.587776E+3
9.243699E+2	7.588120E+3
9.244360E+2	7.588424E+3
9.245026E+2	7.588815E+3
9.245701E+2	7.588890E+3
9.246374E+2	7.589131E+3
9.247050E+2	7.589283E+3
9.247715E+2	7.589371E+3
9.248451E+2	7.589729E+3
9.249112E+2	7.589974E+3
9.249806E+2	7.590268E+3
9.250474E+2	7.590754E+3
9.251153E+2	7.590912E+3
9.251808E+2	7.591300E+3
9.252490E+2	7.591422E+3
9.253150E+2	7.591738E+3
9.253815E+2	7.591932E+3
9.254491E+2	7.592441E+3
9.255192E+2	7.592664E+3
9.255857E+2	7.592806E+3
9.256514E+2	7.593316E+3
9.257172E+2	7.593525E+3
9.257836E+2	7.593660E+3
9.258506E+2	7.593667E+3
9.259155E+2	7.593890E+3
9.259859E+2	7.594242E+3
9.260525E+2	7.594618E+3
9.261195E+2	7.594835E+3
9.261868E+2	7.595135E+3
9.262503E+2	7.595510E+3
9.263155E+2	7.595666E+3
9.263821E+2	7.595889E+3
9.264512E+2	7.596107E+3
9.265203E+2	7.596403E+3
9.265867E+2	7.596758E+3
9.266553E+2	7.597041E+3
9.267243E+2	7.597217E+3
9.267902E+2	7.597374E+3
9.268550E+2	7.597590E+3
9.269190E+2	7.597836E+3
9.269822E+2	7.598346E+3
9.270506E+2	7.598492E+3
9.271236E+2	7.598594E+3
9.271915E+2	7.599018E+3
9.272593E+2	7.598981E+3
9.273262E+2	7.599499E+3
9.273908E+2	7.599779E+3
9.274567E+2	7.599999E+3
9.275226E+2	7.600056E+3
9.275896E+2	7.600400E+3
9.276569E+2	7.600859E+3
9.277259E+2	7.601036E+3
9.277955E+2	7.601342E+3
9.278641E+2	7.601540E+3
9.279322E+2	7.602032E+3
9.279967E+2	7.602328E+3
9.280642E+2	7.602609E+3
9.281323E+2	7.602946E+3
9.281970E+2	7.603213E+3
9.282655E+2	7.603287E+3
9.283327E+2	7.603678E+3
9.284014E+2	7.603927E+3
9.284683E+2	7.604131E+3
9.285343E+2	7.604466E+3
9.286009E+2	7.604716E+3
9.286664E+2	7.604795E+3
9.287335E+2	7.604735E+3
9.288042E+2	7.605187E+3
9.288719E+2	7.605307E+3
9.289369E+2	7.605757E+3
9.290076E+2	7.606171E+3
9.290778E+2	7.606456E+3
9.291438E+2	7.606817E+3
9.292078E+2	7.607134E+3
9.292722E+2	7.607514E+3
9.293399E+2	7.607671E+3
9.294075E+2	7.607936E+3
9.294772E+2	7.608370E+3
9.295424E+2	7.608793E+3
9.296119E+2	7.609002E+3
9.296806E+2	7.609186E+3
9.297479E+2	7.609148E+3
9.298160E+2	7.609771E+3
9.298827E+2	7.609961E+3
9.299494E+2	7.610310E+3
9.300154E+2	7.610704E+3
9.300820E+2	7.610864E+3
9.301485E+2	7.611215E+3
9.302165E+2	7.611531E+3
9.302831E+2	7.611507E+3
9.303498E+2	7.611931E+3
9.304138E+2	7.612172E+3
9.304784E+2	7.612522E+3
9.305451E+2	7.613002E+3
9.306112E+2	7.613135E+3
9.306784E+2	7.613417E+3
9.307426E+2	7.613534E+3
9.308112E+2	7.613817E+3
9.308768E+2	7.614518E+3
9.309429E+2	7.615094E+3
9.310115E+2	7.615648E+3
9.310791E+2	7.615843E+3
9.311468E+2	7.616165E+3
9.312158E+2	7.615959E+3
9.312813E+2	7.616681E+3
9.313518E+2	7.617149E+3
9.314178E+2	7.617785E+3
9.314836E+2	7.617213E+3
9.315515E+2	7.617375E+3
9.316205E+2	7.617878E+3
9.316858E+2	7.618249E+3
9.317533E+2	7.618718E+3
9.318244E+2	7.618971E+3
9.318959E+2	7.619208E+3
9.319608E+2	7.619246E+3
9.320309E+2	7.619817E+3
9.320986E+2	7.620180E+3
9.321621E+2	7.620344E+3
9.322284E+2	7.620422E+3
9.322943E+2	7.620657E+3
9.323634E+2	7.621005E+3
9.324299E+2	7.620993E+3
9.325004E+2	7.621283E+3
9.325677E+2	7.622014E+3
9.326323E+2	7.622195E+3
9.326985E+2	7.622137E+3
9.327650E+2	7.622636E+3
9.328327E+2	7.622900E+3
9.329004E+2	7.623215E+3
9.329653E+2	7.623200E+3
9.330322E+2	7.623674E+3
9.330988E+2	7.623964E+3
9.331685E+2	7.624578E+3
9.332345E+2	7.624663E+3
9.333031E+2	7.624937E+3
9.333716E+2	7.625062E+3
9.334366E+2	7.625000E+3
9.335024E+2	7.625464E+3
9.335699E+2	7.625771E+3
9.336359E+2	7.625926E+3
9.337065E+2	7.626388E+3
9.337734E+2	7.626810E+3
9.338396E+2	7.627369E+3
9.339062E+2	7.627358E+3
9.339722E+2	7.627687E+3
9.340383E+2	7.627889E+3
9.341018E+2	7.627967E+3
9.341694E+2	7.628243E+3
9.342345E+2	7.628532E+3
9.343012E+2	7.629009E+3
9.343669E+2	7.629018E+3
9.344308E+2	7.629155E+3
9.344976E+2	7.629359E+3
9.345661E+2	7.629779E+3
9.346322E+2	7.629964E+3
9.346969E+2	7.629864E+3
9.347634E+2	7.630305E+3
9.348294E+2	7.630629E+3
9.349011E+2	7.630868E+3
9.349667E+2	7.630855E+3
9.350308E+2	7.631232E+3
9.350986E+2	7.631699E+3
9.351641E+2	7.631961E+3
9.352311E+2	7.632162E+3
9.353006E+2	7.632672E+3
9.353664E+2	7.632786E+3
9.354336E+2	7.633164E+3
9.355012E+2	7.633571E+3
9.355677E+2	7.633678E+3
9.356337E+2	7.633923E+3
9.356983E+2	7.634299E+3
9.357688E+2	7.634320E+3
9.358338E+2	7.634869E+3
9.359034E+2	7.634998E+3
9.359700E+2	7.635300E+3
9.360369E+2	7.635459E+3
9.361014E+2	7.635833E+3
9.361701E+2	7.636233E+3
9.362364E+2	7.636516E+3
9.363026E+2	7.636803E+3
9.363701E+2	7.636869E+3
9.364387E+2	7.637239E+3
9.365044E+2	7.637411E+3
9.365734E+2	7.637623E+3
9.366396E+2	7.637964E+3
9.367070E+2	7.638282E+3
9.367726E+2	7.638556E+3
9.368396E+2	7.639300E+3
9.369037E+2	7.639528E+3
9.369693E+2	7.639778E+3
9.370379E+2	7.639476E+3
9.371044E+2	7.639586E+3
9.371710E+2	7.640408E+3
9.372361E+2	7.640747E+3
9.373053E+2	7.641181E+3
9.373714E+2	7.641243E+3
9.374365E+2	7.641326E+3
9.375041E+2	7.641793E+3
9.375709E+2	7.641983E+3
9.376400E+2	7.642292E+3
9.377055E+2	7.642600E+3
9.377725E+2	7.642995E+3
9.378375E+2	7.643409E+3
9.379037E+2	7.643518E+3
9.379713E+2	7.643946E+3
9.380373E+2	7.643986E+3
9.381054E+2	7.644398E+3
9.381732E+2	7.644513E+3
9.382401E+2	7.644402E+3
9.383048E+2	7.644707E+3
9.383735E+2	7.645250E+3
9.384390E+2	7.645613E+3
9.385045E+2	7.645877E+3
9.385712E+2	7.646273E+3
9.386413E+2	7.646277E+3
9.387057E+2	7.646538E+3
9.387743E+2	7.646920E+3
9.388404E+2	7.647274E+3
9.389071E+2	7.647184E+3
9.389735E+2	7.647293E+3
9.390385E+2	7.647780E+3
9.391062E+2	7.648067E+3
9.391720E+2	7.648468E+3
9.392419E+2	7.648528E+3
9.393095E+2	7.648887E+3
9.393771E+2	7.649171E+3
9.394440E+2	7.649431E+3
9.395087E+2	7.649621E+3
9.395721E+2	7.649732E+3
9.396379E+2	7.650352E+3
9.397076E+2	7.650448E+3
9.397732E+2	7.650685E+3
9.398423E+2	7.651277E+3
9.399079E+2	7.651520E+3
9.399755E+2	7.651534E+3
9.400415E+2	7.651954E+3
9.401073E+2	7.652436E+3
9.401740E+2	7.652365E+3
9.402390E+2	7.652459E+3
9.403077E+2	7.652590E+3
9.403761E+2	7.652841E+3
9.404421E+2	7.653230E+3
9.405067E+2	7.653553E+3
9.405735E+2	7.653937E+3
9.406395E+2	7.654116E+3
9.407054E+2	7.654260E+3
9.407719E+2	7.654776E+3
9.408388E+2	7.654838E+3
9.409054E+2	7.655171E+3
9.409712E+2	7.655633E+3
9.410422E+2	7.655871E+3
9.411093E+2	7.655958E+3
9.411770E+2	0.000000E+0
9.412440E+2	7.656653E+3
9.413085E+2	7.656722E+3
9.413744E+2	7.657177E+3
9.414424E+2	7.657529E+3
9.415094E+2	7.657829E+3
9.415799E+2	7.658149E+3
9.416460E+2	7.658468E+3
9.417166E+2	7.658708E+3
9.417807E+2	7.658787E+3
9.418437E+2	7.658952E+3
9.419082E+2	7.659212E+3
9.419768E+2	7.659446E+3
9.420458E+2	7.659965E+3
9.421165E+2	7.660501E+3
9.421804E+2	7.660641E+3
9.422474E+2	7.660742E+3
9.423153E+2	7.660953E+3
9.423815E+2	7.661226E+3
9.424468E+2	7.661357E+3
9.425124E+2	7.661848E+3
9.425807E+2	7.661970E+3
9.426459E+2	7.662240E+3
9.427149E+2	7.663222E+3
9.427817E+2	7.662942E+3
9.428476E+2	7.663270E+3
9.429127E+2	7.663700E+3
9.429773E+2	7.664153E+3
9.430437E+2	7.663990E+3
9.431093E+2	7.664451E+3
9.431791E+2	7.664986E+3
9.432462E+2	7.665214E+3
9.433138E+2	7.665599E+3
9.433818E+2	7.665907E+3
9.434498E+2	7.666228E+3
9.435133E+2	7.666148E+3
9.435809E+2	7.666549E+3
9.436461E+2	7.666857E+3
9.437133E+2	7.666980E+3
9.437798E+2	7.667587E+3
9.438520E+2	7.668012E+3
9.439176E+2	7.668234E+3
9.439849E+2	7.668216E+3
9.440531E+2	7.668423E+3
9.441177E+2	7.669038E+3
9.441838E+2	7.669280E+3
9.442489E+2	7.669457E+3
9.443210E+2	7.670199E+3
9.443895E+2	7.670326E+3
9.444555E+2	7.670700E+3
9.445221E+2	7.670735E+3
9.445867E+2	7.671159E+3
9.446517E+2	7.671490E+3
9.447192E+2	7.671871E+3
9.447837E+2	7.671993E+3
9.448507E+2	7.672221E+3
9.449192E+2	7.672513E+3
9.449870E+2	7.672911E+3
9.450539E+2	7.673134E+3
9.451214E+2	7.673101E+3
9.451867E+2	7.673579E+3
9.452532E+2	7.673931E+3
9.453188E+2	7.674187E+3
9.453888E+2	7.674364E+3
9.454558E+2	7.674461E+3
9.455214E+2	7.674828E+3
9.455900E+2	7.675134E+3
9.456551E+2	7.675399E+3
9.457201E+2	7.675403E+3
9.457856E+2	7.675731E+3
9.458536E+2	7.676039E+3
9.459173E+2	7.676250E+3
9.459821E+2	7.676356E+3
9.460521E+2	7.676970E+3
9.461158E+2	7.677098E+3
9.461846E+2	7.677191E+3
9.462501E+2	7.677436E+3
9.463175E+2	7.677748E+3
9.463832E+2	7.677916E+3
9.464513E+2	0.000000E+0
9.465188E+2	7.678630E+3
9.465844E+2	7.678810E+3
9.466524E+2	7.679463E+3
9.467220E+2	7.679522E+3
9.467885E+2	7.679553E+3
9.468541E+2	7.679793E+3
9.469227E+2	7.680697E+3
9.469889E+2	7.680924E+3
9.470580E+2	7.681236E+3
9.471247E+2	7.681587E+3
9.471902E+2	7.681707E+3
9.472602E+2	7.682309E+3
9.473269E+2	7.682430E+3
9.473946E+2	7.682764E+3
9.474607E+2	7.682872E+3
9.475295E+2	7.683322E+3
9.475961E+2	7.683251E+3
9.476616E+2	7.683428E+3
9.477298E+2	7.683789E+3
9.477973E+2	7.684286E+3
9.478624E+2	7.684677E+3
9.479285E+2	7.684648E+3
9.479948E+2	0.000000E+0
9.480608E+2	7.685032E+3
9.481269E+2	7.685404E+3
9.481908E+2	7.685625E+3
9.482570E+2	7.686280E+3
9.483206E+2	7.686258E+3
9.483862E+2	7.686633E+3
9.484552E+2	7.687103E+3
9.485197E+2	7.687054E+3
9.485872E+2	7.687379E+3
9.486543E+2	7.687861E+3
9.487187E+2	7.688020E+3
9.487824E+2	7.688512E+3
9.488473E+2	7.688871E+3
9.489159E+2	7.689059E+3
9.489814E+2	7.689260E+3
9.490496E+2	7.689352E+3
9.491153E+2	7.689709E+3
9.491811E+2	7.690112E+3
9.492481E+2	7.690609E+3
9.493143E+2	7.690848E+3
9.493815E+2	7.691145E+3
9.494466E+2	7.691011E+3
9.495138E+2	7.691389E+3
9.495803E+2	7.691786E+3
9.496443E+2	7.691990E+3
9.497100E+2	7.691214E+3
9.497778E+2	7.691089E+3
9.498428E+2	7.691244E+3
9.499102E+2	7.691584E+3
9.499745E+2	7.691580E+3
9.500404E+2	7.691997E+3
9.501080E+2	7.692459E+3
9.501737E+2	7.692879E+3
9.502407E+2	7.692942E+3
9.503093E+2	7.693415E+3
9.503772E+2	7.693823E+3
9.504432E+2	7.694236E+3
9.505126E+2	7.694066E+3
9.505794E+2	7.694365E+3
9.506473E+2	7.694702E+3
9.507121E+2	7.695055E+3
9.507779E+2	7.695139E+3
9.508479E+2	7.695454E+3
9.509167E+2	7.695562E+3
9.509844E+2	7.695664E+3
9.510523E+2	7.696214E+3
9.511198E+2	7.696646E+3
9.511874E+2	7.696757E+3
9.512528E+2	7.696925E+3
9.513201E+2	7.697459E+3
9.513870E+2	7.697589E+3
9.514552E+2	7.697861E+3
9.515219E+2	7.698271E+3
9.515884E+2	7.698407E+3
9.516535E+2	7.698683E+3
9.517240E+2	7.698845E+3
9.517915E+2	7.699249E+3
9.518611E+2	7.699686E+3
9.519268E+2	7.699800E+3
9.519932E+2	7.699983E+3
9.520593E+2	7.700355E+3
9.521240E+2	7.700647E+3
9.521897E+2	7.700928E+3
9.522567E+2	7.701422E+3
9.523223E+2	7.701682E+3
9.523897E+2	7.701906E+3
9.524588E+2	7.702312E+3
9.525283E+2	7.702620E+3
9.525968E+2	7.702788E+3
9.526618E+2	7.703383E+3
9.527290E+2	7.703724E+3
9.527988E+2	7.703624E+3
9.528678E+2	7.704021E+3
9.529339E+2	7.704559E+3
9.530028E+2	7.705707E+3
9.530698E+2	7.706207E+3
9.531383E+2	7.706292E+3
9.532048E+2	7.706587E+3
9.532719E+2	7.706673E+3
9.533403E+2	7.706922E+3
9.534079E+2	7.707247E+3
9.534756E+2	7.707431E+3
9.535426E+2	7.707621E+3
9.536091E+2	7.707920E+3
9.536801E+2	7.708373E+3
9.537450E+2	7.708628E+3
9.538119E+2	7.709069E+3
9.538766E+2	7.709200E+3
9.539455E+2	7.709038E+3
9.540131E+2	7.710093E+3
9.540809E+2	7.709982E+3
9.541488E+2	7.710332E+3
9.542145E+2	7.710662E+3
9.542851E+2	7.710680E+3
9.543522E+2	7.711164E+3
9.544179E+2	7.711489E+3
9.544836E+2	7.711898E+3
9.545505E+2	7.712203E+3
9.546163E+2	7.712327E+3
9.546852E+2	7.712515E+3
9.547547E+2	7.712749E+3
9.548222E+2	7.712923E+3
9.548898E+2	7.713581E+3
9.549589E+2	7.713658E+3
9.550266E+2	7.713931E+3
9.550929E+2	7.714477E+3
9.551599E+2	7.714791E+3
9.552275E+2	7.715366E+3
9.552950E+2	7.715320E+3
9.553621E+2	7.715636E+3
9.554329E+2	7.715888E+3
9.554984E+2	7.716299E+3
9.555685E+2	7.716457E+3
9.556332E+2	7.717049E+3
9.556995E+2	7.717372E+3
9.557666E+2	7.717954E+3
9.558342E+2	7.718157E+3
9.559022E+2	7.718556E+3
9.559682E+2	7.718981E+3
9.560373E+2	7.719036E+3
9.561051E+2	7.719393E+3
9.561711E+2	7.719544E+3
9.562387E+2	7.719889E+3
9.563064E+2	7.720194E+3
9.563723E+2	7.720495E+3
9.564385E+2	7.720805E+3
9.565053E+2	7.721250E+3
9.565742E+2	7.721824E+3
9.566409E+2	7.722048E+3
9.567107E+2	7.723288E+3
9.567801E+2	7.725188E+3
9.568447E+2	7.725573E+3
9.569094E+2	7.725848E+3
9.569747E+2	7.726171E+3
9.570407E+2	7.726396E+3
9.571072E+2	7.727039E+3
9.571751E+2	7.727253E+3
9.572416E+2	7.727652E+3
9.573088E+2	7.727632E+3
9.573769E+2	7.728084E+3
9.574439E+2	7.728585E+3
9.575098E+2	7.729077E+3
9.575779E+2	7.729475E+3
9.576469E+2	7.729569E+3
9.577152E+2	7.729206E+3
9.577820E+2	7.728514E+3
9.578509E+2	7.729294E+3
9.579178E+2	7.729249E+3
9.579886E+2	7.729547E+3
9.580566E+2	7.731005E+3
9.581222E+2	7.730267E+3
9.581858E+2	7.730302E+3
9.582518E+2	7.730506E+3
9.583174E+2	7.730831E+3
9.583849E+2	7.730725E+3
9.584509E+2	7.731888E+3
9.585194E+2	7.732013E+3
9.585840E+2	7.732041E+3
9.586506E+2	7.732212E+3
9.587153E+2	7.732533E+3
9.587832E+2	7.733198E+3
9.588492E+2	7.733828E+3
9.589138E+2	7.733350E+3
9.589843E+2	7.734149E+3
9.590484E+2	7.734747E+3
9.591211E+2	7.735559E+3
9.591857E+2	7.736022E+3
9.592512E+2	7.735311E+3
9.593178E+2	7.735523E+3
9.593834E+2	7.734855E+3
9.594484E+2	7.735097E+3
9.595130E+2	7.734901E+3
9.595815E+2	7.734953E+3
9.596495E+2	7.735029E+3
9.597142E+2	7.735753E+3
9.597813E+2	7.735427E+3
9.598472E+2	7.736025E+3
9.599114E+2	7.736265E+3
9.599795E+2	7.736394E+3
9.600501E+2	7.736588E+3
9.601172E+2	7.737005E+3
9.601848E+2	7.736784E+3
9.602548E+2	7.737615E+3
9.603213E+2	7.738206E+3
9.603882E+2	7.737796E+3
9.604542E+2	7.739920E+3
9.605200E+2	7.740168E+3
9.605890E+2	7.740287E+3
9.606580E+2	0.000000E+0
9.607247E+2	7.740894E+3
9.607933E+2	7.741536E+3
9.608624E+2	7.741803E+3
9.609279E+2	7.741377E+3
9.609937E+2	7.742364E+3
9.610607E+2	7.742734E+3
9.611292E+2	7.742327E+3
9.611937E+2	7.742899E+3
9.612652E+2	7.743624E+3
9.613327E+2	7.743802E+3
9.613988E+2	7.744500E+3
9.614706E+2	7.744932E+3
9.615377E+2	7.744671E+3
9.616025E+2	7.745380E+3
9.616689E+2	7.746037E+3
9.617354E+2	7.746413E+3
9.618029E+2	7.747500E+3
9.618679E+2	7.748312E+3
9.619380E+2	7.748481E+3
9.620045E+2	7.748812E+3
9.620715E+2	7.748492E+3
9.621370E+2	7.748531E+3
9.622026E+2	7.748812E+3
9.622686E+2	7.749272E+3
9.623351E+2	7.749905E+3
9.624049E+2	7.750227E+3
9.624705E+2	7.750736E+3
9.625381E+2	7.750756E+3
9.626079E+2	7.751020E+3
9.626740E+2	7.751396E+3
9.627409E+2	7.751815E+3
9.628072E+2	7.751898E+3
9.628753E+2	7.752147E+3
9.629402E+2	7.752418E+3
9.630059E+2	7.752917E+3
9.630739E+2	7.753603E+3
9.631415E+2	7.753993E+3
9.632102E+2	7.754139E+3
9.632763E+2	7.755107E+3
9.633430E+2	7.754797E+3
9.634059E+2	7.754906E+3
9.634721E+2	7.755393E+3
9.635417E+2	7.755868E+3
9.636105E+2	7.756038E+3
9.636766E+2	7.756302E+3
9.637453E+2	7.756718E+3
9.638098E+2	7.756893E+3
9.638749E+2	7.756890E+3
9.639406E+2	7.757361E+3
9.640080E+2	7.757560E+3
9.640740E+2	7.757444E+3
9.641416E+2	7.757850E+3
9.642112E+2	7.758014E+3
9.642782E+2	7.758550E+3
9.643447E+2	7.759988E+3
9.644099E+2	7.762170E+3
9.644769E+2	7.762839E+3
9.645438E+2	7.766248E+3
9.646095E+2	7.766980E+3
9.646774E+2	7.766900E+3
9.647442E+2	7.768187E+3
9.648136E+2	7.768551E+3
9.648785E+2	7.768692E+3
9.649469E+2	7.769255E+3
9.650146E+2	7.769714E+3
9.650827E+2	7.770157E+3
9.651481E+2	7.770924E+3
9.652136E+2	7.771275E+3
9.652817E+2	7.771385E+3
9.653482E+2	7.771768E+3
9.654158E+2	7.772603E+3
9.654854E+2	7.772619E+3
9.655527E+2	7.772672E+3
9.656166E+2	7.773084E+3
9.656836E+2	7.773737E+3
9.657522E+2	7.773770E+3
9.658183E+2	7.774317E+3
9.658850E+2	7.774344E+3
9.659521E+2	7.774412E+3
9.660170E+2	7.774847E+3
9.660869E+2	7.775280E+3
9.661548E+2	7.775935E+3
9.662204E+2	7.776322E+3
9.662882E+2	7.776641E+3
9.663575E+2	7.777469E+3
9.664249E+2	7.777446E+3
9.664935E+2	7.777682E+3
9.665585E+2	7.777796E+3
9.666312E+2	7.778486E+3
9.666977E+2	7.779026E+3
9.667637E+2	7.779283E+3
9.668315E+2	7.779573E+3
9.668990E+2	7.780147E+3
9.669639E+2	7.780312E+3
9.670329E+2	7.780978E+3
9.670979E+2	7.781447E+3
9.671659E+2	7.781400E+3
9.672314E+2	7.781799E+3
9.673021E+2	7.782133E+3
9.673671E+2	7.782291E+3
9.674346E+2	7.782461E+3
9.674991E+2	7.783065E+3
9.675664E+2	7.783366E+3
9.676349E+2	7.784011E+3
9.677044E+2	7.784068E+3
9.677704E+2	7.784607E+3
9.678341E+2	7.784552E+3
9.679032E+2	7.784927E+3
9.679702E+2	7.785520E+3
9.680369E+2	7.785975E+3
9.681046E+2	7.786374E+3
9.681697E+2	7.786135E+3
9.682368E+2	7.786540E+3
9.683054E+2	7.786646E+3
9.683724E+2	7.787107E+3
9.684389E+2	7.786876E+3
9.685048E+2	7.787470E+3
9.685698E+2	7.788089E+3
9.686354E+2	7.787825E+3
9.687011E+2	7.788198E+3
9.687710E+2	7.788102E+3
9.688366E+2	7.788695E+3
9.689046E+2	7.788769E+3
9.689726E+2	7.789227E+3
9.690404E+2	7.789356E+3
9.691040E+2	7.789568E+3
9.691718E+2	7.790353E+3
9.692367E+2	7.791015E+3
9.693032E+2	7.791319E+3
9.693711E+2	7.791333E+3
9.694377E+2	7.791098E+3
9.695062E+2	7.791536E+3
9.695726E+2	7.792168E+3
9.696393E+2	7.792987E+3
9.697058E+2	7.793195E+3
9.697708E+2	7.793705E+3
9.698385E+2	7.794342E+3
9.699034E+2	7.794834E+3
9.699720E+2	7.795638E+3
9.700397E+2	7.795973E+3
9.701054E+2	7.796370E+3
9.701734E+2	7.796346E+3
9.702380E+2	7.797074E+3
9.703061E+2	7.797089E+3
9.703741E+2	7.798189E+3
9.704378E+2	7.798959E+3
9.705076E+2	7.799303E+3
9.705745E+2	7.798924E+3
9.706451E+2	7.798833E+3
9.707146E+2	7.799467E+3
9.707827E+2	7.799535E+3
9.708528E+2	7.800198E+3
9.709193E+2	7.800557E+3
9.709844E+2	7.800992E+3
9.710529E+2	7.801247E+3
9.711184E+2	0.000000E+0
9.711876E+2	7.801964E+3
9.712583E+2	7.802064E+3
9.713269E+2	0.000000E+0
9.713944E+2	7.802824E+3
9.714604E+2	7.803607E+3
9.715278E+2	7.802935E+3
9.715933E+2	7.803720E+3
9.716603E+2	7.804296E+3
9.717274E+2	7.804154E+3
9.717936E+2	7.804125E+3
9.718615E+2	7.804666E+3
9.719281E+2	7.805030E+3
9.719970E+2	7.804523E+3
9.720624E+2	7.805495E+3
9.721292E+2	0.000000E+0
9.721964E+2	7.806139E+3
9.722633E+2	7.806730E+3
9.723300E+2	7.807400E+3
9.723976E+2	7.807642E+3
9.724656E+2	7.807540E+3
9.725336E+2	7.807845E+3
9.726010E+2	7.807541E+3
9.726689E+2	7.807487E+3
9.727375E+2	7.808533E+3
9.728052E+2	7.809245E+3
9.728711E+2	7.809117E+3
9.729380E+2	7.809575E+3
9.730044E+2	7.809704E+3
9.730715E+2	7.810435E+3
9.731393E+2	7.810796E+3
9.732078E+2	7.810674E+3
9.732728E+2	7.811274E+3
9.733404E+2	7.812221E+3
9.734069E+2	7.812641E+3
9.734720E+2	7.813204E+3
9.735402E+2	7.813601E+3
9.736058E+2	7.813375E+3
9.736743E+2	7.813524E+3
9.737421E+2	7.814524E+3
9.738109E+2	7.814637E+3
9.738790E+2	7.814094E+3
9.739488E+2	7.813918E+3
9.740164E+2	7.813646E+3
9.740825E+2	7.814535E+3
9.741501E+2	7.814701E+3
9.742188E+2	7.815554E+3
9.742884E+2	7.815957E+3
9.743550E+2	7.816396E+3
9.744248E+2	7.817052E+3
9.744889E+2	7.816990E+3
9.745564E+2	7.817456E+3
9.746229E+2	7.817912E+3
9.746881E+2	7.818539E+3
9.747567E+2	7.818648E+3
9.748255E+2	7.819338E+3
9.748947E+2	7.819805E+3
9.749603E+2	7.820429E+3
9.750298E+2	7.820277E+3
9.750967E+2	7.820406E+3
9.751642E+2	7.820564E+3
9.752318E+2	7.821530E+3
9.752993E+2	7.822209E+3
9.753664E+2	7.822639E+3
9.754330E+2	7.822925E+3
9.755026E+2	7.823248E+3
9.755677E+2	7.824060E+3
9.756374E+2	7.824399E+3
9.757052E+2	7.824525E+3
9.757721E+2	7.825100E+3
9.758409E+2	7.825760E+3
9.759067E+2	7.826175E+3
9.759756E+2	7.826359E+3
9.760438E+2	7.826656E+3
9.761128E+2	7.827153E+3
9.761828E+2	7.826949E+3
9.762485E+2	7.827574E+3
9.763192E+2	7.828231E+3
9.763862E+2	7.828744E+3
9.764530E+2	7.828952E+3
9.765187E+2	7.829417E+3
9.765847E+2	7.830017E+3
9.766517E+2	7.830364E+3
9.767195E+2	7.830580E+3
9.767885E+2	7.830982E+3
9.768559E+2	7.831202E+3
9.769231E+2	7.831479E+3
9.769947E+2	7.831278E+3
9.770624E+2	7.831890E+3
9.771280E+2	7.832277E+3
9.771951E+2	7.832783E+3
9.772608E+2	7.832884E+3
9.773275E+2	7.833695E+3
9.773947E+2	7.833326E+3
9.774634E+2	7.833479E+3
9.775341E+2	7.833789E+3
9.775982E+2	7.834286E+3
9.776678E+2	7.834907E+3
9.777329E+2	7.835675E+3
9.777979E+2	7.835610E+3
9.778642E+2	7.835257E+3
9.779302E+2	7.835461E+3
9.780007E+2	7.837249E+3
9.780664E+2	7.837330E+3
9.781361E+2	7.837531E+3
9.782019E+2	7.838124E+3
9.782675E+2	7.838451E+3
9.783330E+2	7.838754E+3
9.784005E+2	7.839962E+3
9.784650E+2	7.839964E+3
9.785309E+2	7.840800E+3
9.785990E+2	7.841109E+3
9.786697E+2	7.841552E+3
9.787362E+2	7.841851E+3
9.788033E+2	7.842234E+3
9.788709E+2	7.842666E+3
9.789385E+2	7.842828E+3
9.790030E+2	7.843086E+3
9.790726E+2	7.843181E+3
9.791410E+2	7.843450E+3
9.792106E+2	7.843595E+3
9.792777E+2	7.844213E+3
9.793452E+2	7.845119E+3
9.794126E+2	7.845313E+3
9.794785E+2	7.845873E+3
9.795439E+2	7.845995E+3
9.796117E+2	7.846037E+3
9.796776E+2	7.846746E+3
9.797461E+2	7.847464E+3
9.798151E+2	7.848206E+3
9.798791E+2	7.848388E+3
9.799502E+2	7.849048E+3
9.800185E+2	7.849338E+3
9.800849E+2	7.850248E+3
9.801494E+2	7.850534E+3
9.802161E+2	7.851059E+3
9.802842E+2	7.851256E+3
9.803530E+2	7.851711E+3
9.804243E+2	7.851917E+3
9.804893E+2	7.852511E+3
9.805600E+2	7.852873E+3
9.806275E+2	7.853081E+3
9.806934E+2	7.853280E+3
9.807601E+2	7.853783E+3
9.808275E+2	7.853947E+3
9.808925E+2	7.854434E+3
9.809613E+2	7.854912E+3
9.810309E+2	7.855298E+3
9.811009E+2	7.855442E+3
9.811654E+2	7.855405E+3
9.812360E+2	7.855472E+3
9.813020E+2	7.855930E+3
9.813675E+2	7.856308E+3
9.814351E+2	7.856757E+3
9.815031E+2	7.857232E+3
9.815692E+2	7.857034E+3
9.816387E+2	7.857348E+3
9.817037E+2	7.857974E+3
9.817723E+2	7.858127E+3
9.818409E+2	7.858471E+3
9.819107E+2	7.858528E+3
9.819787E+2	7.858822E+3
9.820475E+2	7.859405E+3
9.821139E+2	7.859950E+3
9.821810E+2	7.860035E+3
9.822468E+2	7.860597E+3
9.823162E+2	7.860658E+3
9.823822E+2	7.861114E+3
9.824528E+2	7.861169E+3
9.825211E+2	7.861770E+3
9.825901E+2	7.862309E+3
9.826573E+2	7.862556E+3
9.827228E+2	7.862700E+3
9.827911E+2	7.862957E+3
9.828574E+2	7.863513E+3
9.829262E+2	7.863488E+3
9.829972E+2	7.864129E+3
9.830649E+2	7.864901E+3
9.831324E+2	7.865508E+3
9.832005E+2	7.865037E+3
9.832667E+2	7.865405E+3
9.833333E+2	7.865901E+3
9.833997E+2	7.866384E+3
9.834663E+2	7.866648E+3
9.835339E+2	7.866123E+3
9.835990E+2	7.867020E+3
9.836716E+2	7.867273E+3
9.837384E+2	7.867883E+3
9.838063E+2	7.867710E+3
9.838748E+2	7.868372E+3
9.839418E+2	7.868773E+3
9.840088E+2	7.869077E+3
9.840753E+2	7.869389E+3
9.841438E+2	7.869922E+3
9.842112E+2	7.870154E+3
9.842788E+2	7.870393E+3
9.843478E+2	7.871245E+3
9.844133E+2	7.871796E+3
9.844813E+2	7.872157E+3
9.845511E+2	7.872447E+3
9.846174E+2	7.872358E+3
9.846840E+2	7.873152E+3
9.847531E+2	7.873151E+3
9.848196E+2	7.873750E+3
9.848866E+2	7.874011E+3
9.849513E+2	7.874187E+3
9.850190E+2	7.874568E+3
9.850860E+2	7.874767E+3
9.851533E+2	7.875737E+3
9.852200E+2	7.875807E+3
9.852900E+2	7.876470E+3
9.853585E+2	7.876431E+3
9.854261E+2	7.876909E+3
9.854922E+2	7.876718E+3
9.855618E+2	7.877102E+3
9.856260E+2	7.877427E+3
9.856950E+2	7.877623E+3
9.857625E+2	7.878181E+3
9.858293E+2	7.878591E+3
9.858952E+2	7.879274E+3
9.859608E+2	7.879154E+3
9.860303E+2	7.879867E+3
9.860973E+2	7.880149E+3
9.861667E+2	7.880398E+3
9.862373E+2	7.881202E+3
9.863004E+2	7.881437E+3
9.863658E+2	7.881917E+3
9.864327E+2	7.883054E+3
9.865006E+2	7.882902E+3
9.865685E+2	7.883310E+3
9.866379E+2	7.884009E+3
9.867050E+2	7.884026E+3
9.867764E+2	7.884488E+3
9.868431E+2	7.884953E+3
9.869122E+2	7.885967E+3
9.869769E+2	7.886393E+3
9.870444E+2	7.886357E+3
9.871129E+2	7.886807E+3
9.871795E+2	7.887145E+3
9.872463E+2	7.887619E+3
9.873153E+2	7.888366E+3
9.873828E+2	7.888557E+3
9.874547E+2	7.889286E+3
9.875202E+2	7.889140E+3
9.875874E+2	7.889781E+3
9.876541E+2	7.890293E+3
9.877209E+2	7.890601E+3
9.877859E+2	7.890592E+3
9.878550E+2	7.890746E+3
9.879207E+2	7.890864E+3
9.879907E+2	7.891773E+3
9.880563E+2	7.892264E+3
9.881261E+2	7.893070E+3
9.881921E+2	7.893186E+3
9.882598E+2	7.893831E+3
9.883274E+2	7.894323E+3
9.883945E+2	7.894752E+3
9.884632E+2	7.895016E+3
9.885320E+2	7.895526E+3
9.886029E+2	7.895798E+3
9.886684E+2	7.896184E+3
9.887389E+2	7.896117E+3
9.888082E+2	7.896511E+3
9.888766E+2	7.896874E+3
9.889452E+2	7.896913E+3
9.890103E+2	7.897222E+3
9.890763E+2	7.897907E+3
9.891415E+2	7.898242E+3
9.892085E+2	7.898404E+3
9.892756E+2	7.898581E+3
9.893451E+2	7.899113E+3
9.894171E+2	7.899658E+3
9.894857E+2	7.900144E+3
9.895532E+2	7.900455E+3
9.896193E+2	7.900655E+3
9.896850E+2	7.901147E+3
9.897507E+2	7.901326E+3
9.898177E+2	7.901766E+3
9.898845E+2	7.902251E+3
9.899542E+2	7.902624E+3
9.900201E+2	7.903015E+3
9.900918E+2	7.903322E+3
9.901594E+2	7.903444E+3
9.902260E+2	7.903408E+3
9.902910E+2	7.904363E+3
9.903600E+2	7.904498E+3
9.904285E+2	7.904606E+3
9.904956E+2	7.904920E+3
9.905613E+2	7.905264E+3
9.906301E+2	7.905970E+3
9.906991E+2	7.906195E+3
9.907662E+2	7.907663E+3
9.908366E+2	7.908373E+3
9.909046E+2	7.909025E+3
9.909701E+2	7.909778E+3
9.910343E+2	7.910378E+3
9.911014E+2	7.910949E+3
9.911720E+2	7.911884E+3
9.912386E+2	7.912140E+3
9.913085E+2	7.911893E+3
9.913751E+2	7.911864E+3
9.914417E+2	7.912378E+3
9.915098E+2	7.913084E+3
9.915775E+2	7.913428E+3
9.916429E+2	7.913704E+3
9.917135E+2	7.914090E+3
9.917801E+2	7.914403E+3
9.918457E+2	7.914583E+3
9.919136E+2	7.914949E+3
9.919832E+2	7.915119E+3
9.920492E+2	7.915373E+3
9.921143E+2	7.916745E+3
9.921809E+2	7.917242E+3
9.922477E+2	7.917375E+3
9.923157E+2	7.917541E+3
9.923821E+2	7.918375E+3
9.924507E+2	7.918302E+3
9.925188E+2	7.918622E+3
9.925842E+2	7.918811E+3
9.926514E+2	7.919454E+3
9.927196E+2	7.919785E+3
9.927841E+2	7.920063E+3
9.928538E+2	7.920436E+3
9.929218E+2	7.921018E+3
9.929895E+2	7.920308E+3
9.930531E+2	7.920753E+3
9.931217E+2	7.921383E+3
9.931882E+2	7.921505E+3
9.932532E+2	7.922325E+3
9.933222E+2	7.922181E+3
9.933888E+2	7.922785E+3
9.934557E+2	7.923535E+3
9.935247E+2	7.923714E+3
9.935885E+2	7.923350E+3
9.936570E+2	7.923814E+3
9.937251E+2	7.924108E+3
9.937925E+2	7.924186E+3
9.938600E+2	7.924798E+3
9.939285E+2	7.925372E+3
9.939968E+2	7.925997E+3
9.940655E+2	7.926056E+3
9.941313E+2	7.927056E+3
9.942012E+2	7.927832E+3
9.942698E+2	7.927722E+3
9.943367E+2	7.928167E+3
9.944021E+2	7.928370E+3
9.944676E+2	7.929119E+3
9.945353E+2	7.929520E+3
9.946043E+2	7.929641E+3
9.946720E+2	7.930146E+3
9.947394E+2	7.930477E+3
9.948084E+2	7.930775E+3
9.948772E+2	7.930885E+3
9.949446E+2	7.930769E+3
9.950135E+2	7.931535E+3
9.950812E+2	7.932338E+3
9.951467E+2	7.932690E+3
9.952148E+2	7.933071E+3
9.952793E+2	7.933706E+3
9.953466E+2	7.934148E+3
9.954186E+2	7.936180E+3
9.954851E+2	7.937495E+3
9.955537E+2	7.938089E+3
9.956216E+2	7.938178E+3
9.956872E+2	7.938315E+3
9.957557E+2	7.938470E+3
9.958229E+2	7.938337E+3
9.958905E+2	7.938821E+3
9.959579E+2	7.938692E+3
9.960270E+2	7.939287E+3
9.960967E+2	7.939583E+3
9.961641E+2	7.939878E+3
9.962329E+2	7.940022E+3
9.962978E+2	7.941057E+3
9.963643E+2	7.941323E+3
9.964320E+2	7.941720E+3
9.964990E+2	7.942305E+3
9.965674E+2	7.942261E+3
9.966380E+2	7.943104E+3
9.967040E+2	7.944303E+3
9.967737E+2	7.943633E+3
9.968414E+2	7.944001E+3
9.969095E+2	7.944674E+3
9.969763E+2	7.945384E+3
9.970431E+2	7.945073E+3
9.971072E+2	7.945997E+3
9.971751E+2	7.945931E+3
9.972402E+2	7.946846E+3
9.973102E+2	7.947566E+3
9.973739E+2	7.947946E+3
9.974427E+2	7.948419E+3
9.975127E+2	7.948531E+3
9.975794E+2	7.949032E+3
9.976474E+2	7.949492E+3
9.977125E+2	7.949637E+3
9.977781E+2	7.950211E+3
9.978476E+2	7.950344E+3
9.979166E+2	7.950765E+3
9.979840E+2	7.950936E+3
9.980525E+2	7.951200E+3
9.981214E+2	7.951371E+3
9.981864E+2	7.951786E+3
9.982532E+2	7.951822E+3
9.983214E+2	7.952340E+3
9.983858E+2	7.952863E+3
9.984548E+2	7.953045E+3
9.985198E+2	7.953728E+3
9.985880E+2	7.953579E+3
9.986564E+2	7.954104E+3
9.987211E+2	7.954985E+3
9.987866E+2	7.954982E+3
9.988551E+2	7.955581E+3
9.989211E+2	7.955803E+3
9.989876E+2	7.956497E+3
9.990551E+2	7.956448E+3
9.991251E+2	7.957213E+3
9.991916E+2	7.957658E+3
9.992597E+2	7.957976E+3
9.993267E+2	7.958182E+3
9.993922E+2	7.958285E+3
9.994587E+2	7.958762E+3
9.995275E+2	7.959157E+3
9.995961E+2	7.959348E+3
9.996617E+2	7.959719E+3
9.997317E+2	7.959431E+3
9.998005E+2	7.960269E+3
9.998689E+2	7.961246E+3
9.999339E+2	7.961992E+3
1.000003E+3	7.961589E+3
1.000066E+3	7.961655E+3
1.000131E+3	7.961779E+3
1.000198E+3	7.962359E+3
1.000266E+3	7.963218E+3
1.000334E+3	7.962568E+3
1.000402E+3	7.963187E+3
1.000468E+3	7.963685E+3
1.000535E+3	7.963533E+3
1.000602E+3	7.963719E+3
1.000667E+3	7.963848E+3
1.000732E+3	7.963853E+3
1.000798E+3	7.965848E+3
1.000869E+3	7.966552E+3
1.000934E+3	7.966666E+3
1.001003E+3	7.967171E+3
1.001069E+3	7.967202E+3
1.001137E+3	7.967813E+3
1.001203E+3	7.970176E+3
1.001268E+3	7.970289E+3
1.001336E+3	7.970728E+3
1.001402E+3	7.971297E+3
1.001469E+3	7.971660E+3
1.001538E+3	7.972036E+3
1.001605E+3	7.972370E+3
1.001671E+3	7.972546E+3
1.001739E+3	7.973052E+3
1.001805E+3	7.973600E+3
1.001871E+3	7.973680E+3
1.001938E+3	7.973920E+3
1.002007E+3	7.974164E+3
1.002075E+3	7.974636E+3
1.002144E+3	7.975329E+3
1.002209E+3	7.975858E+3
1.002276E+3	7.976380E+3
1.002343E+3	7.976178E+3
1.002408E+3	7.976627E+3
1.002474E+3	7.977302E+3
1.002539E+3	7.977655E+3
1.002609E+3	7.978311E+3
1.002677E+3	7.978847E+3
1.002744E+3	7.979154E+3
1.002809E+3	7.979036E+3
1.002874E+3	7.980010E+3
1.002939E+3	7.980166E+3
1.003004E+3	7.980288E+3
1.003073E+3	7.980744E+3
1.003140E+3	7.980849E+3
1.003208E+3	7.981097E+3
1.003276E+3	7.981377E+3
1.003345E+3	7.981853E+3
1.003412E+3	7.982036E+3
1.003477E+3	7.982568E+3
1.003545E+3	7.982709E+3
1.003613E+3	7.983014E+3
1.003684E+3	7.983438E+3
1.003752E+3	7.983750E+3
1.003823E+3	7.984286E+3
1.003889E+3	7.985605E+3
1.003958E+3	7.985862E+3
1.004024E+3	7.986099E+3
1.004092E+3	7.986612E+3
1.004159E+3	7.986486E+3
1.004226E+3	7.986839E+3
1.004292E+3	7.987421E+3
1.004360E+3	7.987396E+3
1.004427E+3	7.987754E+3
1.004495E+3	7.988475E+3
1.004561E+3	7.988533E+3
1.004628E+3	7.988937E+3
1.004694E+3	7.989191E+3
1.004761E+3	7.989633E+3
1.004827E+3	7.990043E+3
1.004892E+3	7.990926E+3
1.004962E+3	7.991430E+3
1.005028E+3	7.992074E+3
1.005097E+3	7.992959E+3
1.005163E+3	7.992571E+3
1.005228E+3	7.993238E+3
1.005293E+3	7.993724E+3
1.005360E+3	7.994459E+3
1.005427E+3	7.994884E+3
1.005498E+3	7.995487E+3
1.005565E+3	7.995734E+3
1.005636E+3	7.996151E+3
1.005700E+3	7.996107E+3
1.005768E+3	7.996487E+3
1.005839E+3	7.997604E+3
1.005906E+3	7.997849E+3
1.005974E+3	7.998511E+3
1.006041E+3	7.999476E+3
1.006106E+3	7.999454E+3
1.006176E+3	7.999520E+3
1.006242E+3	7.999565E+3
1.006312E+3	7.999820E+3
1.006376E+3	8.000218E+3
1.006442E+3	8.000343E+3
1.006507E+3	8.000696E+3
1.006574E+3	8.000585E+3
1.006641E+3	8.001330E+3
1.006707E+3	8.001466E+3
1.006780E+3	8.001912E+3
1.006847E+3	8.002136E+3
1.006915E+3	8.002592E+3
1.006982E+3	8.002899E+3
1.007049E+3	8.003156E+3
1.007115E+3	8.003589E+3
1.007184E+3	8.003937E+3
1.007252E+3	8.004263E+3
1.007319E+3	8.004554E+3
1.007389E+3	8.005236E+3
1.007459E+3	8.005118E+3
1.007525E+3	8.005858E+3
1.007588E+3	8.006114E+3
1.007655E+3	8.006453E+3
1.007719E+3	8.007521E+3
1.007784E+3	8.009707E+3
1.007848E+3	8.009736E+3
1.007918E+3	8.010302E+3
1.007984E+3	8.010850E+3
1.008052E+3	8.011426E+3
1.008118E+3	8.011086E+3
1.008185E+3	8.011362E+3
1.008252E+3	8.012341E+3
1.008318E+3	8.012578E+3
1.008382E+3	8.010296E+3
1.008452E+3	8.010279E+3
1.008518E+3	8.013099E+3
1.008589E+3	8.013078E+3
1.008656E+3	8.013743E+3
1.008721E+3	8.013564E+3
1.008786E+3	8.014016E+3
1.008852E+3	8.014608E+3
1.008917E+3	8.015406E+3
1.008983E+3	8.015756E+3
1.009053E+3	8.015655E+3
1.009118E+3	8.016763E+3
1.009186E+3	8.017166E+3
1.009253E+3	8.017321E+3
1.009317E+3	8.017497E+3
1.009380E+3	8.018186E+3
1.009445E+3	8.018642E+3
1.009515E+3	8.019028E+3
1.009586E+3	8.019830E+3
1.009653E+3	8.020504E+3
1.009722E+3	8.020704E+3
1.009788E+3	8.020706E+3
1.009854E+3	8.020826E+3
1.009922E+3	8.021438E+3
1.009990E+3	8.022577E+3
1.010056E+3	8.022194E+3
1.010120E+3	8.022538E+3
1.010188E+3	8.022724E+3
1.010254E+3	8.022706E+3
1.010322E+3	8.023095E+3
1.010389E+3	8.023221E+3
1.010455E+3	8.023596E+3
1.010521E+3	0.000000E+0
1.010587E+3	8.024081E+3
1.010652E+3	8.024904E+3
1.010719E+3	0.000000E+0
1.010789E+3	8.025446E+3
1.010856E+3	8.026223E+3
1.010925E+3	8.026486E+3
1.010989E+3	8.026498E+3
1.011054E+3	8.026824E+3
1.011122E+3	8.026790E+3
1.011188E+3	8.026812E+3
1.011255E+3	8.027337E+3
1.011325E+3	8.028166E+3
1.011390E+3	8.028544E+3
1.011460E+3	8.029398E+3
1.011527E+3	8.029742E+3
1.011593E+3	8.030207E+3
1.011658E+3	8.031064E+3
1.011724E+3	8.031357E+3
1.011790E+3	8.031293E+3
1.011858E+3	8.031639E+3
1.011926E+3	8.031935E+3
1.011992E+3	8.032536E+3
1.012062E+3	8.032847E+3
1.012127E+3	8.033507E+3
1.012193E+3	8.034143E+3
1.012260E+3	8.034435E+3
1.012327E+3	8.034923E+3
1.012391E+3	8.034937E+3
1.012460E+3	8.035769E+3
1.012526E+3	8.035649E+3
1.012596E+3	8.036816E+3
1.012664E+3	8.036911E+3
1.012728E+3	8.037673E+3
1.012792E+3	8.037753E+3
1.012860E+3	8.038386E+3
1.012927E+3	8.038865E+3
1.012994E+3	8.038639E+3
1.013062E+3	8.038539E+3
1.013132E+3	8.038701E+3
1.013202E+3	8.039013E+3
1.013267E+3	8.040204E+3
1.013335E+3	8.041034E+3
1.013403E+3	8.041138E+3
1.013468E+3	8.041382E+3
1.013534E+3	8.041755E+3
1.013605E+3	8.042259E+3
1.013669E+3	8.042548E+3
1.013741E+3	8.043173E+3
1.013807E+3	8.043408E+3
1.013877E+3	8.043690E+3
1.013945E+3	8.044108E+3
1.014013E+3	8.044780E+3
1.014079E+3	8.045191E+3
1.014143E+3	8.045134E+3
1.014209E+3	8.045678E+3
1.014277E+3	8.046679E+3
1.014343E+3	8.047567E+3
1.014412E+3	8.047739E+3
1.014480E+3	8.048356E+3
1.014547E+3	8.048731E+3
1.014614E+3	8.049036E+3
1.014680E+3	8.048760E+3
1.014746E+3	8.049632E+3
1.014813E+3	8.050160E+3
1.014881E+3	8.050575E+3
1.014946E+3	8.050855E+3
1.015014E+3	8.051246E+3
1.015083E+3	8.052032E+3
1.015151E+3	8.052368E+3
1.015216E+3	0.000000E+0
1.015282E+3	8.053315E+3
1.015352E+3	8.053858E+3
1.015421E+3	8.054491E+3
1.015491E+3	8.055019E+3
1.015556E+3	8.055923E+3
1.015626E+3	8.056201E+3
1.015690E+3	8.056686E+3
1.015756E+3	8.056911E+3
1.015824E+3	8.056995E+3
1.015890E+3	0.000000E+0
1.015956E+3	8.058626E+3
1.016022E+3	8.058780E+3
1.016092E+3	8.058555E+3
1.016158E+3	8.058903E+3
1.016226E+3	8.059096E+3
1.016295E+3	0.000000E+0
1.016363E+3	8.060155E+3
1.016429E+3	8.060201E+3
1.016498E+3	8.060841E+3
1.016561E+3	8.061082E+3
1.016630E+3	8.061603E+3
1.016696E+3	8.061957E+3
1.016767E+3	8.062645E+3
1.016834E+3	8.062537E+3
1.016902E+3	8.062896E+3
1.016969E+3	8.063068E+3
1.017035E+3	8.063627E+3
1.017102E+3	8.064059E+3
1.017168E+3	8.064309E+3
1.017232E+3	8.064519E+3
1.017300E+3	8.065323E+3
1.017366E+3	8.066173E+3
1.017436E+3	8.066639E+3
1.017505E+3	0.000000E+0
1.017573E+3	8.068737E+3
1.017639E+3	8.068976E+3
1.017706E+3	8.069610E+3
1.017773E+3	8.069880E+3
1.017839E+3	8.070489E+3
1.017906E+3	8.070689E+3
1.017972E+3	8.071369E+3
1.018040E+3	8.071770E+3
1.018106E+3	8.072455E+3
1.018172E+3	8.072905E+3
1.018238E+3	8.073335E+3
1.018304E+3	8.073937E+3
1.018370E+3	8.075051E+3
1.018436E+3	8.075282E+3
1.018504E+3	8.075747E+3
1.018570E+3	8.077039E+3
1.018636E+3	8.076954E+3
1.018702E+3	8.078006E+3
1.018767E+3	8.079795E+3
1.018834E+3	8.079968E+3
1.018901E+3	8.080334E+3
1.018969E+3	8.080695E+3
1.019036E+3	8.081415E+3
1.019105E+3	8.081382E+3
1.019172E+3	8.082086E+3
1.019237E+3	8.083557E+3
1.019302E+3	8.083926E+3
1.019367E+3	8.084701E+3
1.019432E+3	8.084793E+3
1.019499E+3	8.085295E+3
1.019566E+3	8.085669E+3
1.019635E+3	8.085590E+3
1.019702E+3	8.086119E+3
1.019768E+3	8.086408E+3
1.019833E+3	8.086924E+3
1.019900E+3	8.087217E+3
1.019964E+3	8.087612E+3
1.020032E+3	8.087908E+3
1.020101E+3	8.088668E+3
1.020168E+3	8.089153E+3
1.020237E+3	8.089260E+3
1.020303E+3	8.089623E+3
1.020368E+3	8.090243E+3
1.020434E+3	8.090544E+3
1.020503E+3	8.090952E+3
1.020568E+3	8.091081E+3
1.020634E+3	8.091659E+3
1.020702E+3	8.092184E+3
1.020767E+3	8.091646E+3
1.020831E+3	8.092398E+3
1.020897E+3	8.093282E+3
1.020961E+3	8.093703E+3
1.021027E+3	8.094169E+3
1.021092E+3	8.094275E+3
1.021162E+3	8.094970E+3
1.021228E+3	8.095016E+3
1.021295E+3	8.095399E+3
1.021360E+3	8.096126E+3
1.021427E+3	8.096664E+3
1.021494E+3	8.096985E+3
1.021559E+3	8.097837E+3
1.021627E+3	8.098296E+3
1.021692E+3	8.098599E+3
1.021759E+3	8.098964E+3
1.021827E+3	8.099732E+3
1.021897E+3	8.099843E+3
1.021963E+3	8.100017E+3
1.022029E+3	8.100118E+3
1.022094E+3	8.100758E+3
1.022162E+3	8.101153E+3
1.022230E+3	8.101521E+3
1.022297E+3	8.101506E+3
1.022365E+3	8.102614E+3
1.022432E+3	8.102020E+3
1.022500E+3	8.102920E+3
1.022567E+3	8.103121E+3
1.022632E+3	8.103318E+3
1.022699E+3	8.103648E+3
1.022763E+3	8.104918E+3
1.022832E+3	8.105348E+3
1.022901E+3	8.106654E+3
1.022966E+3	8.107120E+3
1.023036E+3	8.107713E+3
1.023101E+3	8.108239E+3
1.023167E+3	8.108943E+3
1.023235E+3	8.109069E+3
1.023302E+3	8.109284E+3
1.023370E+3	8.109737E+3
1.023440E+3	8.110280E+3
1.023505E+3	8.110600E+3
1.023574E+3	8.111138E+3
1.023640E+3	8.111301E+3
1.023705E+3	8.111555E+3
1.023774E+3	8.111528E+3
1.023843E+3	8.111841E+3
1.023911E+3	8.112065E+3
1.023975E+3	8.112673E+3
1.024044E+3	8.112835E+3
1.024110E+3	8.113030E+3
1.024178E+3	8.113538E+3
1.024245E+3	8.113872E+3
1.024309E+3	8.114106E+3
1.024377E+3	8.114651E+3
1.024444E+3	8.115139E+3
1.024514E+3	0.000000E+0
1.024581E+3	8.115799E+3
1.024649E+3	8.116638E+3
1.024716E+3	8.116910E+3
1.024782E+3	8.117497E+3
1.024851E+3	8.117608E+3
1.024915E+3	8.117880E+3
1.024981E+3	8.118530E+3
1.025048E+3	8.119455E+3
1.025112E+3	8.119783E+3
1.025182E+3	8.120152E+3
1.025251E+3	8.120858E+3
1.025316E+3	8.121163E+3
1.025387E+3	8.121682E+3
1.025454E+3	8.121982E+3
1.025521E+3	8.122832E+3
1.025587E+3	8.122999E+3
1.025655E+3	8.126989E+3
1.025723E+3	8.126312E+3
1.025786E+3	8.125146E+3
1.025853E+3	8.124177E+3
1.025921E+3	8.126039E+3
1.025991E+3	8.126152E+3
1.026056E+3	8.126728E+3
1.026122E+3	8.127901E+3
1.026188E+3	8.127613E+3
1.026255E+3	8.126704E+3
1.026323E+3	8.127168E+3
1.026394E+3	8.127944E+3
1.026459E+3	8.128363E+3
1.026527E+3	8.128886E+3
1.026594E+3	8.129312E+3
1.026661E+3	8.130112E+3
1.026729E+3	8.131245E+3
1.026796E+3	8.131525E+3
1.026864E+3	8.134174E+3
1.026932E+3	8.132776E+3
1.027000E+3	8.133459E+3
1.027072E+3	8.133782E+3
1.027137E+3	8.134476E+3
1.027204E+3	8.134101E+3
1.027271E+3	8.134713E+3
1.027336E+3	8.135404E+3
1.027404E+3	8.135761E+3
1.027472E+3	8.136078E+3
1.027538E+3	8.137040E+3
1.027608E+3	8.137496E+3
1.027676E+3	8.137503E+3
1.027747E+3	8.139086E+3
1.027814E+3	8.139483E+3
1.027886E+3	8.139614E+3
1.027953E+3	8.140296E+3
1.028018E+3	8.140888E+3
1.028087E+3	8.140554E+3
1.028154E+3	8.141506E+3
1.028221E+3	8.142053E+3
1.028289E+3	8.142123E+3
1.028358E+3	8.142601E+3
1.028424E+3	8.142771E+3
1.028495E+3	0.000000E+0
1.028562E+3	8.144717E+3
1.028629E+3	8.145171E+3
1.028694E+3	8.145186E+3
1.028761E+3	8.145478E+3
1.028828E+3	8.146857E+3
1.028894E+3	8.147489E+3
1.028961E+3	8.147932E+3
1.029026E+3	8.147958E+3
1.029096E+3	8.149252E+3
1.029160E+3	8.149803E+3
1.029229E+3	8.150139E+3
1.029296E+3	8.150218E+3
1.029362E+3	8.150957E+3
1.029429E+3	8.151564E+3
1.029495E+3	8.152028E+3
1.029560E+3	8.151995E+3
1.029630E+3	8.152873E+3
1.029697E+3	8.153149E+3
1.029762E+3	8.153854E+3
1.029831E+3	8.154630E+3
1.029897E+3	8.154553E+3
1.029963E+3	8.154292E+3
1.030030E+3	8.154605E+3
1.030099E+3	8.154900E+3
1.030170E+3	8.156312E+3
1.030237E+3	8.154455E+3
1.030305E+3	8.156355E+3
1.030372E+3	8.156534E+3
1.030438E+3	8.156948E+3
1.030506E+3	8.157475E+3
1.030572E+3	8.158442E+3
1.030640E+3	8.158573E+3
1.030707E+3	8.158074E+3
1.030778E+3	8.158549E+3
1.030847E+3	8.159142E+3
1.030914E+3	8.160208E+3
1.030980E+3	8.159990E+3
1.031047E+3	8.160644E+3
1.031115E+3	8.161420E+3
1.031183E+3	8.161874E+3
1.031251E+3	8.162673E+3
1.031318E+3	8.163221E+3
1.031387E+3	8.163271E+3
1.031459E+3	8.164362E+3
1.031529E+3	8.164929E+3
1.031597E+3	8.165027E+3
1.031666E+3	8.165683E+3
1.031734E+3	8.166209E+3
1.031802E+3	8.166626E+3
1.031867E+3	8.166159E+3
1.031934E+3	8.167208E+3
1.032000E+3	8.166958E+3
1.032069E+3	8.167828E+3
1.032138E+3	8.169118E+3
1.032205E+3	8.169883E+3
1.032273E+3	8.170645E+3
1.032340E+3	8.170585E+3
1.032406E+3	8.170823E+3
1.032473E+3	8.170920E+3
1.032540E+3	8.171426E+3
1.032607E+3	8.172438E+3
1.032675E+3	8.172566E+3
1.032744E+3	8.172272E+3
1.032814E+3	8.173033E+3
1.032880E+3	8.173530E+3
1.032951E+3	8.173740E+3
1.033020E+3	8.174694E+3
1.033088E+3	8.174768E+3
1.033153E+3	8.174824E+3
1.033219E+3	8.175515E+3
1.033288E+3	8.175904E+3
1.033356E+3	8.175718E+3
1.033422E+3	8.176453E+3
1.033488E+3	8.176806E+3
1.033554E+3	8.177322E+3
1.033619E+3	8.178097E+3
1.033687E+3	8.177760E+3
1.033752E+3	8.178171E+3
1.033819E+3	8.179081E+3
1.033884E+3	8.180730E+3
1.033954E+3	8.181029E+3
1.034018E+3	8.181589E+3
1.034091E+3	8.181687E+3
1.034160E+3	8.181626E+3
1.034228E+3	8.182122E+3
1.034292E+3	8.182450E+3
1.034358E+3	8.182754E+3
1.034426E+3	8.183411E+3
1.034494E+3	8.183747E+3
1.034566E+3	8.183994E+3
1.034633E+3	8.184052E+3
1.034705E+3	8.185073E+3
1.034774E+3	8.185509E+3
1.034844E+3	8.186050E+3
1.034910E+3	8.186840E+3
1.034977E+3	8.186615E+3
1.035045E+3	8.186826E+3
1.035111E+3	8.187218E+3
1.035178E+3	8.187678E+3
1.035245E+3	8.188447E+3
1.035310E+3	8.189119E+3
1.035379E+3	8.189416E+3
1.035447E+3	8.191047E+3
1.035513E+3	8.191436E+3
1.035581E+3	8.192328E+3
1.035649E+3	8.193029E+3
1.035713E+3	8.193886E+3
1.035779E+3	8.193185E+3
1.035848E+3	8.194296E+3
1.035914E+3	8.194498E+3
1.035984E+3	8.195098E+3
1.036054E+3	8.195856E+3
1.036120E+3	8.195479E+3
1.036187E+3	8.196036E+3
1.036255E+3	8.196338E+3
1.036322E+3	8.197053E+3
1.036390E+3	8.197526E+3
1.036459E+3	8.198006E+3
1.036526E+3	8.197950E+3
1.036597E+3	8.197965E+3
1.036664E+3	8.198526E+3
1.036734E+3	8.198546E+3
1.036806E+3	8.198871E+3
1.036874E+3	8.198992E+3
1.036939E+3	8.199794E+3
1.037006E+3	8.199797E+3
1.037073E+3	8.199994E+3
1.037141E+3	8.200321E+3
1.037208E+3	0.000000E+0
1.037275E+3	8.201512E+3
1.037342E+3	8.201523E+3
1.037407E+3	8.203208E+3
1.037474E+3	8.203381E+3
1.037542E+3	8.203774E+3
1.037610E+3	8.204255E+3
1.037679E+3	8.204608E+3
1.037744E+3	8.204956E+3
1.037812E+3	8.205195E+3
1.037876E+3	8.205537E+3
1.037947E+3	8.206157E+3
1.038014E+3	8.205632E+3
1.038081E+3	8.205853E+3
1.038151E+3	8.206813E+3
1.038217E+3	8.206902E+3
1.038283E+3	8.207416E+3
1.038352E+3	8.207682E+3
1.038418E+3	8.208948E+3
1.038486E+3	8.209122E+3
1.038554E+3	8.210203E+3
1.038620E+3	8.210155E+3
1.038688E+3	8.211143E+3
1.038753E+3	8.211839E+3
1.038822E+3	8.212064E+3
1.038891E+3	8.212496E+3
1.038959E+3	8.212862E+3
1.039028E+3	8.213862E+3
1.039094E+3	8.213400E+3
1.039163E+3	8.214339E+3
1.039231E+3	8.214674E+3
1.039296E+3	8.215162E+3
1.039365E+3	8.215443E+3
1.039431E+3	8.216012E+3
1.039499E+3	8.216736E+3
1.039568E+3	8.217522E+3
1.039637E+3	8.217683E+3
1.039706E+3	8.217677E+3
1.039779E+3	8.218777E+3
1.039844E+3	8.218853E+3
1.039917E+3	8.218962E+3
1.039985E+3	8.218956E+3
1.040052E+3	8.219340E+3
1.040118E+3	8.220311E+3
1.040184E+3	8.220262E+3
1.040251E+3	8.221393E+3
1.040318E+3	8.222428E+3
1.040388E+3	8.223101E+3
1.040458E+3	8.224179E+3
1.040530E+3	8.224667E+3
1.040598E+3	8.224866E+3
1.040665E+3	8.225280E+3
1.040733E+3	8.225700E+3
1.040802E+3	8.226005E+3
1.040868E+3	8.226786E+3
1.040935E+3	8.227697E+3
1.041003E+3	8.227968E+3
1.041071E+3	8.228557E+3
1.041137E+3	8.229283E+3
1.041207E+3	8.229126E+3
1.041273E+3	8.230186E+3
1.041339E+3	8.230556E+3
1.041406E+3	8.231244E+3
1.041475E+3	8.231934E+3
1.041543E+3	8.232454E+3
1.041609E+3	8.232833E+3
1.041675E+3	8.233640E+3
1.041747E+3	8.234229E+3
1.041812E+3	8.234342E+3
1.041882E+3	8.234914E+3
1.041948E+3	8.235523E+3
1.042014E+3	8.235909E+3
1.042080E+3	8.236060E+3
1.042146E+3	8.236588E+3
1.042213E+3	8.237180E+3
1.042282E+3	8.237174E+3
1.042349E+3	8.238430E+3
1.042421E+3	8.238909E+3
1.042487E+3	8.239414E+3
1.042551E+3	8.239421E+3
1.042617E+3	8.240303E+3
1.042682E+3	8.240469E+3
1.042750E+3	8.241698E+3
1.042818E+3	8.241735E+3
1.042888E+3	8.242396E+3
1.042957E+3	8.242567E+3
1.043023E+3	8.243959E+3
1.043091E+3	8.243233E+3
1.043157E+3	8.243456E+3
1.043224E+3	8.243404E+3
1.043290E+3	8.244371E+3
1.043359E+3	8.244708E+3
1.043426E+3	8.244878E+3
1.043494E+3	8.246010E+3
1.043561E+3	8.246027E+3
1.043629E+3	8.246113E+3
1.043697E+3	8.246994E+3
1.043763E+3	8.247324E+3
1.043830E+3	8.247033E+3
1.043896E+3	8.246801E+3
1.043960E+3	8.247236E+3
1.044027E+3	8.247694E+3
1.044095E+3	8.247279E+3
1.044160E+3	8.247583E+3
1.044230E+3	8.248718E+3
1.044295E+3	8.250031E+3
1.044362E+3	8.250211E+3
1.044428E+3	8.251100E+3
1.044496E+3	8.252133E+3
1.044563E+3	8.252336E+3
1.044632E+3	8.252903E+3
1.044698E+3	8.253256E+3
1.044769E+3	8.253535E+3
1.044836E+3	8.254091E+3
1.044906E+3	8.254398E+3
1.044971E+3	8.254448E+3
1.045036E+3	8.255494E+3
1.045102E+3	8.255867E+3
1.045165E+3	8.255952E+3
1.045233E+3	8.257103E+3
1.045300E+3	8.257029E+3
1.045369E+3	8.256746E+3
1.045438E+3	8.258087E+3
1.045504E+3	8.258485E+3
1.045568E+3	8.258837E+3
1.045634E+3	8.259318E+3
1.045700E+3	8.259707E+3
1.045767E+3	8.260016E+3
1.045830E+3	8.260279E+3
1.045896E+3	8.260948E+3
1.045964E+3	8.261413E+3
1.046030E+3	8.261155E+3
1.046093E+3	8.261967E+3
1.046161E+3	8.261869E+3
1.046227E+3	8.263651E+3
1.046295E+3	8.263561E+3
1.046362E+3	8.263312E+3
1.046432E+3	8.264539E+3
1.046499E+3	8.265268E+3
1.046562E+3	8.264903E+3
1.046628E+3	8.266446E+3
1.046694E+3	8.267346E+3
1.046760E+3	8.268413E+3
1.046826E+3	8.269571E+3
1.046895E+3	8.269841E+3
1.046961E+3	8.270288E+3
1.047027E+3	8.270831E+3
1.047095E+3	8.269782E+3
1.047159E+3	8.270568E+3
1.047224E+3	8.271184E+3
1.047290E+3	8.270590E+3
1.047359E+3	8.270054E+3
1.047428E+3	8.270626E+3
1.047495E+3	8.271390E+3
1.047564E+3	8.272291E+3
1.047633E+3	8.273152E+3
1.047698E+3	8.274260E+3
1.047765E+3	8.274167E+3
1.047832E+3	8.275587E+3
1.047897E+3	8.275659E+3
1.047962E+3	8.276151E+3
1.048032E+3	8.277152E+3
1.048098E+3	8.277870E+3
1.048167E+3	8.278111E+3
1.048235E+3	8.278768E+3
1.048301E+3	8.279213E+3
1.048366E+3	8.279220E+3
1.048432E+3	8.279624E+3
1.048500E+3	8.278105E+3
1.048570E+3	8.280628E+3
1.048638E+3	8.281365E+3
1.048706E+3	8.281861E+3
1.048773E+3	8.282149E+3
1.048843E+3	8.282213E+3
1.048907E+3	8.282654E+3
1.048975E+3	8.282696E+3
1.049040E+3	8.283331E+3
1.049105E+3	8.283976E+3
1.049174E+3	8.284600E+3
1.049245E+3	8.285485E+3
1.049310E+3	8.285429E+3
1.049377E+3	8.286016E+3
1.049442E+3	8.286796E+3
1.049507E+3	8.286596E+3
1.049574E+3	8.287570E+3
1.049641E+3	8.288003E+3
1.049710E+3	8.288908E+3
1.049776E+3	8.288952E+3
1.049844E+3	8.289288E+3
1.049914E+3	8.290193E+3
1.049984E+3	8.290582E+3
1.050051E+3	8.290779E+3
1.050116E+3	8.291458E+3
1.050183E+3	8.292123E+3
1.050250E+3	8.291860E+3
1.050319E+3	8.293104E+3
1.050388E+3	8.293832E+3
1.050458E+3	8.294650E+3
1.050523E+3	8.294745E+3
1.050591E+3	8.295604E+3
1.050660E+3	8.295409E+3
1.050726E+3	8.295502E+3
1.050796E+3	8.295819E+3
1.050861E+3	8.296302E+3
1.050929E+3	8.296308E+3
1.050995E+3	8.297384E+3
1.051063E+3	8.297478E+3
1.051132E+3	8.298505E+3
1.051198E+3	8.298324E+3
1.051266E+3	8.299003E+3
1.051333E+3	8.299101E+3
1.051402E+3	8.298969E+3
1.051468E+3	8.299624E+3
1.051535E+3	8.300339E+3
1.051602E+3	8.301146E+3
1.051671E+3	8.302034E+3
1.051737E+3	8.301983E+3
1.051802E+3	8.303368E+3
1.051870E+3	8.303713E+3
1.051937E+3	8.303919E+3
1.052003E+3	8.305061E+3
1.052071E+3	8.306045E+3
1.052137E+3	8.305746E+3
1.052202E+3	8.306924E+3
1.052270E+3	8.307587E+3
1.052338E+3	8.309125E+3
1.052404E+3	8.308348E+3
1.052472E+3	8.309381E+3
1.052539E+3	8.310057E+3
1.052604E+3	8.310249E+3
1.052669E+3	8.311675E+3
1.052738E+3	8.311897E+3
1.052806E+3	8.312821E+3
1.052875E+3	8.313213E+3
1.052941E+3	8.314071E+3
1.053009E+3	8.314070E+3
1.053078E+3	8.314165E+3
1.053147E+3	8.314854E+3
1.053214E+3	8.315740E+3
1.053281E+3	8.316302E+3
1.053347E+3	8.316245E+3
1.053412E+3	8.315784E+3
1.053482E+3	8.316869E+3
1.053550E+3	8.316999E+3
1.053618E+3	8.318063E+3
1.053683E+3	8.318763E+3
1.053750E+3	8.319713E+3
1.053814E+3	8.319733E+3
1.053880E+3	8.319740E+3
1.053946E+3	8.320060E+3
1.054015E+3	8.320818E+3
1.054082E+3	8.321693E+3
1.054148E+3	8.321383E+3
1.054216E+3	8.322846E+3
1.054284E+3	8.324059E+3
1.054351E+3	8.324013E+3
1.054418E+3	8.322756E+3
1.054487E+3	8.323815E+3
1.054554E+3	8.324500E+3
1.054623E+3	8.325243E+3
1.054689E+3	8.326256E+3
1.054759E+3	8.327599E+3
1.054826E+3	8.328054E+3
1.054897E+3	8.327974E+3
1.054963E+3	8.328978E+3
1.055030E+3	8.328388E+3
1.055095E+3	8.331150E+3
1.055163E+3	8.332461E+3
1.055231E+3	8.332678E+3
1.055299E+3	8.333456E+3
1.055371E+3	8.334088E+3
1.055440E+3	8.335147E+3
1.055508E+3	8.335252E+3
1.055575E+3	8.335823E+3
1.055641E+3	8.336714E+3
1.055709E+3	8.338216E+3
1.055778E+3	8.338250E+3
1.055846E+3	8.338390E+3
1.055913E+3	8.338921E+3
1.055981E+3	8.339898E+3
1.056051E+3	8.340379E+3
1.056118E+3	8.340678E+3
1.056186E+3	8.340661E+3
1.056253E+3	8.341234E+3
1.056320E+3	8.341688E+3
1.056385E+3	8.342645E+3
1.056450E+3	8.342464E+3
1.056519E+3	8.344906E+3
1.056585E+3	8.346619E+3
1.056654E+3	8.347029E+3
1.056718E+3	8.347838E+3
1.056787E+3	8.348425E+3
1.056854E+3	8.348536E+3
1.056920E+3	8.349153E+3
1.056985E+3	8.349837E+3
1.057049E+3	8.350102E+3
1.057118E+3	8.350071E+3
1.057187E+3	8.351041E+3
1.057253E+3	8.351797E+3
1.057320E+3	8.351824E+3
1.057384E+3	8.352108E+3
1.057450E+3	8.352963E+3
1.057519E+3	8.352983E+3
1.057585E+3	8.353178E+3
1.057652E+3	8.353773E+3
1.057720E+3	8.353705E+3
1.057787E+3	8.354390E+3
1.057855E+3	8.355260E+3
1.057926E+3	8.355393E+3
1.057991E+3	8.356080E+3
1.058058E+3	8.356260E+3
1.058124E+3	8.356485E+3
1.058190E+3	8.356108E+3
1.058259E+3	8.356353E+3
1.058325E+3	8.357262E+3
1.058393E+3	8.358421E+3
1.058462E+3	8.358759E+3
1.058526E+3	8.359517E+3
1.058592E+3	8.359508E+3
1.058659E+3	8.359691E+3
1.058727E+3	8.360837E+3
1.058795E+3	8.362088E+3
1.058860E+3	8.362843E+3
1.058928E+3	8.362535E+3
1.058992E+3	8.362632E+3
1.059062E+3	8.363981E+3
1.059127E+3	8.363653E+3
1.059196E+3	8.363869E+3
1.059260E+3	8.364764E+3
1.059323E+3	8.364555E+3
1.059392E+3	8.364904E+3
1.059456E+3	8.364862E+3
1.059524E+3	8.365652E+3
1.059588E+3	8.366339E+3
1.059654E+3	8.367285E+3
1.059721E+3	8.367873E+3
1.059787E+3	8.368197E+3
1.059853E+3	8.368468E+3
1.059918E+3	8.368554E+3
1.059988E+3	8.369591E+3
1.060052E+3	8.370118E+3
1.060119E+3	8.371918E+3
1.060184E+3	8.372002E+3
1.060251E+3	8.372364E+3
1.060318E+3	8.373269E+3
1.060386E+3	8.373655E+3
1.060454E+3	8.373538E+3
1.060521E+3	8.373772E+3
1.060591E+3	8.374598E+3
1.060659E+3	8.375078E+3
1.060727E+3	8.375732E+3
1.060793E+3	8.376801E+3
1.060860E+3	8.377047E+3
1.060926E+3	8.377528E+3
1.060992E+3	8.378110E+3
1.061059E+3	8.378639E+3
1.061125E+3	8.379130E+3
1.061190E+3	8.380228E+3
1.061260E+3	8.380938E+3
1.061327E+3	8.381066E+3
1.061394E+3	8.380904E+3
1.061461E+3	8.381978E+3
1.061526E+3	8.382540E+3
1.061595E+3	8.383009E+3
1.061660E+3	8.383859E+3
1.061731E+3	8.385102E+3
1.061798E+3	8.384907E+3
1.061868E+3	8.385132E+3
1.061935E+3	8.385246E+3
1.062002E+3	8.385539E+3
1.062068E+3	8.385752E+3
1.062132E+3	8.386184E+3
1.062198E+3	8.386734E+3
1.062266E+3	8.386946E+3
1.062335E+3	8.387355E+3
1.062405E+3	8.388135E+3
1.062471E+3	8.388540E+3
1.062538E+3	8.388478E+3
1.062603E+3	8.390042E+3
1.062669E+3	8.388666E+3
1.062736E+3	8.390181E+3
1.062800E+3	8.390764E+3
1.062870E+3	8.391330E+3
1.062938E+3	8.391689E+3
1.063006E+3	8.392876E+3
1.063070E+3	8.392148E+3
1.063137E+3	8.392355E+3
1.063204E+3	8.392894E+3
1.063269E+3	8.392862E+3
1.063334E+3	8.393349E+3
1.063403E+3	8.394281E+3
1.063470E+3	8.394511E+3
1.063539E+3	8.394710E+3
1.063605E+3	8.395493E+3
1.063672E+3	8.396644E+3
1.063735E+3	8.396562E+3
1.063802E+3	8.397132E+3
1.063869E+3	8.398107E+3
1.063936E+3	8.398320E+3
1.064005E+3	8.399268E+3
1.064072E+3	8.399779E+3
1.064140E+3	8.401092E+3
1.064205E+3	8.401307E+3
1.064274E+3	8.401872E+3
1.064342E+3	8.402637E+3
1.064408E+3	8.402663E+3
1.064476E+3	8.403980E+3
1.064545E+3	8.404628E+3
1.064613E+3	8.404872E+3
1.064680E+3	8.405239E+3
1.064749E+3	8.405533E+3
1.064821E+3	8.406084E+3
1.064887E+3	8.405865E+3
1.064955E+3	8.406254E+3
1.065020E+3	8.408018E+3
1.065087E+3	8.407516E+3
1.065153E+3	8.408219E+3
1.065220E+3	8.408618E+3
1.065287E+3	8.408947E+3
1.065354E+3	8.410288E+3
1.065418E+3	8.410447E+3
1.065484E+3	8.410663E+3
1.065548E+3	8.410088E+3
1.065613E+3	8.411671E+3
1.065680E+3	8.411590E+3
1.065749E+3	8.411777E+3
1.065817E+3	8.412549E+3
1.065885E+3	8.413196E+3
1.065954E+3	8.414273E+3
1.066018E+3	8.415167E+3
1.066084E+3	8.415502E+3
1.066150E+3	8.415788E+3
1.066218E+3	8.417029E+3
1.066286E+3	8.416860E+3
1.066353E+3	8.419631E+3
1.066422E+3	8.420266E+3
1.066488E+3	8.420673E+3
1.066555E+3	8.421875E+3
1.066621E+3	8.421601E+3
1.066684E+3	8.422109E+3
1.066751E+3	8.422906E+3
1.066819E+3	8.424019E+3
1.066886E+3	8.424209E+3
1.066954E+3	8.423573E+3
1.067023E+3	8.424638E+3
1.067093E+3	8.425200E+3
1.067160E+3	8.426387E+3
1.067227E+3	8.426393E+3
1.067294E+3	8.426230E+3
1.067359E+3	8.425991E+3
1.067425E+3	8.426923E+3
1.067494E+3	8.426940E+3
1.067560E+3	8.427721E+3
1.067629E+3	8.428361E+3
1.067697E+3	8.429324E+3
1.067764E+3	8.430463E+3
1.067831E+3	8.430293E+3
1.067899E+3	8.431023E+3
1.067964E+3	8.432217E+3
1.068029E+3	8.431659E+3
1.068095E+3	8.432399E+3
1.068162E+3	8.433396E+3
1.068235E+3	8.434134E+3
1.068299E+3	8.434604E+3
1.068364E+3	8.434471E+3
1.068430E+3	8.435955E+3
1.068499E+3	8.436069E+3
1.068566E+3	8.435832E+3
1.068633E+3	8.436489E+3
1.068699E+3	8.436055E+3
1.068765E+3	8.437933E+3
1.068832E+3	8.438245E+3
1.068900E+3	8.438372E+3
1.068965E+3	8.439760E+3
1.069033E+3	8.440169E+3
1.069099E+3	8.441158E+3
1.069165E+3	8.441855E+3
1.069233E+3	8.442571E+3
1.069302E+3	8.442908E+3
1.069373E+3	8.443296E+3
1.069441E+3	8.444015E+3
1.069506E+3	8.445656E+3
1.069571E+3	8.446084E+3
1.069640E+3	8.446359E+3
1.069705E+3	8.447514E+3
1.069769E+3	8.447723E+3
1.069836E+3	8.448274E+3
1.069906E+3	8.450807E+3
1.069972E+3	8.451593E+3
1.070042E+3	8.451171E+3
1.070106E+3	8.451613E+3
1.070172E+3	8.450703E+3
1.070239E+3	8.452293E+3
1.070304E+3	8.451983E+3
1.070372E+3	8.453149E+3
1.070438E+3	8.453532E+3
1.070509E+3	8.453765E+3
1.070572E+3	8.454510E+3
1.070638E+3	8.454601E+3
1.070704E+3	8.454981E+3
1.070773E+3	8.455414E+3
1.070838E+3	8.456031E+3
1.070904E+3	8.456587E+3
1.070972E+3	8.457047E+3
1.071037E+3	8.457290E+3
1.071108E+3	8.457444E+3
1.071175E+3	8.458518E+3
1.071240E+3	8.459324E+3
1.071306E+3	8.460124E+3
1.071372E+3	8.460199E+3
1.071438E+3	8.460699E+3
1.071506E+3	8.461280E+3
1.071573E+3	8.461712E+3
1.071643E+3	8.461987E+3
1.071709E+3	8.463271E+3
1.071775E+3	8.464317E+3
1.071841E+3	8.464014E+3
1.071908E+3	8.465052E+3
1.071975E+3	8.465314E+3
1.072043E+3	8.465915E+3
1.072110E+3	8.466351E+3
1.072180E+3	8.467024E+3
1.072249E+3	8.468194E+3
1.072317E+3	8.470390E+3
1.072383E+3	8.470701E+3
1.072450E+3	8.472362E+3
1.072517E+3	8.472014E+3
1.072583E+3	8.472153E+3
1.072650E+3	8.472469E+3
1.072716E+3	8.472743E+3
1.072783E+3	8.473962E+3
1.072851E+3	8.474583E+3
1.072920E+3	8.474499E+3
1.072985E+3	8.475944E+3
1.073052E+3	8.476746E+3
1.073119E+3	8.477355E+3
1.073188E+3	8.477457E+3
1.073252E+3	8.476931E+3
1.073320E+3	8.477767E+3
1.073388E+3	8.478339E+3
1.073457E+3	8.478494E+3
1.073522E+3	8.478862E+3
1.073588E+3	8.479785E+3
1.073654E+3	8.479674E+3
1.073718E+3	8.479877E+3
1.073784E+3	8.481347E+3
1.073850E+3	8.481410E+3
1.073918E+3	8.481664E+3
1.073984E+3	8.481747E+3
1.074055E+3	8.482366E+3
1.074119E+3	8.483758E+3
1.074186E+3	8.484281E+3
1.074254E+3	8.484624E+3
1.074321E+3	8.485183E+3
1.074388E+3	8.485219E+3
1.074457E+3	8.484826E+3
1.074523E+3	8.486332E+3
1.074592E+3	8.487582E+3
1.074658E+3	8.487842E+3
1.074725E+3	8.487430E+3
1.074788E+3	8.488407E+3
1.074852E+3	8.487939E+3
1.074919E+3	8.488477E+3
1.074982E+3	8.487838E+3
1.075047E+3	8.488253E+3
1.075114E+3	8.488533E+3
1.075180E+3	8.490609E+3
1.075247E+3	8.490795E+3
1.075313E+3	8.490957E+3
1.075380E+3	8.491289E+3
1.075446E+3	8.491816E+3
1.075517E+3	8.491368E+3
1.075583E+3	8.492207E+3
1.075651E+3	8.493189E+3
1.075720E+3	8.494543E+3
1.075789E+3	8.493896E+3
1.075855E+3	8.494362E+3
1.075922E+3	8.495045E+3
1.075988E+3	8.495873E+3
1.076054E+3	8.496415E+3
1.076119E+3	8.496600E+3
1.076192E+3	8.497227E+3
1.076259E+3	8.498457E+3
1.076328E+3	8.498778E+3
1.076394E+3	8.498733E+3
1.076459E+3	8.498821E+3
1.076527E+3	8.498820E+3
1.076591E+3	8.499827E+3
1.076660E+3	8.500349E+3
1.076725E+3	8.500239E+3
1.076795E+3	8.501262E+3
1.076861E+3	8.501058E+3
1.076929E+3	8.502313E+3
1.076997E+3	8.502510E+3
1.077065E+3	8.502798E+3
1.077129E+3	8.504460E+3
1.077193E+3	8.504869E+3
1.077261E+3	8.504942E+3
1.077328E+3	8.505277E+3
1.077396E+3	8.506410E+3
1.077465E+3	8.506169E+3
1.077532E+3	8.507750E+3
1.077597E+3	8.508088E+3
1.077664E+3	8.507764E+3
1.077728E+3	8.508730E+3
1.077795E+3	8.508305E+3
1.077861E+3	8.509569E+3
1.077931E+3	8.509855E+3
1.077999E+3	8.510262E+3
1.078069E+3	8.510777E+3
1.078134E+3	8.510835E+3
1.078203E+3	8.511630E+3
1.078269E+3	8.511961E+3
1.078335E+3	8.512383E+3
1.078402E+3	8.513071E+3
1.078470E+3	8.513895E+3
1.078538E+3	8.515186E+3
1.078605E+3	8.514656E+3
1.078669E+3	8.514938E+3
1.078737E+3	8.516450E+3
1.078801E+3	8.517344E+3
1.078867E+3	8.517518E+3
1.078931E+3	8.518583E+3
1.078998E+3	8.519860E+3
1.079068E+3	8.520514E+3
1.079133E+3	8.520396E+3
1.079197E+3	8.520932E+3
1.079263E+3	8.521290E+3
1.079332E+3	8.521529E+3
1.079397E+3	8.522965E+3
1.079462E+3	8.524329E+3
1.079534E+3	8.523443E+3
1.079601E+3	8.525751E+3
1.079670E+3	8.525637E+3
1.079737E+3	8.524695E+3
1.079801E+3	8.526144E+3
1.079868E+3	8.527105E+3
1.079934E+3	8.527881E+3
1.080002E+3	8.528341E+3
1.080069E+3	8.528075E+3
1.080136E+3	8.528987E+3
1.080203E+3	8.529742E+3
1.080270E+3	8.530833E+3
1.080337E+3	8.530156E+3
1.080404E+3	8.530823E+3
1.080471E+3	8.532214E+3
1.080536E+3	8.531859E+3
1.080602E+3	8.531348E+3
1.080671E+3	8.531793E+3
1.080741E+3	8.531912E+3
1.080807E+3	8.533662E+3
1.080873E+3	8.534837E+3
1.080943E+3	8.535598E+3
1.081011E+3	8.536944E+3
1.081077E+3	8.536421E+3
1.081142E+3	8.538339E+3
1.081208E+3	8.538265E+3
1.081277E+3	8.538762E+3
1.081345E+3	8.538919E+3
1.081413E+3	8.540090E+3
1.081479E+3	8.539995E+3
1.081544E+3	8.540872E+3
1.081610E+3	8.542955E+3
1.081676E+3	8.543384E+3
1.081743E+3	8.544643E+3
1.081808E+3	8.544971E+3
1.081876E+3	8.544708E+3
1.081943E+3	8.543846E+3
1.082012E+3	8.544979E+3
1.082076E+3	8.545359E+3
1.082143E+3	8.546042E+3
1.082209E+3	0.000000E+0
1.082274E+3	8.546927E+3
1.082342E+3	8.547266E+3
1.082406E+3	8.547179E+3
1.082478E+3	8.547250E+3
1.082544E+3	8.547495E+3
1.082611E+3	8.548619E+3
1.082677E+3	8.548704E+3
1.082744E+3	8.550234E+3
1.082809E+3	8.550612E+3
1.082876E+3	8.551306E+3
1.082944E+3	8.553724E+3
1.083014E+3	8.552633E+3
1.083080E+3	8.552791E+3
1.083150E+3	8.553643E+3
1.083217E+3	8.553920E+3
1.083287E+3	8.553811E+3
1.083353E+3	8.554849E+3
1.083420E+3	8.556112E+3
1.083484E+3	8.557019E+3
1.083552E+3	8.557842E+3
1.083619E+3	8.558571E+3
1.083687E+3	8.559627E+3
1.083753E+3	8.560069E+3
1.083821E+3	8.560502E+3
1.083885E+3	8.561896E+3
1.083953E+3	8.561347E+3
1.084019E+3	8.561992E+3
1.084089E+3	8.562145E+3
1.084155E+3	8.563873E+3
1.084225E+3	8.564591E+3
1.084290E+3	8.564761E+3
1.084359E+3	8.566078E+3
1.084425E+3	8.566126E+3
1.084492E+3	8.566419E+3
1.084560E+3	8.566937E+3
1.084628E+3	8.567865E+3
1.084695E+3	8.568696E+3
1.084760E+3	8.569473E+3
1.084829E+3	8.569516E+3
1.084895E+3	8.570273E+3
1.084963E+3	8.570658E+3
1.085031E+3	8.571000E+3
1.085096E+3	8.571296E+3
1.085163E+3	8.572051E+3
1.085230E+3	8.572664E+3
1.085294E+3	8.572386E+3
1.085365E+3	8.572320E+3
1.085431E+3	8.573584E+3
1.085502E+3	8.574479E+3
1.085566E+3	8.574537E+3
1.085632E+3	8.575780E+3
1.085697E+3	8.576283E+3
1.085763E+3	8.576779E+3
1.085829E+3	8.577046E+3
1.085893E+3	8.577673E+3
1.085960E+3	8.577997E+3
1.086029E+3	8.578544E+3
1.086099E+3	8.579265E+3
1.086166E+3	8.579277E+3
1.086230E+3	8.580395E+3
1.086295E+3	8.581280E+3
1.086361E+3	8.582017E+3
1.086430E+3	8.581891E+3
1.086496E+3	8.582155E+3
1.086568E+3	8.582564E+3
1.086634E+3	8.583516E+3
1.086699E+3	8.583713E+3
1.086767E+3	8.584590E+3
1.086831E+3	8.584707E+3
1.086894E+3	8.585097E+3
1.086962E+3	8.585994E+3
1.087032E+3	8.586920E+3
1.087097E+3	8.587455E+3
1.087167E+3	8.588164E+3
1.087231E+3	8.588347E+3
1.087297E+3	8.588532E+3
1.087364E+3	8.589748E+3
1.087431E+3	8.589690E+3
1.087498E+3	8.590446E+3
1.087564E+3	8.590729E+3
1.087631E+3	8.591736E+3
1.087700E+3	8.592738E+3
1.087765E+3	8.592760E+3
1.087835E+3	8.593003E+3
1.087899E+3	8.593966E+3
1.087966E+3	8.594485E+3
1.088035E+3	8.595021E+3
1.088102E+3	8.595458E+3
1.088169E+3	8.595611E+3
1.088235E+3	8.596320E+3
1.088305E+3	8.596254E+3
1.088375E+3	8.597974E+3
1.088440E+3	8.598884E+3
1.088504E+3	8.599765E+3
1.088570E+3	8.600242E+3
1.088638E+3	8.600105E+3
1.088707E+3	8.600781E+3
1.088772E+3	8.601244E+3
1.088839E+3	8.601796E+3
1.088906E+3	8.602336E+3
1.088974E+3	8.602595E+3
1.089039E+3	8.602935E+3
1.089107E+3	8.603609E+3
1.089171E+3	8.604036E+3
1.089237E+3	8.604559E+3
1.089304E+3	8.605383E+3
1.089370E+3	8.605955E+3
1.089438E+3	8.606402E+3
1.089506E+3	8.606735E+3
1.089572E+3	8.607020E+3
1.089636E+3	8.608121E+3
1.089704E+3	8.608320E+3
1.089769E+3	8.608564E+3
1.089833E+3	8.609065E+3
1.089902E+3	8.609798E+3
1.089968E+3	8.610116E+3
1.090037E+3	8.610188E+3
1.090103E+3	8.610545E+3
1.090167E+3	8.610739E+3
1.090235E+3	8.611685E+3
1.090305E+3	8.613129E+3
1.090369E+3	8.613509E+3
1.090440E+3	8.613958E+3
1.090506E+3	8.613675E+3
1.090574E+3	8.614334E+3
1.090641E+3	8.614889E+3
1.090709E+3	8.615485E+3
1.090775E+3	8.615804E+3
1.090842E+3	8.616577E+3
1.090908E+3	8.616680E+3
1.090976E+3	8.616834E+3
1.091043E+3	8.617871E+3
1.091109E+3	8.619158E+3
1.091179E+3	8.619550E+3
1.091245E+3	8.620224E+3
1.091310E+3	8.621093E+3
1.091378E+3	8.622516E+3
1.091446E+3	8.623128E+3
1.091510E+3	8.623396E+3
1.091580E+3	8.623336E+3
1.091645E+3	8.623200E+3
1.091717E+3	8.624259E+3
1.091782E+3	8.624920E+3
1.091849E+3	8.625607E+3
1.091914E+3	8.626219E+3
1.091979E+3	8.627275E+3
1.092045E+3	8.628636E+3
1.092112E+3	8.628798E+3
1.092180E+3	8.629141E+3
1.092248E+3	8.629242E+3
1.092317E+3	8.630710E+3
1.092387E+3	8.630916E+3
1.092456E+3	8.631909E+3
1.092522E+3	8.632411E+3
1.092590E+3	8.633139E+3
1.092658E+3	8.633916E+3
1.092724E+3	8.634629E+3
1.092792E+3	8.635406E+3
1.092861E+3	8.636022E+3
1.092931E+3	8.636521E+3
1.092998E+3	8.636350E+3
1.093068E+3	8.636858E+3
1.093135E+3	8.637225E+3
1.093203E+3	8.638065E+3
1.093270E+3	8.638941E+3
1.093336E+3	8.639635E+3
1.093402E+3	8.640049E+3
1.093470E+3	8.640742E+3
1.093535E+3	8.641140E+3
1.093599E+3	8.641995E+3
1.093666E+3	8.642501E+3
1.093732E+3	8.642685E+3
1.093797E+3	8.643685E+3
1.093864E+3	8.645170E+3
1.093929E+3	8.645167E+3
1.093998E+3	8.645629E+3
1.094067E+3	8.646354E+3
1.094132E+3	8.646650E+3
1.094202E+3	8.648079E+3
1.094269E+3	8.649635E+3
1.094334E+3	8.651438E+3
1.094402E+3	8.651967E+3
1.094470E+3	8.650707E+3
1.094537E+3	8.651337E+3
1.094604E+3	8.653731E+3
1.094670E+3	8.655037E+3
1.094737E+3	8.655031E+3
1.094806E+3	8.655549E+3
1.094871E+3	8.656374E+3
1.094940E+3	8.656440E+3
1.095009E+3	8.656733E+3
1.095077E+3	8.657741E+3
1.095143E+3	8.657351E+3
1.095211E+3	8.658234E+3
1.095277E+3	8.658611E+3
1.095346E+3	8.659641E+3
1.095413E+3	8.660432E+3
1.095480E+3	8.661650E+3
1.095550E+3	8.661362E+3
1.095617E+3	8.662239E+3
1.095683E+3	8.663881E+3
1.095748E+3	8.663884E+3
1.095816E+3	8.664381E+3
1.095884E+3	8.665001E+3
1.095949E+3	8.666018E+3
1.096014E+3	8.665586E+3
1.096081E+3	8.666654E+3
1.096145E+3	8.666984E+3
1.096210E+3	8.667032E+3
1.096278E+3	8.667820E+3
1.096349E+3	8.668856E+3
1.096416E+3	8.668222E+3
1.096482E+3	8.669730E+3
1.096548E+3	8.670073E+3
1.096613E+3	8.671445E+3
1.096679E+3	8.671579E+3
1.096745E+3	8.671986E+3
1.096813E+3	8.674121E+3
1.096879E+3	8.674135E+3
1.096948E+3	8.674992E+3
1.097013E+3	8.675092E+3
1.097081E+3	8.675646E+3
1.097147E+3	8.676985E+3
1.097211E+3	8.677104E+3
1.097277E+3	8.678014E+3
1.097342E+3	8.677975E+3
1.097411E+3	8.679147E+3
1.097481E+3	8.679332E+3
1.097544E+3	8.679544E+3
1.097614E+3	8.680645E+3
1.097679E+3	8.680836E+3
1.097745E+3	8.681518E+3
1.097813E+3	8.682041E+3
1.097881E+3	8.683752E+3
1.097947E+3	8.682643E+3
1.098013E+3	8.684300E+3
1.098080E+3	8.684774E+3
1.098145E+3	8.685378E+3
1.098215E+3	8.685674E+3
1.098285E+3	8.687424E+3
1.098350E+3	8.689334E+3
1.098415E+3	8.689292E+3
1.098482E+3	8.689915E+3
1.098549E+3	8.689680E+3
1.098614E+3	8.690068E+3
1.098684E+3	8.690143E+3
1.098752E+3	8.691187E+3
1.098822E+3	8.691643E+3
1.098886E+3	8.691637E+3
1.098952E+3	8.691594E+3
1.099022E+3	8.691974E+3
1.099086E+3	8.693171E+3
1.099151E+3	8.692888E+3
1.099217E+3	8.692999E+3
1.099286E+3	8.694586E+3
1.099355E+3	8.694805E+3
1.099422E+3	8.695642E+3
1.099488E+3	8.695723E+3
1.099556E+3	8.696732E+3
1.099622E+3	8.697818E+3
1.099689E+3	8.697881E+3
1.099756E+3	8.698465E+3
1.099826E+3	8.698975E+3
1.099895E+3	8.699481E+3
1.099962E+3	8.700557E+3
1.100033E+3	8.700803E+3
1.100100E+3	8.700722E+3
1.100166E+3	8.702231E+3
1.100234E+3	8.703027E+3
1.100300E+3	8.702940E+3
1.100366E+3	8.704502E+3
1.100435E+3	8.705657E+3
1.100500E+3	8.704964E+3
1.100571E+3	8.705454E+3
1.100637E+3	0.000000E+0
1.100703E+3	8.706915E+3
1.100769E+3	8.708313E+3
1.100834E+3	8.709216E+3
1.100902E+3	8.710651E+3
1.100968E+3	8.710984E+3
1.101035E+3	8.711905E+3
1.101098E+3	8.711616E+3
1.101165E+3	8.712377E+3
1.101231E+3	8.712669E+3
1.101295E+3	8.713245E+3
1.101364E+3	8.714521E+3
1.101429E+3	8.714957E+3
1.101495E+3	8.714979E+3
1.101562E+3	8.715913E+3
1.101630E+3	8.716848E+3
1.101697E+3	8.716495E+3
1.101763E+3	8.717524E+3
1.101829E+3	8.718541E+3
1.101893E+3	8.718743E+3
1.101961E+3	8.719048E+3
1.102028E+3	8.720664E+3
1.102097E+3	8.720282E+3
1.102162E+3	8.721881E+3
1.102232E+3	8.722251E+3
1.102298E+3	8.724931E+3
1.102365E+3	8.727292E+3
1.102431E+3	8.727413E+3
1.102497E+3	8.725232E+3
1.102562E+3	8.728915E+3
1.102631E+3	8.729475E+3
1.102700E+3	8.730630E+3
1.102768E+3	8.731829E+3
1.102836E+3	8.732127E+3
1.102904E+3	8.734247E+3
1.102970E+3	8.733866E+3
1.103038E+3	8.733501E+3
1.103104E+3	8.734767E+3
1.103170E+3	8.736301E+3
1.103239E+3	8.736651E+3
1.103304E+3	8.737683E+3
1.103374E+3	8.737935E+3
1.103444E+3	8.739116E+3
1.103511E+3	8.739428E+3
1.103579E+3	8.740261E+3
1.103646E+3	8.741977E+3
1.103714E+3	8.741141E+3
1.103782E+3	8.741422E+3
1.103849E+3	8.741451E+3
1.103917E+3	8.742213E+3
1.103984E+3	8.741801E+3
1.104050E+3	8.743118E+3
1.104117E+3	8.743888E+3
1.104184E+3	8.743006E+3
1.104249E+3	8.743788E+3
1.104316E+3	8.744415E+3
1.104385E+3	8.746814E+3
1.104451E+3	8.748250E+3
1.104523E+3	8.748205E+3
1.104588E+3	8.749169E+3
1.104656E+3	8.749434E+3
1.104720E+3	8.749595E+3
1.104784E+3	8.749991E+3
1.104848E+3	8.750140E+3
1.104915E+3	8.751464E+3
1.104981E+3	8.751430E+3
1.105049E+3	8.751976E+3
1.105114E+3	8.751710E+3
1.105183E+3	8.752714E+3
1.105249E+3	8.753204E+3
1.105317E+3	8.754130E+3
1.105382E+3	8.754211E+3
1.105449E+3	8.755291E+3
1.105515E+3	8.757736E+3
1.105584E+3	8.758485E+3
1.105650E+3	8.758975E+3
1.105722E+3	8.759385E+3
1.105787E+3	8.760092E+3
1.105856E+3	8.760230E+3
1.105924E+3	8.761648E+3
1.105988E+3	8.761613E+3
1.106055E+3	8.762178E+3
1.106124E+3	8.762850E+3
1.106190E+3	8.763352E+3
1.106260E+3	8.764336E+3
1.106323E+3	8.765055E+3
1.106391E+3	8.765273E+3
1.106458E+3	8.765794E+3
1.106524E+3	8.766927E+3
1.106590E+3	8.767432E+3
1.106656E+3	8.767918E+3
1.106725E+3	8.768360E+3
1.106793E+3	8.769197E+3
1.106861E+3	8.770366E+3
1.106927E+3	8.770877E+3
1.106996E+3	8.771533E+3
1.107062E+3	0.000000E+0
1.107128E+3	8.773639E+3
1.107195E+3	8.774296E+3
1.107264E+3	8.774992E+3
1.107328E+3	8.775688E+3
1.107396E+3	8.776894E+3
1.107463E+3	8.777619E+3
1.107532E+3	8.778095E+3
1.107598E+3	8.778466E+3
1.107664E+3	8.778913E+3
1.107731E+3	8.780010E+3
1.107797E+3	8.780563E+3
1.107865E+3	8.780816E+3
1.107932E+3	8.781712E+3
1.108000E+3	8.782021E+3
1.108066E+3	8.782922E+3
1.108136E+3	8.784326E+3
1.108202E+3	8.784665E+3
1.108272E+3	8.785659E+3
1.108341E+3	8.785706E+3
1.108407E+3	8.786830E+3
1.108474E+3	8.787444E+3
1.108541E+3	8.787612E+3
1.108610E+3	8.788847E+3
1.108676E+3	8.789302E+3
1.108743E+3	8.790171E+3
1.108811E+3	8.790650E+3
1.108879E+3	8.790581E+3
1.108948E+3	8.792237E+3
1.109012E+3	8.792291E+3
1.109079E+3	8.793632E+3
1.109150E+3	8.794367E+3
1.109218E+3	8.795109E+3
1.109286E+3	8.796077E+3
1.109352E+3	8.796657E+3
1.109423E+3	8.797339E+3
1.109487E+3	8.798158E+3
1.109552E+3	8.799145E+3
1.109620E+3	8.799390E+3
1.109686E+3	8.799752E+3
1.109751E+3	8.799846E+3
1.109820E+3	8.800170E+3
1.109888E+3	8.802291E+3
1.109953E+3	8.803121E+3
1.110022E+3	8.804304E+3
1.110090E+3	8.805303E+3
1.110157E+3	8.806220E+3
1.110224E+3	8.805900E+3
1.110290E+3	8.806271E+3
1.110356E+3	8.806624E+3
1.110425E+3	0.000000E+0
1.110492E+3	8.806942E+3
1.110562E+3	8.808861E+3
1.110628E+3	8.808117E+3
1.110695E+3	8.810060E+3
1.110764E+3	8.811789E+3
1.110829E+3	8.810929E+3
1.110897E+3	8.812907E+3
1.110962E+3	8.814844E+3
1.111031E+3	8.816364E+3
1.111097E+3	8.817639E+3
1.111167E+3	8.819075E+3
1.111234E+3	8.819410E+3
1.111303E+3	8.820387E+3
1.111368E+3	8.820578E+3
1.111432E+3	8.821965E+3
1.111498E+3	8.821206E+3
1.111565E+3	8.823513E+3
1.111629E+3	8.823476E+3
1.111698E+3	8.824171E+3
1.111765E+3	8.823958E+3
1.111830E+3	8.825551E+3
1.111897E+3	8.826201E+3
1.111966E+3	8.826722E+3
1.112033E+3	8.827164E+3
1.112099E+3	8.828244E+3
1.112169E+3	8.829110E+3
1.112236E+3	8.830198E+3
1.112301E+3	8.830787E+3
1.112369E+3	8.831736E+3
1.112438E+3	8.832707E+3
1.112506E+3	8.832756E+3
1.112572E+3	8.832983E+3
1.112639E+3	8.832989E+3
1.112707E+3	8.832554E+3
1.112773E+3	8.833866E+3
1.112843E+3	8.835321E+3
1.112908E+3	8.835753E+3
1.112978E+3	8.836814E+3
1.113044E+3	8.835871E+3
1.113110E+3	8.837311E+3
1.113179E+3	8.837707E+3
1.113247E+3	8.837909E+3
1.113312E+3	8.838961E+3
1.113382E+3	8.839615E+3
1.113447E+3	8.840330E+3
1.113519E+3	8.841036E+3
1.113587E+3	8.841632E+3
1.113652E+3	8.842443E+3
1.113717E+3	8.843570E+3
1.113785E+3	8.844588E+3
1.113850E+3	8.844464E+3
1.113915E+3	8.845329E+3
1.113982E+3	8.845237E+3
1.114049E+3	8.845515E+3
1.114119E+3	8.845944E+3
1.114184E+3	8.846566E+3
1.114250E+3	8.847758E+3
1.114319E+3	8.847973E+3
1.114385E+3	8.848637E+3
1.114455E+3	8.848848E+3
1.114522E+3	8.850168E+3
1.114590E+3	8.850502E+3
1.114654E+3	8.851884E+3
1.114723E+3	8.852143E+3
1.114791E+3	8.852691E+3
1.114858E+3	8.853992E+3
1.114926E+3	8.853758E+3
1.114993E+3	8.854944E+3
1.115059E+3	8.855555E+3
1.115126E+3	8.856133E+3
1.115193E+3	8.857229E+3
1.115261E+3	8.858033E+3
1.115327E+3	8.858126E+3
1.115396E+3	8.858324E+3
1.115461E+3	8.859807E+3
1.115529E+3	8.860293E+3
1.115598E+3	8.860729E+3
1.115664E+3	8.861902E+3
1.115727E+3	8.862147E+3
1.115792E+3	8.862775E+3
1.115861E+3	8.863252E+3
1.115928E+3	8.864216E+3
1.115997E+3	8.864583E+3
1.116061E+3	8.864929E+3
1.116128E+3	8.864748E+3
1.116196E+3	8.865444E+3
1.116260E+3	8.866419E+3
1.116328E+3	8.867617E+3
1.116393E+3	8.868747E+3
1.116463E+3	8.870015E+3
1.116529E+3	8.872596E+3
1.116599E+3	8.872737E+3
1.116666E+3	8.873559E+3
1.116732E+3	8.874251E+3
1.116798E+3	8.875368E+3
1.116863E+3	8.876295E+3
1.116929E+3	8.876051E+3
1.117001E+3	8.876543E+3
1.117065E+3	8.878088E+3
1.117133E+3	8.877980E+3
1.117201E+3	8.878977E+3
1.117265E+3	8.879900E+3
1.117329E+3	8.878928E+3
1.117395E+3	8.880396E+3
1.117463E+3	8.882604E+3
1.117530E+3	8.882860E+3
1.117599E+3	8.883535E+3
1.117665E+3	8.884941E+3
1.117729E+3	8.885480E+3
1.117798E+3	8.886429E+3
1.117864E+3	8.886976E+3
1.117928E+3	8.887237E+3
1.117996E+3	8.888047E+3
1.118064E+3	8.889276E+3
1.118132E+3	8.888535E+3
1.118202E+3	8.889553E+3
1.118270E+3	8.889946E+3
1.118338E+3	8.890365E+3
1.118404E+3	8.891389E+3
1.118470E+3	8.892038E+3
1.118536E+3	8.893516E+3
1.118604E+3	8.894482E+3
1.118676E+3	8.894117E+3
1.118743E+3	8.894082E+3
1.118810E+3	8.895437E+3
1.118881E+3	8.895448E+3
1.118950E+3	8.895063E+3
1.119015E+3	8.896257E+3
1.119081E+3	8.899269E+3
1.119149E+3	8.900099E+3
1.119215E+3	8.900662E+3
1.119282E+3	8.901099E+3
1.119348E+3	8.902234E+3
1.119416E+3	8.901895E+3
1.119480E+3	8.901872E+3
1.119545E+3	8.903707E+3
1.119609E+3	8.903380E+3
1.119677E+3	8.904472E+3
1.119745E+3	8.904692E+3
1.119811E+3	8.906266E+3
1.119877E+3	8.906976E+3
1.119942E+3	8.908386E+3
1.120010E+3	8.908356E+3
1.120076E+3	8.909486E+3
1.120142E+3	8.909893E+3
1.120209E+3	8.911296E+3
1.120275E+3	8.912274E+3
1.120341E+3	8.914188E+3
1.120406E+3	8.914244E+3
1.120475E+3	8.915766E+3
1.120542E+3	8.915907E+3
1.120610E+3	8.916319E+3
1.120678E+3	8.917038E+3
1.120741E+3	8.917668E+3
1.120808E+3	8.918649E+3
1.120871E+3	8.919224E+3
1.120939E+3	8.920776E+3
1.121008E+3	8.920744E+3
1.121078E+3	8.921208E+3
1.121144E+3	8.922338E+3
1.121210E+3	8.923753E+3
1.121276E+3	8.924014E+3
1.121344E+3	8.924752E+3
1.121408E+3	8.925228E+3
1.121479E+3	8.926826E+3
1.121546E+3	8.927087E+3
1.121618E+3	8.928046E+3
1.121684E+3	8.928954E+3
1.121752E+3	8.928939E+3
1.121820E+3	8.930326E+3
1.121886E+3	8.930751E+3
1.121950E+3	8.931447E+3
1.122018E+3	8.932079E+3
1.122086E+3	8.932338E+3
1.122148E+3	8.932253E+3
1.122219E+3	8.933775E+3
1.122286E+3	8.934021E+3
1.122353E+3	8.934441E+3
1.122422E+3	8.934977E+3
1.122490E+3	8.935991E+3
1.122555E+3	8.937353E+3
1.122623E+3	8.938518E+3
1.122688E+3	8.939889E+3
1.122757E+3	8.940063E+3
1.122826E+3	8.940293E+3
1.122896E+3	8.940595E+3
1.122961E+3	8.941069E+3
1.123029E+3	8.942520E+3
1.123096E+3	8.943173E+3
1.123162E+3	8.943224E+3
1.123228E+3	8.944388E+3
1.123297E+3	8.945308E+3
1.123363E+3	8.946370E+3
1.123433E+3	8.946603E+3
1.123501E+3	8.947916E+3
1.123567E+3	8.949271E+3
1.123634E+3	8.950884E+3
1.123702E+3	8.951949E+3
1.123769E+3	8.952332E+3
1.123837E+3	8.952522E+3
1.123907E+3	0.000000E+0
1.123977E+3	8.954282E+3
1.124044E+3	8.954186E+3
1.124114E+3	8.955217E+3
1.124182E+3	8.954974E+3
1.124250E+3	8.955769E+3
1.124317E+3	8.957117E+3
1.124386E+3	8.957632E+3
1.124456E+3	8.957886E+3
1.124523E+3	8.959231E+3
1.124591E+3	8.959528E+3
1.124658E+3	8.960560E+3
1.124727E+3	8.960498E+3
1.124796E+3	8.962508E+3
1.124866E+3	8.963128E+3
1.124932E+3	8.963911E+3
1.124998E+3	8.963958E+3
1.125066E+3	8.963918E+3
1.125134E+3	8.965201E+3
1.125199E+3	8.965429E+3
1.125268E+3	8.965955E+3
1.125337E+3	8.966323E+3
1.125405E+3	8.967089E+3
1.125473E+3	8.968326E+3
1.125538E+3	8.969178E+3
1.125606E+3	8.968807E+3
1.125674E+3	8.970488E+3
1.125739E+3	8.970383E+3
1.125805E+3	8.970387E+3
1.125875E+3	8.971810E+3
1.125945E+3	8.972545E+3
1.126010E+3	8.972720E+3
1.126079E+3	8.973440E+3
1.126146E+3	8.973740E+3
1.126211E+3	8.974297E+3
1.126278E+3	8.974800E+3
1.126343E+3	8.976185E+3
1.126411E+3	8.976975E+3
1.126474E+3	8.978288E+3
1.126543E+3	8.977908E+3
1.126608E+3	8.979489E+3
1.126676E+3	8.980672E+3
1.126742E+3	8.980913E+3
1.126807E+3	8.980691E+3
1.126874E+3	8.981350E+3
1.126938E+3	8.982686E+3
1.127010E+3	8.982912E+3
1.127077E+3	8.983647E+3
1.127144E+3	8.985219E+3
1.127213E+3	8.986827E+3
1.127279E+3	8.989395E+3
1.127348E+3	8.989460E+3
1.127416E+3	8.990938E+3
1.127486E+3	8.990714E+3
1.127553E+3	8.992020E+3
1.127625E+3	8.991568E+3
1.127693E+3	8.992431E+3
1.127760E+3	8.993887E+3
1.127827E+3	8.994061E+3
1.127897E+3	8.994136E+3
1.127964E+3	8.994374E+3
1.128029E+3	8.995121E+3
1.128095E+3	8.999132E+3
1.128163E+3	8.998922E+3
1.128231E+3	9.001143E+3
1.128298E+3	9.001951E+3
1.128364E+3	9.001450E+3
1.128436E+3	9.002005E+3
1.128504E+3	9.002977E+3
1.128574E+3	9.002960E+3
1.128643E+3	9.003357E+3
1.128711E+3	9.004700E+3
1.128779E+3	9.005316E+3
1.128846E+3	9.007058E+3
1.128915E+3	9.007112E+3
1.128980E+3	9.007444E+3
1.129045E+3	9.008375E+3
1.129114E+3	9.008931E+3
1.129183E+3	9.010295E+3
1.129250E+3	9.010426E+3
1.129318E+3	9.011035E+3
1.129384E+3	9.011825E+3
1.129452E+3	9.012916E+3
1.129518E+3	9.013886E+3
1.129583E+3	9.014353E+3
1.129652E+3	9.014274E+3
1.129723E+3	9.015157E+3
1.129789E+3	9.016763E+3
1.129860E+3	9.016746E+3
1.129930E+3	9.017891E+3
1.129998E+3	9.019093E+3
1.130064E+3	9.019322E+3
1.130129E+3	9.020064E+3
1.130195E+3	9.020225E+3
1.130264E+3	9.020903E+3
1.130332E+3	9.020709E+3
1.130403E+3	9.023047E+3
1.130469E+3	9.023891E+3
1.130537E+3	9.022825E+3
1.130606E+3	9.023604E+3
1.130673E+3	9.026067E+3
1.130740E+3	9.027055E+3
1.130806E+3	9.028117E+3
1.130869E+3	9.028203E+3
1.130933E+3	9.028856E+3
1.131003E+3	9.029984E+3
1.131073E+3	9.030601E+3
1.131139E+3	9.030856E+3
1.131207E+3	9.031514E+3
1.131276E+3	9.032272E+3
1.131345E+3	9.033478E+3
1.131410E+3	9.033111E+3
1.131481E+3	9.033621E+3
1.131548E+3	9.036084E+3
1.131615E+3	9.035844E+3
1.131682E+3	9.036601E+3
1.131747E+3	9.037361E+3
1.131816E+3	9.037547E+3
1.131884E+3	9.038041E+3
1.131951E+3	9.038297E+3
1.132019E+3	9.039417E+3
1.132085E+3	9.040782E+3
1.132155E+3	9.041600E+3
1.132223E+3	9.042573E+3
1.132290E+3	9.041844E+3
1.132358E+3	9.047250E+3
1.132424E+3	9.047766E+3
1.132489E+3	9.048676E+3
1.132555E+3	9.049738E+3
1.132624E+3	9.050273E+3
1.132690E+3	9.051607E+3
1.132759E+3	9.053412E+3
1.132832E+3	9.053576E+3
1.132898E+3	9.053972E+3
1.132967E+3	9.053748E+3
1.133035E+3	9.054643E+3
1.133102E+3	9.053815E+3
1.133169E+3	9.053747E+3
1.133239E+3	9.054873E+3
1.133307E+3	9.056798E+3
1.133375E+3	9.057578E+3
1.133439E+3	9.057611E+3
1.133508E+3	9.058428E+3
1.133572E+3	9.058099E+3
1.133640E+3	9.058930E+3
1.133706E+3	9.058885E+3
1.133773E+3	9.059923E+3
1.133838E+3	9.060869E+3
1.133904E+3	9.061435E+3
1.133973E+3	9.062463E+3
1.134041E+3	9.063649E+3
1.134108E+3	9.064504E+3
1.134175E+3	9.065281E+3
1.134242E+3	9.066420E+3
1.134307E+3	9.067601E+3
1.134374E+3	9.068370E+3
1.134439E+3	9.069815E+3
1.134508E+3	9.070424E+3
1.134575E+3	9.070996E+3
1.134645E+3	9.073213E+3
1.134711E+3	9.074066E+3
1.134777E+3	9.075403E+3
1.134845E+3	9.075108E+3
1.134910E+3	9.076651E+3
1.134978E+3	9.078909E+3
1.135043E+3	9.080533E+3
1.135114E+3	9.081365E+3
1.135180E+3	9.080567E+3
1.135249E+3	9.080178E+3
1.135321E+3	9.082751E+3
1.135388E+3	9.083661E+3
1.135456E+3	9.084529E+3
1.135524E+3	9.085555E+3
1.135590E+3	9.086145E+3
1.135654E+3	9.087261E+3
1.135719E+3	9.087321E+3
1.135788E+3	9.088257E+3
1.135855E+3	9.088821E+3
1.135924E+3	9.089702E+3
1.135992E+3	9.090663E+3
1.136059E+3	9.090788E+3
1.136125E+3	9.091539E+3
1.136192E+3	9.091598E+3
1.136259E+3	9.092963E+3
1.136324E+3	9.094315E+3
1.136390E+3	9.096154E+3
1.136458E+3	9.095824E+3
1.136524E+3	9.096764E+3
1.136588E+3	9.096851E+3
1.136655E+3	9.097702E+3
1.136721E+3	9.098600E+3
1.136787E+3	9.099088E+3
1.136853E+3	9.100484E+3
1.136921E+3	9.102336E+3
1.136985E+3	9.101893E+3
1.137055E+3	9.102326E+3
1.137121E+3	9.103679E+3
1.137189E+3	9.104181E+3
1.137255E+3	9.105266E+3
1.137318E+3	9.106182E+3
1.137384E+3	9.106293E+3
1.137450E+3	9.107812E+3
1.137517E+3	9.107786E+3
1.137583E+3	9.109156E+3
1.137648E+3	9.109652E+3
1.137712E+3	9.109860E+3
1.137780E+3	9.110661E+3
1.137845E+3	9.112655E+3
1.137913E+3	9.112663E+3
1.137980E+3	9.113882E+3
1.138045E+3	9.113092E+3
1.138114E+3	9.113735E+3
1.138180E+3	9.115303E+3
1.138246E+3	9.116401E+3
1.138312E+3	9.117003E+3
1.138379E+3	9.117531E+3
1.138445E+3	9.119357E+3
1.138509E+3	9.119333E+3
1.138573E+3	9.119881E+3
1.138642E+3	9.120756E+3
1.138708E+3	9.122115E+3
1.138774E+3	9.122722E+3
1.138840E+3	9.124033E+3
1.138906E+3	9.123404E+3
1.138972E+3	9.124481E+3
1.139040E+3	9.125135E+3
1.139108E+3	9.125128E+3
1.139176E+3	9.126964E+3
1.139242E+3	9.128488E+3
1.139309E+3	9.127863E+3
1.139375E+3	9.129101E+3
1.139443E+3	9.129744E+3
1.139513E+3	9.131311E+3
1.139582E+3	9.131872E+3
1.139646E+3	9.132583E+3
1.139715E+3	9.132990E+3
1.139782E+3	9.133175E+3
1.139847E+3	9.134273E+3
1.139914E+3	9.134642E+3
1.139979E+3	9.137568E+3
1.140047E+3	9.137422E+3
1.140112E+3	9.138125E+3
1.140181E+3	9.139823E+3
1.140245E+3	9.140678E+3
1.140313E+3	9.141535E+3
1.140380E+3	9.140752E+3
1.140446E+3	9.141683E+3
1.140513E+3	9.143489E+3
1.140579E+3	9.143914E+3
1.140649E+3	9.144458E+3
1.140716E+3	9.145912E+3
1.140783E+3	9.146670E+3
1.140847E+3	9.147855E+3
1.140912E+3	9.149759E+3
1.140976E+3	9.150685E+3
1.141042E+3	9.150328E+3
1.141111E+3	9.150513E+3
1.141175E+3	9.151408E+3
1.141243E+3	9.151225E+3
1.141310E+3	9.152528E+3
1.141378E+3	9.154360E+3
1.141445E+3	9.153847E+3
1.141512E+3	9.154850E+3
1.141579E+3	9.155465E+3
1.141643E+3	9.157479E+3
1.141711E+3	9.157786E+3
1.141776E+3	9.158199E+3
1.141843E+3	9.159641E+3
1.141909E+3	9.160678E+3
1.141978E+3	9.160087E+3
1.142045E+3	9.162235E+3
1.142112E+3	9.161720E+3
1.142177E+3	9.162659E+3
1.142243E+3	9.162386E+3
1.142310E+3	9.163405E+3
1.142378E+3	9.164708E+3
1.142443E+3	9.166001E+3
1.142507E+3	9.166777E+3
1.142575E+3	9.168803E+3
1.142639E+3	9.169422E+3
1.142703E+3	9.169237E+3
1.142770E+3	9.169885E+3
1.142837E+3	9.169618E+3
1.142905E+3	9.171755E+3
1.142970E+3	9.172322E+3
1.143037E+3	9.173417E+3
1.143105E+3	9.174435E+3
1.143169E+3	9.175244E+3
1.143235E+3	9.176252E+3
1.143299E+3	9.176449E+3
1.143367E+3	9.178661E+3
1.143431E+3	9.178128E+3
1.143497E+3	9.179022E+3
1.143563E+3	9.180182E+3
1.143630E+3	9.181620E+3
1.143694E+3	9.182601E+3
1.143759E+3	9.182361E+3
1.143827E+3	9.183027E+3
1.143893E+3	9.183791E+3
1.143961E+3	9.185692E+3
1.144027E+3	9.186914E+3
1.144092E+3	9.188472E+3
1.144155E+3	9.188183E+3
1.144221E+3	9.187973E+3
1.144288E+3	9.189629E+3
1.144353E+3	9.191592E+3
1.144422E+3	9.192464E+3
1.144489E+3	9.192102E+3
1.144557E+3	9.193075E+3
1.144625E+3	9.193893E+3
1.144692E+3	9.194241E+3
1.144757E+3	9.195566E+3
1.144822E+3	9.196123E+3
1.144890E+3	9.197027E+3
1.144955E+3	9.197386E+3
1.145023E+3	9.197963E+3
1.145091E+3	9.199915E+3
1.145157E+3	9.201085E+3
1.145221E+3	9.201788E+3
1.145286E+3	9.203846E+3
1.145352E+3	9.203927E+3
1.145417E+3	9.205003E+3
1.145485E+3	9.205889E+3
1.145549E+3	9.206418E+3
1.145618E+3	9.207933E+3
1.145686E+3	9.208061E+3
1.145755E+3	9.207798E+3
1.145819E+3	9.209550E+3
1.145883E+3	9.210353E+3
1.145949E+3	9.211575E+3
1.146016E+3	9.213069E+3
1.146086E+3	9.213466E+3
1.146157E+3	9.214227E+3
1.146225E+3	9.214592E+3
1.146292E+3	9.215391E+3
1.146356E+3	9.216829E+3
1.146422E+3	9.217090E+3
1.146491E+3	9.217560E+3
1.146555E+3	9.218805E+3
1.146623E+3	9.219062E+3
1.146686E+3	9.219858E+3
1.146751E+3	9.220031E+3
1.146817E+3	9.220489E+3
1.146882E+3	9.221314E+3
1.146949E+3	9.221822E+3
1.147015E+3	9.223135E+3
1.147082E+3	9.223969E+3
1.147147E+3	9.224521E+3
1.147216E+3	9.224962E+3
1.147280E+3	9.226002E+3
1.147347E+3	9.227004E+3
1.147414E+3	9.226780E+3
1.147481E+3	9.229712E+3
1.147548E+3	9.231031E+3
1.147613E+3	9.232268E+3
1.147681E+3	9.232655E+3
1.147745E+3	9.233795E+3
1.147814E+3	9.233818E+3
1.147882E+3	9.235136E+3
1.147949E+3	9.235751E+3
1.148015E+3	9.237034E+3
1.148084E+3	9.237362E+3
1.148147E+3	9.237604E+3
1.148211E+3	9.238094E+3
1.148280E+3	9.240517E+3
1.148346E+3	9.240792E+3
1.148413E+3	9.240657E+3
1.148481E+3	9.242260E+3
1.148548E+3	9.242979E+3
1.148612E+3	9.243857E+3
1.148678E+3	9.244282E+3
1.148744E+3	9.243543E+3
1.148810E+3	9.246445E+3
1.148876E+3	9.247362E+3
1.148943E+3	9.247753E+3
1.149008E+3	9.251080E+3
1.149077E+3	9.251952E+3
1.149142E+3	9.252739E+3
1.149210E+3	9.252209E+3
1.149277E+3	9.253931E+3
1.149342E+3	9.254067E+3
1.149409E+3	9.255233E+3
1.149475E+3	9.254782E+3
1.149542E+3	9.255245E+3
1.149608E+3	9.256171E+3
1.149676E+3	9.256377E+3
1.149743E+3	9.257896E+3
1.149808E+3	9.259859E+3
1.149873E+3	9.259645E+3
1.149939E+3	9.261083E+3
1.150004E+3	9.261059E+3
1.150070E+3	9.261817E+3
1.150137E+3	9.263144E+3
1.150204E+3	9.264327E+3
1.150270E+3	9.265455E+3
1.150334E+3	9.265582E+3
1.150399E+3	9.266843E+3
1.150467E+3	9.267592E+3
1.150536E+3	9.268726E+3
1.150602E+3	9.269626E+3
1.150668E+3	9.270170E+3
1.150732E+3	9.271290E+3
1.150798E+3	9.272543E+3
1.150863E+3	9.272073E+3
1.150929E+3	9.272990E+3
1.150994E+3	9.273899E+3
1.151059E+3	9.275900E+3
1.151127E+3	9.277439E+3
1.151193E+3	9.277102E+3
1.151260E+3	9.277526E+3
1.151325E+3	9.278402E+3
1.151393E+3	9.280193E+3
1.151458E+3	9.281004E+3
1.151522E+3	9.282839E+3
1.151589E+3	9.284676E+3
1.151658E+3	9.285614E+3
1.151729E+3	9.286340E+3
1.151792E+3	9.286667E+3
1.151859E+3	9.287916E+3
1.151922E+3	9.288439E+3
1.151989E+3	9.288888E+3
1.152055E+3	9.289822E+3
1.152121E+3	9.293962E+3
1.152190E+3	9.291303E+3
1.152257E+3	9.293903E+3
1.152322E+3	9.294563E+3
1.152388E+3	9.294059E+3
1.152454E+3	9.294587E+3
1.152522E+3	9.296169E+3
1.152587E+3	9.296457E+3
1.152654E+3	9.297078E+3
1.152718E+3	9.298004E+3
1.152787E+3	9.297048E+3
1.152853E+3	9.298663E+3
1.152917E+3	9.297907E+3
1.152982E+3	9.298566E+3
1.153048E+3	9.299407E+3
1.153114E+3	9.301353E+3
1.153184E+3	9.302423E+3
1.153249E+3	9.302936E+3
1.153317E+3	9.303458E+3
1.153382E+3	9.305403E+3
1.153449E+3	9.306230E+3
1.153514E+3	9.304899E+3
1.153581E+3	9.306761E+3
1.153648E+3	9.307111E+3
1.153713E+3	9.308396E+3
1.153781E+3	9.309886E+3
1.153847E+3	9.310328E+3
1.153914E+3	9.311663E+3
1.153982E+3	9.312148E+3
1.154049E+3	9.312809E+3
1.154115E+3	9.314312E+3
1.154180E+3	9.314908E+3
1.154245E+3	9.314033E+3
1.154309E+3	9.314084E+3
1.154377E+3	9.316069E+3
1.154442E+3	9.316705E+3
1.154509E+3	9.317894E+3
1.154575E+3	9.317146E+3
1.154643E+3	9.318429E+3
1.154710E+3	9.320244E+3
1.154777E+3	9.321213E+3
1.154845E+3	9.322431E+3
1.154911E+3	9.324761E+3
1.154979E+3	9.329212E+3
1.155044E+3	9.329673E+3
1.155111E+3	9.331364E+3
1.155178E+3	9.331483E+3
1.155244E+3	9.331797E+3
1.155310E+3	9.333635E+3
1.155376E+3	9.335893E+3
1.155445E+3	9.336617E+3
1.155511E+3	9.337672E+3
1.155578E+3	9.337430E+3
1.155643E+3	9.338499E+3
1.155708E+3	9.339165E+3
1.155771E+3	9.339432E+3
1.155836E+3	9.340089E+3
1.155904E+3	9.341022E+3
1.155969E+3	9.341880E+3
1.156039E+3	9.342784E+3
1.156103E+3	9.342795E+3
1.156169E+3	9.344515E+3
1.156235E+3	9.346905E+3
1.156301E+3	9.349540E+3
1.156369E+3	9.349043E+3
1.156434E+3	9.350583E+3
1.156503E+3	9.351502E+3
1.156570E+3	9.351457E+3
1.156635E+3	9.353071E+3
1.156700E+3	9.354269E+3
1.156766E+3	9.354901E+3
1.156831E+3	9.356667E+3
1.156898E+3	9.359324E+3
1.156968E+3	9.360861E+3
1.157033E+3	9.370167E+3
1.157102E+3	9.373596E+3
1.157167E+3	9.374291E+3
1.157235E+3	9.375933E+3
1.157300E+3	9.377332E+3
1.157367E+3	9.378446E+3
1.157432E+3	9.378974E+3
1.157498E+3	9.380297E+3
1.157565E+3	9.382597E+3
1.157630E+3	9.382267E+3
1.157698E+3	9.383635E+3
1.157765E+3	9.384247E+3
1.157831E+3	9.385187E+3
1.157895E+3	9.387215E+3
1.157963E+3	9.387206E+3
1.158030E+3	9.388587E+3
1.158098E+3	9.389319E+3
1.158165E+3	9.389912E+3
1.158229E+3	9.390707E+3
1.158297E+3	9.391308E+3
1.158364E+3	9.391821E+3
1.158430E+3	9.392634E+3
1.158496E+3	9.394153E+3
1.158564E+3	9.393529E+3
1.158636E+3	9.395323E+3
1.158703E+3	9.395260E+3
1.158769E+3	9.396121E+3
1.158835E+3	9.396252E+3
1.158899E+3	9.396046E+3
1.158964E+3	9.398559E+3
1.159030E+3	9.399156E+3
1.159097E+3	9.399980E+3
1.159166E+3	9.401005E+3
1.159231E+3	9.401915E+3
1.159298E+3	9.402360E+3
1.159365E+3	9.404189E+3
1.159431E+3	9.406317E+3
1.159496E+3	9.409027E+3
1.159560E+3	9.411468E+3
1.159627E+3	9.412206E+3
1.159694E+3	9.413417E+3
1.159762E+3	9.413171E+3
1.159830E+3	9.413941E+3
1.159899E+3	9.414949E+3
1.159964E+3	9.415224E+3
1.160030E+3	9.416293E+3
1.160094E+3	9.417395E+3
1.160160E+3	9.418437E+3
1.160229E+3	9.419007E+3
1.160299E+3	9.419536E+3
1.160364E+3	9.421172E+3
1.160432E+3	9.421493E+3
1.160497E+3	9.422872E+3
1.160563E+3	9.423727E+3
1.160630E+3	9.424270E+3
1.160694E+3	9.424222E+3
1.160760E+3	9.425050E+3
1.160826E+3	9.426408E+3
1.160891E+3	9.426765E+3
1.160961E+3	9.427224E+3
1.161026E+3	9.428777E+3
1.161095E+3	9.430330E+3
1.161163E+3	9.430343E+3
1.161228E+3	9.430558E+3
1.161293E+3	9.431713E+3
1.161361E+3	9.432653E+3
1.161427E+3	9.433201E+3
1.161494E+3	9.434555E+3
1.161560E+3	9.435138E+3
1.161625E+3	9.435943E+3
1.161693E+3	9.437008E+3
1.161757E+3	9.437946E+3
1.161821E+3	9.438865E+3
1.161886E+3	9.440028E+3
1.161954E+3	9.439947E+3
1.162024E+3	9.441242E+3
1.162091E+3	9.441816E+3
1.162156E+3	9.443413E+3
1.162221E+3	9.444072E+3
1.162285E+3	9.444070E+3
1.162350E+3	9.445277E+3
1.162417E+3	9.446527E+3
1.162485E+3	9.447477E+3
1.162549E+3	9.447639E+3
1.162616E+3	9.448869E+3
1.162682E+3	9.451040E+3
1.162748E+3	9.451640E+3
1.162812E+3	9.452671E+3
1.162877E+3	9.454936E+3
1.162942E+3	9.457271E+3
1.163010E+3	9.458009E+3
1.163077E+3	9.457895E+3
1.163143E+3	9.459991E+3
1.163208E+3	9.460582E+3
1.163274E+3	9.461305E+3
1.163340E+3	9.461977E+3
1.163408E+3	9.462605E+3
1.163475E+3	9.463475E+3
1.163542E+3	9.463624E+3
1.163609E+3	9.463952E+3
1.163674E+3	9.465532E+3
1.163737E+3	9.465713E+3
1.163804E+3	9.466477E+3
1.163869E+3	9.468768E+3
1.163934E+3	9.469024E+3
1.164001E+3	9.469435E+3
1.164066E+3	9.470235E+3
1.164130E+3	9.470903E+3
1.164196E+3	9.471358E+3
1.164260E+3	9.471519E+3
1.164325E+3	9.473023E+3
1.164393E+3	9.472808E+3
1.164461E+3	9.474102E+3
1.164529E+3	9.475418E+3
1.164595E+3	9.476338E+3
1.164661E+3	9.476701E+3
1.164728E+3	9.477254E+3
1.164795E+3	9.478719E+3
1.164859E+3	9.479532E+3
1.164924E+3	9.479709E+3
1.164992E+3	9.480472E+3
1.165057E+3	9.481706E+3
1.165124E+3	9.483049E+3
1.165189E+3	9.484108E+3
1.165255E+3	9.485018E+3
1.165322E+3	9.485629E+3
1.165387E+3	9.487984E+3
1.165452E+3	9.488659E+3
1.165517E+3	9.488732E+3
1.165587E+3	9.490439E+3
1.165654E+3	9.490837E+3
1.165721E+3	9.491741E+3
1.165787E+3	9.491588E+3
1.165853E+3	9.492640E+3
1.165917E+3	9.492802E+3
1.165986E+3	9.494457E+3
1.166054E+3	9.495620E+3
1.166118E+3	9.495724E+3
1.166185E+3	9.495510E+3
1.166251E+3	9.496580E+3
1.166317E+3	9.496412E+3
1.166383E+3	9.498095E+3
1.166447E+3	9.497991E+3
1.166513E+3	9.501120E+3
1.166577E+3	9.501745E+3
1.166641E+3	9.501436E+3
1.166708E+3	0.000000E+0
1.166776E+3	9.505036E+3
1.166841E+3	9.505933E+3
1.166906E+3	9.506280E+3
1.166973E+3	9.507253E+3
1.167041E+3	9.509418E+3
1.167107E+3	9.509746E+3
1.167173E+3	9.510535E+3
1.167241E+3	9.510983E+3
1.167309E+3	9.511970E+3
1.167376E+3	9.512765E+3
1.167442E+3	9.513459E+3
1.167509E+3	9.513695E+3
1.167577E+3	9.514398E+3
1.167643E+3	9.514424E+3
1.167710E+3	9.514648E+3
1.167776E+3	9.514849E+3
1.167844E+3	9.515224E+3
1.167909E+3	9.515994E+3
1.167976E+3	9.517452E+3
1.168041E+3	9.518655E+3
1.168106E+3	9.519121E+3
1.168173E+3	9.520506E+3
1.168238E+3	9.521264E+3
1.168304E+3	9.521501E+3
1.168372E+3	9.523659E+3
1.168435E+3	9.524960E+3
1.168500E+3	9.525385E+3
1.168566E+3	9.525772E+3
1.168637E+3	9.526118E+3
1.168706E+3	9.527522E+3
1.168774E+3	9.528137E+3
1.168841E+3	9.530373E+3
1.168905E+3	9.531175E+3
1.168970E+3	9.530967E+3
1.169037E+3	9.532597E+3
1.169101E+3	9.533364E+3
1.169167E+3	9.535350E+3
1.169234E+3	9.536311E+3
1.169300E+3	9.537148E+3
1.169368E+3	9.537148E+3
1.169433E+3	9.539099E+3
1.169499E+3	9.540080E+3
1.169566E+3	9.542406E+3
1.169633E+3	9.542869E+3
1.169700E+3	9.544397E+3
1.169768E+3	9.545115E+3
1.169838E+3	9.547117E+3
1.169901E+3	9.546986E+3
1.169969E+3	9.547891E+3
1.170034E+3	9.548611E+3
1.170097E+3	9.549815E+3
1.170162E+3	9.550841E+3
1.170228E+3	9.551258E+3
1.170296E+3	9.552053E+3
1.170360E+3	9.552246E+3
1.170428E+3	9.553020E+3
1.170493E+3	9.554245E+3
1.170563E+3	9.555426E+3
1.170629E+3	9.555902E+3
1.170696E+3	9.557650E+3
1.170760E+3	9.559179E+3
1.170826E+3	9.561916E+3
1.170893E+3	9.561759E+3
1.170960E+3	9.563064E+3
1.171029E+3	9.564219E+3
1.171092E+3	9.564575E+3
1.171160E+3	9.564781E+3
1.171225E+3	9.566798E+3
1.171292E+3	9.566812E+3
1.171359E+3	9.567285E+3
1.171425E+3	9.569255E+3
1.171496E+3	9.570409E+3
1.171564E+3	9.570661E+3
1.171629E+3	9.572742E+3
1.171695E+3	9.574206E+3
1.171761E+3	9.573719E+3
1.171827E+3	9.575077E+3
1.171895E+3	9.577502E+3
1.171961E+3	9.578218E+3
1.172031E+3	9.579831E+3
1.172096E+3	9.580453E+3
1.172164E+3	9.582141E+3
1.172229E+3	9.582143E+3
1.172295E+3	9.583839E+3
1.172361E+3	9.584435E+3
1.172425E+3	9.586680E+3
1.172494E+3	9.586147E+3
1.172559E+3	9.587495E+3
1.172630E+3	9.587645E+3
1.172697E+3	9.587972E+3
1.172764E+3	9.589312E+3
1.172830E+3	9.590818E+3
1.172895E+3	9.592578E+3
1.172963E+3	9.596526E+3
1.173026E+3	9.599081E+3
1.173095E+3	9.601345E+3
1.173160E+3	9.602343E+3
1.173229E+3	9.601996E+3
1.173295E+3	9.603313E+3
1.173363E+3	9.604510E+3
1.173429E+3	9.605667E+3
1.173494E+3	9.607235E+3
1.173561E+3	9.607864E+3
1.173630E+3	9.607973E+3
1.173698E+3	9.609811E+3
1.173763E+3	9.611955E+3
1.173833E+3	9.613277E+3
1.173901E+3	9.613732E+3
1.173967E+3	9.614430E+3
1.174032E+3	9.615559E+3
1.174098E+3	9.616063E+3
1.174163E+3	9.616900E+3
1.174228E+3	9.618002E+3
1.174294E+3	9.618209E+3
1.174364E+3	9.620574E+3
1.174430E+3	9.620919E+3
1.174496E+3	9.622600E+3
1.174560E+3	9.621928E+3
1.174627E+3	9.623512E+3
1.174691E+3	9.623939E+3
1.174757E+3	9.623598E+3
1.174822E+3	9.627422E+3
1.174891E+3	9.627155E+3
1.174957E+3	9.629858E+3
1.175025E+3	9.627118E+3
1.175089E+3	9.627937E+3
1.175152E+3	9.629944E+3
1.175218E+3	9.630479E+3
1.175284E+3	9.631662E+3
1.175351E+3	9.631852E+3
1.175416E+3	9.633218E+3
1.175481E+3	9.633602E+3
1.175547E+3	9.634691E+3
1.175612E+3	9.635324E+3
1.175677E+3	9.636097E+3
1.175743E+3	9.637272E+3
1.175807E+3	9.638422E+3
1.175876E+3	9.638645E+3
1.175943E+3	9.639462E+3
1.176011E+3	9.640350E+3
1.176077E+3	9.642232E+3
1.176142E+3	9.642776E+3
1.176210E+3	9.643081E+3
1.176276E+3	9.644355E+3
1.176345E+3	9.645317E+3
1.176414E+3	9.646282E+3
1.176480E+3	9.647501E+3
1.176546E+3	9.648486E+3
1.176611E+3	9.649482E+3
1.176678E+3	9.650415E+3
1.176744E+3	9.651523E+3
1.176809E+3	9.651753E+3
1.176880E+3	9.653195E+3
1.176946E+3	9.654618E+3
1.177014E+3	9.655822E+3
1.177081E+3	9.656561E+3
1.177148E+3	9.657124E+3
1.177213E+3	9.657146E+3
1.177280E+3	9.657624E+3
1.177348E+3	9.658389E+3
1.177414E+3	9.658986E+3
1.177481E+3	0.000000E+0
1.177548E+3	9.661758E+3
1.177612E+3	9.661651E+3
1.177679E+3	9.662694E+3
1.177744E+3	9.663784E+3
1.177808E+3	9.663966E+3
1.177872E+3	9.664770E+3
1.177939E+3	9.665746E+3
1.178005E+3	9.666052E+3
1.178073E+3	9.667028E+3
1.178140E+3	9.668073E+3
1.178205E+3	9.669137E+3
1.178271E+3	9.669303E+3
1.178338E+3	9.670361E+3
1.178404E+3	9.671052E+3
1.178471E+3	9.672197E+3
1.178537E+3	9.674164E+3
1.178601E+3	9.675318E+3
1.178669E+3	9.676261E+3
1.178733E+3	9.677473E+3
1.178798E+3	9.679242E+3
1.178860E+3	9.678476E+3
1.178927E+3	9.680797E+3
1.178995E+3	9.681982E+3
1.179062E+3	9.683245E+3
1.179131E+3	9.683821E+3
1.179198E+3	9.683826E+3
1.179264E+3	9.684757E+3
1.179330E+3	9.686313E+3
1.179397E+3	9.688387E+3
1.179463E+3	9.689553E+3
1.179527E+3	9.690748E+3
1.179596E+3	9.691048E+3
1.179663E+3	9.691576E+3
1.179731E+3	9.692032E+3
1.179799E+3	9.692962E+3
1.179865E+3	9.693853E+3
1.179930E+3	9.696787E+3
1.179993E+3	9.697436E+3
1.180059E+3	9.699023E+3
1.180125E+3	9.698925E+3
1.180192E+3	9.699147E+3
1.180260E+3	9.700837E+3
1.180325E+3	9.701793E+3
1.180392E+3	9.702405E+3
1.180458E+3	9.703455E+3
1.180526E+3	9.704596E+3
1.180593E+3	9.705142E+3
1.180663E+3	9.706556E+3
1.180727E+3	9.708648E+3
1.180794E+3	9.709425E+3
1.180862E+3	9.710341E+3
1.180926E+3	9.711250E+3
1.180991E+3	9.712422E+3
1.181057E+3	9.713437E+3
1.181125E+3	9.713438E+3
1.181191E+3	9.713675E+3
1.181256E+3	9.715050E+3
1.181321E+3	9.715982E+3
1.181387E+3	9.715111E+3
1.181454E+3	9.717747E+3
1.181520E+3	9.718408E+3
1.181589E+3	9.718886E+3
1.181656E+3	9.719029E+3
1.181726E+3	9.718849E+3
1.181791E+3	9.720050E+3
1.181860E+3	9.721251E+3
1.181926E+3	9.721945E+3
1.181994E+3	9.722305E+3
1.182061E+3	9.724118E+3
1.182126E+3	9.725945E+3
1.182191E+3	9.728689E+3
1.182260E+3	9.727987E+3
1.182329E+3	9.728215E+3
1.182399E+3	9.729021E+3
1.182467E+3	9.731374E+3
1.182533E+3	9.733574E+3
1.182600E+3	9.733398E+3
1.182666E+3	9.734368E+3
1.182733E+3	9.735947E+3
1.182798E+3	9.736692E+3
1.182868E+3	9.737864E+3
1.182932E+3	9.737969E+3
1.183000E+3	9.738661E+3
1.183066E+3	9.739785E+3
1.183131E+3	9.740753E+3
1.183201E+3	9.741559E+3
1.183269E+3	9.742799E+3
1.183337E+3	9.744092E+3
1.183406E+3	9.745038E+3
1.183472E+3	9.746049E+3
1.183541E+3	9.746425E+3
1.183607E+3	9.748654E+3
1.183674E+3	9.749578E+3
1.183738E+3	9.750045E+3
1.183804E+3	9.750542E+3
1.183873E+3	9.751336E+3
1.183942E+3	9.753030E+3
1.184010E+3	9.754626E+3
1.184078E+3	9.756144E+3
1.184143E+3	9.756816E+3
1.184212E+3	9.757134E+3
1.184277E+3	9.758112E+3
1.184344E+3	9.759217E+3
1.184408E+3	9.758375E+3
1.184475E+3	9.758781E+3
1.184545E+3	9.760045E+3
1.184615E+3	9.762220E+3
1.184683E+3	9.763203E+3
1.184750E+3	9.763939E+3
1.184817E+3	9.765539E+3
1.184882E+3	9.766253E+3
1.184951E+3	9.767271E+3
1.185018E+3	9.766941E+3
1.185087E+3	9.768290E+3
1.185152E+3	9.770274E+3
1.185221E+3	9.771852E+3
1.185292E+3	9.772348E+3
1.185358E+3	9.773938E+3
1.185426E+3	9.774215E+3
1.185491E+3	9.775056E+3
1.185557E+3	9.776262E+3
1.185623E+3	9.777527E+3
1.185688E+3	9.778319E+3
1.185756E+3	9.778601E+3
1.185822E+3	9.779819E+3
1.185890E+3	9.781171E+3
1.185959E+3	9.782070E+3
1.186028E+3	9.784248E+3
1.186093E+3	9.785712E+3
1.186159E+3	9.786632E+3
1.186223E+3	9.787382E+3
1.186290E+3	9.787777E+3
1.186357E+3	9.787372E+3
1.186425E+3	9.789632E+3
1.186493E+3	9.791433E+3
1.186559E+3	9.791158E+3
1.186626E+3	9.792824E+3
1.186691E+3	9.793311E+3
1.186758E+3	9.794960E+3
1.186823E+3	9.795711E+3
1.186892E+3	9.796715E+3
1.186960E+3	9.797665E+3
1.187030E+3	9.797690E+3
1.187097E+3	9.798626E+3
1.187162E+3	9.799478E+3
1.187230E+3	9.801487E+3
1.187295E+3	9.802573E+3
1.187362E+3	9.803315E+3
1.187428E+3	9.803435E+3
1.187496E+3	9.805512E+3
1.187563E+3	9.807019E+3
1.187633E+3	9.806448E+3
1.187699E+3	9.808361E+3
1.187764E+3	9.809447E+3
1.187830E+3	9.808026E+3
1.187896E+3	9.808652E+3
1.187964E+3	9.810295E+3
1.188028E+3	9.810402E+3
1.188098E+3	9.811224E+3
1.188164E+3	9.812727E+3
1.188231E+3	9.813825E+3
1.188297E+3	9.815416E+3
1.188361E+3	9.817331E+3
1.188425E+3	9.819310E+3
1.188490E+3	9.818572E+3
1.188557E+3	9.818338E+3
1.188622E+3	9.820080E+3
1.188694E+3	9.821877E+3
1.188759E+3	9.823355E+3
1.188825E+3	9.823447E+3
1.188889E+3	9.824179E+3
1.188954E+3	9.823723E+3
1.189022E+3	9.824483E+3
1.189088E+3	9.826303E+3
1.189154E+3	9.828455E+3
1.189218E+3	9.831025E+3
1.189284E+3	9.831930E+3
1.189351E+3	9.832966E+3
1.189416E+3	9.834573E+3
1.189482E+3	9.835778E+3
1.189548E+3	9.837022E+3
1.189617E+3	9.838167E+3
1.189684E+3	9.839573E+3
1.189749E+3	9.840249E+3
1.189819E+3	9.840864E+3
1.189885E+3	9.841343E+3
1.189951E+3	9.842405E+3
1.190016E+3	9.843436E+3
1.190082E+3	9.844662E+3
1.190149E+3	9.848960E+3
1.190214E+3	9.849654E+3
1.190279E+3	9.847224E+3
1.190343E+3	9.848068E+3
1.190410E+3	9.848904E+3
1.190476E+3	9.849802E+3
1.190542E+3	9.851232E+3
1.190609E+3	9.853302E+3
1.190675E+3	9.854261E+3
1.190741E+3	9.856061E+3
1.190810E+3	9.856364E+3
1.190877E+3	9.857054E+3
1.190945E+3	9.859098E+3
1.191011E+3	9.861037E+3
1.191076E+3	9.861498E+3
1.191142E+3	9.864815E+3
1.191207E+3	9.867312E+3
1.191276E+3	9.868187E+3
1.191342E+3	9.868198E+3
1.191407E+3	9.869758E+3
1.191474E+3	9.871296E+3
1.191540E+3	9.872454E+3
1.191606E+3	9.873913E+3
1.191671E+3	9.874260E+3
1.191736E+3	9.875221E+3
1.191800E+3	9.875443E+3
1.191869E+3	9.876150E+3
1.191939E+3	9.876198E+3
1.192007E+3	9.877313E+3
1.192073E+3	9.879176E+3
1.192139E+3	9.881191E+3
1.192205E+3	9.883748E+3
1.192273E+3	9.884180E+3
1.192341E+3	9.884280E+3
1.192408E+3	9.885759E+3
1.192476E+3	9.886712E+3
1.192543E+3	9.886927E+3
1.192611E+3	9.888324E+3
1.192678E+3	9.890457E+3
1.192745E+3	9.890656E+3
1.192811E+3	9.891812E+3
1.192877E+3	9.892140E+3
1.192943E+3	9.893456E+3
1.193012E+3	9.895463E+3
1.193079E+3	9.895651E+3
1.193149E+3	9.896655E+3
1.193219E+3	9.896829E+3
1.193285E+3	9.897364E+3
1.193352E+3	9.899494E+3
1.193417E+3	9.900476E+3
1.193485E+3	9.901360E+3
1.193551E+3	9.901637E+3
1.193624E+3	9.904582E+3
1.193691E+3	9.905600E+3
1.193757E+3	9.905789E+3
1.193828E+3	9.906763E+3
1.193898E+3	9.906892E+3
1.193964E+3	9.909575E+3
1.194032E+3	0.000000E+0
1.194098E+3	9.911359E+3
1.194167E+3	9.912855E+3
1.194233E+3	9.913809E+3
1.194303E+3	9.915393E+3
1.194367E+3	9.915479E+3
1.194435E+3	9.917415E+3
1.194503E+3	9.919537E+3
1.194570E+3	9.920230E+3
1.194635E+3	9.921873E+3
1.194700E+3	9.923115E+3
1.194766E+3	9.924216E+3
1.194834E+3	9.925524E+3
1.194902E+3	9.926034E+3
1.194967E+3	9.928114E+3
1.195039E+3	9.928656E+3
1.195106E+3	9.929844E+3
1.195172E+3	9.930835E+3
1.195238E+3	9.933060E+3
1.195303E+3	9.934082E+3
1.195372E+3	9.935204E+3
1.195440E+3	9.937008E+3
1.195510E+3	9.938786E+3
1.195578E+3	9.939499E+3
1.195647E+3	9.940382E+3
1.195717E+3	9.941035E+3
1.195786E+3	9.942728E+3
1.195853E+3	9.944647E+3
1.195921E+3	9.945600E+3
1.195990E+3	9.946818E+3
1.196060E+3	9.948064E+3
1.196127E+3	9.948772E+3
1.196198E+3	9.950887E+3
1.196262E+3	9.951198E+3
1.196334E+3	9.952225E+3
1.196403E+3	9.953494E+3
1.196471E+3	9.954101E+3
1.196541E+3	9.954646E+3
1.196607E+3	9.955560E+3
1.196672E+3	9.956459E+3
1.196742E+3	9.957533E+3
1.196810E+3	9.958580E+3
1.196880E+3	9.958822E+3
1.196950E+3	9.961114E+3
1.197014E+3	9.962586E+3
1.197081E+3	9.963694E+3
1.197148E+3	9.964351E+3
1.197215E+3	9.965373E+3
1.197282E+3	9.966832E+3
1.197350E+3	9.968586E+3
1.197416E+3	9.969898E+3
1.197483E+3	9.971114E+3
1.197555E+3	9.972314E+3
1.197623E+3	9.974123E+3
1.197690E+3	9.975012E+3
1.197758E+3	9.976967E+3
1.197830E+3	9.977430E+3
1.197897E+3	9.977598E+3
1.197964E+3	9.978446E+3
1.198029E+3	9.978845E+3
1.198095E+3	9.981463E+3
1.198162E+3	9.983103E+3
1.198231E+3	9.983452E+3
1.198297E+3	9.983539E+3
1.198366E+3	9.986154E+3
1.198433E+3	9.987245E+3
1.198500E+3	9.986676E+3
1.198566E+3	9.987780E+3
1.198630E+3	9.989105E+3
1.198697E+3	9.989513E+3
1.198766E+3	9.991565E+3
1.198835E+3	9.992223E+3
1.198901E+3	9.993991E+3
1.198972E+3	9.995401E+3
1.199038E+3	9.997799E+3
1.199106E+3	9.999115E+3
1.199172E+3	9.999444E+3
1.199237E+3	1.000054E+4
1.199307E+3	1.000132E+4
1.199372E+3	1.000348E+4
1.199444E+3	1.000549E+4
1.199510E+3	1.000577E+4
1.199579E+3	1.000760E+4
1.199645E+3	1.000896E+4
1.199713E+3	1.000984E+4
1.199779E+3	1.001267E+4
1.199847E+3	1.001442E+4
1.199916E+3	1.001549E+4
1.199981E+3	1.001652E+4
1.200049E+3	1.001719E+4
1.200119E+3	1.001794E+4
1.200186E+3	1.001857E+4
1.200256E+3	1.001951E+4
1.200321E+3	1.002115E+4
1.200388E+3	1.002206E+4
1.200455E+3	1.002339E+4
1.200520E+3	1.002471E+4
1.200586E+3	1.002480E+4
1.200652E+3	1.002643E+4
1.200719E+3	1.002709E+4
1.200786E+3	1.002841E+4
1.200854E+3	1.002879E+4
1.200921E+3	1.002956E+4
1.200985E+3	1.003094E+4
1.201050E+3	1.003256E+4
1.201117E+3	1.003298E+4
1.201185E+3	1.003459E+4
1.201252E+3	1.003550E+4
1.201321E+3	1.003687E+4
1.201390E+3	1.003846E+4
1.201456E+3	1.003988E+4
1.201524E+3	1.004028E+4
1.201589E+3	1.004166E+4
1.201656E+3	1.004178E+4
1.201722E+3	1.004417E+4
1.201789E+3	1.004505E+4
1.201859E+3	1.004552E+4
1.201924E+3	1.004659E+4
1.201994E+3	1.004739E+4
1.202058E+3	1.004904E+4
1.202126E+3	1.004984E+4
1.202192E+3	1.005377E+4
1.202259E+3	1.005507E+4
1.202326E+3	1.005756E+4
1.202397E+3	1.005835E+4
1.202464E+3	1.005951E+4
1.202534E+3	1.005975E+4
1.202602E+3	1.006087E+4
1.202672E+3	1.006203E+4
1.202740E+3	1.006279E+4
1.202808E+3	1.006609E+4
1.202875E+3	1.006811E+4
1.202941E+3	1.006857E+4
1.203007E+3	1.007065E+4
1.203076E+3	1.007176E+4
1.203145E+3	1.007251E+4
1.203212E+3	1.007356E+4
1.203276E+3	1.007459E+4
1.203344E+3	1.007538E+4
1.203412E+3	1.007680E+4
1.203480E+3	1.007771E+4
1.203548E+3	1.007884E+4
1.203615E+3	1.007946E+4
1.203681E+3	1.008234E+4
1.203750E+3	1.008336E+4
1.203817E+3	1.008531E+4
1.203885E+3	1.008596E+4
1.203953E+3	1.008686E+4
1.204025E+3	1.008787E+4
1.204091E+3	1.008967E+4
1.204158E+3	1.009122E+4
1.204225E+3	1.009183E+4
1.204293E+3	1.009363E+4
1.204360E+3	1.009495E+4
1.204430E+3	1.009629E+4
1.204499E+3	1.009796E+4
1.204567E+3	1.009877E+4
1.204633E+3	1.010042E+4
1.204698E+3	1.010198E+4
1.204763E+3	1.010293E+4
1.204831E+3	1.010392E+4
1.204898E+3	1.010523E+4
1.204968E+3	1.010693E+4
1.205036E+3	1.010818E+4
1.205101E+3	0.000000E+0
1.205167E+3	1.010981E+4
1.205232E+3	1.011083E+4
1.205299E+3	1.011271E+4
1.205368E+3	1.011375E+4
1.205437E+3	1.011532E+4
1.205506E+3	1.011630E+4
1.205574E+3	1.011692E+4
1.205647E+3	1.011817E+4
1.205712E+3	1.011929E+4
1.205781E+3	1.011976E+4
1.205847E+3	1.012098E+4
1.205913E+3	1.012252E+4
1.205980E+3	1.012338E+4
1.206050E+3	1.012434E+4
1.206117E+3	1.012520E+4
1.206184E+3	1.012590E+4
1.206250E+3	1.012719E+4
1.206319E+3	1.012912E+4
1.206386E+3	1.012970E+4
1.206454E+3	1.013132E+4
1.206521E+3	1.013203E+4
1.206587E+3	1.013296E+4
1.206654E+3	1.013349E+4
1.206718E+3	1.013437E+4
1.206787E+3	1.013468E+4
1.206850E+3	1.013658E+4
1.206918E+3	1.013701E+4
1.206984E+3	1.013866E+4
1.207053E+3	1.014031E+4
1.207122E+3	1.014004E+4
1.207187E+3	1.014101E+4
1.207253E+3	1.014186E+4
1.207322E+3	1.014292E+4
1.207390E+3	1.014422E+4
1.207460E+3	1.014615E+4
1.207530E+3	1.014971E+4
1.207597E+3	1.015145E+4
1.207666E+3	1.015205E+4
1.207733E+3	1.015209E+4
1.207800E+3	1.015379E+4
1.207868E+3	1.015514E+4
1.207932E+3	1.015614E+4
1.208002E+3	1.015731E+4
1.208069E+3	1.015859E+4
1.208140E+3	1.015933E+4
1.208209E+3	1.016038E+4
1.208275E+3	1.016097E+4
1.208342E+3	1.016144E+4
1.208407E+3	1.016395E+4
1.208474E+3	1.016521E+4
1.208541E+3	1.016622E+4
1.208614E+3	1.016702E+4
1.208680E+3	1.016820E+4
1.208746E+3	1.016956E+4
1.208814E+3	1.016969E+4
1.208882E+3	1.017095E+4
1.208948E+3	1.017237E+4
1.209016E+3	1.017394E+4
1.209083E+3	1.017465E+4
1.209149E+3	1.017561E+4
1.209217E+3	1.017637E+4
1.209285E+3	1.017715E+4
1.209355E+3	1.017890E+4
1.209424E+3	1.018020E+4
1.209490E+3	1.018141E+4
1.209556E+3	1.018204E+4
1.209623E+3	1.018323E+4
1.209690E+3	1.018500E+4
1.209756E+3	1.018552E+4
1.209823E+3	1.018773E+4
1.209889E+3	1.018927E+4
1.209954E+3	1.019035E+4
1.210023E+3	1.019214E+4
1.210090E+3	1.019253E+4
1.210156E+3	1.019482E+4
1.210222E+3	1.019598E+4
1.210289E+3	1.019673E+4
1.210358E+3	1.019774E+4
1.210428E+3	1.019980E+4
1.210496E+3	1.020082E+4
1.210564E+3	1.020166E+4
1.210633E+3	1.020261E+4
1.210701E+3	1.020339E+4
1.210769E+3	1.020500E+4
1.210836E+3	1.020603E+4
1.210902E+3	1.020706E+4
1.210971E+3	1.020874E+4
1.211038E+3	1.020943E+4
1.211109E+3	1.021092E+4
1.211175E+3	1.021251E+4
1.211243E+3	1.021476E+4
1.211312E+3	1.021672E+4
1.211380E+3	1.021792E+4
1.211447E+3	1.021931E+4
1.211511E+3	1.022083E+4
1.211578E+3	1.022170E+4
1.211646E+3	1.022215E+4
1.211714E+3	1.022213E+4
1.211784E+3	1.022350E+4
1.211848E+3	1.022502E+4
1.211917E+3	1.022604E+4
1.211986E+3	1.022645E+4
1.212053E+3	1.022861E+4
1.212118E+3	1.023001E+4
1.212185E+3	1.023206E+4
1.212252E+3	1.023261E+4
1.212318E+3	1.023472E+4
1.212386E+3	1.023592E+4
1.212453E+3	1.023757E+4
1.212519E+3	1.023907E+4
1.212586E+3	1.023967E+4
1.212652E+3	1.024137E+4
1.212718E+3	1.024265E+4
1.212784E+3	1.024341E+4
1.212851E+3	1.024450E+4
1.212917E+3	1.024621E+4
1.212983E+3	1.024662E+4
1.213051E+3	1.024819E+4
1.213118E+3	1.025036E+4
1.213185E+3	1.025009E+4
1.213252E+3	1.025211E+4
1.213317E+3	1.025361E+4
1.213385E+3	1.025558E+4
1.213452E+3	1.025820E+4
1.213521E+3	1.025934E+4
1.213589E+3	1.026143E+4
1.213657E+3	1.026216E+4
1.213724E+3	1.026432E+4
1.213793E+3	1.026479E+4
1.213860E+3	1.026536E+4
1.213926E+3	1.026653E+4
1.213994E+3	1.026779E+4
1.214066E+3	1.026871E+4
1.214131E+3	1.027000E+4
1.214200E+3	1.027136E+4
1.214267E+3	1.027297E+4
1.214334E+3	1.027458E+4
1.214400E+3	1.027540E+4
1.214467E+3	1.027696E+4
1.214535E+3	1.027977E+4
1.214605E+3	1.028011E+4
1.214673E+3	1.028115E+4
1.214740E+3	1.028254E+4
1.214809E+3	1.028415E+4
1.214876E+3	1.028538E+4
1.214942E+3	1.028883E+4
1.215009E+3	1.028877E+4
1.215076E+3	1.029055E+4
1.215143E+3	1.029204E+4
1.215210E+3	1.029318E+4
1.215278E+3	1.029473E+4
1.215345E+3	1.029550E+4
1.215413E+3	1.029615E+4
1.215481E+3	1.029770E+4
1.215548E+3	1.029869E+4
1.215612E+3	1.030007E+4
1.215681E+3	1.030079E+4
1.215748E+3	1.030104E+4
1.215817E+3	1.030235E+4
1.215887E+3	1.030302E+4
1.215956E+3	1.030458E+4
1.216025E+3	1.030547E+4
1.216095E+3	1.030739E+4
1.216164E+3	1.030774E+4
1.216230E+3	1.030873E+4
1.216297E+3	1.031093E+4
1.216364E+3	1.031182E+4
1.216428E+3	1.031314E+4
1.216499E+3	1.031406E+4
1.216564E+3	1.031325E+4
1.216637E+3	1.031502E+4
1.216703E+3	1.031661E+4
1.216771E+3	1.031906E+4
1.216838E+3	1.031914E+4
1.216904E+3	1.032042E+4
1.216969E+3	1.032261E+4
1.217035E+3	1.032363E+4
1.217103E+3	1.032538E+4
1.217168E+3	1.032653E+4
1.217238E+3	1.032811E+4
1.217308E+3	1.032854E+4
1.217375E+3	1.032984E+4
1.217441E+3	1.033104E+4
1.217510E+3	1.033183E+4
1.217579E+3	1.033219E+4
1.217646E+3	1.033347E+4
1.217712E+3	1.033543E+4
1.217779E+3	1.033679E+4
1.217844E+3	1.033937E+4
1.217911E+3	1.033979E+4
1.217980E+3	1.034053E+4
1.218044E+3	1.034193E+4
1.218112E+3	1.034269E+4
1.218178E+3	1.034386E+4
1.218246E+3	1.034533E+4
1.218316E+3	1.034607E+4
1.218386E+3	1.034598E+4
1.218453E+3	1.034614E+4
1.218524E+3	1.034948E+4
1.218592E+3	1.034974E+4
1.218658E+3	1.035151E+4
1.218723E+3	1.035067E+4
1.218792E+3	1.035214E+4
1.218859E+3	1.035300E+4
1.218924E+3	1.035396E+4
1.218993E+3	1.035342E+4
1.219060E+3	1.035757E+4
1.219131E+3	1.035894E+4
1.219196E+3	1.036000E+4
1.219259E+3	1.036232E+4
1.219325E+3	1.036391E+4
1.219394E+3	1.036568E+4
1.219462E+3	1.036987E+4
1.219531E+3	1.037268E+4
1.219600E+3	1.037451E+4
1.219672E+3	1.037347E+4
1.219740E+3	1.037460E+4
1.219808E+3	1.037727E+4
1.219875E+3	1.037794E+4
1.219944E+3	1.038005E+4
1.220009E+3	1.038477E+4
1.220078E+3	1.038911E+4
1.220144E+3	1.039091E+4
1.220211E+3	1.038999E+4
1.220284E+3	1.039278E+4
1.220351E+3	1.039527E+4
1.220423E+3	1.039622E+4
1.220492E+3	1.039940E+4
1.220558E+3	1.040025E+4
1.220627E+3	1.040248E+4
1.220697E+3	1.040361E+4
1.220764E+3	1.040521E+4
1.220833E+3	1.040869E+4
1.220903E+3	1.041110E+4
1.220972E+3	1.041315E+4
1.221040E+3	1.041504E+4
1.221111E+3	1.041463E+4
1.221176E+3	1.041640E+4
1.221245E+3	1.041949E+4
1.221310E+3	1.042245E+4
1.221378E+3	1.042349E+4
1.221444E+3	1.042475E+4
1.221510E+3	1.042552E+4
1.221579E+3	1.042788E+4
1.221646E+3	1.042772E+4
1.221715E+3	1.043038E+4
1.221781E+3	1.043776E+4
1.221848E+3	1.043976E+4
1.221915E+3	1.044280E+4
1.221983E+3	1.044319E+4
1.222051E+3	1.044370E+4
1.222116E+3	1.044544E+4
1.222184E+3	1.044643E+4
1.222251E+3	1.044918E+4
1.222319E+3	1.045111E+4
1.222387E+3	1.045340E+4
1.222453E+3	1.045355E+4
1.222518E+3	1.045470E+4
1.222586E+3	1.045628E+4
1.222651E+3	1.045732E+4
1.222718E+3	1.045952E+4
1.222787E+3	1.045984E+4
1.222857E+3	1.046172E+4
1.222927E+3	1.046386E+4
1.222994E+3	1.046477E+4
1.223064E+3	1.046659E+4
1.223131E+3	1.046757E+4
1.223200E+3	1.046973E+4
1.223266E+3	1.047001E+4
1.223331E+3	1.047140E+4
1.223398E+3	1.047202E+4
1.223468E+3	1.047348E+4
1.223534E+3	1.047648E+4
1.223605E+3	1.047937E+4
1.223671E+3	1.048529E+4
1.223739E+3	1.048665E+4
1.223804E+3	1.048782E+4
1.223872E+3	1.048863E+4
1.223941E+3	1.049181E+4
1.224010E+3	1.049109E+4
1.224077E+3	1.049422E+4
1.224146E+3	1.049471E+4
1.224212E+3	1.049719E+4
1.224281E+3	1.049738E+4
1.224347E+3	1.049907E+4
1.224416E+3	1.050137E+4
1.224482E+3	1.050141E+4
1.224549E+3	1.050048E+4
1.224614E+3	1.050302E+4
1.224682E+3	1.050400E+4
1.224749E+3	1.050648E+4
1.224820E+3	1.050910E+4
1.224887E+3	1.051234E+4
1.224957E+3	1.051369E+4
1.225024E+3	1.051444E+4
1.225092E+3	1.051710E+4
1.225160E+3	1.051864E+4
1.225228E+3	1.052015E+4
1.225297E+3	1.051937E+4
1.225366E+3	1.052093E+4
1.225434E+3	1.052205E+4
1.225501E+3	1.052368E+4
1.225570E+3	1.052350E+4
1.225639E+3	1.052605E+4
1.225707E+3	1.052730E+4
1.225774E+3	1.052708E+4
1.225840E+3	1.052644E+4
1.225908E+3	1.052844E+4
1.225973E+3	1.053039E+4
1.226041E+3	1.053168E+4
1.226112E+3	1.053337E+4
1.226178E+3	1.053415E+4
1.226245E+3	1.053648E+4
1.226314E+3	1.053877E+4
1.226382E+3	1.053958E+4
1.226447E+3	1.054128E+4
1.226516E+3	1.054284E+4
1.226585E+3	1.054341E+4
1.226652E+3	1.054446E+4
1.226719E+3	1.054443E+4
1.226790E+3	1.054523E+4
1.226856E+3	1.054795E+4
1.226924E+3	1.054949E+4
1.226989E+3	1.055183E+4
1.227059E+3	1.055237E+4
1.227125E+3	1.055316E+4
1.227192E+3	1.055489E+4
1.227259E+3	1.055596E+4
1.227327E+3	1.055718E+4
1.227395E+3	1.056009E+4
1.227466E+3	1.055993E+4
1.227531E+3	1.056125E+4
1.227599E+3	1.056506E+4
1.227664E+3	1.056640E+4
1.227732E+3	1.056829E+4
1.227800E+3	1.056941E+4
1.227868E+3	1.057229E+4
1.227934E+3	1.057323E+4
1.228000E+3	1.057564E+4
1.228068E+3	1.057573E+4
1.228139E+3	1.057649E+4
1.228207E+3	1.057797E+4
1.228273E+3	1.058236E+4
1.228339E+3	1.058275E+4
1.228406E+3	1.058288E+4
1.228471E+3	1.058606E+4
1.228541E+3	1.058705E+4
1.228608E+3	1.058810E+4
1.228680E+3	1.058884E+4
1.228749E+3	1.059081E+4
1.228818E+3	1.059174E+4
1.228885E+3	1.059579E+4
1.228953E+3	1.059816E+4
1.229020E+3	1.060249E+4
1.229088E+3	1.060169E+4
1.229157E+3	1.060174E+4
1.229226E+3	1.060345E+4
1.229294E+3	1.060306E+4
1.229361E+3	1.060385E+4
1.229432E+3	1.060686E+4
1.229501E+3	1.060742E+4
1.229570E+3	1.060913E+4
1.229637E+3	1.061033E+4
1.229703E+3	1.061102E+4
1.229771E+3	1.061331E+4
1.229838E+3	1.061416E+4
1.229905E+3	1.061672E+4
1.229974E+3	1.061804E+4
1.230040E+3	1.061948E+4
1.230109E+3	1.061926E+4
1.230175E+3	1.062169E+4
1.230242E+3	1.062441E+4
1.230308E+3	1.062552E+4
1.230374E+3	1.062744E+4
1.230442E+3	1.062779E+4
1.230512E+3	1.062983E+4
1.230578E+3	1.063185E+4
1.230646E+3	1.063360E+4
1.230715E+3	1.063356E+4
1.230784E+3	1.063523E+4
1.230852E+3	1.063705E+4
1.230920E+3	1.063769E+4
1.230988E+3	1.063883E+4
1.231057E+3	1.064087E+4
1.231125E+3	1.064248E+4
1.231195E+3	1.064464E+4
1.231259E+3	1.064667E+4
1.231329E+3	1.064798E+4
1.231397E+3	1.064818E+4
1.231465E+3	1.064914E+4
1.231531E+3	1.065206E+4
1.231597E+3	1.065403E+4
1.231662E+3	1.065469E+4
1.231731E+3	1.065637E+4
1.231797E+3	1.065740E+4
1.231865E+3	1.065753E+4
1.231931E+3	1.065766E+4
1.232000E+3	1.066249E+4
1.232066E+3	1.066520E+4
1.232134E+3	1.066636E+4
1.232199E+3	1.066604E+4
1.232265E+3	1.066648E+4
1.232333E+3	1.066877E+4
1.232399E+3	1.067113E+4
1.232468E+3	1.067270E+4
1.232539E+3	1.067326E+4
1.232608E+3	1.067496E+4
1.232677E+3	1.067534E+4
1.232744E+3	1.067768E+4
1.232811E+3	1.067893E+4
1.232881E+3	1.068241E+4
1.232948E+3	1.068488E+4
1.233015E+3	1.068642E+4
1.233084E+3	1.068554E+4
1.233152E+3	1.068789E+4
1.233223E+3	1.068988E+4
1.233293E+3	1.069099E+4
1.233358E+3	1.069362E+4
1.233427E+3	1.069361E+4
1.233493E+3	1.069557E+4
1.233562E+3	1.069683E+4
1.233630E+3	1.069880E+4
1.233698E+3	1.070028E+4
1.233766E+3	1.070085E+4
1.233836E+3	1.070266E+4
1.233903E+3	1.070460E+4
1.233970E+3	1.070712E+4
1.234040E+3	1.070688E+4
1.234106E+3	1.070976E+4
1.234174E+3	1.071100E+4
1.234239E+3	1.071238E+4
1.234307E+3	1.071378E+4
1.234375E+3	1.071163E+4
1.234448E+3	1.071045E+4
1.234513E+3	1.071378E+4
1.234584E+3	1.071489E+4
1.234651E+3	1.071940E+4
1.234719E+3	1.072035E+4
1.234785E+3	1.072263E+4
1.234853E+3	1.072267E+4
1.234918E+3	1.072386E+4
1.234987E+3	1.072756E+4
1.235054E+3	1.072906E+4
1.235123E+3	1.072989E+4
1.235189E+3	1.073013E+4
1.235257E+3	1.073231E+4
1.235323E+3	1.073346E+4
1.235390E+3	1.073576E+4
1.235459E+3	1.073682E+4
1.235527E+3	1.073829E+4
1.235593E+3	1.073852E+4
1.235662E+3	1.073939E+4
1.235729E+3	1.074225E+4
1.235797E+3	1.074750E+4
1.235865E+3	1.074999E+4
1.235935E+3	1.075043E+4
1.236003E+3	1.075264E+4
1.236068E+3	1.075215E+4
1.236133E+3	1.075361E+4
1.236197E+3	1.075581E+4
1.236266E+3	1.075798E+4
1.236337E+3	1.075980E+4
1.236403E+3	1.076328E+4
1.236474E+3	1.076112E+4
1.236539E+3	1.076399E+4
1.236608E+3	1.076267E+4
1.236675E+3	1.076809E+4
1.236741E+3	1.076788E+4
1.236809E+3	1.076977E+4
1.236879E+3	1.077112E+4
1.236947E+3	1.077064E+4
1.237017E+3	1.077068E+4
1.237082E+3	1.077277E+4
1.237151E+3	1.077395E+4
1.237220E+3	1.077810E+4
1.237286E+3	1.077795E+4
1.237351E+3	1.078365E+4
1.237417E+3	1.078400E+4
1.237483E+3	1.078788E+4
1.237552E+3	1.079266E+4
1.237619E+3	1.079311E+4
1.237690E+3	1.079492E+4
1.237759E+3	1.079608E+4
1.237827E+3	1.079565E+4
1.237895E+3	1.079672E+4
1.237963E+3	1.079726E+4
1.238027E+3	1.080145E+4
1.238095E+3	1.080131E+4
1.238161E+3	1.080397E+4
1.238230E+3	1.080533E+4
1.238296E+3	1.080686E+4
1.238362E+3	1.080823E+4
1.238429E+3	1.080736E+4
1.238496E+3	1.081036E+4
1.238560E+3	1.080921E+4
1.238626E+3	1.081261E+4
1.238692E+3	1.081402E+4
1.238758E+3	1.081478E+4
1.238826E+3	1.081671E+4
1.238893E+3	1.081811E+4
1.238963E+3	1.082260E+4
1.239029E+3	1.082363E+4
1.239097E+3	1.082426E+4
1.239162E+3	1.082578E+4
1.239230E+3	1.082674E+4
1.239297E+3	1.083051E+4
1.239363E+3	1.083108E+4
1.239431E+3	1.083191E+4
1.239500E+3	1.083413E+4
1.239566E+3	1.083603E+4
1.239632E+3	1.083801E+4
1.239700E+3	1.083955E+4
1.239769E+3	1.084061E+4
1.239836E+3	1.084213E+4
1.239904E+3	1.084493E+4
1.239972E+3	1.084579E+4
1.240039E+3	1.084765E+4
1.240106E+3	1.084951E+4
1.240173E+3	1.085177E+4
1.240240E+3	1.085517E+4
1.240306E+3	1.085475E+4
1.240375E+3	1.085639E+4
1.240443E+3	1.085980E+4
1.240510E+3	1.086221E+4
1.240576E+3	1.086465E+4
1.240644E+3	1.086652E+4
1.240710E+3	1.086691E+4
1.240778E+3	1.086829E+4
1.240845E+3	1.087083E+4
1.240911E+3	1.086587E+4
1.240977E+3	1.087085E+4
1.241046E+3	1.087509E+4
1.241112E+3	1.087519E+4
1.241181E+3	1.087725E+4
1.241248E+3	1.088003E+4
1.241315E+3	1.088051E+4
1.241383E+3	1.088423E+4
1.241451E+3	1.088385E+4
1.241518E+3	1.088978E+4
1.241584E+3	1.089389E+4
1.241649E+3	1.089705E+4
1.241713E+3	1.089823E+4
1.241780E+3	1.090018E+4
1.241850E+3	1.090231E+4
1.241914E+3	1.090346E+4
1.241979E+3	1.090553E+4
1.242046E+3	1.090798E+4
1.242114E+3	1.091053E+4
1.242182E+3	1.091061E+4
1.242248E+3	1.091325E+4
1.242316E+3	1.091566E+4
1.242383E+3	1.091670E+4
1.242451E+3	1.091883E+4
1.242517E+3	1.091814E+4
1.242585E+3	1.092116E+4
1.242650E+3	1.092271E+4
1.242716E+3	1.092406E+4
1.242781E+3	1.092393E+4
1.242844E+3	1.092201E+4
1.242914E+3	1.092341E+4
1.242980E+3	1.092808E+4
1.243048E+3	1.093074E+4
1.243116E+3	1.093571E+4
1.243185E+3	1.094017E+4
1.243252E+3	1.094240E+4
1.243319E+3	1.094376E+4
1.243384E+3	1.094644E+4
1.243450E+3	1.095593E+4
1.243517E+3	1.096009E+4
1.243585E+3	1.096298E+4
1.243650E+3	1.096425E+4
1.243720E+3	1.096390E+4
1.243789E+3	1.096565E+4
1.243856E+3	1.096746E+4
1.243921E+3	1.096815E+4
1.243988E+3	1.096855E+4
1.244056E+3	1.097226E+4
1.244127E+3	1.097379E+4
1.244197E+3	1.097674E+4
1.244268E+3	1.097865E+4
1.244337E+3	1.098018E+4
1.244406E+3	1.098207E+4
1.244472E+3	1.098404E+4
1.244541E+3	1.098575E+4
1.244609E+3	1.098853E+4
1.244677E+3	1.099071E+4
1.244742E+3	1.099313E+4
1.244810E+3	1.099672E+4
1.244878E+3	1.099982E+4
1.244945E+3	1.100105E+4
1.245013E+3	1.100141E+4
1.245079E+3	1.100262E+4
1.245148E+3	1.100396E+4
1.245217E+3	1.100566E+4
1.245285E+3	1.100801E+4
1.245349E+3	1.100968E+4
1.245419E+3	1.101067E+4
1.245486E+3	1.101056E+4
1.245553E+3	1.101278E+4
1.245623E+3	1.101500E+4
1.245689E+3	1.101651E+4
1.245756E+3	1.101951E+4
1.245823E+3	1.102376E+4
1.245891E+3	1.102385E+4
1.245957E+3	1.102545E+4
1.246023E+3	1.102682E+4
1.246093E+3	1.102878E+4
1.246159E+3	1.103027E+4
1.246229E+3	1.103190E+4
1.246295E+3	1.103351E+4
1.246362E+3	1.103440E+4
1.246427E+3	1.103668E+4
1.246494E+3	1.104026E+4
1.246565E+3	1.104594E+4
1.246632E+3	1.104763E+4
1.246701E+3	1.105172E+4
1.246767E+3	1.105143E+4
1.246837E+3	1.105189E+4
1.246902E+3	1.105494E+4
1.246968E+3	1.105483E+4
1.247036E+3	1.105629E+4
1.247103E+3	1.105933E+4
1.247170E+3	1.106078E+4
1.247239E+3	1.106580E+4
1.247305E+3	1.106847E+4
1.247373E+3	1.106949E+4
1.247440E+3	1.107240E+4
1.247508E+3	1.107441E+4
1.247577E+3	1.107563E+4
1.247645E+3	1.107851E+4
1.247715E+3	0.000000E+0
1.247781E+3	1.108108E+4
1.247848E+3	1.108129E+4
1.247915E+3	1.108472E+4
1.247980E+3	1.108724E+4
1.248050E+3	1.108804E+4
1.248116E+3	1.108959E+4
1.248181E+3	1.109050E+4
1.248248E+3	1.109468E+4
1.248315E+3	1.109623E+4
1.248381E+3	1.109850E+4
1.248450E+3	1.110104E+4
1.248516E+3	1.110218E+4
1.248585E+3	1.110424E+4
1.248654E+3	1.110602E+4
1.248725E+3	1.111018E+4
1.248791E+3	1.111054E+4
1.248858E+3	1.111499E+4
1.248924E+3	1.111658E+4
1.248990E+3	1.111900E+4
1.249056E+3	1.111954E+4
1.249122E+3	1.112098E+4
1.249192E+3	1.112250E+4
1.249264E+3	1.112333E+4
1.249332E+3	1.112733E+4
1.249398E+3	1.113205E+4
1.249466E+3	1.113350E+4
1.249535E+3	1.113403E+4
1.249601E+3	1.113599E+4
1.249668E+3	0.000000E+0
1.249733E+3	1.113849E+4
1.249804E+3	1.113883E+4
1.249869E+3	1.114131E+4
1.249939E+3	1.114390E+4
1.250003E+3	1.114650E+4
1.250068E+3	1.114690E+4
1.250135E+3	1.114793E+4
1.250203E+3	1.114976E+4
1.250270E+3	1.115149E+4
1.250338E+3	1.115243E+4
1.250407E+3	1.115544E+4
1.250475E+3	1.115577E+4
1.250542E+3	1.115649E+4
1.250608E+3	1.115964E+4
1.250677E+3	1.116138E+4
1.250744E+3	1.116419E+4
1.250808E+3	1.116472E+4
1.250874E+3	1.116688E+4
1.250941E+3	1.117180E+4
1.251010E+3	1.117659E+4
1.251078E+3	1.117893E+4
1.251146E+3	1.118167E+4
1.251213E+3	1.118296E+4
1.251279E+3	1.118351E+4
1.251345E+3	1.119036E+4
1.251411E+3	1.119144E+4
1.251480E+3	1.119364E+4
1.251548E+3	1.119453E+4
1.251621E+3	1.119666E+4
1.251685E+3	1.120296E+4
1.251752E+3	1.120579E+4
1.251820E+3	1.120885E+4
1.251890E+3	1.120727E+4
1.251957E+3	1.120937E+4
1.252024E+3	1.121180E+4
1.252088E+3	1.121260E+4
1.252156E+3	1.121393E+4
1.252222E+3	1.121382E+4
1.252294E+3	1.121515E+4
1.252359E+3	1.121710E+4
1.252427E+3	1.122098E+4
1.252492E+3	1.122415E+4
1.252557E+3	1.122527E+4
1.252624E+3	1.122634E+4
1.252693E+3	1.122999E+4
1.252762E+3	1.123242E+4
1.252828E+3	1.123386E+4
1.252899E+3	1.123420E+4
1.252969E+3	1.123639E+4
1.253037E+3	1.124080E+4
1.253103E+3	1.124352E+4
1.253170E+3	1.124877E+4
1.253237E+3	1.124955E+4
1.253305E+3	1.125385E+4
1.253374E+3	1.125712E+4
1.253445E+3	1.126469E+4
1.253511E+3	1.125956E+4
1.253580E+3	1.126294E+4
1.253647E+3	1.126433E+4
1.253713E+3	1.127094E+4
1.253780E+3	1.127045E+4
1.253845E+3	1.127455E+4
1.253915E+3	1.127721E+4
1.253982E+3	1.127974E+4
1.254050E+3	1.127883E+4
1.254114E+3	1.127951E+4
1.254182E+3	1.128143E+4
1.254250E+3	1.128318E+4
1.254318E+3	1.128576E+4
1.254384E+3	1.128937E+4
1.254451E+3	1.129057E+4
1.254517E+3	1.129220E+4
1.254585E+3	1.129519E+4
1.254653E+3	1.129491E+4
1.254723E+3	1.129754E+4
1.254791E+3	1.129963E+4
1.254860E+3	1.130241E+4
1.254928E+3	1.130532E+4
1.254997E+3	1.130615E+4
1.255063E+3	1.130857E+4
1.255130E+3	1.131096E+4
1.255198E+3	1.131191E+4
1.255266E+3	1.131398E+4
1.255330E+3	1.131720E+4
1.255399E+3	1.131642E+4
1.255467E+3	1.131942E+4
1.255534E+3	1.132173E+4
1.255600E+3	1.132502E+4
1.255668E+3	1.132763E+4
1.255737E+3	1.133273E+4
1.255804E+3	1.133671E+4
1.255872E+3	1.134027E+4
1.255942E+3	1.134241E+4
1.256008E+3	1.134643E+4
1.256076E+3	1.134754E+4
1.256146E+3	1.134988E+4
1.256213E+3	1.135144E+4
1.256281E+3	1.135172E+4
1.256347E+3	1.135513E+4
1.256414E+3	1.135716E+4
1.256481E+3	1.135892E+4
1.256552E+3	1.135829E+4
1.256621E+3	1.136067E+4
1.256688E+3	1.136252E+4
1.256752E+3	1.136675E+4
1.256820E+3	1.136886E+4
1.256887E+3	1.136869E+4
1.256955E+3	1.137514E+4
1.257023E+3	1.137702E+4
1.257089E+3	1.137948E+4
1.257157E+3	1.138036E+4
1.257225E+3	1.138359E+4
1.257293E+3	1.138869E+4
1.257362E+3	1.139123E+4
1.257428E+3	1.139387E+4
1.257492E+3	1.139569E+4
1.257558E+3	1.139581E+4
1.257626E+3	1.139425E+4
1.257696E+3	1.139705E+4
1.257759E+3	1.140012E+4
1.257829E+3	1.140191E+4
1.257894E+3	1.140373E+4
1.257962E+3	1.140560E+4
1.258027E+3	1.140693E+4
1.258095E+3	1.140883E+4
1.258162E+3	1.141034E+4
1.258227E+3	1.141275E+4
1.258293E+3	1.141423E+4
1.258365E+3	1.141844E+4
1.258431E+3	1.142044E+4
1.258503E+3	1.142230E+4
1.258574E+3	1.142202E+4
1.258642E+3	1.142692E+4
1.258706E+3	1.142873E+4
1.258774E+3	1.142797E+4
1.258841E+3	1.142872E+4
1.258905E+3	1.142985E+4
1.258972E+3	1.143432E+4
1.259042E+3	1.143643E+4
1.259107E+3	1.143319E+4
1.259177E+3	1.144086E+4
1.259249E+3	1.143689E+4
1.259317E+3	1.144583E+4
1.259387E+3	1.144801E+4
1.259456E+3	1.144899E+4
1.259523E+3	1.145057E+4
1.259590E+3	1.144867E+4
1.259657E+3	1.145060E+4
1.259724E+3	1.145217E+4
1.259792E+3	1.145955E+4
1.259861E+3	1.146190E+4
1.259933E+3	1.146347E+4
1.260000E+3	1.145626E+4
1.260066E+3	1.146480E+4
1.260134E+3	1.146717E+4
1.260203E+3	1.146838E+4
1.260269E+3	1.146914E+4
1.260338E+3	1.147180E+4
1.260407E+3	1.147204E+4
1.260476E+3	1.147449E+4
1.260545E+3	1.147668E+4
1.260611E+3	1.147780E+4
1.260681E+3	1.148203E+4
1.260749E+3	1.148351E+4
1.260815E+3	1.148478E+4
1.260881E+3	1.148625E+4
1.260950E+3	1.148882E+4
1.261019E+3	1.149008E+4
1.261086E+3	1.149139E+4
1.261155E+3	1.149240E+4
1.261220E+3	1.149413E+4
1.261292E+3	1.149834E+4
1.261360E+3	1.149682E+4
1.261426E+3	1.149908E+4
1.261493E+3	1.150285E+4
1.261562E+3	1.150367E+4
1.261631E+3	1.150750E+4
1.261698E+3	1.151047E+4
1.261764E+3	1.151164E+4
1.261831E+3	1.151345E+4
1.261896E+3	1.151425E+4
1.261965E+3	1.151562E+4
1.262031E+3	1.151761E+4
1.262099E+3	1.152006E+4
1.262168E+3	1.152296E+4
1.262234E+3	1.152743E+4
1.262302E+3	1.152857E+4
1.262368E+3	1.152903E+4
1.262434E+3	1.153107E+4
1.262505E+3	1.153398E+4
1.262571E+3	1.153593E+4
1.262639E+3	1.153858E+4
1.262706E+3	1.154160E+4
1.262772E+3	1.154149E+4
1.262839E+3	1.154470E+4
1.262908E+3	1.154693E+4
1.262975E+3	1.154762E+4
1.263042E+3	1.154667E+4
1.263110E+3	1.154785E+4
1.263178E+3	1.154702E+4
1.263246E+3	1.154755E+4
1.263313E+3	1.154995E+4
1.263380E+3	1.155444E+4
1.263448E+3	1.155530E+4
1.263518E+3	1.155889E+4
1.263587E+3	1.156255E+4
1.263654E+3	1.156499E+4
1.263723E+3	1.156812E+4
1.263789E+3	1.156729E+4
1.263856E+3	1.156963E+4
1.263923E+3	1.157196E+4
1.263991E+3	1.157298E+4
1.264060E+3	1.157611E+4
1.264126E+3	1.157879E+4
1.264195E+3	1.158112E+4
1.264263E+3	1.158382E+4
1.264330E+3	1.158447E+4
1.264399E+3	1.158728E+4
1.264470E+3	1.158835E+4
1.264539E+3	1.158941E+4
1.264605E+3	1.159230E+4
1.264671E+3	1.159713E+4
1.264740E+3	1.159809E+4
1.264804E+3	1.160033E+4
1.264872E+3	1.160358E+4
1.264938E+3	1.160667E+4
1.265006E+3	1.160890E+4
1.265073E+3	1.161179E+4
1.265140E+3	1.161589E+4
1.265208E+3	1.161731E+4
1.265274E+3	1.162371E+4
1.265339E+3	1.162453E+4
1.265406E+3	1.162571E+4
1.265476E+3	1.162753E+4
1.265545E+3	1.162952E+4
1.265613E+3	1.163014E+4
1.265681E+3	1.163348E+4
1.265748E+3	1.163753E+4
1.265815E+3	1.163791E+4
1.265880E+3	1.163974E+4
1.265948E+3	1.164111E+4
1.266015E+3	1.164394E+4
1.266084E+3	1.164622E+4
1.266152E+3	1.164860E+4
1.266221E+3	1.165103E+4
1.266286E+3	1.165475E+4
1.266356E+3	1.165613E+4
1.266424E+3	1.165780E+4
1.266492E+3	1.165811E+4
1.266559E+3	1.165936E+4
1.266624E+3	1.166394E+4
1.266693E+3	1.166432E+4
1.266760E+3	1.166629E+4
1.266826E+3	1.166884E+4
1.266898E+3	1.167030E+4
1.266966E+3	1.167255E+4
1.267036E+3	1.167247E+4
1.267104E+3	1.167484E+4
1.267169E+3	1.167475E+4
1.267239E+3	1.167641E+4
1.267306E+3	1.167534E+4
1.267373E+3	1.167528E+4
1.267443E+3	1.167928E+4
1.267513E+3	1.168131E+4
1.267581E+3	1.168153E+4
1.267648E+3	1.168440E+4
1.267715E+3	1.168540E+4
1.267786E+3	1.168865E+4
1.267850E+3	1.169149E+4
1.267918E+3	1.169634E+4
1.267984E+3	1.169644E+4
1.268052E+3	1.170083E+4
1.268119E+3	1.170266E+4
1.268184E+3	1.170506E+4
1.268249E+3	1.170781E+4
1.268315E+3	1.170820E+4
1.268381E+3	1.171030E+4
1.268449E+3	1.171541E+4
1.268518E+3	1.171529E+4
1.268587E+3	1.171472E+4
1.268656E+3	1.171680E+4
1.268724E+3	1.171983E+4
1.268791E+3	1.172125E+4
1.268858E+3	1.172647E+4
1.268930E+3	1.173037E+4
1.268998E+3	1.173181E+4
1.269063E+3	1.173360E+4
1.269131E+3	1.173747E+4
1.269196E+3	1.173753E+4
1.269263E+3	1.174737E+4
1.269332E+3	0.000000E+0
1.269404E+3	1.176271E+4
1.269472E+3	1.176632E+4
1.269540E+3	1.176827E+4
1.269608E+3	1.177065E+4
1.269674E+3	1.177312E+4
1.269742E+3	1.177867E+4
1.269810E+3	1.178010E+4
1.269876E+3	1.178022E+4
1.269942E+3	1.178256E+4
1.270008E+3	1.178448E+4
1.270075E+3	1.178613E+4
1.270144E+3	1.178843E+4
1.270209E+3	1.179260E+4
1.270274E+3	1.179261E+4
1.270344E+3	1.179504E+4
1.270412E+3	1.179649E+4
1.270480E+3	1.180008E+4
1.270548E+3	1.180174E+4
1.270614E+3	1.180311E+4
1.270685E+3	1.180668E+4
1.270753E+3	1.180553E+4
1.270822E+3	1.181005E+4
1.270887E+3	1.181302E+4
1.270952E+3	1.181597E+4
1.271017E+3	1.182156E+4
1.271087E+3	1.182285E+4
1.271154E+3	1.182472E+4
1.271224E+3	1.182557E+4
1.271290E+3	1.183065E+4
1.271360E+3	1.183153E+4
1.271425E+3	1.183502E+4
1.271492E+3	1.183924E+4
1.271560E+3	1.183973E+4
1.271628E+3	1.184144E+4
1.271695E+3	1.184571E+4
1.271764E+3	1.184685E+4
1.271835E+3	1.184833E+4
1.271904E+3	1.185090E+4
1.271975E+3	1.185063E+4
1.272043E+3	1.185176E+4
1.272112E+3	1.185322E+4
1.272181E+3	1.185315E+4
1.272248E+3	1.185884E+4
1.272317E+3	1.185525E+4
1.272386E+3	1.185948E+4
1.272452E+3	1.186084E+4
1.272521E+3	1.186266E+4
1.272588E+3	1.186750E+4
1.272658E+3	1.187264E+4
1.272732E+3	1.187288E+4
1.272799E+3	1.187505E+4
1.272868E+3	1.187765E+4
1.272934E+3	1.187882E+4
1.273000E+3	1.188090E+4
1.273066E+3	1.188299E+4
1.273132E+3	1.188828E+4
1.273200E+3	1.188773E+4
1.273270E+3	1.189416E+4
1.273338E+3	1.189725E+4
1.273413E+3	1.190541E+4
1.273484E+3	1.190856E+4
1.273556E+3	1.190932E+4
1.273626E+3	1.191231E+4
1.273693E+3	1.191254E+4
1.273762E+3	1.191367E+4
1.273829E+3	1.191598E+4
1.273895E+3	1.191719E+4
1.273961E+3	1.192051E+4
1.274030E+3	1.192399E+4
1.274099E+3	1.192579E+4
1.274169E+3	1.192790E+4
1.274240E+3	1.192862E+4
1.274308E+3	1.193101E+4
1.274374E+3	1.193279E+4
1.274443E+3	1.193551E+4
1.274512E+3	1.193602E+4
1.274581E+3	1.193775E+4
1.274649E+3	1.194113E+4
1.274717E+3	1.194180E+4
1.274786E+3	1.194257E+4
1.274859E+3	1.194540E+4
1.274927E+3	1.195057E+4
1.274998E+3	1.195247E+4
1.275068E+3	1.195310E+4
1.275135E+3	1.195476E+4
1.275203E+3	1.195570E+4
1.275271E+3	1.195849E+4
1.275338E+3	1.196057E+4
1.275405E+3	1.196313E+4
1.275475E+3	1.196575E+4
1.275545E+3	1.196897E+4
1.275612E+3	1.197278E+4
1.275680E+3	1.197569E+4
1.275751E+3	1.197922E+4
1.275820E+3	1.198118E+4
1.275886E+3	1.198053E+4
1.275953E+3	1.198243E+4
1.276019E+3	1.198443E+4
1.276084E+3	1.198816E+4
1.276153E+3	1.199019E+4
1.276220E+3	1.199218E+4
1.276288E+3	1.199605E+4
1.276355E+3	1.199710E+4
1.276420E+3	1.199729E+4
1.276488E+3	1.200580E+4
1.276561E+3	1.200729E+4
1.276626E+3	1.200764E+4
1.276694E+3	1.201206E+4
1.276760E+3	1.201465E+4
1.276830E+3	1.201809E+4
1.276896E+3	1.201699E+4
1.276964E+3	1.201697E+4
1.277031E+3	1.202228E+4
1.277095E+3	1.202249E+4
1.277161E+3	1.202694E+4
1.277226E+3	1.202726E+4
1.277297E+3	1.202827E+4
1.277367E+3	1.203329E+4
1.277434E+3	1.203763E+4
1.277503E+3	1.203835E+4
1.277570E+3	1.203766E+4
1.277637E+3	1.204153E+4
1.277702E+3	1.204243E+4
1.277767E+3	1.204800E+4
1.277834E+3	1.204819E+4
1.277901E+3	1.205076E+4
1.277970E+3	1.205744E+4
1.278037E+3	1.205981E+4
1.278105E+3	1.206252E+4
1.278176E+3	1.206256E+4
1.278242E+3	1.206406E+4
1.278307E+3	1.206620E+4
1.278375E+3	1.207268E+4
1.278440E+3	1.207223E+4
1.278507E+3	1.207479E+4
1.278578E+3	1.207792E+4
1.278646E+3	1.208110E+4
1.278711E+3	1.208296E+4
1.278779E+3	1.208557E+4
1.278846E+3	1.208622E+4
1.278913E+3	1.208831E+4
1.278977E+3	1.209093E+4
1.279043E+3	1.209175E+4
1.279108E+3	1.209323E+4
1.279175E+3	1.209664E+4
1.279244E+3	1.210068E+4
1.279310E+3	1.210401E+4
1.279374E+3	1.210681E+4
1.279439E+3	1.210832E+4
1.279506E+3	1.210820E+4
1.279572E+3	1.211139E+4
1.279638E+3	1.211316E+4
1.279708E+3	1.211661E+4
1.279775E+3	1.211780E+4
1.279840E+3	1.211954E+4
1.279904E+3	1.212228E+4
1.279968E+3	1.212978E+4
1.280034E+3	1.213137E+4
1.280100E+3	1.213287E+4
1.280166E+3	1.213484E+4
1.280232E+3	1.213509E+4
1.280302E+3	1.213893E+4
1.280368E+3	1.213870E+4
1.280433E+3	1.214213E+4
1.280501E+3	1.214679E+4
1.280567E+3	1.215034E+4
1.280632E+3	1.215270E+4
1.280701E+3	1.215679E+4
1.280769E+3	1.215801E+4
1.280837E+3	1.216057E+4
1.280906E+3	1.216320E+4
1.280972E+3	0.000000E+0
1.281038E+3	1.216860E+4
1.281105E+3	1.217237E+4
1.281169E+3	1.217836E+4
1.281237E+3	1.218146E+4
1.281301E+3	1.218351E+4
1.281370E+3	1.218312E+4
1.281437E+3	1.218729E+4
1.281505E+3	1.218574E+4
1.281569E+3	1.218849E+4
1.281633E+3	1.219195E+4
1.281698E+3	1.219194E+4
1.281764E+3	1.219584E+4
1.281832E+3	1.219765E+4
1.281900E+3	1.219760E+4
1.281967E+3	1.220056E+4
1.282032E+3	1.220288E+4
1.282097E+3	1.220332E+4
1.282165E+3	1.220374E+4
1.282230E+3	1.220739E+4
1.282296E+3	1.221153E+4
1.282362E+3	1.221499E+4
1.282428E+3	1.221663E+4
1.282494E+3	1.221971E+4
1.282558E+3	1.222541E+4
1.282623E+3	1.222916E+4
1.282690E+3	1.223234E+4
1.282756E+3	1.223149E+4
1.282824E+3	1.224153E+4
1.282893E+3	1.224222E+4
1.282960E+3	1.224803E+4
1.283027E+3	1.224976E+4
1.283092E+3	1.225219E+4
1.283160E+3	1.225493E+4
1.283227E+3	1.225585E+4
1.283289E+3	1.225626E+4
1.283357E+3	1.226173E+4
1.283426E+3	1.226511E+4
1.283493E+3	1.226628E+4
1.283562E+3	1.226730E+4
1.283628E+3	1.226782E+4
1.283692E+3	1.227217E+4
1.283758E+3	1.227706E+4
1.283824E+3	1.228017E+4
1.283888E+3	1.228013E+4
1.283956E+3	1.228092E+4
1.284021E+3	1.228244E+4
1.284090E+3	1.228245E+4
1.284156E+3	1.228618E+4
1.284221E+3	1.228529E+4
1.284288E+3	1.228738E+4
1.284356E+3	1.229047E+4
1.284422E+3	1.229169E+4
1.284491E+3	1.229440E+4
1.284557E+3	1.229956E+4
1.284629E+3	1.230101E+4
1.284696E+3	1.230410E+4
1.284767E+3	1.230588E+4
1.284833E+3	1.231010E+4
1.284898E+3	1.231341E+4
1.284965E+3	1.231360E+4
1.285028E+3	1.231743E+4
1.285096E+3	1.231774E+4
1.285160E+3	1.232491E+4
1.285229E+3	1.232567E+4
1.285294E+3	1.232589E+4
1.285361E+3	1.232793E+4
1.285426E+3	1.233259E+4
1.285489E+3	1.233210E+4
1.285556E+3	1.233605E+4
1.285623E+3	1.233663E+4
1.285691E+3	1.234143E+4
1.285758E+3	1.234551E+4
1.285828E+3	1.234946E+4
1.285892E+3	1.235327E+4
1.285958E+3	1.235398E+4
1.286022E+3	1.235827E+4
1.286089E+3	1.236201E+4
1.286158E+3	1.236111E+4
1.286225E+3	1.236189E+4
1.286293E+3	1.236419E+4
1.286364E+3	1.236510E+4
1.286429E+3	1.236813E+4
1.286494E+3	1.237252E+4
1.286561E+3	1.237435E+4
1.286628E+3	1.238036E+4
1.286695E+3	1.238078E+4
1.286761E+3	1.237968E+4
1.286828E+3	1.238298E+4
1.286897E+3	1.238298E+4
1.286966E+3	1.238927E+4
1.287031E+3	1.238986E+4
1.287096E+3	1.238858E+4
1.287165E+3	1.238852E+4
1.287231E+3	1.239234E+4
1.287296E+3	1.239646E+4
1.287362E+3	1.239647E+4
1.287429E+3	1.239705E+4
1.287493E+3	1.240255E+4
1.287558E+3	1.240200E+4
1.287625E+3	1.240106E+4
1.287689E+3	1.240666E+4
1.287753E+3	1.240871E+4
1.287820E+3	1.241171E+4
1.287890E+3	1.241731E+4
1.287953E+3	1.242029E+4
1.288022E+3	1.242424E+4
1.288089E+3	1.242393E+4
1.288153E+3	1.242543E+4
1.288219E+3	1.242752E+4
1.288285E+3	1.243014E+4
1.288352E+3	1.242818E+4
1.288418E+3	1.243028E+4
1.288485E+3	1.243094E+4
1.288552E+3	1.243724E+4
1.288619E+3	1.244107E+4
1.288683E+3	1.244381E+4
1.288749E+3	1.244411E+4
1.288815E+3	1.245161E+4
1.288881E+3	1.245542E+4
1.288946E+3	1.245648E+4
1.289013E+3	1.246163E+4
1.289078E+3	1.246087E+4
1.289145E+3	1.246772E+4
1.289210E+3	1.246689E+4
1.289275E+3	1.246750E+4
1.289341E+3	1.247245E+4
1.289412E+3	1.247397E+4
1.289477E+3	1.247641E+4
1.289546E+3	0.000000E+0
1.289612E+3	1.248339E+4
1.289678E+3	1.248441E+4
1.289743E+3	1.248917E+4
1.289809E+3	1.249554E+4
1.289874E+3	1.249686E+4
1.289939E+3	1.250030E+4
1.290006E+3	1.250344E+4
1.290072E+3	1.250021E+4
1.290138E+3	1.250479E+4
1.290202E+3	1.250428E+4
1.290267E+3	1.250831E+4
1.290334E+3	1.251344E+4
1.290402E+3	1.251510E+4
1.290470E+3	1.251376E+4
1.290538E+3	1.251577E+4
1.290606E+3	1.252284E+4
1.290672E+3	1.252273E+4
1.290741E+3	1.252683E+4
1.290809E+3	1.252364E+4
1.290873E+3	1.252483E+4
1.290937E+3	1.252759E+4
1.291003E+3	1.253427E+4
1.291074E+3	1.254118E+4
1.291139E+3	1.254566E+4
1.291206E+3	1.254541E+4
1.291271E+3	1.254663E+4
1.291337E+3	1.254961E+4
1.291403E+3	1.255329E+4
1.291467E+3	1.255231E+4
1.291533E+3	1.256584E+4
1.291601E+3	1.256719E+4
1.291667E+3	1.257087E+4
1.291735E+3	1.257128E+4
1.291799E+3	1.257326E+4
1.291865E+3	1.257394E+4
1.291932E+3	1.257953E+4
1.291999E+3	1.257589E+4
1.292066E+3	1.258241E+4
1.292131E+3	1.258650E+4
1.292199E+3	1.259043E+4
1.292265E+3	1.259291E+4
1.292332E+3	1.259370E+4
1.292399E+3	1.259879E+4
1.292466E+3	1.260050E+4
1.292532E+3	1.260153E+4
1.292599E+3	1.260356E+4
1.292663E+3	0.000000E+0
1.292735E+3	1.260975E+4
1.292801E+3	1.261224E+4
1.292869E+3	1.261385E+4
1.292934E+3	1.262453E+4
1.293000E+3	1.263092E+4
1.293067E+3	1.262862E+4
1.293131E+3	1.262916E+4
1.293199E+3	1.263361E+4
1.293264E+3	1.263513E+4
1.293331E+3	1.264029E+4
1.293397E+3	1.264539E+4
1.293463E+3	1.264993E+4
1.293526E+3	1.265118E+4
1.293592E+3	1.265886E+4
1.293657E+3	1.265963E+4
1.293725E+3	1.266228E+4
1.293792E+3	1.266562E+4
1.293859E+3	1.266787E+4
1.293931E+3	1.266968E+4
1.293997E+3	1.267414E+4
1.294062E+3	1.267449E+4
1.294130E+3	1.267794E+4
1.294195E+3	1.267533E+4
1.294260E+3	1.268441E+4
1.294325E+3	1.268531E+4
1.294392E+3	1.269037E+4
1.294457E+3	1.269657E+4
1.294523E+3	1.270039E+4
1.294589E+3	1.270098E+4
1.294654E+3	1.271319E+4
1.294721E+3	1.271765E+4
1.294788E+3	1.271359E+4
1.294854E+3	1.271646E+4
1.294921E+3	1.272061E+4
1.294989E+3	1.272112E+4
1.295056E+3	1.273363E+4
1.295120E+3	1.273527E+4
1.295184E+3	1.274877E+4
1.295252E+3	1.275183E+4
1.295318E+3	1.274933E+4
1.295385E+3	1.275028E+4
1.295453E+3	1.275217E+4
1.295521E+3	1.275581E+4
1.295590E+3	1.275716E+4
1.295655E+3	1.275815E+4
1.295720E+3	1.276150E+4
1.295785E+3	1.276836E+4
1.295851E+3	1.276695E+4
1.295919E+3	1.276787E+4
1.295986E+3	1.277059E+4
1.296055E+3	1.278496E+4
1.296121E+3	1.279040E+4
1.296185E+3	1.279456E+4
1.296249E+3	1.279550E+4
1.296314E+3	1.279668E+4
1.296381E+3	1.279883E+4
1.296445E+3	1.280200E+4
1.296511E+3	1.280468E+4
1.296576E+3	1.280868E+4
1.296638E+3	1.281273E+4
1.296705E+3	1.280901E+4
1.296771E+3	1.281476E+4
1.296838E+3	1.281925E+4
1.296906E+3	1.282852E+4
1.296973E+3	1.283142E+4
1.297039E+3	1.283450E+4
1.297107E+3	0.000000E+0
1.297172E+3	1.283886E+4
1.297240E+3	1.283994E+4
1.297308E+3	1.283914E+4
1.297376E+3	1.284288E+4
1.297439E+3	1.284545E+4
1.297505E+3	1.284638E+4
1.297574E+3	1.284906E+4
1.297640E+3	1.285597E+4
1.297708E+3	1.285900E+4
1.297775E+3	1.285915E+4
1.297842E+3	1.285883E+4
1.297908E+3	1.286253E+4
1.297972E+3	1.286340E+4
1.298038E+3	1.286970E+4
1.298103E+3	1.287179E+4
1.298175E+3	1.287555E+4
1.298242E+3	1.287956E+4
1.298307E+3	1.288509E+4
1.298375E+3	1.288758E+4
1.298439E+3	1.289192E+4
1.298505E+3	1.289203E+4
1.298575E+3	1.289397E+4
1.298642E+3	1.289905E+4
1.298711E+3	1.290462E+4
1.298776E+3	1.290462E+4
1.298846E+3	1.290792E+4
1.298910E+3	1.291238E+4
1.298974E+3	1.291709E+4
1.299038E+3	1.291957E+4
1.299104E+3	1.291978E+4
1.299168E+3	1.292178E+4
1.299236E+3	1.292793E+4
1.299304E+3	1.293214E+4
1.299370E+3	1.293376E+4
1.299437E+3	1.293873E+4
1.299503E+3	1.294042E+4
1.299569E+3	1.294242E+4
1.299634E+3	1.294779E+4
1.299699E+3	1.295211E+4
1.299768E+3	1.295409E+4
1.299835E+3	1.295573E+4
1.299902E+3	1.296008E+4
1.299968E+3	1.296366E+4
1.300034E+3	1.296822E+4
1.300097E+3	1.297039E+4
1.300161E+3	1.297143E+4
1.300230E+3	1.297616E+4
1.300294E+3	1.297638E+4
1.300362E+3	1.297757E+4
1.300427E+3	1.298279E+4
1.300492E+3	1.298475E+4
1.300559E+3	1.298855E+4
1.300623E+3	1.299180E+4
1.300689E+3	1.299362E+4
1.300757E+3	1.299931E+4
1.300822E+3	1.299883E+4
1.300889E+3	1.300200E+4
1.300957E+3	1.300780E+4
1.301020E+3	1.301300E+4
1.301089E+3	1.301047E+4
1.301154E+3	1.301496E+4
1.301221E+3	1.301943E+4
1.301291E+3	1.302170E+4
1.301356E+3	1.302305E+4
1.301427E+3	1.302684E+4
1.301494E+3	1.302993E+4
1.301561E+3	1.303398E+4
1.301627E+3	1.303561E+4
1.301691E+3	1.303701E+4
1.301757E+3	1.303629E+4
1.301823E+3	1.304091E+4
1.301894E+3	1.304146E+4
1.301961E+3	1.304381E+4
1.302028E+3	1.304433E+4
1.302098E+3	1.304962E+4
1.302165E+3	1.305300E+4
1.302231E+3	1.305565E+4
1.302295E+3	1.306046E+4
1.302358E+3	1.306757E+4
1.302427E+3	1.306820E+4
1.302492E+3	1.307586E+4
1.302560E+3	1.307813E+4
1.302627E+3	1.307774E+4
1.302692E+3	1.308658E+4
1.302759E+3	1.308644E+4
1.302823E+3	1.309140E+4
1.302887E+3	1.309554E+4
1.302955E+3	1.310499E+4
1.303022E+3	1.310272E+4
1.303090E+3	1.310622E+4
1.303157E+3	1.310120E+4
1.303224E+3	1.311441E+4
1.303289E+3	1.312127E+4
1.303353E+3	1.312719E+4
1.303420E+3	1.312890E+4
1.303489E+3	1.313668E+4
1.303556E+3	1.313975E+4
1.303625E+3	1.314203E+4
1.303694E+3	1.314915E+4
1.303763E+3	1.315651E+4
1.303826E+3	1.315686E+4
1.303891E+3	1.316037E+4
1.303955E+3	1.316357E+4
1.304023E+3	1.316160E+4
1.304088E+3	1.316964E+4
1.304155E+3	1.317277E+4
1.304224E+3	1.317963E+4
1.304290E+3	1.318995E+4
1.304355E+3	1.319463E+4
1.304421E+3	1.319273E+4
1.304487E+3	1.319793E+4
1.304555E+3	1.320142E+4
1.304623E+3	1.320635E+4
1.304689E+3	1.320883E+4
1.304758E+3	1.321774E+4
1.304828E+3	1.322090E+4
1.304893E+3	1.322476E+4
1.304959E+3	1.322757E+4
1.305024E+3	1.323102E+4
1.305093E+3	1.323823E+4
1.305158E+3	1.324182E+4
1.305226E+3	1.323507E+4
1.305293E+3	1.324137E+4
1.305362E+3	1.324538E+4
1.305425E+3	1.324901E+4
1.305492E+3	1.325382E+4
1.305555E+3	1.325302E+4
1.305620E+3	1.325548E+4
1.305686E+3	1.325913E+4
1.305751E+3	1.326360E+4
1.305818E+3	1.326576E+4
1.305887E+3	1.326819E+4
1.305953E+3	1.327583E+4
1.306020E+3	1.326489E+4
1.306085E+3	1.327532E+4
1.306151E+3	1.329155E+4
1.306218E+3	1.329579E+4
1.306286E+3	1.328991E+4
1.306352E+3	1.329769E+4
1.306423E+3	1.330712E+4
1.306491E+3	1.330516E+4
1.306556E+3	1.331960E+4
1.306621E+3	1.332348E+4
1.306687E+3	1.332918E+4
1.306754E+3	1.333379E+4
1.306819E+3	1.333620E+4
1.306886E+3	1.333963E+4
1.306952E+3	1.334173E+4
1.307020E+3	1.335019E+4
1.307088E+3	1.335849E+4
1.307154E+3	0.000000E+0
1.307219E+3	1.336691E+4
1.307286E+3	1.337182E+4
1.307352E+3	1.337442E+4
1.307421E+3	1.338131E+4
1.307485E+3	1.337351E+4
1.307551E+3	1.338442E+4
1.307620E+3	1.339109E+4
1.307686E+3	1.338714E+4
1.307749E+3	1.339320E+4
1.307814E+3	1.340084E+4
1.307880E+3	1.340788E+4
1.307948E+3	1.341601E+4
1.308013E+3	1.342089E+4
1.308085E+3	1.342217E+4
1.308150E+3	1.342279E+4
1.308216E+3	1.342964E+4
1.308282E+3	1.343179E+4
1.308347E+3	1.343484E+4
1.308414E+3	1.344568E+4
1.308482E+3	1.344997E+4
1.308548E+3	1.344938E+4
1.308612E+3	1.345703E+4
1.308677E+3	1.345752E+4
1.308744E+3	1.345805E+4
1.308811E+3	1.345867E+4
1.308874E+3	1.346243E+4
1.308942E+3	1.345920E+4
1.309008E+3	1.344500E+4
1.309076E+3	1.345975E+4
1.309143E+3	1.346754E+4
1.309206E+3	1.347386E+4
1.309271E+3	1.347858E+4
1.309340E+3	1.348081E+4
1.309405E+3	1.348645E+4
1.309472E+3	1.348790E+4
1.309539E+3	1.349049E+4
1.309605E+3	1.349220E+4
1.309675E+3	1.350039E+4
1.309741E+3	1.351005E+4
1.309809E+3	1.350814E+4
1.309876E+3	1.351502E+4
1.309940E+3	1.351833E+4
1.310009E+3	1.352249E+4
1.310075E+3	0.000000E+0
1.310140E+3	1.353243E+4
1.310210E+3	1.353376E+4
1.310275E+3	1.353864E+4
1.310343E+3	1.353839E+4
1.310407E+3	1.354110E+4
1.310472E+3	1.354432E+4
1.310539E+3	1.354210E+4
1.310603E+3	1.354842E+4
1.310670E+3	1.355307E+4
1.310735E+3	1.355492E+4
1.310801E+3	1.355692E+4
1.310865E+3	1.355697E+4
1.310931E+3	1.355811E+4
1.310998E+3	1.356022E+4
1.311063E+3	1.356902E+4
1.311130E+3	1.357092E+4
1.311196E+3	1.357430E+4
1.311264E+3	1.357816E+4
1.311330E+3	1.357654E+4
1.311395E+3	1.358350E+4
1.311462E+3	1.358673E+4
1.311528E+3	1.359094E+4
1.311592E+3	1.359479E+4
1.311657E+3	1.359903E+4
1.311724E+3	1.359657E+4
1.311790E+3	1.360096E+4
1.311859E+3	1.360378E+4
1.311925E+3	1.360887E+4
1.311992E+3	1.360977E+4
1.312056E+3	1.361407E+4
1.312122E+3	1.361934E+4
1.312189E+3	1.362295E+4
1.312256E+3	1.363113E+4
1.312323E+3	1.363392E+4
1.312387E+3	1.363601E+4
1.312451E+3	1.364058E+4
1.312516E+3	1.364417E+4
1.312584E+3	1.364938E+4
1.312649E+3	1.365200E+4
1.312715E+3	1.365302E+4
1.312783E+3	1.365773E+4
1.312849E+3	1.365674E+4
1.312917E+3	1.365656E+4
1.312983E+3	1.365775E+4
1.313049E+3	1.366634E+4
1.313115E+3	1.367045E+4
1.313180E+3	1.367297E+4
1.313246E+3	1.367438E+4
1.313312E+3	1.368047E+4
1.313381E+3	1.368618E+4
1.313445E+3	1.368766E+4
1.313511E+3	1.368805E+4
1.313577E+3	1.369286E+4
1.313642E+3	1.369180E+4
1.313708E+3	1.369422E+4
1.313776E+3	1.369420E+4
1.313842E+3	1.369856E+4
1.313910E+3	1.369967E+4
1.313980E+3	1.370241E+4
1.314047E+3	1.370862E+4
1.314111E+3	0.000000E+0
1.314177E+3	1.371801E+4
1.314243E+3	1.371842E+4
1.314309E+3	1.372702E+4
1.314373E+3	1.372848E+4
1.314441E+3	1.372878E+4
1.314508E+3	1.373326E+4
1.314572E+3	1.373838E+4
1.314638E+3	1.373868E+4
1.314702E+3	1.373682E+4
1.314771E+3	1.373958E+4
1.314833E+3	1.373976E+4
1.314900E+3	1.374258E+4
1.314968E+3	1.374631E+4
1.315036E+3	1.374637E+4
1.315104E+3	1.374975E+4
1.315170E+3	1.375280E+4
1.315234E+3	1.375838E+4
1.315301E+3	1.375898E+4
1.315368E+3	1.376603E+4
1.315436E+3	1.375956E+4
1.315503E+3	1.376473E+4
1.315571E+3	1.376235E+4
1.315639E+3	1.377090E+4
1.315706E+3	1.377270E+4
1.315772E+3	1.377576E+4
1.315836E+3	1.378006E+4
1.315900E+3	1.378747E+4
1.315966E+3	1.378525E+4
1.316034E+3	1.378607E+4
1.316103E+3	1.379628E+4
1.316172E+3	1.379892E+4
1.316239E+3	1.380007E+4
1.316303E+3	1.380047E+4
1.316372E+3	1.380458E+4
1.316436E+3	1.380311E+4
1.316504E+3	1.381245E+4
1.316573E+3	1.382348E+4
1.316641E+3	1.382666E+4
1.316705E+3	1.382797E+4
1.316772E+3	1.383377E+4
1.316840E+3	1.383792E+4
1.316906E+3	1.383943E+4
1.316972E+3	1.383614E+4
1.317037E+3	1.384082E+4
1.317103E+3	1.384789E+4
1.317171E+3	1.385256E+4
1.317239E+3	1.386125E+4
1.317309E+3	1.386108E+4
1.317374E+3	1.386734E+4
1.317442E+3	1.387538E+4
1.317508E+3	1.387472E+4
1.317576E+3	1.387995E+4
1.317646E+3	1.388697E+4
1.317712E+3	1.389059E+4
1.317778E+3	1.388757E+4
1.317844E+3	1.389822E+4
1.317912E+3	1.390081E+4
1.317981E+3	1.390362E+4
1.318047E+3	1.391159E+4
1.318114E+3	1.391634E+4
1.318181E+3	1.391620E+4
1.318247E+3	1.392538E+4
1.318316E+3	1.392243E+4
1.318380E+3	1.392242E+4
1.318452E+3	1.393217E+4
1.318517E+3	1.393649E+4
1.318583E+3	1.394036E+4
1.318652E+3	1.394249E+4
1.318717E+3	1.394143E+4
1.318787E+3	1.394645E+4
1.318851E+3	1.396040E+4
1.318919E+3	1.396645E+4
1.318989E+3	1.397068E+4
1.319053E+3	1.397504E+4
1.319123E+3	1.398062E+4
1.319189E+3	1.398619E+4
1.319257E+3	1.398641E+4
1.319323E+3	1.399667E+4
1.319387E+3	1.399011E+4
1.319452E+3	1.399444E+4
1.319518E+3	1.400020E+4
1.319589E+3	1.399625E+4
1.319656E+3	1.400394E+4
1.319728E+3	1.400933E+4
1.319792E+3	1.401500E+4
1.319858E+3	1.402027E+4
1.319925E+3	1.402033E+4
1.319991E+3	0.000000E+0
1.320057E+3	1.403320E+4
1.320126E+3	1.404849E+4
1.320191E+3	1.404631E+4
1.320260E+3	1.405418E+4
1.320329E+3	1.406023E+4
1.320397E+3	1.406475E+4
1.320467E+3	1.406758E+4
1.320534E+3	1.407319E+4
1.320600E+3	1.407032E+4
1.320665E+3	1.407961E+4
1.320733E+3	1.408304E+4
1.320798E+3	1.408823E+4
1.320867E+3	1.409794E+4
1.320935E+3	1.409805E+4
1.321004E+3	1.410057E+4
1.321073E+3	1.410492E+4
1.321140E+3	1.410947E+4
1.321207E+3	1.411036E+4
1.321273E+3	1.411790E+4
1.321340E+3	1.412172E+4
1.321410E+3	1.413010E+4
1.321481E+3	1.413671E+4
1.321552E+3	1.413801E+4
1.321621E+3	1.414239E+4
1.321691E+3	1.414800E+4
1.321758E+3	1.415005E+4
1.321826E+3	1.415650E+4
1.321894E+3	1.415700E+4
1.321962E+3	1.415982E+4
1.322028E+3	1.415912E+4
1.322096E+3	1.417411E+4
1.322163E+3	1.418302E+4
1.322231E+3	1.418250E+4
1.322298E+3	1.418754E+4
1.322365E+3	1.418483E+4
1.322432E+3	1.419227E+4
1.322500E+3	1.419777E+4
1.322567E+3	1.420113E+4
1.322636E+3	1.420302E+4
1.322702E+3	1.420826E+4
1.322772E+3	1.421152E+4
1.322838E+3	1.421401E+4
1.322909E+3	1.421537E+4
1.322977E+3	1.421662E+4
1.323046E+3	1.421877E+4
1.323116E+3	1.422725E+4
1.323183E+3	1.422927E+4
1.323249E+3	1.423354E+4
1.323319E+3	1.423659E+4
1.323388E+3	1.424961E+4
1.323459E+3	1.424498E+4
1.323524E+3	1.425061E+4
1.323592E+3	1.425687E+4
1.323660E+3	1.426121E+4
1.323728E+3	1.425988E+4
1.323794E+3	1.426120E+4
1.323862E+3	1.426448E+4
1.323929E+3	1.427202E+4
1.323996E+3	1.427715E+4
1.324064E+3	1.428030E+4
1.324132E+3	1.428193E+4
1.324200E+3	1.428456E+4
1.324267E+3	1.429024E+4
1.324336E+3	1.428838E+4
1.324405E+3	1.428848E+4
1.324472E+3	1.429773E+4
1.324537E+3	1.430826E+4
1.324605E+3	1.431689E+4
1.324671E+3	1.431947E+4
1.324739E+3	1.431317E+4
1.324807E+3	1.431683E+4
1.324875E+3	1.432706E+4
1.324942E+3	1.433047E+4
1.325007E+3	1.433256E+4
1.325075E+3	1.433213E+4
1.325142E+3	1.433899E+4
1.325209E+3	1.434205E+4
1.325277E+3	1.434652E+4
1.325346E+3	1.435225E+4
1.325417E+3	1.435366E+4
1.325487E+3	1.435463E+4
1.325555E+3	1.436648E+4
1.325626E+3	1.436794E+4
1.325693E+3	1.437004E+4
1.325761E+3	1.438911E+4
1.325828E+3	1.439027E+4
1.325895E+3	1.439701E+4
1.325960E+3	1.440377E+4
1.326030E+3	1.440592E+4
1.326096E+3	1.441044E+4
1.326165E+3	1.441395E+4
1.326230E+3	1.441568E+4
1.326297E+3	1.441484E+4
1.326365E+3	1.441908E+4
1.326434E+3	1.442425E+4
1.326501E+3	1.442804E+4
1.326568E+3	1.443856E+4
1.326635E+3	1.444517E+4
1.326704E+3	1.444570E+4
1.326773E+3	1.445474E+4
1.326843E+3	1.446770E+4
1.326908E+3	1.446751E+4
1.326976E+3	1.447075E+4
1.327042E+3	1.448918E+4
1.327107E+3	1.449307E+4
1.327174E+3	1.449451E+4
1.327238E+3	1.450598E+4
1.327306E+3	1.450971E+4
1.327377E+3	0.000000E+0
1.327443E+3	1.452154E+4
1.327506E+3	1.452570E+4
1.327571E+3	1.452669E+4
1.327637E+3	1.453284E+4
1.327704E+3	1.453475E+4
1.327770E+3	1.454472E+4
1.327839E+3	1.455435E+4
1.327906E+3	1.455403E+4
1.327975E+3	1.455877E+4
1.328041E+3	1.456532E+4
1.328110E+3	1.456710E+4
1.328175E+3	1.457277E+4
1.328243E+3	1.457931E+4
1.328309E+3	1.458381E+4
1.328377E+3	1.458483E+4
1.328444E+3	1.460172E+4
1.328510E+3	1.460228E+4
1.328576E+3	1.460574E+4
1.328644E+3	1.460618E+4
1.328712E+3	1.461873E+4
1.328777E+3	1.464237E+4
1.328841E+3	1.465058E+4
1.328908E+3	1.467965E+4
1.328976E+3	1.468436E+4
1.329043E+3	1.469686E+4
1.329109E+3	1.470659E+4
1.329175E+3	1.470689E+4
1.329242E+3	1.471237E+4
1.329307E+3	1.472081E+4
1.329372E+3	1.472304E+4
1.329439E+3	1.472962E+4
1.329505E+3	1.473595E+4
1.329575E+3	1.473445E+4
1.329642E+3	1.473878E+4
1.329712E+3	1.475155E+4
1.329778E+3	1.475936E+4
1.329846E+3	1.475691E+4
1.329910E+3	1.477346E+4
1.329975E+3	1.476339E+4
1.330044E+3	1.477082E+4
1.330112E+3	1.477185E+4
1.330178E+3	1.477409E+4
1.330248E+3	1.480408E+4
1.330315E+3	1.481014E+4
1.330383E+3	1.481420E+4
1.330449E+3	1.483968E+4
1.330518E+3	1.484434E+4
1.330585E+3	1.484768E+4
1.330652E+3	1.485379E+4
1.330720E+3	1.486635E+4
1.330789E+3	1.487570E+4
1.330853E+3	1.487372E+4
1.330923E+3	1.488525E+4
1.330991E+3	1.489932E+4
1.331057E+3	1.490791E+4
1.331124E+3	1.492324E+4
1.331191E+3	1.493037E+4
1.331260E+3	1.496584E+4
1.331328E+3	1.497955E+4
1.331393E+3	1.499430E+4
1.331463E+3	1.500263E+4
1.331528E+3	1.501511E+4
1.331595E+3	1.501310E+4
1.331659E+3	1.504352E+4
1.331724E+3	1.506168E+4
1.331793E+3	1.506715E+4
1.331859E+3	1.506894E+4
1.331928E+3	1.507159E+4
1.331994E+3	1.508211E+4
1.332063E+3	1.508591E+4
1.332130E+3	1.508586E+4
1.332196E+3	1.508988E+4
1.332263E+3	1.509386E+4
1.332329E+3	1.509651E+4
1.332395E+3	1.509754E+4
1.332462E+3	1.512265E+4
1.332530E+3	1.512197E+4
1.332596E+3	1.512521E+4
1.332667E+3	1.512813E+4
1.332735E+3	1.515073E+4
1.332805E+3	1.515156E+4
1.332873E+3	1.515859E+4
1.332939E+3	1.516759E+4
1.333006E+3	1.517671E+4
1.333075E+3	1.518207E+4
1.333141E+3	1.518692E+4
1.333208E+3	1.518596E+4
1.333277E+3	1.520007E+4
1.333344E+3	1.520524E+4
1.333408E+3	1.520478E+4
1.333474E+3	1.521143E+4
1.333540E+3	1.520885E+4
1.333607E+3	1.521311E+4
1.333673E+3	1.521726E+4
1.333742E+3	1.521841E+4
1.333810E+3	1.521877E+4
1.333880E+3	1.523263E+4
1.333952E+3	1.524040E+4
1.334020E+3	1.524196E+4
1.334087E+3	1.524739E+4
1.334153E+3	1.524102E+4
1.334220E+3	1.525919E+4
1.334286E+3	1.527276E+4
1.334358E+3	1.528187E+4
1.334425E+3	1.527809E+4
1.334492E+3	1.526640E+4
1.334561E+3	1.528339E+4
1.334630E+3	1.528499E+4
1.334697E+3	1.530921E+4
1.334768E+3	1.530818E+4
1.334837E+3	1.531655E+4
1.334905E+3	1.532151E+4
1.334974E+3	1.533764E+4
1.335041E+3	1.533563E+4
1.335110E+3	1.532635E+4
1.335176E+3	1.533088E+4
1.335248E+3	1.534270E+4
1.335315E+3	1.535022E+4
1.335379E+3	1.535270E+4
1.335449E+3	1.535105E+4
1.335515E+3	1.534182E+4
1.335584E+3	1.533878E+4
1.335653E+3	1.534861E+4
1.335719E+3	1.535217E+4
1.335789E+3	1.536050E+4
1.335859E+3	1.536297E+4
1.335926E+3	1.536421E+4
1.335996E+3	1.537813E+4
1.336061E+3	1.537212E+4
1.336127E+3	1.537199E+4
1.336193E+3	1.538300E+4
1.336262E+3	1.538956E+4
1.336329E+3	1.538823E+4
1.336399E+3	1.540053E+4
1.336467E+3	1.540106E+4
1.336537E+3	1.541517E+4
1.336600E+3	1.542335E+4
1.336668E+3	1.542496E+4
1.336736E+3	1.542674E+4
1.336803E+3	1.542740E+4
1.336871E+3	1.542722E+4
1.336939E+3	1.543329E+4
1.337005E+3	1.543961E+4
1.337074E+3	1.544631E+4
1.337140E+3	1.546000E+4
1.337208E+3	1.546135E+4
1.337277E+3	1.547088E+4
1.337346E+3	1.547148E+4
1.337413E+3	1.548231E+4
1.337480E+3	1.547934E+4
1.337546E+3	1.547851E+4
1.337612E+3	1.546987E+4
1.337680E+3	1.549427E+4
1.337747E+3	1.551425E+4
1.337815E+3	1.551733E+4
1.337883E+3	1.552203E+4
1.337953E+3	1.552994E+4
1.338020E+3	1.552036E+4
1.338087E+3	1.553061E+4
1.338152E+3	1.552304E+4
1.338221E+3	1.554038E+4
1.338291E+3	1.555413E+4
1.338357E+3	1.555653E+4
1.338423E+3	1.553742E+4
1.338490E+3	1.553259E+4
1.338555E+3	1.553775E+4
1.338621E+3	1.554921E+4
1.338689E+3	1.556838E+4
1.338756E+3	1.556179E+4
1.338824E+3	1.557410E+4
1.338892E+3	1.559146E+4
1.338958E+3	1.558690E+4
1.339027E+3	1.557826E+4
1.339093E+3	1.559391E+4
1.339160E+3	1.559563E+4
1.339227E+3	1.560666E+4
1.339295E+3	1.562260E+4
1.339362E+3	1.562403E+4
1.339432E+3	1.562460E+4
1.339498E+3	1.563181E+4
1.339571E+3	1.563249E+4
1.339638E+3	1.563253E+4
1.339709E+3	1.563821E+4
1.339778E+3	1.565685E+4
1.339845E+3	1.566401E+4
1.339911E+3	1.568216E+4
1.339977E+3	1.569337E+4
1.340043E+3	1.570078E+4
1.340112E+3	1.570915E+4
1.340182E+3	1.571994E+4
1.340245E+3	1.572620E+4
1.340314E+3	1.573096E+4
1.340381E+3	1.573140E+4
1.340447E+3	1.574288E+4
1.340512E+3	1.573284E+4
1.340578E+3	1.573618E+4
1.340645E+3	1.574794E+4
1.340713E+3	1.575084E+4
1.340784E+3	1.574953E+4
1.340847E+3	1.576364E+4
1.340916E+3	1.576824E+4
1.340981E+3	1.578067E+4
1.341050E+3	1.578493E+4
1.341118E+3	1.580668E+4
1.341184E+3	1.579968E+4
1.341252E+3	1.580958E+4
1.341321E+3	1.580104E+4
1.341390E+3	1.581938E+4
1.341457E+3	1.581951E+4
1.341524E+3	1.582426E+4
1.341595E+3	1.583602E+4
1.341661E+3	1.583478E+4
1.341731E+3	1.583810E+4
1.341799E+3	1.584953E+4
1.341866E+3	1.584178E+4
1.341931E+3	1.583968E+4
1.341999E+3	1.585284E+4
1.342066E+3	1.585339E+4
1.342134E+3	1.585835E+4
1.342201E+3	1.586142E+4
1.342269E+3	1.584923E+4
1.342337E+3	1.584940E+4
1.342404E+3	1.586138E+4
1.342472E+3	1.586986E+4
1.342540E+3	1.587696E+4
1.342607E+3	1.587690E+4
1.342675E+3	1.589396E+4
1.342743E+3	1.590800E+4
1.342814E+3	1.591466E+4
1.342884E+3	1.591879E+4
1.342951E+3	1.590086E+4
1.343017E+3	1.591888E+4
1.343082E+3	1.592745E+4
1.343150E+3	1.592718E+4
1.343218E+3	1.594620E+4
1.343287E+3	1.595218E+4
1.343353E+3	1.594840E+4
1.343423E+3	1.596332E+4
1.343491E+3	1.596327E+4
1.343558E+3	1.597273E+4
1.343625E+3	1.597300E+4
1.343692E+3	1.598117E+4
1.343759E+3	1.598645E+4
1.343825E+3	1.599982E+4
1.343894E+3	1.600116E+4
1.343962E+3	1.600484E+4
1.344033E+3	1.601732E+4
1.344103E+3	1.602283E+4
1.344168E+3	1.602655E+4
1.344234E+3	1.603000E+4
1.344302E+3	1.603839E+4
1.344368E+3	1.603664E+4
1.344434E+3	1.604270E+4
1.344501E+3	1.606699E+4
1.344572E+3	1.608106E+4
1.344638E+3	1.608985E+4
1.344707E+3	1.609247E+4
1.344774E+3	1.609235E+4
1.344840E+3	1.610944E+4
1.344906E+3	1.610585E+4
1.344973E+3	1.611240E+4
1.345038E+3	1.612177E+4
1.345108E+3	1.612773E+4
1.345175E+3	1.612651E+4
1.345245E+3	1.613327E+4
1.345311E+3	1.613183E+4
1.345380E+3	1.613978E+4
1.345445E+3	1.615054E+4
1.345514E+3	1.616743E+4
1.345583E+3	1.618497E+4
1.345650E+3	1.619618E+4
1.345715E+3	1.620359E+4
1.345779E+3	1.622358E+4
1.345846E+3	1.622406E+4
1.345915E+3	1.623738E+4
1.345984E+3	1.627870E+4
1.346050E+3	1.628155E+4
1.346119E+3	1.628956E+4
1.346188E+3	1.629821E+4
1.346256E+3	1.629714E+4
1.346322E+3	1.629938E+4
1.346388E+3	1.630713E+4
1.346456E+3	1.630898E+4
1.346522E+3	1.633408E+4
1.346588E+3	1.632307E+4
1.346655E+3	1.634101E+4
1.346722E+3	1.636372E+4
1.346790E+3	1.637029E+4
1.346858E+3	1.636737E+4
1.346927E+3	1.636943E+4
1.346998E+3	1.636901E+4
1.347066E+3	1.639565E+4
1.347136E+3	1.638275E+4
1.347202E+3	1.638643E+4
1.347272E+3	1.639445E+4
1.347338E+3	1.640473E+4
1.347406E+3	1.641277E+4
1.347473E+3	1.642313E+4
1.347540E+3	1.642531E+4
1.347606E+3	1.642212E+4
1.347676E+3	1.643302E+4
1.347744E+3	1.644397E+4
1.347812E+3	1.644216E+4
1.347878E+3	1.644424E+4
1.347945E+3	1.644764E+4
1.348011E+3	1.644865E+4
1.348077E+3	1.644378E+4
1.348143E+3	1.645400E+4
1.348210E+3	1.646463E+4
1.348276E+3	1.646982E+4
1.348343E+3	1.647289E+4
1.348411E+3	1.647950E+4
1.348479E+3	1.649426E+4
1.348544E+3	1.650817E+4
1.348610E+3	1.651125E+4
1.348674E+3	1.651889E+4
1.348742E+3	1.652305E+4
1.348812E+3	1.652498E+4
1.348881E+3	1.653259E+4
1.348950E+3	1.654028E+4
1.349017E+3	1.654496E+4
1.349082E+3	1.655110E+4
1.349150E+3	1.655080E+4
1.349219E+3	1.655794E+4
1.349289E+3	1.655601E+4
1.349359E+3	1.656052E+4
1.349428E+3	1.657557E+4
1.349496E+3	1.657308E+4
1.349566E+3	1.657763E+4
1.349632E+3	1.658698E+4
1.349704E+3	1.660949E+4
1.349768E+3	1.660332E+4
1.349836E+3	1.660446E+4
1.349902E+3	1.662201E+4
1.349969E+3	1.664286E+4
1.350037E+3	1.665095E+4
1.350106E+3	1.665686E+4
1.350176E+3	1.665386E+4
1.350247E+3	1.666317E+4
1.350318E+3	1.667194E+4
1.350385E+3	1.667764E+4
1.350453E+3	1.668239E+4
1.350519E+3	1.669123E+4
1.350586E+3	1.669000E+4
1.350653E+3	1.671239E+4
1.350717E+3	1.670176E+4
1.350786E+3	1.672989E+4
1.350851E+3	1.674015E+4
1.350921E+3	1.676061E+4
1.350987E+3	1.675654E+4
1.351053E+3	1.677461E+4
1.351121E+3	1.678446E+4
1.351188E+3	1.678538E+4
1.351253E+3	1.682163E+4
1.351323E+3	1.683313E+4
1.351388E+3	1.683939E+4
1.351459E+3	1.683819E+4
1.351525E+3	1.685301E+4
1.351594E+3	1.686523E+4
1.351658E+3	1.686836E+4
1.351723E+3	1.687228E+4
1.351788E+3	1.688401E+4
1.351856E+3	1.689106E+4
1.351926E+3	1.689356E+4
1.351992E+3	1.689824E+4
1.352060E+3	1.691815E+4
1.352127E+3	1.692368E+4
1.352193E+3	1.694378E+4
1.352259E+3	1.694381E+4
1.352326E+3	1.695213E+4
1.352392E+3	1.695063E+4
1.352459E+3	1.695559E+4
1.352526E+3	1.697359E+4
1.352592E+3	1.699536E+4
1.352659E+3	1.697445E+4
1.352728E+3	1.698484E+4
1.352794E+3	1.700712E+4
1.352862E+3	1.700637E+4
1.352930E+3	1.700685E+4
1.352996E+3	1.702875E+4
1.353063E+3	1.704635E+4
1.353130E+3	1.705640E+4
1.353198E+3	1.708059E+4
1.353268E+3	1.709441E+4
1.353334E+3	1.710726E+4
1.353400E+3	1.710865E+4
1.353467E+3	1.710161E+4
1.353533E+3	1.712270E+4
1.353598E+3	1.714221E+4
1.353664E+3	1.713934E+4
1.353732E+3	1.714385E+4
1.353798E+3	1.715098E+4
1.353869E+3	1.715238E+4
1.353937E+3	1.715990E+4
1.354005E+3	1.716770E+4
1.354073E+3	1.718114E+4
1.354138E+3	1.717784E+4
1.354205E+3	1.719108E+4
1.354272E+3	1.720085E+4
1.354343E+3	1.721475E+4
1.354413E+3	1.722032E+4
1.354482E+3	1.723484E+4
1.354548E+3	1.723673E+4
1.354619E+3	1.724020E+4
1.354686E+3	1.727135E+4
1.354755E+3	1.727586E+4
1.354822E+3	1.729185E+4
1.354887E+3	1.730215E+4
1.354952E+3	1.730931E+4
1.355022E+3	1.730868E+4
1.355087E+3	1.731461E+4
1.355156E+3	1.731544E+4
1.355222E+3	1.733350E+4
1.355290E+3	1.733824E+4
1.355354E+3	1.735050E+4
1.355420E+3	1.735639E+4
1.355489E+3	1.735055E+4
1.355557E+3	1.735786E+4
1.355624E+3	1.737222E+4
1.355691E+3	1.741191E+4
1.355760E+3	1.743176E+4
1.355826E+3	1.744037E+4
1.355894E+3	1.743676E+4
1.355961E+3	1.744622E+4
1.356028E+3	1.743839E+4
1.356095E+3	1.744990E+4
1.356164E+3	1.746118E+4
1.356235E+3	1.748476E+4
1.356300E+3	1.749429E+4
1.356367E+3	1.749240E+4
1.356433E+3	1.748508E+4
1.356501E+3	1.749864E+4
1.356566E+3	1.750903E+4
1.356631E+3	1.751437E+4
1.356696E+3	1.751225E+4
1.356766E+3	1.752237E+4
1.356835E+3	1.754392E+4
1.356901E+3	1.754688E+4
1.356970E+3	1.753836E+4
1.357036E+3	1.754688E+4
1.357103E+3	1.754593E+4
1.357169E+3	1.754401E+4
1.357234E+3	1.756053E+4
1.357303E+3	1.756084E+4
1.357374E+3	1.757722E+4
1.357441E+3	1.759375E+4
1.357514E+3	1.758107E+4
1.357580E+3	1.759771E+4
1.357648E+3	1.760474E+4
1.357715E+3	1.760830E+4
1.357780E+3	1.760941E+4
1.357846E+3	1.761460E+4
1.357911E+3	1.763296E+4
1.357979E+3	1.763364E+4
1.358046E+3	1.763645E+4
1.358116E+3	1.764546E+4
1.358189E+3	1.764412E+4
1.358256E+3	1.764737E+4
1.358321E+3	1.764251E+4
1.358389E+3	1.765374E+4
1.358455E+3	1.766093E+4
1.358521E+3	1.767270E+4
1.358587E+3	1.768048E+4
1.358653E+3	1.769521E+4
1.358718E+3	1.772727E+4
1.358786E+3	1.773512E+4
1.358851E+3	1.774349E+4
1.358920E+3	1.773965E+4
1.358986E+3	1.775384E+4
1.359054E+3	1.777353E+4
1.359121E+3	1.778931E+4
1.359191E+3	1.783057E+4
1.359258E+3	1.786879E+4
1.359328E+3	1.783894E+4
1.359395E+3	1.784878E+4
1.359461E+3	1.786470E+4
1.359527E+3	1.786890E+4
1.359595E+3	1.788428E+4
1.359662E+3	1.788649E+4
1.359731E+3	0.000000E+0
1.359798E+3	1.789642E+4
1.359864E+3	1.791361E+4
1.359932E+3	1.794941E+4
1.360000E+3	1.791632E+4
1.360065E+3	1.793455E+4
1.360130E+3	1.794101E+4
1.360198E+3	1.797297E+4
1.360265E+3	1.796610E+4
1.360334E+3	1.798721E+4
1.360399E+3	1.800965E+4
1.360471E+3	1.800683E+4
1.360541E+3	1.800759E+4
1.360609E+3	1.803344E+4
1.360679E+3	1.804555E+4
1.360747E+3	1.807362E+4
1.360811E+3	1.807958E+4
1.360879E+3	1.809220E+4
1.360946E+3	1.807929E+4
1.361012E+3	1.809530E+4
1.361078E+3	1.810245E+4
1.361147E+3	1.809721E+4
1.361215E+3	1.811478E+4
1.361283E+3	1.812994E+4
1.361352E+3	1.819032E+4
1.361419E+3	1.822321E+4
1.361486E+3	1.823071E+4
1.361552E+3	1.823712E+4
1.361619E+3	1.823144E+4
1.361688E+3	1.825259E+4
1.361754E+3	1.826664E+4
1.361825E+3	1.828997E+4
1.361893E+3	1.829169E+4
1.361964E+3	1.831324E+4
1.362029E+3	1.831806E+4
1.362097E+3	1.832902E+4
1.362162E+3	1.835106E+4
1.362229E+3	1.834052E+4
1.362296E+3	1.836474E+4
1.362363E+3	1.837015E+4
1.362431E+3	1.835933E+4
1.362499E+3	1.838419E+4
1.362566E+3	1.840619E+4
1.362635E+3	1.841380E+4
1.362700E+3	1.842264E+4
1.362766E+3	1.841314E+4
1.362834E+3	1.842221E+4
1.362898E+3	1.841844E+4
1.362968E+3	1.841636E+4
1.363037E+3	1.846670E+4
1.363107E+3	1.847749E+4
1.363174E+3	1.848394E+4
1.363241E+3	1.848327E+4
1.363306E+3	1.850699E+4
1.363372E+3	1.851958E+4
1.363441E+3	1.853625E+4
1.363514E+3	1.853784E+4
1.363582E+3	1.858568E+4
1.363650E+3	1.857836E+4
1.363718E+3	1.859237E+4
1.363786E+3	1.860849E+4
1.363856E+3	1.862152E+4
1.363927E+3	1.867031E+4
1.363993E+3	1.867965E+4
1.364057E+3	1.872129E+4
1.364125E+3	1.873360E+4
1.364194E+3	1.874232E+4
1.364263E+3	1.872266E+4
1.364329E+3	1.875249E+4
1.364398E+3	1.872242E+4
1.364463E+3	1.884269E+4
1.364537E+3	1.891642E+4
1.364603E+3	1.890309E+4
1.364669E+3	1.891399E+4
1.364738E+3	1.891044E+4
1.364803E+3	1.891798E+4
1.364868E+3	1.889598E+4
1.364934E+3	1.892745E+4
1.365000E+3	1.897408E+4
1.365070E+3	1.898090E+4
1.365137E+3	1.897943E+4
1.365202E+3	1.902133E+4
1.365268E+3	1.904075E+4
1.365333E+3	1.904142E+4
1.365399E+3	1.902096E+4
1.365465E+3	1.903750E+4
1.365532E+3	1.907165E+4
1.365599E+3	1.905114E+4
1.365663E+3	1.905416E+4
1.365729E+3	1.905988E+4
1.365796E+3	1.907684E+4
1.365864E+3	1.909929E+4
1.365929E+3	1.912438E+4
1.365999E+3	1.915925E+4
1.366065E+3	1.916335E+4
1.366134E+3	1.915804E+4
1.366201E+3	1.917513E+4
1.366266E+3	1.917177E+4
1.366333E+3	1.919523E+4
1.366399E+3	1.920367E+4
1.366466E+3	1.921824E+4
1.366531E+3	1.922574E+4
1.366600E+3	1.924017E+4
1.366668E+3	1.923652E+4
1.366738E+3	1.926531E+4
1.366806E+3	1.928300E+4
1.366873E+3	1.929615E+4
1.366939E+3	1.928790E+4
1.367005E+3	1.928486E+4
1.367073E+3	1.927856E+4
1.367140E+3	1.930112E+4
1.367206E+3	1.932577E+4
1.367276E+3	1.931958E+4
1.367343E+3	1.937063E+4
1.367407E+3	1.936241E+4
1.367472E+3	1.938452E+4
1.367538E+3	1.937982E+4
1.367605E+3	1.938681E+4
1.367671E+3	1.939871E+4
1.367740E+3	1.938568E+4
1.367805E+3	1.942648E+4
1.367874E+3	1.946379E+4
1.367943E+3	1.946789E+4
1.368008E+3	1.950050E+4
1.368075E+3	1.953301E+4
1.368138E+3	1.954605E+4
1.368206E+3	1.952101E+4
1.368273E+3	1.952314E+4
1.368340E+3	1.952566E+4
1.368409E+3	1.953319E+4
1.368478E+3	1.954501E+4
1.368545E+3	1.958148E+4
1.368611E+3	1.961160E+4
1.368676E+3	1.962714E+4
1.368740E+3	1.964032E+4
1.368808E+3	1.965293E+4
1.368876E+3	1.966095E+4
1.368943E+3	1.968506E+4
1.369013E+3	1.965154E+4
1.369078E+3	1.968782E+4
1.369144E+3	1.968567E+4
1.369211E+3	1.968917E+4
1.369280E+3	1.970152E+4
1.369346E+3	1.971995E+4
1.369415E+3	1.972224E+4
1.369482E+3	1.973543E+4
1.369550E+3	1.975345E+4
1.369616E+3	1.977385E+4
1.369685E+3	1.977858E+4
1.369754E+3	1.979663E+4
1.369822E+3	1.978127E+4
1.369889E+3	1.984517E+4
1.369955E+3	1.985813E+4
1.370024E+3	1.986252E+4
1.370093E+3	1.989167E+4
1.370160E+3	1.990543E+4
1.370228E+3	1.991634E+4
1.370295E+3	1.989630E+4
1.370361E+3	1.990221E+4
1.370427E+3	1.991773E+4
1.370495E+3	1.994448E+4
1.370562E+3	1.993834E+4
1.370630E+3	1.998203E+4
1.370697E+3	1.999412E+4
1.370763E+3	2.000334E+4
1.370833E+3	2.003092E+4
1.370901E+3	2.003131E+4
1.370969E+3	2.002774E+4
1.371034E+3	2.002665E+4
1.371101E+3	2.005426E+4
1.371166E+3	2.003640E+4
1.371235E+3	2.005983E+4
1.371300E+3	2.004694E+4
1.371374E+3	2.005399E+4
1.371442E+3	2.004222E+4
1.371508E+3	2.003465E+4
1.371574E+3	2.002399E+4
1.371641E+3	2.003554E+4
1.371708E+3	2.009632E+4
1.371774E+3	2.008799E+4
1.371839E+3	2.010922E+4
1.371909E+3	2.010723E+4
1.371975E+3	2.008905E+4
1.372046E+3	2.009389E+4
1.372114E+3	2.012177E+4
1.372181E+3	2.013784E+4
1.372247E+3	2.012541E+4
1.372316E+3	2.014711E+4
1.372385E+3	2.016360E+4
1.372455E+3	2.017076E+4
1.372522E+3	2.018217E+4
1.372593E+3	2.020321E+4
1.372664E+3	2.020941E+4
1.372730E+3	2.020890E+4
1.372797E+3	2.020646E+4
1.372864E+3	2.018096E+4
1.372932E+3	2.020195E+4
1.372998E+3	2.022538E+4
1.373064E+3	2.023633E+4
1.373129E+3	2.024396E+4
1.373196E+3	2.025219E+4
1.373264E+3	2.029844E+4
1.373335E+3	2.035813E+4
1.373404E+3	2.034257E+4
1.373472E+3	2.038645E+4
1.373537E+3	2.039458E+4
1.373606E+3	2.038972E+4
1.373673E+3	2.040876E+4
1.373738E+3	2.042725E+4
1.373805E+3	2.042235E+4
1.373871E+3	2.043909E+4
1.373942E+3	2.045567E+4
1.374008E+3	2.049904E+4
1.374076E+3	2.051831E+4
1.374142E+3	2.050624E+4
1.374208E+3	2.052329E+4
1.374276E+3	2.053744E+4
1.374344E+3	2.053533E+4
1.374412E+3	2.056396E+4
1.374479E+3	2.057257E+4
1.374547E+3	2.057912E+4
1.374616E+3	2.056630E+4
1.374684E+3	2.062371E+4
1.374753E+3	2.062246E+4
1.374817E+3	2.062052E+4
1.374883E+3	2.062927E+4
1.374950E+3	2.065931E+4
1.375018E+3	2.065143E+4
1.375086E+3	2.066670E+4
1.375153E+3	2.067162E+4
1.375221E+3	2.069028E+4
1.375290E+3	2.077477E+4
1.375356E+3	2.070295E+4
1.375422E+3	2.070451E+4
1.375486E+3	2.072089E+4
1.375552E+3	2.074712E+4
1.375618E+3	2.075525E+4
1.375685E+3	2.079651E+4
1.375755E+3	2.078697E+4
1.375823E+3	2.082476E+4
1.375892E+3	2.082147E+4
1.375955E+3	2.083113E+4
1.376021E+3	2.089879E+4
1.376086E+3	2.090863E+4
1.376157E+3	2.098821E+4
1.376221E+3	2.098802E+4
1.376289E+3	2.101642E+4
1.376355E+3	2.109654E+4
1.376424E+3	2.110282E+4
1.376491E+3	2.110580E+4
1.376555E+3	2.110169E+4
1.376618E+3	2.113746E+4
1.376685E+3	2.112291E+4
1.376754E+3	2.118565E+4
1.376825E+3	2.125793E+4
1.376892E+3	2.128055E+4
1.376962E+3	2.132482E+4
1.377027E+3	2.133984E+4
1.377095E+3	2.132804E+4
1.377161E+3	2.134752E+4
1.377227E+3	2.137283E+4
1.377296E+3	2.137448E+4
1.377360E+3	2.145651E+4
1.377428E+3	2.149970E+4
1.377494E+3	2.148798E+4
1.377563E+3	2.149818E+4
1.377629E+3	2.151221E+4
1.377696E+3	2.159481E+4
1.377762E+3	2.160886E+4
1.377828E+3	2.160701E+4
1.377894E+3	2.164296E+4
1.377960E+3	2.163866E+4
1.378031E+3	2.162644E+4
1.378102E+3	2.166456E+4
1.378166E+3	2.171721E+4
1.378232E+3	2.174296E+4
1.378298E+3	2.174692E+4
1.378363E+3	2.174363E+4
1.378432E+3	2.179131E+4
1.378501E+3	2.183956E+4
1.378572E+3	2.181548E+4
1.378639E+3	2.186371E+4
1.378707E+3	2.193202E+4
1.378774E+3	2.199599E+4
1.378841E+3	2.202812E+4
1.378906E+3	2.201801E+4
1.378973E+3	2.206070E+4
1.379037E+3	2.209455E+4
1.379101E+3	2.210314E+4
1.379167E+3	2.212200E+4
1.379233E+3	2.215308E+4
1.379298E+3	2.219407E+4
1.379365E+3	2.226178E+4
1.379434E+3	2.229798E+4
1.379499E+3	2.232093E+4
1.379564E+3	2.232159E+4
1.379632E+3	2.231011E+4
1.379696E+3	2.237604E+4
1.379766E+3	2.237567E+4
1.379833E+3	2.240906E+4
1.379897E+3	2.244191E+4
1.379964E+3	2.247448E+4
1.380030E+3	2.248962E+4
1.380095E+3	2.252907E+4
1.380167E+3	2.253763E+4
1.380232E+3	2.257750E+4
1.380299E+3	2.257043E+4
1.380366E+3	2.260873E+4
1.380432E+3	0.000000E+0
1.380498E+3	2.266483E+4
1.380565E+3	2.265532E+4
1.380631E+3	2.264804E+4
1.380697E+3	2.265423E+4
1.380763E+3	2.271777E+4
1.380832E+3	2.274256E+4
1.380900E+3	2.278011E+4
1.380966E+3	2.277847E+4
1.381033E+3	2.277380E+4
1.381101E+3	2.273133E+4
1.381169E+3	2.274595E+4
1.381236E+3	2.275233E+4
1.381304E+3	2.277709E+4
1.381371E+3	2.279033E+4
1.381439E+3	2.281363E+4
1.381504E+3	2.285985E+4
1.381570E+3	2.284155E+4
1.381637E+3	2.291323E+4
1.381703E+3	2.298739E+4
1.381773E+3	2.300034E+4
1.381839E+3	2.301769E+4
1.381907E+3	2.303751E+4
1.381976E+3	2.306091E+4
1.382045E+3	2.307911E+4
1.382112E+3	2.315177E+4
1.382178E+3	2.317937E+4
1.382244E+3	2.319742E+4
1.382310E+3	2.322198E+4
1.382377E+3	2.324402E+4
1.382446E+3	2.326932E+4
1.382515E+3	2.326092E+4
1.382583E+3	2.323541E+4
1.382648E+3	2.329695E+4
1.382721E+3	2.329590E+4
1.382788E+3	2.338401E+4
1.382853E+3	2.346105E+4
1.382920E+3	2.340662E+4
1.382986E+3	2.352555E+4
1.383054E+3	2.349101E+4
1.383123E+3	2.351231E+4
1.383191E+3	2.350089E+4
1.383258E+3	2.351672E+4
1.383322E+3	2.353357E+4
1.383390E+3	2.352790E+4
1.383456E+3	2.363307E+4
1.383523E+3	2.364218E+4
1.383589E+3	2.369810E+4
1.383656E+3	2.372685E+4
1.383726E+3	2.373381E+4
1.383792E+3	2.376388E+4
1.383863E+3	2.381258E+4
1.383932E+3	2.384764E+4
1.383998E+3	2.384611E+4
1.384066E+3	2.387513E+4
1.384131E+3	2.390423E+4
1.384197E+3	2.392612E+4
1.384264E+3	2.396170E+4
1.384334E+3	2.400950E+4
1.384403E+3	2.404416E+4
1.384472E+3	2.405533E+4
1.384539E+3	2.404568E+4
1.384608E+3	2.403838E+4
1.384675E+3	2.405511E+4
1.384740E+3	2.408586E+4
1.384807E+3	2.412548E+4
1.384874E+3	2.424245E+4
1.384946E+3	2.425782E+4
1.385013E+3	2.428901E+4
1.385080E+3	2.431765E+4
1.385148E+3	2.436280E+4
1.385215E+3	2.431780E+4
1.385283E+3	2.436345E+4
1.385351E+3	2.435551E+4
1.385417E+3	2.442953E+4
1.385484E+3	2.437436E+4
1.385551E+3	2.439235E+4
1.385619E+3	2.440089E+4
1.385687E+3	2.437311E+4
1.385757E+3	2.447153E+4
1.385826E+3	2.450078E+4
1.385895E+3	2.452185E+4
1.385963E+3	2.460990E+4
1.386029E+3	2.461456E+4
1.386096E+3	2.462856E+4
1.386161E+3	2.463536E+4
1.386228E+3	2.461387E+4
1.386294E+3	2.466868E+4
1.386362E+3	2.466306E+4
1.386433E+3	2.468547E+4
1.386499E+3	2.470252E+4
1.386566E+3	2.471599E+4
1.386633E+3	2.469096E+4
1.386698E+3	2.476774E+4
1.386765E+3	2.476353E+4
1.386832E+3	2.501572E+4
1.386902E+3	2.507135E+4
1.386967E+3	2.508290E+4
1.387038E+3	2.505222E+4
1.387106E+3	2.509412E+4
1.387173E+3	2.512264E+4
1.387241E+3	2.515333E+4
1.387309E+3	2.516648E+4
1.387377E+3	2.522211E+4
1.387446E+3	2.519127E+4
1.387513E+3	2.520932E+4
1.387581E+3	2.525919E+4
1.387651E+3	2.536370E+4
1.387719E+3	2.531958E+4
1.387786E+3	2.533705E+4
1.387854E+3	2.531111E+4
1.387920E+3	2.531556E+4
1.387986E+3	2.535015E+4
1.388053E+3	2.539587E+4
1.388121E+3	2.540192E+4
1.388189E+3	2.538973E+4
1.388254E+3	2.540561E+4
1.388322E+3	2.545981E+4
1.388384E+3	2.543791E+4
1.388452E+3	2.547013E+4
1.388520E+3	2.549120E+4
1.388586E+3	2.551820E+4
1.388653E+3	2.552000E+4
1.388722E+3	2.552178E+4
1.388789E+3	2.556063E+4
1.388858E+3	2.557617E+4
1.388927E+3	2.561188E+4
1.388994E+3	2.574424E+4
1.389061E+3	2.578718E+4
1.389128E+3	2.581669E+4
1.389195E+3	2.581980E+4
1.389260E+3	2.579517E+4
1.389332E+3	2.579958E+4
1.389399E+3	2.586064E+4
1.389468E+3	2.587310E+4
1.389534E+3	2.591489E+4
1.389603E+3	2.593069E+4
1.389670E+3	2.591876E+4
1.389737E+3	2.588577E+4
1.389804E+3	2.591239E+4
1.389869E+3	2.596410E+4
1.389938E+3	2.588752E+4
1.390006E+3	2.600476E+4
1.390071E+3	2.604332E+4
1.390140E+3	2.607524E+4
1.390207E+3	2.606840E+4
1.390271E+3	2.600848E+4
1.390337E+3	2.604432E+4
1.390403E+3	2.602032E+4
1.390471E+3	2.607131E+4
1.390538E+3	2.611333E+4
1.390608E+3	2.612928E+4
1.390672E+3	2.609132E+4
1.390742E+3	2.608060E+4
1.390809E+3	2.622234E+4
1.390873E+3	2.622786E+4
1.390940E+3	2.619853E+4
1.391009E+3	2.632176E+4
1.391078E+3	2.634456E+4
1.391147E+3	2.640245E+4
1.391212E+3	2.649250E+4
1.391280E+3	2.656865E+4
1.391345E+3	2.653586E+4
1.391416E+3	2.657671E+4
1.391480E+3	2.662688E+4
1.391543E+3	2.666951E+4
1.391610E+3	2.669518E+4
1.391675E+3	2.675584E+4
1.391741E+3	2.687470E+4
1.391806E+3	2.690972E+4
1.391871E+3	2.701842E+4
1.391939E+3	2.711706E+4
1.392004E+3	2.714344E+4
1.392069E+3	2.712775E+4
1.392136E+3	2.725430E+4
1.392207E+3	2.731131E+4
1.392275E+3	2.736283E+4
1.392345E+3	2.733000E+4
1.392416E+3	2.733031E+4
1.392483E+3	2.737562E+4
1.392551E+3	2.735681E+4
1.392618E+3	2.736957E+4
1.392685E+3	2.732224E+4
1.392752E+3	2.736548E+4
1.392818E+3	2.732409E+4
1.392888E+3	2.745519E+4
1.392957E+3	2.735254E+4
1.393026E+3	2.745040E+4
1.393097E+3	2.750410E+4
1.393168E+3	2.753968E+4
1.393234E+3	2.747940E+4
1.393298E+3	2.749284E+4
1.393365E+3	2.757195E+4
1.393434E+3	2.749456E+4
1.393501E+3	2.758004E+4
1.393568E+3	2.760955E+4
1.393634E+3	2.748477E+4
1.393700E+3	2.743787E+4
1.393769E+3	2.761185E+4
1.393835E+3	2.767436E+4
1.393903E+3	2.770171E+4
1.393970E+3	2.762830E+4
1.394036E+3	2.760627E+4
1.394103E+3	2.762029E+4
1.394172E+3	2.772365E+4
1.394240E+3	2.776644E+4
1.394310E+3	2.769416E+4
1.394378E+3	2.777515E+4
1.394446E+3	2.785066E+4
1.394512E+3	2.777612E+4
1.394580E+3	2.777801E+4
1.394645E+3	2.781677E+4
1.394713E+3	2.799810E+4
1.394778E+3	2.800445E+4
1.394846E+3	2.809888E+4
1.394911E+3	2.810722E+4
1.394979E+3	2.805120E+4
1.395046E+3	2.797707E+4
1.395112E+3	2.809876E+4
1.395180E+3	2.820726E+4
1.395247E+3	2.812851E+4
1.395316E+3	2.815560E+4
1.395386E+3	2.819079E+4
1.395454E+3	2.821157E+4
1.395527E+3	2.823816E+4
1.395594E+3	2.833830E+4
1.395663E+3	2.834224E+4
1.395729E+3	2.841882E+4
1.395796E+3	2.847168E+4
1.395861E+3	2.852931E+4
1.395928E+3	2.848978E+4
1.395993E+3	2.860399E+4
1.396061E+3	2.857914E+4
1.396127E+3	2.853725E+4
1.396193E+3	2.855581E+4
1.396258E+3	2.863222E+4
1.396322E+3	2.852599E+4
1.396388E+3	2.855225E+4
1.396456E+3	2.861426E+4
1.396522E+3	2.863488E+4
1.396591E+3	2.868655E+4
1.396656E+3	2.869510E+4
1.396728E+3	2.870444E+4
1.396798E+3	2.869821E+4
1.396863E+3	2.870832E+4
1.396929E+3	2.882048E+4
1.396996E+3	2.885445E+4
1.397062E+3	2.887637E+4
1.397131E+3	2.892169E+4
1.397196E+3	2.897573E+4
1.397265E+3	2.906314E+4
1.397331E+3	2.907723E+4
1.397398E+3	2.908840E+4
1.397465E+3	2.913311E+4
1.397532E+3	2.916464E+4
1.397600E+3	2.911547E+4
1.397667E+3	2.917992E+4
1.397737E+3	2.917087E+4
1.397807E+3	2.925009E+4
1.397872E+3	2.929838E+4
1.397941E+3	2.929067E+4
1.398008E+3	2.937653E+4
1.398075E+3	2.954418E+4
1.398142E+3	2.941703E+4
1.398206E+3	2.945656E+4
1.398275E+3	2.942343E+4
1.398344E+3	2.948363E+4
1.398415E+3	2.941221E+4
1.398487E+3	2.959110E+4
1.398555E+3	2.962610E+4
1.398627E+3	2.969686E+4
1.398698E+3	2.965258E+4
1.398762E+3	2.975130E+4
1.398830E+3	2.975131E+4
1.398896E+3	2.980030E+4
1.398962E+3	2.987825E+4
1.399029E+3	2.993950E+4
1.399099E+3	2.989585E+4
1.399165E+3	2.989538E+4
1.399235E+3	2.992834E+4
1.399300E+3	2.988502E+4
1.399365E+3	2.995496E+4
1.399431E+3	2.993826E+4
1.399497E+3	0.000000E+0
1.399563E+3	0.000000E+0
1.399630E+3	2.990972E+4
1.399697E+3	2.993889E+4
1.399765E+3	2.997052E+4
1.399834E+3	2.995894E+4
1.399901E+3	2.995595E+4
1.399969E+3	2.992692E+4
1.400037E+3	2.998092E+4
1.400105E+3	2.998187E+4
1.400174E+3	2.991685E+4
1.400242E+3	2.997628E+4
1.400310E+3	3.002806E+4
1.400378E+3	3.014007E+4
1.400448E+3	3.026042E+4
1.400517E+3	3.026016E+4
1.400588E+3	3.034470E+4
1.400655E+3	3.030428E+4
1.400721E+3	3.035052E+4
1.400786E+3	3.039789E+4
1.400854E+3	3.034152E+4
1.400920E+3	3.044370E+4
1.400990E+3	3.046439E+4
1.401057E+3	3.048438E+4
1.401126E+3	3.049331E+4
1.401192E+3	3.042813E+4
1.401259E+3	3.047069E+4
1.401325E+3	3.050258E+4
1.401393E+3	3.051134E+4
1.401463E+3	3.064212E+4
1.401529E+3	3.060704E+4
1.401595E+3	3.065027E+4
1.401661E+3	3.059248E+4
1.401730E+3	3.070816E+4
1.401800E+3	3.073237E+4
1.401865E+3	3.075079E+4
1.401930E+3	3.076254E+4
1.401997E+3	3.083887E+4
1.402062E+3	3.087417E+4
1.402130E+3	3.090141E+4
1.402196E+3	3.087385E+4
1.402267E+3	3.081506E+4
1.402333E+3	3.097096E+4
1.402400E+3	3.092058E+4
1.402464E+3	3.099393E+4
1.402532E+3	3.102478E+4
1.402597E+3	3.109616E+4
1.402664E+3	3.111773E+4
1.402732E+3	3.112733E+4
1.402799E+3	3.110188E+4
1.402868E+3	3.116103E+4
1.402936E+3	3.117985E+4
1.403002E+3	3.118592E+4
1.403073E+3	3.122191E+4
1.403139E+3	3.122107E+4
1.403207E+3	3.125422E+4
1.403275E+3	3.130675E+4
1.403345E+3	3.142365E+4
1.403411E+3	3.143136E+4
1.403480E+3	3.145354E+4
1.403553E+3	3.133967E+4
1.403623E+3	3.135961E+4
1.403689E+3	3.139406E+4
1.403754E+3	3.140390E+4
1.403821E+3	3.135815E+4
1.403889E+3	3.140393E+4
1.403957E+3	3.146695E+4
1.404024E+3	3.145163E+4
1.404095E+3	3.145031E+4
1.404160E+3	3.146590E+4
1.404229E+3	3.164345E+4
1.404296E+3	3.170906E+4
1.404362E+3	3.174915E+4
1.404429E+3	3.182948E+4
1.404499E+3	3.181493E+4
1.404566E+3	3.185825E+4
1.404634E+3	3.181770E+4
1.404701E+3	3.181375E+4
1.404772E+3	3.190503E+4
1.404840E+3	3.180754E+4
1.404906E+3	3.178944E+4
1.404971E+3	3.189135E+4
1.405038E+3	3.174703E+4
1.405102E+3	3.179519E+4
1.405168E+3	3.182839E+4
1.405237E+3	3.191587E+4
1.405307E+3	3.196856E+4
1.405374E+3	3.206098E+4
1.405443E+3	3.212460E+4
1.405511E+3	3.201019E+4
1.405580E+3	3.208681E+4
1.405647E+3	3.210699E+4
1.405713E+3	3.222316E+4
1.405780E+3	3.233146E+4
1.405848E+3	3.238592E+4
1.405917E+3	3.251101E+4
1.405987E+3	3.251531E+4
1.406052E+3	3.256996E+4
1.406121E+3	3.241895E+4
1.406189E+3	3.246189E+4
1.406257E+3	3.247839E+4
1.406324E+3	3.267204E+4
1.406391E+3	3.271520E+4
1.406459E+3	3.263400E+4
1.406528E+3	3.265697E+4
1.406596E+3	3.267545E+4
1.406665E+3	3.259452E+4
1.406735E+3	3.276357E+4
1.406800E+3	3.274486E+4
1.406866E+3	3.280592E+4
1.406932E+3	3.294474E+4
1.406998E+3	3.291428E+4
1.407065E+3	3.302193E+4
1.407131E+3	3.305458E+4
1.407199E+3	3.303983E+4
1.407265E+3	3.312485E+4
1.407332E+3	3.328868E+4
1.407399E+3	3.326487E+4
1.407465E+3	3.337333E+4
1.407529E+3	3.336995E+4
1.407594E+3	3.338588E+4
1.407662E+3	3.344689E+4
1.407728E+3	3.355649E+4
1.407795E+3	3.359002E+4
1.407863E+3	3.358825E+4
1.407932E+3	3.359591E+4
1.407997E+3	3.361472E+4
1.408067E+3	3.367158E+4
1.408132E+3	3.373366E+4
1.408201E+3	3.367602E+4
1.408268E+3	3.384586E+4
1.408335E+3	3.382150E+4
1.408399E+3	3.378726E+4
1.408469E+3	3.371000E+4
1.408534E+3	3.379516E+4
1.408599E+3	3.381495E+4
1.408663E+3	3.386146E+4
1.408728E+3	3.389756E+4
1.408795E+3	3.387513E+4
1.408863E+3	3.391538E+4
1.408929E+3	3.392495E+4
1.408996E+3	3.401380E+4
1.409063E+3	3.402630E+4
1.409129E+3	3.408909E+4
1.409196E+3	3.408503E+4
1.409262E+3	3.412593E+4
1.409328E+3	3.409854E+4
1.409395E+3	3.423627E+4
1.409463E+3	3.418083E+4
1.409533E+3	3.431297E+4
1.409599E+3	3.437949E+4
1.409668E+3	3.438816E+4
1.409736E+3	3.439614E+4
1.409802E+3	3.444970E+4
1.409869E+3	3.446170E+4
1.409937E+3	3.440761E+4
1.410006E+3	3.440171E+4
1.410076E+3	3.443053E+4
1.410144E+3	3.445098E+4
1.410213E+3	3.459720E+4
1.410284E+3	3.461774E+4
1.410350E+3	3.459884E+4
1.410416E+3	3.464507E+4
1.410484E+3	3.461715E+4
1.410550E+3	3.461409E+4
1.410618E+3	3.465210E+4
1.410685E+3	3.472192E+4
1.410753E+3	3.470271E+4
1.410822E+3	3.473616E+4
1.410888E+3	3.479807E+4
1.410957E+3	3.479964E+4
1.411023E+3	3.480838E+4
1.411090E+3	3.495733E+4
1.411156E+3	3.505339E+4
1.411223E+3	3.503794E+4
1.411290E+3	3.529694E+4
1.411361E+3	3.535648E+4
1.411426E+3	3.529766E+4
1.411496E+3	3.544034E+4
1.411562E+3	3.548488E+4
1.411629E+3	3.552417E+4
1.411694E+3	3.558844E+4
1.411759E+3	3.553563E+4
1.411826E+3	3.561646E+4
1.411891E+3	3.565589E+4
1.411955E+3	3.579837E+4
1.412021E+3	3.614072E+4
1.412087E+3	3.611227E+4
1.412152E+3	3.617304E+4
1.412220E+3	3.616416E+4
1.412286E+3	3.615981E+4
1.412351E+3	3.635163E+4
1.412418E+3	0.000000E+0
1.412486E+3	3.662408E+4
1.412552E+3	3.636352E+4
1.412619E+3	3.641326E+4
1.412686E+3	3.655358E+4
1.412752E+3	3.649350E+4
1.412819E+3	3.669470E+4
1.412886E+3	3.675678E+4
1.412952E+3	3.669758E+4
1.413017E+3	3.667341E+4
1.413085E+3	3.675787E+4
1.413149E+3	3.675849E+4
1.413217E+3	3.676962E+4
1.413282E+3	3.694133E+4
1.413347E+3	3.701225E+4
1.413413E+3	3.711635E+4
1.413483E+3	3.734106E+4
1.413553E+3	3.729519E+4
1.413617E+3	3.742530E+4
1.413683E+3	3.767815E+4
1.413747E+3	3.749458E+4
1.413814E+3	3.747577E+4
1.413880E+3	3.762845E+4
1.413945E+3	3.795933E+4
1.414015E+3	3.776003E+4
1.414081E+3	3.776010E+4
1.414148E+3	3.777600E+4
1.414219E+3	3.805208E+4
1.414288E+3	3.830231E+4
1.414353E+3	3.826572E+4
1.414422E+3	3.835293E+4
1.414491E+3	3.832818E+4
1.414559E+3	3.835353E+4
1.414624E+3	3.823650E+4
1.414693E+3	3.852453E+4
1.414758E+3	3.848144E+4
1.414829E+3	3.850413E+4
1.414900E+3	3.862688E+4
1.414964E+3	3.890126E+4
1.415032E+3	3.865103E+4
1.415097E+3	3.873085E+4
1.415166E+3	3.877977E+4
1.415234E+3	3.899107E+4
1.415302E+3	3.914499E+4
1.415368E+3	3.937578E+4
1.415438E+3	3.931933E+4
1.415510E+3	3.940256E+4
1.415578E+3	3.945666E+4
1.415648E+3	3.933140E+4
1.415714E+3	3.973243E+4
1.415781E+3	3.949854E+4
1.415847E+3	3.975878E+4
1.415914E+3	3.995421E+4
1.415980E+3	3.993630E+4
1.416049E+3	4.028913E+4
1.416113E+3	4.029272E+4
1.416183E+3	4.020739E+4
1.416250E+3	3.983675E+4
1.416318E+3	4.019566E+4
1.416384E+3	4.038334E+4
1.416450E+3	4.043137E+4
1.416517E+3	4.051231E+4
1.416584E+3	4.057078E+4
1.416651E+3	4.091263E+4
1.416717E+3	4.048628E+4
1.416787E+3	4.090925E+4
1.416851E+3	4.104277E+4
1.416916E+3	4.100932E+4
1.416984E+3	4.102241E+4
1.417053E+3	4.095216E+4
1.417120E+3	4.104858E+4
1.417187E+3	4.109365E+4
1.417255E+3	4.119743E+4
1.417322E+3	4.160600E+4
1.417388E+3	4.181418E+4
1.417453E+3	4.200944E+4
1.417519E+3	4.237043E+4
1.417588E+3	4.261839E+4
1.417654E+3	4.249467E+4
1.417724E+3	4.346573E+4
1.417793E+3	4.268717E+4
1.417863E+3	4.272031E+4
1.417928E+3	4.294746E+4
1.417996E+3	4.315879E+4
1.418066E+3	4.342168E+4
1.418132E+3	4.304487E+4
1.418200E+3	4.357571E+4
1.418266E+3	4.358843E+4
1.418334E+3	4.384151E+4
1.418402E+3	4.354749E+4
1.418469E+3	4.414887E+4
1.418538E+3	4.444689E+4
1.418606E+3	4.447858E+4
1.418674E+3	4.446504E+4
1.418743E+3	4.461823E+4
1.418812E+3	4.468444E+4
1.418878E+3	4.465900E+4
1.418944E+3	4.462168E+4
1.419011E+3	4.482582E+4
1.419078E+3	4.509570E+4
1.419144E+3	4.521428E+4
1.419214E+3	4.520571E+4
1.419285E+3	4.533645E+4
1.419349E+3	4.520087E+4
1.419416E+3	4.530803E+4
1.419484E+3	4.548306E+4
1.419550E+3	4.540917E+4
1.419615E+3	4.553245E+4
1.419680E+3	4.583284E+4
1.419747E+3	4.588286E+4
1.419814E+3	4.559082E+4
1.419886E+3	4.579156E+4
1.419953E+3	4.597710E+4
1.420019E+3	4.598541E+4
1.420085E+3	4.609738E+4
1.420152E+3	4.608177E+4
1.420220E+3	4.612265E+4
1.420289E+3	4.629033E+4
1.420353E+3	4.631397E+4
1.420421E+3	4.634381E+4
1.420489E+3	4.653806E+4
1.420556E+3	4.658187E+4
1.420623E+3	4.656166E+4
1.420689E+3	4.679463E+4
1.420755E+3	4.690684E+4
1.420824E+3	4.706384E+4
1.420893E+3	4.717317E+4
1.420964E+3	4.715125E+4
1.421030E+3	4.721547E+4
1.421100E+3	4.727303E+4
1.421167E+3	4.722569E+4
1.421233E+3	4.721249E+4
1.421301E+3	4.781288E+4
1.421367E+3	4.767150E+4
1.421432E+3	4.761217E+4
1.421499E+3	4.749598E+4
1.421569E+3	0.000000E+0
1.421636E+3	4.755731E+4
1.421703E+3	4.734902E+4
1.421768E+3	4.731650E+4
1.421835E+3	4.737458E+4
1.421900E+3	4.791060E+4
1.421968E+3	4.795979E+4
1.422033E+3	4.781394E+4
1.422100E+3	4.824379E+4
1.422169E+3	4.841676E+4
1.422241E+3	4.843802E+4
1.422309E+3	4.831329E+4
1.422375E+3	4.857620E+4
1.422441E+3	4.846176E+4
1.422508E+3	4.855491E+4
1.422571E+3	4.857942E+4
1.422638E+3	4.857851E+4
1.422704E+3	4.830914E+4
1.422770E+3	4.831908E+4
1.422839E+3	4.863481E+4
1.422904E+3	4.851487E+4
1.422970E+3	4.861551E+4
1.423037E+3	4.858186E+4
1.423103E+3	4.857149E+4
1.423169E+3	4.903794E+4
1.423236E+3	4.907457E+4
1.423304E+3	0.000000E+0
1.423374E+3	4.927117E+4
1.423441E+3	4.930928E+4
1.423509E+3	4.894098E+4
1.423576E+3	4.922889E+4
1.423642E+3	4.897360E+4
1.423708E+3	4.932500E+4
1.423774E+3	4.935448E+4
1.423842E+3	4.947299E+4
1.423909E+3	4.974949E+4
1.423978E+3	4.969231E+4
1.424044E+3	4.984580E+4
1.424112E+3	5.015633E+4
1.424179E+3	4.993524E+4
1.424248E+3	5.010552E+4
1.424316E+3	5.015147E+4
1.424381E+3	5.030298E+4
1.424448E+3	5.070433E+4
1.424520E+3	5.044072E+4
1.424587E+3	5.073258E+4
1.424658E+3	5.115756E+4
1.424728E+3	5.130890E+4
1.424794E+3	5.134091E+4
1.424859E+3	5.133483E+4
1.424928E+3	5.133726E+4
1.424993E+3	5.133480E+4
1.425062E+3	5.118801E+4
1.425133E+3	5.178380E+4
1.425200E+3	5.187584E+4
1.425269E+3	5.185495E+4
1.425336E+3	5.188716E+4
1.425404E+3	5.192204E+4
1.425472E+3	5.198299E+4
1.425541E+3	5.204193E+4
1.425608E+3	5.200510E+4
1.425676E+3	5.192367E+4
1.425742E+3	5.192166E+4
1.425809E+3	5.195021E+4
1.425875E+3	5.173975E+4
1.425942E+3	5.167486E+4
1.426009E+3	5.210087E+4
1.426073E+3	5.178311E+4
1.426140E+3	5.198695E+4
1.426207E+3	5.182361E+4
1.426275E+3	5.177010E+4
1.426342E+3	5.173595E+4
1.426408E+3	5.189715E+4
1.426474E+3	5.210929E+4
1.426543E+3	5.223623E+4
1.426609E+3	5.220324E+4
1.426676E+3	5.216383E+4
1.426743E+3	5.211102E+4
1.426808E+3	5.218985E+4
1.426876E+3	5.201974E+4
1.426947E+3	5.215456E+4
1.427011E+3	5.244042E+4
1.427080E+3	5.265882E+4
1.427146E+3	5.305272E+4
1.427212E+3	5.318536E+4
1.427276E+3	5.356008E+4
1.427344E+3	5.342044E+4
1.427411E+3	5.374866E+4
1.427480E+3	5.384074E+4
1.427549E+3	5.384864E+4
1.427616E+3	5.374715E+4
1.427686E+3	5.374331E+4
1.427752E+3	5.388417E+4
1.427818E+3	5.404645E+4
1.427886E+3	5.441842E+4
1.427952E+3	5.468024E+4
1.428019E+3	5.454050E+4
1.428088E+3	5.444025E+4
1.428152E+3	5.431613E+4
1.428220E+3	5.473143E+4
1.428287E+3	5.467744E+4
1.428353E+3	5.498505E+4
1.428419E+3	5.484379E+4
1.428485E+3	5.477942E+4
1.428553E+3	5.488293E+4
1.428617E+3	5.500183E+4
1.428688E+3	5.495118E+4
1.428754E+3	5.504703E+4
1.428824E+3	5.531242E+4
1.428891E+3	5.497895E+4
1.428957E+3	5.589067E+4
1.429023E+3	5.580193E+4
1.429090E+3	5.604780E+4
1.429157E+3	5.611474E+4
1.429225E+3	5.605922E+4
1.429290E+3	5.635535E+4
1.429359E+3	5.604948E+4
1.429423E+3	5.621713E+4
1.429490E+3	5.632630E+4
1.429555E+3	5.648221E+4
1.429622E+3	5.643651E+4
1.429690E+3	5.632535E+4
1.429757E+3	5.637259E+4
1.429822E+3	5.658311E+4
1.429891E+3	5.685750E+4
1.429958E+3	5.675225E+4
1.430021E+3	5.673158E+4
1.430089E+3	5.670562E+4
1.430155E+3	5.699379E+4
1.430222E+3	5.678039E+4
1.430291E+3	5.686531E+4
1.430358E+3	5.702241E+4
1.430426E+3	5.708026E+4
1.430494E+3	5.724714E+4
1.430564E+3	5.734646E+4
1.430633E+3	5.728888E+4
1.430697E+3	5.737083E+4
1.430762E+3	5.726314E+4
1.430831E+3	5.739368E+4
1.430898E+3	5.751023E+4
1.430967E+3	5.734682E+4
1.431033E+3	5.731259E+4
1.431102E+3	5.767631E+4
1.431170E+3	5.774179E+4
1.431237E+3	5.755135E+4
1.431303E+3	5.754509E+4
1.431368E+3	5.764058E+4
1.431435E+3	5.767458E+4
1.431502E+3	5.743532E+4
1.431567E+3	5.741707E+4
1.431631E+3	5.764197E+4
1.431700E+3	5.767480E+4
1.431769E+3	5.785827E+4
1.431836E+3	5.788943E+4
1.431903E+3	5.810371E+4
1.431968E+3	5.818855E+4
1.432033E+3	5.783870E+4
1.432099E+3	5.813556E+4
1.432165E+3	5.846463E+4
1.432234E+3	5.842348E+4
1.432300E+3	5.862681E+4
1.432366E+3	5.870800E+4
1.432430E+3	5.885295E+4
1.432494E+3	5.958164E+4
1.432561E+3	6.084472E+4
1.432627E+3	6.126670E+4
1.432697E+3	6.116348E+4
1.432764E+3	6.098673E+4
1.432832E+3	6.105840E+4
1.432900E+3	6.149616E+4
1.432967E+3	6.155682E+4
1.433034E+3	6.319513E+4
1.433101E+3	6.302516E+4
1.433166E+3	6.376829E+4
1.433233E+3	6.401304E+4
1.433300E+3	6.433234E+4
1.433371E+3	6.403689E+4
1.433436E+3	6.423125E+4
1.433504E+3	6.449776E+4
1.433570E+3	6.440607E+4
1.433637E+3	6.434556E+4
1.433706E+3	6.461413E+4
1.433773E+3	6.487941E+4
1.433842E+3	6.463054E+4
1.433911E+3	6.463813E+4
1.433977E+3	6.482777E+4
1.434047E+3	6.464351E+4
1.434114E+3	6.482368E+4
1.434179E+3	6.520576E+4
1.434245E+3	6.519549E+4
1.434313E+3	6.543060E+4
1.434381E+3	6.552245E+4
1.434450E+3	6.553786E+4
1.434517E+3	6.544841E+4
1.434587E+3	6.569488E+4
1.434655E+3	6.551680E+4
1.434722E+3	6.562918E+4
1.434788E+3	6.556691E+4
1.434854E+3	6.577220E+4
1.434922E+3	6.594899E+4
1.434989E+3	6.602860E+4
1.435055E+3	6.643921E+4
1.435125E+3	6.596830E+4
1.435192E+3	6.564246E+4
1.435260E+3	6.635728E+4
1.435325E+3	6.695970E+4
1.435390E+3	6.666378E+4
1.435456E+3	6.641951E+4
1.435522E+3	6.673111E+4
1.435589E+3	6.603692E+4
1.435658E+3	6.656413E+4
1.435723E+3	6.603131E+4
1.435792E+3	6.656040E+4
1.435861E+3	6.687336E+4
1.435929E+3	6.672932E+4
1.435995E+3	6.665502E+4
1.436062E+3	6.694487E+4
1.436129E+3	6.689567E+4
1.436195E+3	6.670367E+4
1.436265E+3	6.713570E+4
1.436334E+3	6.780090E+4
1.436402E+3	6.780818E+4
1.436467E+3	6.767413E+4
1.436538E+3	6.760444E+4
1.436607E+3	6.752802E+4
1.436671E+3	6.721252E+4
1.436735E+3	6.725716E+4
1.436802E+3	6.773807E+4
1.436870E+3	6.694947E+4
1.436937E+3	6.711453E+4
1.437002E+3	6.718551E+4
1.437066E+3	6.659047E+4
1.437133E+3	6.645301E+4
1.437202E+3	6.710443E+4
1.437270E+3	6.717574E+4
1.437336E+3	6.758963E+4
1.437403E+3	6.758258E+4
1.437469E+3	6.716028E+4
1.437539E+3	6.689101E+4
1.437607E+3	6.757101E+4
1.437679E+3	6.760982E+4
1.437746E+3	6.766893E+4
1.437811E+3	6.808027E+4
1.437879E+3	6.745518E+4
1.437946E+3	6.760718E+4
1.438010E+3	6.777780E+4
1.438076E+3	6.744420E+4
1.438143E+3	6.759933E+4
1.438214E+3	6.791545E+4
1.438279E+3	6.832538E+4
1.438349E+3	6.804381E+4
1.438417E+3	6.808987E+4
1.438482E+3	6.843834E+4
1.438548E+3	6.904525E+4
1.438616E+3	6.930393E+4
1.438687E+3	6.869343E+4
1.438752E+3	6.907609E+4
1.438821E+3	6.948791E+4
1.438891E+3	0.000000E+0
1.438956E+3	7.085910E+4
1.439021E+3	7.092250E+4
1.439088E+3	7.163772E+4
1.439156E+3	7.146969E+4
1.439226E+3	7.107607E+4
1.439297E+3	7.098861E+4
1.439360E+3	7.150894E+4
1.439432E+3	7.161702E+4
1.439500E+3	7.169095E+4
1.439568E+3	7.119144E+4
1.439636E+3	7.156944E+4
1.439707E+3	7.190494E+4
1.439773E+3	7.426041E+4
1.439838E+3	7.494315E+4
1.439908E+3	7.498715E+4
1.439977E+3	7.649742E+4
1.440043E+3	7.709822E+4
1.440114E+3	7.752542E+4
1.440184E+3	7.758709E+4
1.440251E+3	7.731422E+4
1.440318E+3	7.748494E+4
1.440386E+3	7.747812E+4
1.440454E+3	7.776300E+4
1.440518E+3	7.736025E+4
1.440586E+3	7.777966E+4
1.440653E+3	7.779750E+4
1.440718E+3	7.802429E+4
1.440789E+3	7.792381E+4
1.440854E+3	7.758067E+4
1.440919E+3	7.754673E+4
1.440984E+3	7.817474E+4
1.441052E+3	7.886090E+4
1.441119E+3	7.853479E+4
1.441188E+3	7.829456E+4
1.441255E+3	7.864672E+4
1.441325E+3	7.861759E+4
1.441390E+3	7.938914E+4
1.441455E+3	8.019644E+4
1.441520E+3	8.086249E+4
1.441587E+3	8.404364E+4
1.441653E+3	8.511310E+4
1.441720E+3	8.551512E+4
1.441791E+3	8.518485E+4
1.441858E+3	8.586150E+4
1.441926E+3	8.639221E+4
1.441993E+3	8.813099E+4
1.442059E+3	8.869528E+4
1.442126E+3	8.941809E+4
1.442192E+3	8.960034E+4
1.442258E+3	8.918007E+4
1.442324E+3	8.903010E+4
1.442395E+3	8.950752E+4
1.442461E+3	8.948943E+4
1.442530E+3	8.982666E+4
1.442600E+3	8.982853E+4
1.442665E+3	9.024375E+4
1.442731E+3	9.002691E+4
1.442798E+3	9.017346E+4
1.442864E+3	9.023303E+4
1.442933E+3	8.990658E+4
1.443000E+3	9.149903E+4
1.443069E+3	9.085528E+4
1.443136E+3	9.129349E+4
1.443201E+3	9.129811E+4
1.443268E+3	9.094797E+4
1.443334E+3	9.162641E+4
1.443402E+3	9.239528E+4
1.443470E+3	9.233829E+4
1.443536E+3	9.318458E+4
1.443604E+3	9.303036E+4
1.443671E+3	9.354053E+4
1.443739E+3	9.340033E+4
1.443806E+3	9.314930E+4
1.443873E+3	9.333594E+4
1.443939E+3	9.342222E+4
1.444004E+3	9.446848E+4
1.444071E+3	9.492101E+4
1.444141E+3	9.415337E+4
1.444206E+3	9.870968E+4
1.444276E+3	9.947452E+4
1.444341E+3	1.001510E+5
1.444407E+3	1.002594E+5
1.444472E+3	1.003861E+5
1.444536E+3	1.010746E+5
1.444601E+3	1.016025E+5
1.444669E+3	1.011560E+5
1.444734E+3	1.015459E+5
1.444803E+3	1.014908E+5
1.444871E+3	1.015094E+5
1.444936E+3	1.015612E+5
1.445004E+3	1.018593E+5
1.445069E+3	1.030617E+5
1.445137E+3	1.029404E+5
1.445206E+3	1.025245E+5
1.445275E+3	1.024335E+5
1.445340E+3	1.024528E+5
1.445410E+3	1.032846E+5
1.445476E+3	1.025248E+5
1.445542E+3	1.029978E+5
1.445609E+3	1.040138E+5
1.445675E+3	1.043462E+5
1.445741E+3	1.047729E+5
1.445806E+3	1.030512E+5
1.445875E+3	1.035281E+5
1.445939E+3	0.000000E+0
1.446008E+3	1.033732E+5
1.446074E+3	1.030234E+5
1.446142E+3	1.029197E+5
1.446208E+3	1.034556E+5
1.446274E+3	1.037508E+5
1.446343E+3	1.042628E+5
1.446409E+3	1.032362E+5
1.446480E+3	1.036483E+5
1.446546E+3	1.044882E+5
1.446615E+3	1.044708E+5
1.446682E+3	1.038143E+5
1.446746E+3	1.033613E+5
1.446812E+3	1.034862E+5
1.446878E+3	1.030911E+5
1.446945E+3	1.030412E+5
1.447013E+3	1.033449E+5
1.447079E+3	1.035994E+5
1.447149E+3	1.036550E+5
1.447215E+3	1.036608E+5
1.447279E+3	1.034323E+5
1.447345E+3	1.038117E+5
1.447410E+3	1.043606E+5
1.447476E+3	1.052161E+5
1.447543E+3	1.061276E+5
1.447615E+3	1.053327E+5
1.447681E+3	1.058186E+5
1.447749E+3	1.064985E+5
1.447817E+3	1.067352E+5
1.447881E+3	1.077931E+5
1.447946E+3	1.077126E+5
1.448010E+3	1.080517E+5
1.448077E+3	1.089094E+5
1.448142E+3	1.089393E+5
1.448211E+3	1.089272E+5
1.448277E+3	1.076607E+5
1.448344E+3	1.083447E+5
1.448408E+3	1.084112E+5
1.448472E+3	1.081665E+5
1.448537E+3	1.078854E+5
1.448607E+3	1.085738E+5
1.448675E+3	1.088378E+5
1.448742E+3	1.113478E+5
1.448811E+3	1.297129E+5
1.448887E+3	1.288630E+5
1.448963E+3	1.273816E+5
1.449039E+3	1.280182E+5
1.449116E+3	1.281180E+5
1.449192E+3	1.276609E+5
1.449268E+3	1.279248E+5
1.449342E+3	1.285656E+5
1.449416E+3	1.281294E+5
1.449491E+3	1.279680E+5
1.449566E+3	1.270219E+5
1.449642E+3	1.284538E+5
1.449718E+3	1.288483E+5
1.449794E+3	1.280317E+5
1.449871E+3	1.284025E+5
1.449946E+3	1.286679E+5
1.450021E+3	1.287291E+5
1.450098E+3	1.284688E+5
1.450173E+3	1.282205E+5
1.450247E+3	1.293619E+5
1.450321E+3	1.295375E+5
1.450395E+3	1.286007E+5
1.450472E+3	1.314901E+5
1.450546E+3	1.318716E+5
1.450621E+3	1.318132E+5
1.450696E+3	1.326754E+5
1.450771E+3	1.332348E+5
1.450847E+3	1.332163E+5
1.450923E+3	1.340338E+5
1.450999E+3	1.340159E+5
1.451074E+3	1.327717E+5
1.451150E+3	1.337200E+5
1.451224E+3	1.337922E+5
1.451301E+3	1.340664E+5
1.451379E+3	1.345936E+5
1.451454E+3	1.343183E+5
1.451527E+3	1.350424E+5
1.451602E+3	1.383365E+5
1.451679E+3	1.382102E+5
1.451756E+3	1.384548E+5
1.451832E+3	1.383884E+5
1.451907E+3	1.384639E+5
1.451982E+3	1.373058E+5
1.452059E+3	1.385632E+5
1.452131E+3	1.379605E+5
1.452207E+3	1.387019E+5
1.452283E+3	1.391570E+5
1.452360E+3	1.389130E+5
1.452437E+3	1.372000E+5
1.452513E+3	1.390206E+5
1.452592E+3	1.392473E+5
1.452670E+3	1.390534E+5
1.452750E+3	1.386715E+5
1.452825E+3	1.385991E+5
1.452903E+3	1.390555E+5
1.452980E+3	1.377422E+5
1.453058E+3	1.380548E+5
1.453135E+3	1.387329E+5
1.453210E+3	1.385224E+5
1.453287E+3	1.398582E+5
1.453365E+3	1.386885E+5
1.453443E+3	1.388450E+5
1.453520E+3	1.399697E+5
1.453596E+3	1.405523E+5
1.453669E+3	1.430992E+5
1.453745E+3	1.427501E+5
1.453821E+3	1.434762E+5
1.453898E+3	1.436959E+5
1.453973E+3	1.447582E+5
1.454050E+3	1.440680E+5
1.454129E+3	1.427795E+5
1.454204E+3	1.430829E+5
1.454278E+3	1.439806E+5
1.454355E+3	1.437098E+5
1.454431E+3	1.439756E+5
1.454509E+3	1.444957E+5
1.454583E+3	1.446732E+5
1.454658E+3	1.451634E+5
1.454735E+3	1.448497E+5
1.454810E+3	1.460637E+5
1.454886E+3	1.471761E+5
1.454961E+3	1.480602E+5
1.455038E+3	1.572501E+5
1.455118E+3	1.565582E+5
1.455194E+3	1.569343E+5
1.455271E+3	1.571874E+5
1.455347E+3	1.573941E+5
1.455422E+3	1.576668E+5
1.455498E+3	1.572255E+5
1.455571E+3	1.582974E+5
1.455646E+3	1.584501E+5
1.455722E+3	1.590044E+5
1.455797E+3	1.594506E+5
1.455874E+3	1.602348E+5
1.455953E+3	1.604650E+5
1.456029E+3	1.596555E+5
1.456105E+3	1.598381E+5
1.456182E+3	1.604957E+5
1.456259E+3	1.603278E+5
1.456338E+3	1.607759E+5
1.456413E+3	1.621604E+5
1.456488E+3	1.616640E+5
1.456563E+3	1.611486E+5
1.456639E+3	1.623304E+5
1.456717E+3	1.623494E+5
1.456792E+3	1.632236E+5
1.456867E+3	1.640883E+5
1.456941E+3	1.637710E+5
1.457016E+3	1.646272E+5
1.457092E+3	1.658965E+5
1.457166E+3	1.674063E+5
1.457242E+3	1.698329E+5
1.457318E+3	1.706263E+5
1.457394E+3	1.783733E+5
1.457470E+3	1.798664E+5
1.457547E+3	1.920644E+5
1.457622E+3	1.924013E+5
1.457698E+3	1.932822E+5
1.457773E+3	1.935169E+5
1.457849E+3	1.955597E+5
1.457923E+3	1.950002E+5
1.457999E+3	1.943889E+5
1.458074E+3	1.954209E+5
1.458149E+3	1.944834E+5
1.458223E+3	1.975692E+5
1.458300E+3	1.979314E+5
1.458377E+3	1.987675E+5
1.458453E+3	2.005459E+5
1.458529E+3	1.994785E+5
1.458605E+3	2.001199E+5
1.458681E+3	2.006523E+5
1.458757E+3	2.003867E+5
1.458834E+3	1.993019E+5
1.458911E+3	1.998720E+5
1.458987E+3	1.998192E+5
1.459064E+3	2.013252E+5
1.459139E+3	2.020313E+5
1.459216E+3	2.040675E+5
1.459289E+3	2.038255E+5
1.459364E+3	2.040739E+5
1.459438E+3	2.042217E+5
1.459514E+3	2.051520E+5
1.459588E+3	2.050513E+5
1.459661E+3	2.059338E+5
1.459736E+3	2.062922E+5
1.459810E+3	2.053185E+5
1.459885E+3	2.062661E+5
1.459960E+3	2.056613E+5
1.460038E+3	2.073144E+5
1.460111E+3	2.075065E+5
1.460186E+3	2.078685E+5
1.460261E+3	2.110367E+5
1.460335E+3	2.105736E+5
1.460409E+3	2.107276E+5
1.460484E+3	2.114916E+5
1.460559E+3	2.147134E+5
1.460635E+3	2.123714E+5
1.460709E+3	2.136782E+5
1.460785E+3	2.108118E+5
1.460862E+3	2.115155E+5
1.460938E+3	2.122431E+5
1.461014E+3	2.144622E+5
1.461091E+3	2.135845E+5
1.461166E+3	2.150859E+5
1.461240E+3	2.157900E+5
1.461314E+3	2.166608E+5
1.461389E+3	2.156317E+5
1.461465E+3	2.174912E+5
1.461539E+3	2.200289E+5
1.461617E+3	2.221850E+5
1.461693E+3	2.222742E+5
1.461768E+3	2.220206E+5
1.461845E+3	2.258630E+5
1.461921E+3	2.291966E+5
1.461995E+3	2.272136E+5
1.462070E+3	2.258833E+5
1.462146E+3	2.255125E+5
1.462223E+3	2.236148E+5
1.462298E+3	2.239552E+5
1.462375E+3	2.243894E+5
1.462451E+3	2.235392E+5
1.462527E+3	2.230462E+5
1.462603E+3	2.220405E+5
1.462678E+3	2.213956E+5
1.462752E+3	2.231054E+5
1.462827E+3	2.238461E+5
1.462901E+3	2.260903E+5
1.462976E+3	2.271932E+5
1.463052E+3	2.288139E+5
1.463127E+3	2.291539E+5
1.463203E+3	2.289367E+5
1.463278E+3	2.273132E+5
1.463354E+3	2.288528E+5
1.463429E+3	2.295010E+5
1.463506E+3	2.282424E+5
1.463581E+3	2.293892E+5
1.463655E+3	2.286869E+5
1.463730E+3	2.304993E+5
1.463807E+3	2.303099E+5
1.463882E+3	2.313731E+5
1.463958E+3	2.339627E+5
1.464032E+3	2.358941E+5
1.464107E+3	2.343616E+5
1.464182E+3	2.355820E+5
1.464256E+3	2.375225E+5
1.464330E+3	2.386704E+5
1.464406E+3	2.395000E+5
1.464483E+3	2.398544E+5
1.464557E+3	2.401979E+5
1.464634E+3	2.399039E+5
1.464708E+3	2.390568E+5
1.464783E+3	2.390440E+5
1.464856E+3	2.397864E+5
1.464930E+3	2.405880E+5
1.465007E+3	2.535827E+5
1.465081E+3	2.495514E+5
1.465155E+3	2.579826E+5
1.465229E+3	2.618809E+5
1.465304E+3	2.630249E+5
1.465379E+3	2.632402E+5
1.465453E+3	2.638095E+5
1.465527E+3	2.651797E+5
1.465601E+3	2.667502E+5
1.465677E+3	2.666296E+5
1.465753E+3	2.642240E+5
1.465830E+3	2.665474E+5
1.465906E+3	2.704320E+5
1.465982E+3	2.715342E+5
1.466059E+3	2.707901E+5
1.466135E+3	2.685913E+5
1.466211E+3	2.699542E+5
1.466285E+3	2.751778E+5
1.466362E+3	2.718214E+5
1.466437E+3	2.714732E+5
1.466512E+3	2.757737E+5
1.466587E+3	2.772358E+5
1.466662E+3	2.731984E+5
1.466737E+3	2.772921E+5
1.466813E+3	2.782347E+5
1.466889E+3	2.792298E+5
1.466966E+3	2.782908E+5
1.467043E+3	2.769226E+5
1.467120E+3	2.766183E+5
1.467194E+3	2.806190E+5
1.467269E+3	2.864605E+5
1.467345E+3	2.878393E+5
1.467420E+3	2.889299E+5
1.467494E+3	2.903085E+5
1.467571E+3	2.931724E+5
1.467647E+3	2.925508E+5
1.467722E+3	2.816242E+5
1.467798E+3	2.805106E+5
1.467874E+3	2.820154E+5
1.467950E+3	2.849040E+5
1.468028E+3	2.864273E+5
1.468102E+3	2.848585E+5
1.468176E+3	3.084588E+5
1.468252E+3	3.077704E+5
1.468329E+3	3.099054E+5
1.468405E+3	3.119753E+5
1.468481E+3	3.157896E+5
1.468558E+3	3.195448E+5
1.468634E+3	3.187754E+5
1.468710E+3	3.188393E+5
1.468788E+3	3.163256E+5
1.468862E+3	3.167668E+5
1.468937E+3	3.252299E+5
1.469013E+3	3.180474E+5
1.469087E+3	3.171465E+5
1.469162E+3	3.172996E+5
1.469238E+3	3.181455E+5
1.469314E+3	3.202735E+5
1.469389E+3	3.147088E+5
1.469464E+3	3.205403E+5
1.469538E+3	3.193764E+5
1.469613E+3	3.133840E+5
1.469689E+3	3.096656E+5
1.469763E+3	3.120590E+5
1.469837E+3	3.187505E+5
1.469912E+3	3.112618E+5
1.469988E+3	3.206941E+5
1.470064E+3	3.207763E+5
1.470141E+3	3.247673E+5
1.470215E+3	3.228099E+5
1.470292E+3	3.258204E+5
1.470368E+3	3.241936E+5
1.470445E+3	3.256381E+5
1.470522E+3	3.285738E+5
1.470598E+3	3.281544E+5
1.470675E+3	3.283446E+5
1.470749E+3	3.240206E+5
1.470824E+3	3.227134E+5
1.470897E+3	3.290005E+5
1.470972E+3	3.267583E+5
1.471048E+3	3.296329E+5
1.471122E+3	3.277030E+5
1.471198E+3	3.270461E+5
1.471273E+3	3.272303E+5
1.471349E+3	3.291902E+5
1.471426E+3	3.299135E+5
1.471503E+3	3.313408E+5
1.471579E+3	3.293526E+5
1.471656E+3	3.319524E+5
1.471732E+3	3.340447E+5
1.471806E+3	3.335241E+5
1.471882E+3	3.353268E+5
1.471957E+3	3.337654E+5
1.472032E+3	3.303983E+5
1.472106E+3	3.319630E+5
1.472181E+3	3.310630E+5
1.472256E+3	3.348021E+5
1.472330E+3	3.312043E+5
1.472405E+3	3.282142E+5
1.472480E+3	3.317104E+5
1.472556E+3	3.322265E+5
1.472631E+3	3.347661E+5
1.472706E+3	3.440086E+5
1.472780E+3	3.451880E+5
1.472854E+3	3.458050E+5
1.472928E+3	3.462290E+5
1.473005E+3	3.372512E+5
1.473082E+3	3.428103E+5
1.473157E+3	3.380548E+5
1.473231E+3	3.388585E+5
1.473308E+3	3.442308E+5
1.473382E+3	3.434050E+5
1.473457E+3	3.349674E+5
1.473531E+3	3.396297E+5
1.473607E+3	3.428305E+5
1.473682E+3	3.413770E+5
1.473756E+3	3.471205E+5
1.473830E+3	3.499016E+5
1.473905E+3	3.501441E+5
1.473981E+3	3.501938E+5
1.474056E+3	3.521145E+5
1.474131E+3	3.527293E+5
1.474206E+3	3.512773E+5
1.474283E+3	3.535815E+5
1.474359E+3	3.546151E+5
1.474435E+3	3.521951E+5
1.474508E+3	3.543981E+5
1.474583E+3	3.528589E+5
1.474658E+3	3.532695E+5
1.474734E+3	3.490892E+5
1.474810E+3	3.520683E+5
1.474887E+3	3.541759E+5
1.474962E+3	3.569375E+5
1.475038E+3	3.535405E+5
1.475113E+3	3.533789E+5
1.475188E+3	3.610701E+5
1.475265E+3	4.021657E+5
1.475340E+3	4.454005E+5
1.475413E+3	4.535769E+5
1.475490E+3	4.197748E+5
1.475564E+3	3.997716E+5
1.475639E+3	4.047600E+5
1.475716E+3	3.844764E+5
1.475791E+3	3.982802E+5
1.475866E+3	3.989414E+5
1.475943E+3	3.975158E+5
1.476020E+3	3.940803E+5
1.476096E+3	3.984415E+5
1.476171E+3	3.834324E+5
1.476247E+3	3.984092E+5
1.476323E+3	3.802612E+5
1.476399E+3	3.749361E+5
1.476477E+3	3.763132E+5
1.476552E+3	3.771028E+5
1.476630E+3	3.696047E+5
1.476704E+3	3.740018E+5
1.476779E+3	3.903658E+5
1.476854E+3	4.433035E+5
1.476928E+3	4.594896E+5
1.477003E+3	3.929692E+5
1.477079E+3	3.997409E+5
1.477153E+3	3.862516E+5
1.477228E+3	4.130699E+5
1.477305E+3	4.222969E+5
1.477381E+3	4.155384E+5
1.477458E+3	4.105314E+5
1.477533E+3	4.311789E+5
1.477608E+3	4.063712E+5
1.477684E+3	4.072986E+5
1.477760E+3	4.294281E+5
1.477835E+3	4.337951E+5
1.477910E+3	4.492955E+5
1.477984E+3	5.023694E+5
1.478058E+3	4.639896E+5
1.478132E+3	4.356286E+5
1.478207E+3	4.135301E+5
1.478283E+3	4.274429E+5
1.478360E+3	4.088007E+5
1.478436E+3	4.025264E+5
1.478510E+3	4.161185E+5
1.478585E+3	4.216917E+5
1.478660E+3	4.751768E+5
1.478734E+3	4.358774E+5
1.478809E+3	4.559258E+5
1.478885E+3	4.439638E+5
1.478963E+3	4.655259E+5
1.479040E+3	4.547058E+5
1.479114E+3	4.661772E+5
1.479188E+3	4.450093E+5
1.479263E+3	4.469634E+5
1.479338E+3	4.533454E+5
1.479413E+3	4.434430E+5
1.479489E+3	4.389717E+5
1.479564E+3	4.466267E+5
1.479640E+3	4.419762E+5
1.479717E+3	4.236447E+5
1.479792E+3	4.273359E+5
1.479866E+3	4.255894E+5
1.479943E+3	4.246409E+5
1.480017E+3	4.241565E+5
1.480091E+3	4.391626E+5
1.480166E+3	4.333369E+5
1.480242E+3	4.357944E+5
1.480319E+3	4.433123E+5
1.480395E+3	4.388963E+5
1.480471E+3	4.600157E+5
1.480546E+3	4.446979E+5
1.480622E+3	4.522989E+5
1.480698E+3	4.781855E+5
1.480774E+3	4.755112E+5
1.480849E+3	4.791251E+5
1.480924E+3	4.780402E+5
1.480998E+3	4.724571E+5
1.481073E+3	4.743618E+5
1.481150E+3	4.458917E+5
1.481226E+3	4.542477E+5
1.481303E+3	4.149816E+5
1.481379E+3	4.284449E+5
1.481456E+3	4.279404E+5
1.481533E+3	4.194014E+5
1.481610E+3	4.118244E+5
1.481685E+3	4.204826E+5
1.481759E+3	4.145208E+5
1.481836E+3	4.161644E+5
1.481912E+3	4.123988E+5
1.481988E+3	4.114043E+5
1.482063E+3	4.159314E+5
1.482139E+3	4.124287E+5
1.482215E+3	4.411900E+5
1.482290E+3	4.392403E+5
1.482367E+3	4.607162E+5
1.482443E+3	4.598163E+5
1.482519E+3	4.844396E+5
1.482597E+3	4.946432E+5
1.482673E+3	4.840671E+5
1.482748E+3	4.578912E+5
1.482823E+3	4.932523E+5
1.482898E+3	4.462160E+5
1.482972E+3	4.820952E+5
1.483047E+3	5.072081E+5
1.483124E+3	5.044347E+5
1.483199E+3	5.009240E+5
1.483272E+3	4.944800E+5
1.483348E+3	5.121831E+5
1.483426E+3	5.095423E+5
1.483502E+3	5.099425E+5
1.483576E+3	5.049267E+5
1.483651E+3	5.034468E+5
1.483725E+3	4.890680E+5
1.483803E+3	4.730183E+5
1.483878E+3	4.949875E+5
1.483954E+3	5.009010E+5
1.484029E+3	4.832546E+5
1.484106E+3	4.913461E+5
1.484181E+3	4.867392E+5
1.484255E+3	4.866641E+5
1.484329E+3	4.276891E+5
1.484402E+3	4.281801E+5
1.484477E+3	4.363866E+5
1.484554E+3	3.947062E+5
1.484630E+3	4.006307E+5
1.484704E+3	4.011192E+5
1.484779E+3	3.950220E+5
1.484855E+3	3.977067E+5
1.484930E+3	4.029527E+5
1.485006E+3	4.044746E+5
1.485081E+3	3.952285E+5
1.485156E+3	4.155974E+5
1.485233E+3	4.535405E+5
1.485308E+3	4.497309E+5
1.485383E+3	4.536226E+5
1.485459E+3	4.563770E+5
1.485533E+3	4.550009E+5
1.485607E+3	4.639076E+5
1.485684E+3	4.618546E+5
1.485759E+3	4.525595E+5
1.485833E+3	4.567885E+5
1.485907E+3	4.567533E+5
1.485981E+3	4.513650E+5
1.486055E+3	4.538067E+5
1.486129E+3	4.532668E+5
1.486203E+3	4.401176E+5
1.486277E+3	4.523299E+5
1.486350E+3	4.549570E+5
1.486425E+3	4.662914E+5
1.486500E+3	4.657173E+5
1.486576E+3	4.772016E+5
1.486651E+3	4.845159E+5
1.486728E+3	4.998386E+5
1.486804E+3	4.751063E+5
1.486880E+3	4.742872E+5
1.486955E+3	5.048056E+5
1.487029E+3	5.007583E+5
1.487105E+3	4.892086E+5
1.487180E+3	4.739806E+5
1.487255E+3	5.137846E+5
1.487330E+3	4.746962E+5
1.487404E+3	4.846949E+5
1.487478E+3	5.029805E+5
1.487553E+3	4.963799E+5
1.487628E+3	5.047444E+5
1.487702E+3	5.085401E+5
1.487778E+3	5.076178E+5
1.487853E+3	4.968884E+5
1.487928E+3	5.063368E+5
1.488004E+3	4.826584E+5
1.488080E+3	4.661839E+5
1.488155E+3	4.728135E+5
1.488232E+3	4.685578E+5
1.488308E+3	4.830918E+5
1.488385E+3	4.854191E+5
1.488462E+3	4.757982E+5
1.488537E+3	4.506442E+5
1.488611E+3	4.179335E+5
1.488685E+3	4.468273E+5
1.488758E+3	4.614130E+5
1.488834E+3	4.361143E+5
1.488910E+3	4.869601E+5
1.488987E+3	4.351875E+5
1.489063E+3	4.694074E+5
1.489137E+3	4.671125E+5
1.489212E+3	4.365753E+5
1.489287E+3	4.505933E+5
1.489360E+3	4.567658E+5
1.489435E+3	4.587638E+5
1.489512E+3	4.502929E+5
1.489588E+3	4.429970E+5
1.489664E+3	4.381644E+5
1.489738E+3	4.596060E+5
1.489816E+3	4.633803E+5
1.489892E+3	4.689963E+5
1.489966E+3	4.829025E+5
1.490041E+3	4.904923E+5
1.490116E+3	5.021089E+5
1.490193E+3	4.892564E+5
1.490268E+3	5.104153E+5
1.490341E+3	5.009413E+5
1.490416E+3	4.889790E+5
1.490491E+3	5.188568E+5
1.490568E+3	5.240594E+5
1.490643E+3	4.724069E+5
1.490716E+3	4.755971E+5
1.490790E+3	4.809331E+5
1.490865E+3	4.981412E+5
1.490939E+3	5.104180E+5
1.491015E+3	4.916596E+5
1.491089E+3	4.953587E+5
1.491164E+3	5.032289E+5
1.491239E+3	4.900745E+5
1.491314E+3	5.210134E+5
1.491388E+3	5.061448E+5
1.491463E+3	5.325610E+5
1.491538E+3	5.122889E+5
1.491615E+3	5.182102E+5
1.491689E+3	5.337847E+5
1.491763E+3	5.184871E+5
1.491837E+3	5.332404E+5
1.491914E+3	5.120009E+5
1.491989E+3	5.474879E+5
1.492063E+3	5.280179E+5
1.492137E+3	5.384514E+5
1.492212E+3	5.346426E+5
1.492290E+3	5.358401E+5
1.492365E+3	5.621658E+5
1.492441E+3	5.519395E+5
1.492517E+3	5.415084E+5
1.492592E+3	5.601217E+5
1.492669E+3	5.516970E+5
1.492745E+3	5.131011E+5
1.492821E+3	5.083727E+5
1.492898E+3	5.258113E+5
1.492975E+3	5.284582E+5
1.493051E+3	5.231785E+5
1.493128E+3	5.386611E+5
1.493203E+3	5.276156E+5
1.493277E+3	5.148214E+5
1.493350E+3	5.242074E+5
1.493425E+3	5.195751E+5
1.493502E+3	5.138657E+5
1.493575E+3	5.186243E+5
1.493649E+3	5.211371E+5
1.493724E+3	5.091180E+5
1.493800E+3	5.286886E+5
1.493875E+3	5.263190E+5
1.493951E+3	5.320510E+5
1.494026E+3	5.234631E+5
1.494100E+3	5.268398E+5
1.494176E+3	5.259419E+5
1.494253E+3	5.548574E+5
1.494328E+3	5.167850E+5
1.494404E+3	5.021897E+5
1.494479E+3	5.476150E+5
1.494555E+3	5.293383E+5
1.494630E+3	5.232073E+5
1.494706E+3	5.381102E+5
1.494781E+3	5.287813E+5
1.494855E+3	5.309925E+5
1.494931E+3	5.418350E+5
1.495006E+3	5.399101E+5
1.495080E+3	5.744026E+5
1.495153E+3	5.655337E+5
1.495227E+3	5.651501E+5
1.495302E+3	5.620497E+5
1.495378E+3	5.657062E+5
1.495454E+3	5.696144E+5
1.495530E+3	5.999840E+5
1.495605E+3	5.976155E+5
1.495679E+3	6.114740E+5
1.495753E+3	6.055367E+5
1.495828E+3	6.345308E+5
1.495905E+3	5.715694E+5
1.495982E+3	5.922920E+5
1.496057E+3	5.621321E+5
1.496134E+3	5.332901E+5
1.496210E+3	5.513174E+5
1.496284E+3	5.437479E+5
1.496358E+3	5.565163E+5
1.496435E+3	5.916603E+5
1.496510E+3	5.775322E+5
1.496585E+3	5.787195E+5
1.496658E+3	5.881830E+5
1.496734E+3	6.146299E+5
1.496810E+3	5.810267E+5
1.496886E+3	5.505400E+5
1.496962E+3	5.434873E+5
1.497037E+3	5.323817E+5
1.497113E+3	5.315157E+5
1.497186E+3	5.312298E+5
1.497261E+3	5.524806E+5
1.497338E+3	5.836019E+5
1.497414E+3	5.650751E+5
1.497491E+3	5.668363E+5
1.497566E+3	5.757490E+5
1.497641E+3	5.589458E+5
1.497717E+3	5.193265E+5
1.497795E+3	4.984762E+5
1.497870E+3	4.977534E+5
1.497946E+3	4.852629E+5
1.498021E+3	4.864294E+5
1.498098E+3	4.899682E+5
1.498175E+3	4.917202E+5
1.498249E+3	5.546242E+5
1.498323E+3	5.487980E+5
1.498398E+3	5.909511E+5
1.498475E+3	6.022544E+5
1.498551E+3	5.833219E+5
1.498627E+3	5.370995E+5
1.498700E+3	5.219505E+5
1.498776E+3	5.317405E+5
1.498849E+3	5.393097E+5
1.498922E+3	5.354808E+5
1.498998E+3	5.393225E+5
1.499074E+3	6.013409E+5
1.499148E+3	5.797994E+5
1.499225E+3	6.347094E+5
1.499301E+3	5.906701E+5
1.499377E+3	6.091026E+5
1.499450E+3	6.269956E+5
1.499526E+3	6.191028E+5
1.499600E+3	6.148609E+5
1.499676E+3	6.500156E+5
1.499751E+3	6.303310E+5
1.499826E+3	6.325376E+5
1.499903E+3	6.085818E+5
1.499980E+3	5.836310E+5
1.500054E+3	6.128930E+5
1.500129E+3	5.995266E+5
1.500202E+3	5.961462E+5
1.500277E+3	5.971425E+5
1.500350E+3	6.043791E+5
1.500424E+3	6.110634E+5
1.500499E+3	6.062216E+5
1.500572E+3	5.851299E+5
1.500647E+3	6.077098E+5
1.500722E+3	5.859386E+5
1.500797E+3	5.951259E+5
1.500872E+3	6.034745E+5
1.500949E+3	6.242011E+5
1.501025E+3	6.050494E+5
1.501101E+3	6.319474E+5
1.501177E+3	6.381185E+5
1.501252E+3	6.027690E+5
1.501328E+3	6.592533E+5
1.501403E+3	6.502257E+5
1.501477E+3	6.441649E+5
1.501551E+3	6.454715E+5
1.501626E+3	6.428797E+5
1.501700E+3	6.465392E+5
1.501778E+3	6.581250E+5
1.501853E+3	6.440131E+5
1.501927E+3	6.513377E+5
1.502000E+3	6.445120E+5
1.502076E+3	6.329922E+5
1.502150E+3	6.359098E+5
1.502225E+3	6.403999E+5
1.502301E+3	6.393656E+5
1.502377E+3	6.418598E+5
1.502453E+3	6.375471E+5
1.502526E+3	6.282681E+5
1.502599E+3	6.529156E+5
1.502675E+3	6.637567E+5
1.502750E+3	6.633660E+5
1.502826E+3	6.780406E+5
1.502900E+3	6.688942E+5
1.502975E+3	6.822487E+5
1.503050E+3	6.834297E+5
1.503126E+3	6.719851E+5
1.503203E+3	6.640133E+5
1.503280E+3	6.551280E+5
1.503355E+3	6.768664E+5
1.503432E+3	6.662642E+5
1.503507E+3	7.008305E+5
1.503581E+3	6.739673E+5
1.503655E+3	6.832611E+5
1.503730E+3	6.777106E+5
1.503806E+3	6.742603E+5
1.503881E+3	6.899045E+5
1.503959E+3	6.879991E+5
1.504035E+3	6.917655E+5
1.504110E+3	6.768201E+5
1.504187E+3	6.841754E+5
1.504262E+3	6.347191E+5
1.504337E+3	6.357937E+5
1.504411E+3	5.986533E+5
1.504487E+3	6.023677E+5
1.504560E+3	5.978015E+5
1.504635E+3	5.904729E+5
1.504709E+3	5.979024E+5
1.504784E+3	6.130511E+5
1.504860E+3	6.223729E+5
1.504936E+3	6.306367E+5
1.505011E+3	6.243978E+5
1.505087E+3	6.555863E+5
1.505164E+3	6.442323E+5
1.505240E+3	6.422520E+5
1.505316E+3	6.551838E+5
1.505393E+3	6.301903E+5
1.505468E+3	6.233663E+5
1.505544E+3	6.256182E+5
1.505619E+3	6.062039E+5
1.505693E+3	6.163840E+5
1.505767E+3	6.187742E+5
1.505842E+3	6.273339E+5
1.505917E+3	6.084105E+5
1.505992E+3	6.145202E+5
1.506067E+3	6.242172E+5
1.506142E+3	6.152383E+5
1.506215E+3	6.328780E+5
1.506289E+3	6.274645E+5
1.506363E+3	5.981012E+5
1.506440E+3	5.958958E+5
1.506515E+3	6.404835E+5
1.506591E+3	6.418374E+5
1.506665E+3	6.668253E+5
1.506741E+3	6.777046E+5
1.506816E+3	6.720870E+5
1.506891E+3	6.048579E+5
1.506967E+3	6.133958E+5
1.507044E+3	6.250886E+5
1.507118E+3	6.070228E+5
1.507194E+3	6.521160E+5
1.507269E+3	6.648475E+5
1.507342E+3	6.314100E+5
1.507417E+3	6.662379E+5
1.507491E+3	6.970074E+5
1.507565E+3	7.079142E+5
1.507638E+3	7.193093E+5
1.507711E+3	7.518910E+5
1.507789E+3	7.173284E+5
1.507866E+3	6.989473E+5
1.507942E+3	6.937880E+5
1.508019E+3	6.758380E+5
1.508098E+3	6.898824E+5
1.508176E+3	6.938158E+5
1.508251E+3	6.920511E+5
1.508329E+3	6.788635E+5
1.508403E+3	6.974623E+5
1.508479E+3	6.806086E+5
1.508554E+3	6.801449E+5
1.508629E+3	6.793972E+5
1.508706E+3	6.748675E+5
1.508781E+3	6.782528E+5
1.508856E+3	6.750104E+5
1.508934E+3	6.693549E+5
1.509008E+3	6.780964E+5
1.509086E+3	6.836135E+5
1.509162E+3	6.829502E+5
1.509237E+3	7.004089E+5
1.509312E+3	7.139885E+5
1.509387E+3	7.459048E+5
1.509462E+3	6.956778E+5
1.509536E+3	6.831271E+5
1.509611E+3	7.126560E+5
1.509686E+3	6.998746E+5
1.509763E+3	6.963813E+5
1.509837E+3	7.073753E+5
1.509911E+3	7.133143E+5
1.509985E+3	7.342895E+5
1.510060E+3	7.258522E+5
1.510137E+3	7.236065E+5
1.510211E+3	7.396139E+5
1.510285E+3	7.172878E+5
1.510360E+3	7.370956E+5
1.510435E+3	7.342866E+5
1.510512E+3	7.396723E+5
1.510589E+3	7.365899E+5
1.510663E+3	7.468510E+5
1.510738E+3	7.509343E+5
1.510815E+3	7.892252E+5
1.510890E+3	7.066759E+5
1.510964E+3	7.165719E+5
1.511038E+3	7.281615E+5
1.511116E+3	7.501153E+5
1.511192E+3	7.223551E+5
1.511268E+3	7.332547E+5
1.511346E+3	7.562914E+5
1.511421E+3	7.528340E+5
1.511495E+3	7.110348E+5
1.511572E+3	6.997095E+5
1.511648E+3	7.615615E+5
1.511721E+3	7.727315E+5
1.511796E+3	7.408109E+5
1.511872E+3	7.377050E+5
1.511947E+3	7.432642E+5
1.512022E+3	7.355040E+5
1.512098E+3	7.679335E+5
1.512172E+3	7.640818E+5
1.512248E+3	7.717117E+5
1.512324E+3	7.564491E+5
1.512401E+3	7.460744E+5
1.512477E+3	7.240699E+5
1.512553E+3	7.331053E+5
1.512630E+3	7.493993E+5
1.512706E+3	7.379681E+5
1.512780E+3	7.154237E+5
1.512856E+3	7.135128E+5
1.512930E+3	7.086938E+5
1.513004E+3	7.158675E+5
1.513079E+3	7.299595E+5
1.513156E+3	7.537056E+5
1.513233E+3	7.120634E+5
1.513307E+3	7.268580E+5
1.513382E+3	7.035207E+5
1.513459E+3	7.052856E+5
1.513534E+3	7.277852E+5
1.513608E+3	7.229187E+5
1.513683E+3	7.367765E+5
1.513756E+3	7.420146E+5
1.513830E+3	7.534284E+5
1.513906E+3	7.504480E+5
1.513980E+3	7.534915E+5
1.514054E+3	7.596035E+5
1.514128E+3	7.637512E+5
1.514203E+3	7.014168E+5
1.514277E+3	7.502265E+5
1.514353E+3	7.628293E+5
1.514428E+3	7.780659E+5
1.514505E+3	7.654339E+5
1.514581E+3	7.061617E+5
1.514658E+3	7.718737E+5
1.514733E+3	7.687474E+5
1.514807E+3	7.587562E+5
1.514880E+3	7.287126E+5
1.514956E+3	7.599787E+5
1.515031E+3	7.579664E+5
1.515105E+3	8.149503E+5
1.515179E+3	8.088072E+5
1.515254E+3	7.975947E+5
1.515331E+3	8.214309E+5
1.515406E+3	7.824805E+5
1.515480E+3	8.041859E+5
1.515555E+3	7.993314E+5
1.515631E+3	7.905190E+5
1.515706E+3	8.627923E+5
1.515781E+3	8.420892E+5
1.515856E+3	8.248655E+5
1.515932E+3	8.050787E+5
1.516007E+3	8.158817E+5
1.516081E+3	8.270322E+5
1.516157E+3	8.203331E+5
1.516232E+3	8.077852E+5
1.516306E+3	8.216064E+5
1.516380E+3	8.020589E+5
1.516455E+3	8.526570E+5
1.516529E+3	8.286501E+5
1.516605E+3	8.162699E+5
1.516680E+3	8.286618E+5
1.516756E+3	7.808993E+5
1.516833E+3	7.769819E+5
1.516910E+3	7.954650E+5
1.516984E+3	8.054413E+5
1.517060E+3	8.078430E+5
1.517136E+3	8.094225E+5
1.517212E+3	8.507992E+5
1.517287E+3	8.137679E+5
1.517364E+3	8.393005E+5
1.517439E+3	8.519050E+5
1.517515E+3	8.527921E+5
1.517591E+3	8.679268E+5
1.517665E+3	8.664552E+5
1.517739E+3	8.567986E+5
1.517815E+3	8.824778E+5
1.517891E+3	8.631638E+5
1.517966E+3	8.744071E+5
1.518041E+3	9.011149E+5
1.518118E+3	8.755993E+5
1.518193E+3	9.066147E+5
1.518268E+3	9.176887E+5
1.518345E+3	9.044527E+5
1.518420E+3	9.218504E+5
1.518496E+3	9.580616E+5
1.518571E+3	8.692257E+5
1.518646E+3	8.663328E+5
1.518723E+3	9.035491E+5
1.518799E+3	8.362537E+5
1.518875E+3	8.127779E+5
1.518951E+3	8.436069E+5
1.519026E+3	8.285329E+5
1.519102E+3	8.301395E+5
1.519179E+3	8.401044E+5
1.519254E+3	9.090604E+5
1.519327E+3	8.728698E+5
1.519402E+3	9.318502E+5
1.519477E+3	9.475726E+5
1.519554E+3	9.307763E+5
1.519629E+3	8.950841E+5
1.519704E+3	7.362514E+5
1.519780E+3	7.168491E+5
1.519856E+3	7.170764E+5
1.519933E+3	7.275678E+5
1.520006E+3	7.717007E+5
1.520081E+3	7.146423E+5
1.520156E+3	7.400742E+5
1.520232E+3	6.880708E+5
1.520305E+3	7.038678E+5
1.520379E+3	7.227240E+5
1.520453E+3	7.143739E+5
1.520527E+3	7.248339E+5
1.520601E+3	7.140283E+5
1.520677E+3	7.177422E+5
1.520753E+3	7.232168E+5
1.520829E+3	7.508602E+5
1.520906E+3	7.422327E+5
1.520981E+3	7.522620E+5
1.521059E+3	7.650590E+5
1.521135E+3	7.498106E+5
1.521210E+3	7.610722E+5
1.521285E+3	7.697686E+5
1.521362E+3	7.984550E+5
1.521437E+3	8.024571E+5
1.521512E+3	8.062721E+5
1.521588E+3	8.060397E+5
1.521661E+3	8.023202E+5
1.521736E+3	8.118109E+5
1.521813E+3	8.209699E+5
1.521889E+3	8.317589E+5
1.521964E+3	8.367591E+5
1.522039E+3	8.412736E+5
1.522113E+3	8.708885E+5
1.522188E+3	8.423141E+5
1.522263E+3	8.522232E+5
1.522339E+3	8.773943E+5
1.522413E+3	8.919614E+5
1.522487E+3	8.345429E+5
1.522562E+3	8.883916E+5
1.522639E+3	8.812790E+5
1.522716E+3	8.551093E+5
1.522791E+3	8.368256E+5
1.522865E+3	8.212579E+5
1.522940E+3	8.455998E+5
1.523017E+3	8.663258E+5
1.523094E+3	8.958025E+5
1.523168E+3	9.566396E+5
1.523243E+3	9.013204E+5
1.523319E+3	9.652668E+5
1.523395E+3	8.501594E+5
1.523470E+3	8.533452E+5
1.523545E+3	8.380706E+5
1.523621E+3	7.919482E+5
1.523695E+3	8.544447E+5
1.523769E+3	8.162937E+5
1.523844E+3	8.671121E+5
1.523919E+3	8.472864E+5
1.523995E+3	8.761030E+5
1.524071E+3	8.361856E+5
1.524146E+3	8.414015E+5
1.524223E+3	8.424977E+5
1.524299E+3	8.678729E+5
1.524376E+3	8.662169E+5
1.524451E+3	8.797383E+5
1.524526E+3	8.744583E+5
1.524603E+3	9.155685E+5
1.524678E+3	9.105986E+5
1.524751E+3	9.192029E+5
1.524826E+3	9.076053E+5
1.524899E+3	9.194195E+5
1.524975E+3	9.326435E+5
1.525050E+3	9.537897E+5
1.525124E+3	9.618516E+5
1.525199E+3	9.681733E+5
1.525274E+3	9.605684E+5
1.525348E+3	9.633359E+5
1.525422E+3	9.763164E+5
1.525499E+3	9.882243E+5
1.525573E+3	9.880672E+5
1.525647E+3	9.766042E+5
1.525721E+3	9.742752E+5
1.525796E+3	9.681364E+5
1.525871E+3	9.339299E+5
1.525946E+3	9.240637E+5
1.526020E+3	9.293543E+5
1.526096E+3	9.213442E+5
1.526171E+3	9.203254E+5
1.526248E+3	9.130313E+5
1.526325E+3	9.356714E+5
1.526404E+3	9.296372E+5
1.526478E+3	9.381541E+5
1.526552E+3	9.137234E+5
1.526626E+3	9.508854E+5
1.526700E+3	9.441300E+5
1.526776E+3	9.762727E+5
1.526852E+3	9.862462E+5
1.526927E+3	1.013142E+6
1.527001E+3	9.952735E+5
1.527075E+3	1.009927E+6
1.527149E+3	1.014175E+6
1.527223E+3	1.012191E+6
1.527296E+3	1.017214E+6
1.527370E+3	1.035943E+6
1.527446E+3	1.044363E+6
1.527520E+3	1.018601E+6
1.527595E+3	1.014747E+6
1.527668E+3	1.055197E+6
1.527744E+3	1.041603E+6
1.527820E+3	1.072135E+6
1.527893E+3	1.033904E+6
1.527970E+3	1.055394E+6
1.528046E+3	1.030563E+6
1.528122E+3	1.026988E+6
1.528196E+3	1.005423E+6
1.528271E+3	1.078763E+6
1.528345E+3	1.043453E+6
1.528419E+3	1.055680E+6
1.528492E+3	1.090003E+6
1.528569E+3	1.062021E+6
1.528647E+3	1.031040E+6
1.528722E+3	1.088589E+6
1.528798E+3	1.096800E+6
1.528875E+3	1.105865E+6
1.528952E+3	1.095400E+6
1.529028E+3	1.098176E+6
1.529102E+3	1.147185E+6
1.529176E+3	1.130230E+6
1.529250E+3	1.143990E+6
1.529326E+3	1.108147E+6
1.529403E+3	1.063481E+6
1.529480E+3	9.980764E+5
1.529556E+3	1.072150E+6
1.529633E+3	1.099887E+6
1.529707E+3	1.118921E+6
1.529785E+3	1.137955E+6
1.529865E+3	1.086474E+6
1.529939E+3	1.092755E+6
1.530019E+3	1.138216E+6
1.530095E+3	3.171899E+6
1.530312E+3	3.295026E+6
1.530516E+3	3.345051E+6
1.530725E+3	3.679535E+6
1.530933E+3	4.452785E+6
1.531143E+3	4.583640E+6
1.531350E+3	4.552042E+6
1.531557E+3	4.162232E+6
1.531765E+3	4.531098E+6
1.531971E+3	4.445547E+6
1.532180E+3	4.624846E+6
1.532387E+3	4.749878E+6
1.532595E+3	4.776678E+6
1.532803E+3	4.708982E+6
1.533009E+3	4.733123E+6
1.533217E+3	4.927798E+6
1.533425E+3	4.655571E+6
1.533632E+3	4.442299E+6
1.533840E+3	4.742614E+6
1.534049E+3	4.687330E+6
1.534261E+3	4.583132E+6
1.534470E+3	4.776169E+6
1.534679E+3	4.692275E+6
1.534887E+3	5.279303E+6
1.535096E+3	4.831646E+6
1.535305E+3	4.519991E+6
1.535514E+3	4.698959E+6
1.535724E+3	5.607853E+6
1.535933E+3	5.278657E+6
1.536141E+3	5.128975E+6
1.536351E+3	5.385696E+6
1.536558E+3	4.574288E+6
1.536771E+3	5.735075E+6
1.536978E+3	6.248669E+6
1.537187E+3	6.035104E+6
1.537396E+3	6.708192E+6
1.537605E+3	6.855435E+6
1.537810E+3	7.963433E+6
1.538019E+3	7.164376E+6
1.538230E+3	8.447263E+6
1.538438E+3	8.720425E+6
1.538647E+3	8.661373E+6
1.538855E+3	8.152717E+6
1.539061E+3	8.803043E+6
1.539268E+3	8.273073E+6
1.539475E+3	8.615767E+6
1.539684E+3	9.362535E+6
1.539893E+3	9.517902E+6
1.540102E+3	1.023147E+7
1.540311E+3	9.932902E+6
1.540520E+3	9.882852E+6
1.540727E+3	9.432363E+6
1.540937E+3	9.227963E+6
1.541149E+3	9.453676E+6
1.541359E+3	9.147354E+6
1.541566E+3	9.204153E+6
1.541776E+3	9.446538E+6
1.541982E+3	1.000905E+7
1.542190E+3	1.047874E+7
1.542401E+3	1.058470E+7
1.542609E+3	1.075085E+7
1.542817E+3	1.056825E+7
1.543025E+3	1.035578E+7
1.543234E+3	1.018696E+7
1.543442E+3	1.142626E+7
1.543651E+3	1.086635E+7
1.543860E+3	1.035002E+7
1.544069E+3	9.945026E+6
1.544278E+3	8.588572E+6
1.544486E+3	8.622017E+6
1.544694E+3	9.018308E+6
1.544903E+3	8.926486E+6
1.545106E+3	9.339530E+6
1.545310E+3	9.371936E+6
1.545518E+3	1.018933E+7
1.545728E+3	1.006819E+7
1.545937E+3	1.033464E+7
1.546147E+3	9.560186E+6
1.546356E+3	9.138237E+6
1.546564E+3	9.286069E+6
1.546771E+3	9.584189E+6
1.546983E+3	9.530160E+6
1.547190E+3	9.104965E+6
1.547399E+3	8.902863E+6
1.547610E+3	9.876727E+6
1.547817E+3	9.888135E+6
1.548025E+3	9.662344E+6
1.548233E+3	9.223917E+6
1.548442E+3	9.568514E+6
1.548651E+3	9.129516E+6
1.548859E+3	9.600105E+6
1.549067E+3	9.316479E+6
1.549277E+3	8.817520E+6
1.549486E+3	9.022620E+6
1.549696E+3	9.056765E+6
1.549905E+3	8.658873E+6
1.550113E+3	9.299852E+6
1.550322E+3	8.703889E+6
1.550532E+3	9.518556E+6
1.550740E+3	1.078259E+7
1.550951E+3	1.087464E+7
1.551160E+3	1.047736E+7
1.551372E+3	1.012895E+7
1.551580E+3	9.791175E+6
1.551788E+3	1.045387E+7
1.551997E+3	9.542578E+6
1.552207E+3	1.012923E+7
1.552415E+3	9.712534E+6
1.552622E+3	9.816374E+6
1.552831E+3	9.035628E+6
1.553042E+3	9.633133E+6
1.553250E+3	8.764270E+6
1.553460E+3	9.409705E+6
1.553667E+3	1.054243E+7
1.553877E+3	1.126556E+7
1.554084E+3	1.182203E+7
1.554292E+3	1.126805E+7
1.554502E+3	1.934000E+7
1.554827E+3	1.595371E+7
1.555035E+3	1.655265E+7
1.555246E+3	1.882881E+7
1.555453E+3	1.968013E+7
1.555663E+3	2.040428E+7
1.555874E+3	2.436958E+7
1.556081E+3	3.379475E+7
1.556293E+3	5.090992E+7
1.556502E+3	3.881528E+7
1.556709E+3	3.787184E+7
1.556918E+3	5.900230E+7
1.557127E+3	5.356695E+7
1.557334E+3	6.017452E+7
1.557544E+3	6.497268E+7
1.557752E+3	5.628611E+7
1.557960E+3	5.882286E+7
1.558170E+3	5.756088E+7
1.558378E+3	6.503676E+7
1.558584E+3	6.945744E+7
1.558792E+3	6.996458E+7
1.559002E+3	7.255084E+7
1.559212E+3	7.163060E+7
1.559420E+3	6.039331E+7
1.559628E+3	7.396869E+7
1.559837E+3	8.123715E+7
1.560044E+3	7.467967E+7
1.560253E+3	8.174056E+7
1.560463E+3	7.979604E+7
1.560673E+3	8.742137E+7
1.560882E+3	8.940235E+7
1.561095E+3	8.594898E+7
1.561304E+3	1.023139E+8
1.561512E+3	9.869029E+7
1.561719E+3	1.012933E+8
1.561927E+3	8.862902E+7
1.562136E+3	8.024048E+7
1.562344E+3	8.573956E+7
1.562551E+3	8.713438E+7
1.562758E+3	8.157769E+7
1.562965E+3	9.563928E+7
1.563175E+3	9.305151E+7
1.563383E+3	1.103743E+8
1.563692E+3	1.179378E+8
1.563897E+3	1.194841E+8
1.564102E+3	1.173868E+8
1.564311E+3	1.167892E+8
1.564519E+3	1.324954E+8
1.564908E+3	1.469735E+8
1.565116E+3	1.388935E+8
1.565324E+3	1.479264E+8
1.565534E+3	1.413436E+8
1.565743E+3	1.468620E+8
1.565950E+3	1.447718E+8
1.566160E+3	1.696546E+8
1.566368E+3	1.719968E+8
1.566577E+3	1.601559E+8
1.566784E+3	1.685722E+8
1.566994E+3	1.764547E+8
1.567203E+3	1.852423E+8
1.567411E+3	1.844656E+8
1.567618E+3	2.083290E+8
1.567827E+3	1.774143E+8
1.568032E+3	2.069101E+8
1.568242E+3	2.022602E+8
1.568454E+3	2.363702E+8
1.568663E+3	2.312896E+8
1.568872E+3	2.375641E+8
1.569079E+3	2.427074E+8
1.569288E+3	2.458926E+8
1.569499E+3	2.407070E+8
1.569708E+3	2.459152E+8
1.569917E+3	2.582817E+8
1.570127E+3	2.523957E+8
1.570336E+3	2.452410E+8
1.570544E+3	2.553470E+8
1.570754E+3	2.496628E+8
1.570966E+3	2.494114E+8
1.571178E+3	2.576272E+8
1.571388E+3	2.622760E+8
1.571595E+3	2.748232E+8
1.571803E+3	2.774592E+8
1.572008E+3	2.723636E+8
1.572216E+3	2.754546E+8
1.572424E+3	3.090024E+8
1.572631E+3	3.112397E+8
1.572840E+3	3.302467E+8
1.573049E+3	3.280824E+8
1.573255E+3	3.236005E+8
1.573463E+3	3.213641E+8
1.573672E+3	3.205493E+8
1.573880E+3	3.206620E+8
1.574093E+3	3.452220E+8
1.574302E+3	3.676971E+8
1.574512E+3	3.759133E+8
1.574722E+3	3.646143E+8
1.574929E+3	3.662212E+8
1.575135E+3	3.736112E+8
1.575342E+3	3.714993E+8
1.575553E+3	4.043265E+8
1.575761E+3	4.000372E+8
1.575969E+3	3.884139E+8
1.576180E+3	4.057304E+8
1.576384E+3	4.125706E+8
1.576591E+3	4.367835E+8
1.576802E+3	4.518884E+8
1.577009E+3	3.847920E+8
1.577218E+3	4.089880E+8
1.577426E+3	4.221739E+8
1.577633E+3	4.350944E+8
1.577841E+3	4.457681E+8
1.578049E+3	4.333176E+8
1.578259E+3	4.505102E+8
1.578468E+3	4.730336E+8
1.578676E+3	4.860472E+8
1.578884E+3	4.957891E+8
1.579093E+3	4.821783E+8
1.579302E+3	4.965203E+8
1.579509E+3	4.962270E+8
1.579717E+3	5.226424E+8
1.579925E+3	5.280751E+8
1.580132E+3	5.286760E+8
1.580337E+3	5.494323E+8
1.580543E+3	5.605222E+8
1.580750E+3	5.788222E+8
1.580960E+3	5.928063E+8
1.581167E+3	5.894248E+8
1.581374E+3	6.043158E+8
1.581583E+3	6.081517E+8
1.581794E+3	6.235015E+8
1.582004E+3	6.578217E+8
1.582212E+3	6.699422E+8
1.582420E+3	7.002156E+8
1.582629E+3	7.048903E+8
1.582840E+3	7.140456E+8
1.583046E+3	7.123260E+8
1.583253E+3	7.158959E+8
1.583461E+3	7.113499E+8
1.583673E+3	7.248950E+8
1.583881E+3	7.255408E+8
1.584087E+3	7.505725E+8
1.584299E+3	7.177002E+8
1.584506E+3	7.810945E+8
1.584714E+3	7.811830E+8
1.584921E+3	7.856183E+8
1.585133E+3	7.991500E+8
1.585342E+3	7.955302E+8
1.585550E+3	8.147599E+8
1.585759E+3	8.254166E+8
1.585967E+3	8.576763E+8
1.586179E+3	8.684960E+8
1.586387E+3	8.226265E+8
1.586595E+3	8.520024E+8
1.586803E+3	8.730921E+8
1.587012E+3	8.542661E+8
1.587220E+3	8.847572E+8
1.587424E+3	8.829597E+8
1.587631E+3	8.776969E+8
1.587841E+3	9.138821E+8
1.588050E+3	9.083044E+8
1.588258E+3	9.584015E+8
1.588469E+3	9.489775E+8
1.588677E+3	9.726557E+8
1.588885E+3	9.939449E+8
1.589095E+3	9.698013E+8
1.589304E+3	9.981012E+8
1.589509E+3	9.943576E+8
1.589718E+3	9.923298E+8
1.589928E+3	9.997308E+8
1.590135E+3	1.001703E+9
1.590341E+3	1.022793E+9
1.590550E+3	9.929555E+8
1.590759E+3	1.000691E+9
1.590969E+3	1.049285E+9
1.591180E+3	1.043249E+9
1.591391E+3	1.107913E+9
1.591599E+3	1.096522E+9
1.591809E+3	1.121249E+9
1.592017E+3	1.092725E+9
1.592224E+3	1.142266E+9
1.592433E+3	1.139107E+9
1.592643E+3	1.137819E+9
1.592851E+3	1.132990E+9
1.593058E+3	1.202192E+9
1.593265E+3	1.210386E+9
1.593473E+3	1.173998E+9
1.593681E+3	1.203628E+9
1.593891E+3	1.273060E+9
1.594100E+3	1.269361E+9
1.594309E+3	1.258052E+9
1.594515E+3	1.275957E+9
1.594722E+3	1.267808E+9
1.594929E+3	1.291894E+9
1.595140E+3	1.368248E+9
1.595348E+3	1.398422E+9
1.595559E+3	1.413489E+9
1.595767E+3	1.433021E+9
1.595979E+3	1.419701E+9
1.596189E+3	1.438831E+9
1.596397E+3	1.446556E+9
1.596605E+3	1.470682E+9
1.596814E+3	9.900000E+37
1.597022E+3	9.900000E+37
1.597229E+3	1.488043E+9
1.597433E+3	1.490968E+9
1.597644E+3	1.486464E+9
1.597851E+3	9.900000E+37
1.598059E+3	9.900000E+37
1.598269E+3	9.900000E+37
1.598477E+3	9.900000E+37
1.598684E+3	9.900000E+37
1.598892E+3	9.900000E+37
1.599101E+3	9.900000E+37
1.599309E+3	9.900000E+37
1.599516E+3	9.900000E+37
1.599724E+3	9.900000E+37
1.599935E+3	9.900000E+37
1.600141E+3	9.900000E+37
1.600348E+3	9.900000E+37
1.600557E+3	9.900000E+37
1.600765E+3	9.900000E+37
1.600974E+3	9.900000E+37
1.601182E+3	9.900000E+37
1.601389E+3	9.900000E+37
1.601598E+3	9.900000E+37
1.601807E+3	9.900000E+37
1.602019E+3	9.900000E+37
1.602228E+3	9.900000E+37
1.602438E+3	9.900000E+37
1.602648E+3	9.900000E+37
1.602858E+3	9.900000E+37
1.603067E+3	9.900000E+37
1.603276E+3	9.900000E+37
1.603484E+3	9.900000E+37
1.603693E+3	9.900000E+37
1.603901E+3	9.900000E+37
1.604109E+3	9.900000E+37
1.604316E+3	9.900000E+37
1.604525E+3	9.900000E+37
1.604733E+3	9.900000E+37
1.604941E+3	9.900000E+37
1.605148E+3	9.900000E+37
1.605357E+3	9.900000E+37
1.605563E+3	9.900000E+37
1.605770E+3	9.900000E+37
1.605977E+3	9.900000E+37
1.606183E+3	9.900000E+37
1.606389E+3	9.900000E+37
1.606598E+3	9.900000E+37
1.606806E+3	9.900000E+37
1.607014E+3	9.900000E+37
1.607221E+3	9.900000E+37
1.607427E+3	9.900000E+37
1.607632E+3	9.900000E+37
1.607841E+3	9.900000E+37
1.608045E+3	9.900000E+37
1.608255E+3	9.900000E+37
1.608464E+3	9.900000E+37
1.608671E+3	9.900000E+37
1.608879E+3	9.900000E+37
1.609087E+3	9.900000E+37
1.609300E+3	9.900000E+37
1.609506E+3	9.900000E+37
1.609717E+3	9.900000E+37
1.609923E+3	9.900000E+37
1.610132E+3	9.900000E+37
1.610340E+3	9.900000E+37
1.610550E+3	9.900000E+37
1.610760E+3	9.900000E+37
1.610964E+3	9.900000E+37
1.611173E+3	9.900000E+37
1.611377E+3	9.900000E+37
1.611585E+3	9.900000E+37
1.611795E+3	9.900000E+37
1.612007E+3	9.900000E+37
1.612217E+3	9.900000E+37
1.612425E+3	9.900000E+37
1.612633E+3	9.900000E+37
1.612845E+3	9.900000E+37
1.613054E+3	9.900000E+37
1.613263E+3	9.900000E+37
1.613473E+3	9.900000E+37
1.613682E+3	9.900000E+37
1.613887E+3	9.900000E+37
1.614095E+3	9.900000E+37
1.614304E+3	9.900000E+37
1.614513E+3	9.900000E+37
1.614717E+3	9.900000E+37
1.614927E+3	9.900000E+37
1.615137E+3	9.900000E+37
1.615348E+3	9.900000E+37
1.615557E+3	9.900000E+37
1.615762E+3	9.900000E+37
1.615971E+3	9.900000E+37
1.616178E+3	9.900000E+37
1.616383E+3	9.900000E+37
1.616594E+3	9.900000E+37
1.616803E+3	9.900000E+37
1.617012E+3	9.900000E+37
1.617215E+3	9.900000E+37
1.617426E+3	9.900000E+37
1.617628E+3	9.900000E+37
1.617836E+3	9.900000E+37
1.618043E+3	9.900000E+37
1.618248E+3	9.900000E+37
1.618459E+3	9.900000E+37
1.618666E+3	9.900000E+37
1.618876E+3	9.900000E+37
1.619085E+3	9.900000E+37
1.619292E+3	9.900000E+37
1.619497E+3	9.900000E+37
1.619707E+3	9.900000E+37
1.619915E+3	9.900000E+37
1.620124E+3	9.900000E+37
1.620333E+3	9.900000E+37
1.620543E+3	9.900000E+37
1.620753E+3	9.900000E+37
1.620962E+3	9.900000E+37
1.621171E+3	9.900000E+37
1.621377E+3	9.900000E+37
1.621585E+3	9.900000E+37
1.621793E+3	9.900000E+37
1.622001E+3	9.900000E+37
1.622210E+3	9.900000E+37
1.622422E+3	9.900000E+37
1.622631E+3	9.900000E+37
1.622839E+3	9.900000E+37
1.623049E+3	9.900000E+37
1.623259E+3	9.900000E+37
1.623469E+3	9.900000E+37
1.623677E+3	9.900000E+37
1.623885E+3	9.900000E+37
1.624094E+3	9.900000E+37
1.624303E+3	9.900000E+37
1.624514E+3	9.900000E+37
1.624721E+3	9.900000E+37
1.624933E+3	9.900000E+37
1.625141E+3	9.900000E+37
1.625349E+3	9.900000E+37
1.625560E+3	9.900000E+37
1.625767E+3	9.900000E+37
1.625977E+3	9.900000E+37
1.626185E+3	9.900000E+37
1.626395E+3	9.900000E+37
1.626606E+3	9.900000E+37
1.626813E+3	9.900000E+37
1.627024E+3	9.900000E+37
1.627233E+3	9.900000E+37
1.627441E+3	9.900000E+37
1.627652E+3	9.900000E+37
1.627862E+3	9.900000E+37
1.628072E+3	9.900000E+37
1.628279E+3	9.900000E+37
1.628489E+3	9.900000E+37
1.628695E+3	9.900000E+37
1.628903E+3	9.900000E+37
1.629114E+3	9.900000E+37
1.629324E+3	9.900000E+37
1.629536E+3	9.900000E+37
1.629744E+3	9.900000E+37
1.629951E+3	9.900000E+37
1.630160E+3	9.900000E+37
1.630367E+3	9.900000E+37
1.630574E+3	9.900000E+37
1.630783E+3	9.900000E+37
1.630991E+3	9.900000E+37
1.631201E+3	9.900000E+37
1.631408E+3	9.900000E+37
1.631619E+3	9.900000E+37
1.631828E+3	9.900000E+37
1.632036E+3	9.900000E+37
1.632243E+3	9.900000E+37
1.632451E+3	9.900000E+37
1.632662E+3	9.900000E+37
1.632869E+3	9.900000E+37
1.633076E+3	9.900000E+37
1.633287E+3	9.900000E+37
1.633497E+3	9.900000E+37
1.633705E+3	9.900000E+37
1.633915E+3	9.900000E+37
1.634126E+3	9.900000E+37
1.634333E+3	9.900000E+37
1.634543E+3	9.900000E+37
1.634750E+3	9.900000E+37
1.634959E+3	9.900000E+37
1.635166E+3	9.900000E+37
1.635376E+3	9.900000E+37
1.635585E+3	9.900000E+37
1.635792E+3	9.900000E+37
1.636001E+3	9.900000E+37
1.636210E+3	9.900000E+37
1.636418E+3	9.900000E+37
1.636627E+3	9.900000E+37
1.636838E+3	9.900000E+37
1.637045E+3	9.900000E+37
1.637251E+3	9.900000E+37
1.637460E+3	9.900000E+37
1.637669E+3	9.900000E+37
1.637874E+3	9.900000E+37
1.638082E+3	9.900000E+37
1.638296E+3	9.900000E+37
1.638504E+3	9.900000E+37
1.638713E+3	9.900000E+37
1.638924E+3	9.900000E+37
1.639132E+3	9.900000E+37
1.639340E+3	9.900000E+37
1.639547E+3	9.900000E+37
1.639755E+3	9.900000E+37
1.639966E+3	9.900000E+37
1.640172E+3	9.900000E+37
1.640379E+3	9.900000E+37
1.640590E+3	9.900000E+37
1.640799E+3	9.900000E+37
1.641007E+3	9.900000E+37
1.641217E+3	9.900000E+37
1.641425E+3	9.900000E+37
1.641634E+3	9.900000E+37
1.641842E+3	9.900000E+37
1.642054E+3	9.900000E+37
1.642262E+3	9.900000E+37
1.642470E+3	9.900000E+37
1.642678E+3	9.900000E+37
1.642888E+3	9.900000E+37
1.643098E+3	9.900000E+37
1.643308E+3	9.900000E+37
1.643516E+3	9.900000E+37
1.643726E+3	9.900000E+37
1.643936E+3	9.900000E+37
1.644145E+3	9.900000E+37
1.644353E+3	9.900000E+37
1.644565E+3	9.900000E+37
1.644773E+3	9.900000E+37
1.644981E+3	9.900000E+37
1.645188E+3	9.900000E+37
1.645398E+3	9.900000E+37
1.645605E+3	9.900000E+37
1.645815E+3	9.900000E+37
1.646025E+3	9.900000E+37
1.646236E+3	9.900000E+37
1.646446E+3	9.900000E+37
1.646655E+3	9.900000E+37
1.646862E+3	9.900000E+37
1.647071E+3	9.900000E+37
1.647278E+3	9.900000E+37
1.647486E+3	9.900000E+37
1.647698E+3	9.900000E+37
1.647908E+3	9.900000E+37
1.648116E+3	9.900000E+37
1.648322E+3	9.900000E+37
1.648533E+3	9.900000E+37
1.648742E+3	9.900000E+37
1.648950E+3	9.900000E+37
1.649158E+3	9.900000E+37
1.649368E+3	9.900000E+37
1.649576E+3	9.900000E+37
1.649786E+3	9.900000E+37
1.649991E+3	9.900000E+37
1.650198E+3	9.900000E+37
1.650405E+3	9.900000E+37
1.650613E+3	9.900000E+37
1.650822E+3	9.900000E+37
1.651030E+3	9.900000E+37
1.651237E+3	9.900000E+37
1.651445E+3	9.900000E+37
1.651654E+3	9.900000E+37
1.651863E+3	9.900000E+37
1.652069E+3	9.900000E+37
1.652278E+3	9.900000E+37
1.652488E+3	9.900000E+37
1.652699E+3	9.900000E+37
1.652911E+3	9.900000E+37
1.653120E+3	9.900000E+37
1.653329E+3	9.900000E+37
1.653536E+3	9.900000E+37
1.653748E+3	9.900000E+37
1.653958E+3	9.900000E+37
1.654167E+3	9.900000E+37
1.654377E+3	9.900000E+37
1.654584E+3	9.900000E+37
1.654793E+3	9.900000E+37
1.655000E+3	9.900000E+37
1.655208E+3	9.900000E+37
1.655416E+3	9.900000E+37
1.655624E+3	9.900000E+37
1.655832E+3	9.900000E+37
1.656039E+3	9.900000E+37
1.656248E+3	9.900000E+37
1.656455E+3	9.900000E+37
1.656663E+3	9.900000E+37
1.656873E+3	9.900000E+37
1.657083E+3	9.900000E+37
1.657291E+3	9.900000E+37
1.657499E+3	9.900000E+37
1.657710E+3	9.900000E+37
1.657919E+3	9.900000E+37
1.658124E+3	9.900000E+37
1.658331E+3	9.900000E+37
1.658537E+3	9.900000E+37
1.658749E+3	9.900000E+37
1.658958E+3	9.900000E+37
1.659167E+3	9.900000E+37
1.659377E+3	9.900000E+37
1.659587E+3	9.900000E+37
1.659791E+3	9.900000E+37
1.660000E+3	9.900000E+37
1.660211E+3	9.900000E+37
1.660418E+3	9.900000E+37
1.660627E+3	9.900000E+37
1.660836E+3	9.900000E+37
1.661043E+3	9.900000E+37
1.661250E+3	9.900000E+37
1.661460E+3	9.900000E+37
1.661669E+3	9.900000E+37
1.661878E+3	9.900000E+37
1.662090E+3	9.900000E+37
1.662299E+3	9.900000E+37
1.662506E+3	9.900000E+37
1.662716E+3	9.900000E+37
1.662922E+3	9.900000E+37
1.663131E+3	9.900000E+37
1.663339E+3	9.900000E+37
1.663546E+3	9.900000E+37
1.663754E+3	9.900000E+37
1.663960E+3	9.900000E+37
1.664166E+3	9.900000E+37
1.664376E+3	9.900000E+37
1.664583E+3	9.900000E+37
1.664791E+3	9.900000E+37
1.664999E+3	9.900000E+37
1.665209E+3	9.900000E+37
1.665418E+3	9.900000E+37
1.665625E+3	9.900000E+37
1.665834E+3	9.900000E+37
1.666044E+3	9.900000E+37
1.666255E+3	9.900000E+37
1.666465E+3	9.900000E+37
1.666675E+3	9.900000E+37
1.666886E+3	9.900000E+37
1.667094E+3	9.900000E+37
1.667303E+3	9.900000E+37
1.667512E+3	9.900000E+37
1.667719E+3	9.900000E+37
1.667928E+3	9.900000E+37
1.668137E+3	9.900000E+37
1.668346E+3	9.900000E+37
1.668557E+3	9.900000E+37
1.668765E+3	9.900000E+37
1.668975E+3	9.900000E+37
1.669184E+3	9.900000E+37
1.669390E+3	9.900000E+37
1.669595E+3	9.900000E+37
1.669804E+3	9.900000E+37
1.670013E+3	9.900000E+37
1.670222E+3	9.900000E+37
1.670430E+3	9.900000E+37
1.670642E+3	9.900000E+37
1.670850E+3	9.900000E+37
1.671059E+3	9.900000E+37
1.671269E+3	9.900000E+37
1.671477E+3	9.900000E+37
1.671684E+3	9.900000E+37
1.671891E+3	9.900000E+37
1.672097E+3	9.900000E+37
1.672305E+3	9.900000E+37
1.672514E+3	9.900000E+37
1.672721E+3	9.900000E+37
1.672930E+3	9.900000E+37
1.673138E+3	9.900000E+37
1.673347E+3	9.900000E+37
1.673557E+3	9.900000E+37
1.673766E+3	9.900000E+37
1.673975E+3	9.900000E+37
1.674184E+3	9.900000E+37
1.674394E+3	9.900000E+37
1.674602E+3	9.900000E+37
1.674813E+3	9.900000E+37
1.675021E+3	9.900000E+37
1.675231E+3	9.900000E+37
1.675443E+3	9.900000E+37
1.675653E+3	9.900000E+37
1.675860E+3	9.900000E+37
1.676067E+3	9.900000E+37
1.676275E+3	9.900000E+37
1.676484E+3	9.900000E+37
1.676693E+3	9.900000E+37
1.676903E+3	9.900000E+37
1.677112E+3	9.900000E+37
1.677322E+3	9.900000E+37
1.677534E+3	9.900000E+37
1.677741E+3	9.900000E+37
1.677948E+3	9.900000E+37
1.678156E+3	9.900000E+37
1.678364E+3	9.900000E+37
1.678573E+3	9.900000E+37
1.678783E+3	9.900000E+37
1.678991E+3	9.900000E+37
1.679201E+3	9.900000E+37
1.679409E+3	9.900000E+37
1.679618E+3	9.900000E+37
1.679829E+3	9.900000E+37
1.680039E+3	9.900000E+37
1.680248E+3	9.900000E+37
1.680455E+3	9.900000E+37
1.680663E+3	9.900000E+37
1.680875E+3	9.900000E+37
1.681083E+3	9.900000E+37
1.681293E+3	9.900000E+37
1.681505E+3	9.900000E+37
1.681713E+3	9.900000E+37
1.681919E+3	9.900000E+37
1.682127E+3	9.900000E+37
1.682336E+3	9.900000E+37
1.682542E+3	9.900000E+37
1.682751E+3	9.900000E+37
1.682960E+3	9.900000E+37
1.683167E+3	9.900000E+37
1.683377E+3	9.900000E+37
1.683586E+3	9.900000E+37
1.683795E+3	9.900000E+37
1.684004E+3	9.900000E+37
1.684216E+3	9.900000E+37
1.684427E+3	9.900000E+37
1.684635E+3	9.900000E+37
1.684846E+3	9.900000E+37
1.685053E+3	9.900000E+37
1.685261E+3	9.900000E+37
1.685468E+3	9.900000E+37
1.685677E+3	9.900000E+37
