0.000000E+0	4.226631E+2
6.730032E-2	4.226651E+2
1.335897E-1	4.226658E+2
2.048836E-1	4.226678E+2
2.706938E-1	4.226693E+2
3.385353E-1	4.226700E+2
4.063969E-1	4.226712E+2
4.710026E-1	4.226729E+2
5.391011E-1	4.226727E+2
6.076064E-1	4.226751E+2
6.749673E-1	4.226766E+2
7.438083E-1	4.226779E+2
8.120947E-1	4.226786E+2
8.793850E-1	4.226789E+2
9.476795E-1	4.226811E+2
1.016909E+0	4.226822E+2
1.085241E+0	4.226828E+2
1.152033E+0	4.226844E+2
1.218718E+0	4.226847E+2
1.284364E+0	4.226861E+2
1.353444E+0	4.226857E+2
1.423173E+0	4.226879E+2
1.490803E+0	4.226893E+2
1.559044E+0	4.226909E+2
1.629757E+0	4.226894E+2
1.707991E+0	4.226925E+2
1.779624E+0	4.226935E+2
1.850209E+0	4.226937E+2
1.917584E+0	4.226957E+2
1.984461E+0	4.226962E+2
2.049167E+0	4.226977E+2
2.116833E+0	4.226986E+2
2.184009E+0	4.226991E+2
2.252784E+0	4.227005E+2
2.321749E+0	4.227007E+2
2.391306E+0	0.000000E+0
2.458450E+0	4.227035E+2
2.526299E+0	4.227034E+2
2.594962E+0	4.227071E+2
2.661884E+0	4.227066E+2
2.731291E+0	4.227078E+2
2.798153E+0	4.227093E+2
2.866162E+0	4.227097E+2
2.935202E+0	4.227108E+2
3.000826E+0	4.227124E+2
3.071855E+0	4.227145E+2
3.140980E+0	4.227155E+2
3.209758E+0	4.227164E+2
3.278565E+0	4.227186E+2
3.345623E+0	4.227198E+2
3.414070E+0	4.227211E+2
3.481699E+0	4.227218E+2
3.552419E+0	4.227218E+2
3.618972E+0	4.227234E+2
3.687208E+0	4.227244E+2
3.753062E+0	4.227249E+2
3.822964E+0	4.227257E+2
3.889060E+0	4.227270E+2
3.956738E+0	4.227278E+2
4.025694E+0	4.227285E+2
4.091544E+0	4.227304E+2
4.159336E+0	4.227306E+2
4.229329E+0	4.227308E+2
4.299759E+0	4.227314E+2
4.367897E+0	4.227336E+2
4.436281E+0	4.227341E+2
4.504094E+0	4.227373E+2
4.570807E+0	4.227365E+2
4.638543E+0	4.227368E+2
4.704980E+0	4.227388E+2
4.774932E+0	4.227390E+2
4.843715E+0	4.227390E+2
4.910450E+0	4.227395E+2
4.980860E+0	4.227403E+2
5.048296E+0	4.227416E+2
5.118590E+0	4.227420E+2
5.190001E+0	4.227419E+2
5.260495E+0	4.227434E+2
5.328110E+0	4.227427E+2
5.395520E+0	4.227441E+2
5.465612E+0	4.227454E+2
5.534251E+0	4.227468E+2
5.602678E+0	4.227468E+2
5.667410E+0	4.227468E+2
5.735389E+0	4.227478E+2
5.807230E+0	4.227486E+2
5.873980E+0	4.227494E+2
5.944726E+0	4.227516E+2
6.015800E+0	4.227506E+2
6.085312E+0	4.227526E+2
6.151794E+0	4.227529E+2
6.216628E+0	4.227532E+2
6.282819E+0	4.227555E+2
6.350957E+0	4.227554E+2
6.420238E+0	4.227556E+2
6.485607E+0	4.227563E+2
6.558318E+0	4.227564E+2
6.622872E+0	4.227572E+2
6.697372E+0	4.227583E+2
6.767443E+0	4.227589E+2
6.838830E+0	4.227600E+2
6.906296E+0	4.227601E+2
6.974195E+0	4.227612E+2
7.041756E+0	4.227619E+2
7.110367E+0	4.227619E+2
7.177361E+0	4.227619E+2
7.245115E+0	4.227632E+2
7.313838E+0	4.227640E+2
7.385443E+0	4.227639E+2
7.452394E+0	4.227650E+2
7.519379E+0	4.227660E+2
7.584087E+0	4.227661E+2
7.652978E+0	4.227662E+2
7.722985E+0	4.227685E+2
7.790571E+0	4.227693E+2
7.857460E+0	4.227697E+2
7.927500E+0	4.227711E+2
7.993876E+0	4.227710E+2
8.063750E+0	4.227714E+2
8.131930E+0	4.227722E+2
8.201864E+0	4.227740E+2
8.269298E+0	4.227746E+2
8.336302E+0	4.227751E+2
8.403119E+0	4.227745E+2
8.470403E+0	4.227764E+2
8.537411E+0	4.227767E+2
8.605646E+0	4.227777E+2
8.675582E+0	4.227783E+2
8.743628E+0	4.227787E+2
8.815039E+0	4.227808E+2
8.883813E+0	4.227804E+2
8.952690E+0	4.227816E+2
9.020523E+0	4.227819E+2
9.085062E+0	4.227817E+2
9.150401E+0	4.227828E+2
9.220866E+0	4.227842E+2
9.291840E+0	4.227849E+2
9.360136E+0	4.227860E+2
9.430063E+0	4.227862E+2
9.501402E+0	4.227866E+2
9.570144E+0	4.227872E+2
9.638047E+0	4.227870E+2
9.706080E+0	4.227888E+2
9.772835E+0	4.227885E+2
9.840364E+0	4.227899E+2
9.906391E+0	4.227907E+2
9.976217E+0	4.227904E+2
1.004374E+1	4.227924E+2
1.011279E+1	4.227925E+2
1.018263E+1	4.227934E+2
1.024953E+1	4.227937E+2
1.031524E+1	4.227946E+2
1.038270E+1	4.227937E+2
1.044798E+1	4.227951E+2
1.051582E+1	4.227964E+2
1.058484E+1	4.227965E+2
1.065373E+1	4.227970E+2
1.072292E+1	4.227970E+2
1.079057E+1	4.227981E+2
1.086255E+1	4.227993E+2
1.093357E+1	4.228003E+2
1.100358E+1	4.228003E+2
1.107064E+1	4.227996E+2
1.113714E+1	4.228005E+2
1.120436E+1	4.228008E+2
1.127275E+1	4.228020E+2
1.134409E+1	4.228021E+2
1.141113E+1	4.228038E+2
1.147829E+1	4.228033E+2
1.154370E+1	4.228058E+2
1.161187E+1	4.228053E+2
1.168267E+1	4.228066E+2
1.174998E+1	4.228061E+2
1.181870E+1	4.228078E+2
1.188506E+1	4.228085E+2
1.195112E+1	4.228081E+2
1.202117E+1	4.228094E+2
1.208974E+1	4.228105E+2
1.215525E+1	4.228115E+2
1.222449E+1	4.228107E+2
1.229134E+1	4.228118E+2
1.235883E+1	4.228118E+2
1.242488E+1	4.228121E+2
1.249135E+1	4.228146E+2
1.255884E+1	4.228126E+2
1.262496E+1	4.228142E+2
1.269006E+1	4.228150E+2
1.275910E+1	4.228147E+2
1.282989E+1	4.228155E+2
1.289788E+1	4.228180E+2
1.296671E+1	4.228173E+2
1.303261E+1	4.228192E+2
1.309867E+1	4.228179E+2
1.316762E+1	4.228200E+2
1.323817E+1	4.228199E+2
1.330866E+1	4.228217E+2
1.337548E+1	4.228214E+2
1.344472E+1	4.228221E+2
1.351281E+1	4.228228E+2
1.358029E+1	4.228238E+2
1.364701E+1	4.228234E+2
1.371463E+1	4.228241E+2
1.378201E+1	4.228246E+2
1.384901E+1	0.000000E+0
1.391547E+1	4.228263E+2
1.398454E+1	4.228267E+2
1.404933E+1	4.228266E+2
1.412105E+1	4.228279E+2
1.418905E+1	4.228274E+2
1.425601E+1	4.228280E+2
1.432480E+1	4.228279E+2
1.439185E+1	4.228292E+2
1.446053E+1	4.228281E+2
1.453061E+1	4.228293E+2
1.459855E+1	4.228295E+2
1.467205E+1	4.228306E+2
1.474080E+1	4.228304E+2
1.480626E+1	4.228298E+2
1.487593E+1	4.228319E+2
1.494308E+1	4.228318E+2
1.500977E+1	4.228314E+2
1.507694E+1	4.228324E+2
1.514488E+1	4.228332E+2
1.520994E+1	4.228337E+2
1.528024E+1	4.228349E+2
1.534713E+1	4.228337E+2
1.541949E+1	4.228338E+2
1.548657E+1	4.228342E+2
1.555307E+1	4.228354E+2
1.562475E+1	4.228359E+2
1.569353E+1	4.228368E+2
1.576030E+1	4.228368E+2
1.582958E+1	4.228373E+2
1.589676E+1	4.228370E+2
1.596443E+1	4.228381E+2
1.603313E+1	4.228366E+2
1.610137E+1	4.228388E+2
1.616942E+1	4.228380E+2
1.623855E+1	4.228392E+2
1.630565E+1	4.228396E+2
1.637417E+1	4.228401E+2
1.644168E+1	4.228419E+2
1.650581E+1	4.228408E+2
1.657404E+1	4.228413E+2
1.664094E+1	4.228421E+2
1.670730E+1	4.228421E+2
1.677625E+1	4.228433E+2
1.684415E+1	4.228424E+2
1.691192E+1	4.228423E+2
1.697880E+1	4.228429E+2
1.704625E+1	4.228425E+2
1.711531E+1	4.228439E+2
1.718383E+1	4.228450E+2
1.725163E+1	4.228438E+2
1.732010E+1	4.228444E+2
1.738979E+1	4.228444E+2
1.745641E+1	4.228437E+2
1.752375E+1	4.228433E+2
1.759225E+1	4.228431E+2
1.765920E+1	4.228453E+2
1.772540E+1	4.228430E+2
1.779247E+1	4.228446E+2
1.786113E+1	4.228452E+2
1.792912E+1	4.228448E+2
1.799830E+1	4.228464E+2
1.807091E+1	0.000000E+0
1.814109E+1	4.228462E+2
1.821065E+1	4.228460E+2
1.827657E+1	4.228460E+2
1.834478E+1	4.228472E+2
1.841112E+1	4.228480E+2
1.847598E+1	4.228481E+2
1.854512E+1	4.228475E+2
1.861299E+1	4.228483E+2
1.868182E+1	4.228489E+2
1.875130E+1	4.228500E+2
1.881986E+1	4.228484E+2
1.889001E+1	4.228502E+2
1.895577E+1	4.228501E+2
1.902329E+1	4.228512E+2
1.909415E+1	4.228508E+2
1.915980E+1	4.228522E+2
1.922470E+1	4.228508E+2
1.929387E+1	4.228528E+2
1.936112E+1	4.228513E+2
1.943146E+1	4.228526E+2
1.949861E+1	4.228528E+2
1.956469E+1	4.228537E+2
1.963556E+1	4.228544E+2
1.970288E+1	4.228534E+2
1.977130E+1	4.228551E+2
1.983957E+1	4.228545E+2
1.990653E+1	4.228554E+2
1.997788E+1	4.228554E+2
2.004577E+1	4.228556E+2
2.011237E+1	4.228566E+2
2.018366E+1	4.228570E+2
2.025211E+1	4.228586E+2
2.032188E+1	4.228579E+2
2.039064E+1	4.228575E+2
2.045847E+1	4.228573E+2
2.052466E+1	4.228579E+2
2.059166E+1	4.228579E+2
2.065766E+1	4.228580E+2
2.072649E+1	4.228579E+2
2.079481E+1	4.228595E+2
2.086685E+1	4.228598E+2
2.093805E+1	4.228603E+2
2.100623E+1	4.228605E+2
2.107268E+1	4.228607E+2
2.113712E+1	4.228613E+2
2.120466E+1	4.228610E+2
2.127132E+1	4.228608E+2
2.133615E+1	4.228609E+2
2.140900E+1	4.228617E+2
2.147692E+1	4.228628E+2
2.154316E+1	4.228629E+2
2.160811E+1	4.228634E+2
2.167855E+1	4.228626E+2
2.174639E+1	4.228660E+2
2.181655E+1	4.228669E+2
2.188327E+1	4.228681E+2
2.194925E+1	4.228683E+2
2.201745E+1	4.228672E+2
2.208505E+1	4.228687E+2
2.215324E+1	4.228673E+2
2.221840E+1	4.228681E+2
2.228719E+1	4.228692E+2
2.235606E+1	4.228685E+2
2.242418E+1	4.228686E+2
2.249160E+1	4.228687E+2
2.256114E+1	4.228688E+2
2.263090E+1	4.228690E+2
2.270287E+1	4.228689E+2
2.277310E+1	4.228685E+2
2.284076E+1	4.228681E+2
2.290793E+1	4.228690E+2
2.297543E+1	4.228683E+2
2.304348E+1	4.228690E+2
2.311021E+1	4.228687E+2
2.317878E+1	4.228696E+2
2.324788E+1	4.228698E+2
2.331672E+1	4.228717E+2
2.338627E+1	4.228727E+2
2.345376E+1	4.228726E+2
2.352127E+1	4.228720E+2
2.359014E+1	4.228732E+2
2.366246E+1	4.228721E+2
2.373003E+1	4.228731E+2
2.380019E+1	4.228723E+2
2.386782E+1	4.228727E+2
2.393721E+1	4.228726E+2
2.400380E+1	4.228721E+2
2.406882E+1	4.228724E+2
2.413901E+1	4.228733E+2
2.420391E+1	4.228727E+2
2.427350E+1	4.228723E+2
2.433922E+1	4.228736E+2
2.440574E+1	4.228734E+2
2.447080E+1	4.228740E+2
2.453833E+1	4.228737E+2
2.460587E+1	4.228732E+2
2.467151E+1	4.228729E+2
2.473996E+1	4.228740E+2
2.480692E+1	4.228741E+2
2.487547E+1	4.228747E+2
2.494225E+1	4.228746E+2
2.500568E+1	4.228738E+2
2.506998E+1	4.228748E+2
2.513417E+1	4.228744E+2
2.520116E+1	4.228744E+2
2.526816E+1	4.228813E+2
2.533270E+1	4.228855E+2
2.539772E+1	4.228907E+2
2.546674E+1	4.228915E+2
2.553350E+1	4.228971E+2
2.559719E+1	4.229000E+2
2.566272E+1	4.229048E+2
2.573231E+1	4.229107E+2
2.579884E+1	4.229146E+2
2.586788E+1	4.229152E+2
2.593388E+1	4.229266E+2
2.600159E+1	4.229357E+2
2.606671E+1	4.229436E+2
2.613244E+1	4.229401E+2
2.620060E+1	4.229429E+2
2.626982E+1	4.229442E+2
2.633824E+1	4.229431E+2
2.640978E+1	4.229431E+2
2.647807E+1	4.229445E+2
2.654344E+1	4.229455E+2
2.660955E+1	4.229466E+2
2.667556E+1	4.229503E+2
2.674213E+1	4.229538E+2
2.680738E+1	4.229574E+2
2.687462E+1	4.229585E+2
2.694277E+1	4.229593E+2
2.700928E+1	4.229587E+2
2.707777E+1	4.229600E+2
2.714517E+1	4.229619E+2
2.721068E+1	4.229641E+2
2.727669E+1	4.229638E+2
2.734422E+1	4.229627E+2
2.741120E+1	4.229667E+2
2.748131E+1	4.229712E+2
2.754828E+1	4.229717E+2
2.762031E+1	4.229709E+2
2.768811E+1	4.229704E+2
2.775485E+1	4.229708E+2
2.782056E+1	4.229725E+2
2.788502E+1	4.229713E+2
2.795097E+1	4.229739E+2
2.801778E+1	4.229749E+2
2.808780E+1	4.229766E+2
2.815632E+1	4.229759E+2
2.822325E+1	4.229829E+2
2.828860E+1	4.229889E+2
2.835571E+1	4.229908E+2
2.842161E+1	4.229921E+2
2.849012E+1	4.229916E+2
2.855466E+1	4.229912E+2
2.862122E+1	4.229926E+2
2.868844E+1	4.229936E+2
2.875618E+1	4.229953E+2
2.882462E+1	4.230013E+2
2.889080E+1	4.230050E+2
2.895708E+1	4.230069E+2
2.902284E+1	4.230097E+2
2.908983E+1	4.230108E+2
2.915700E+1	4.230125E+2
2.922614E+1	4.230139E+2
2.929144E+1	4.230133E+2
2.936234E+1	4.230142E+2
2.943026E+1	4.230170E+2
2.949720E+1	4.230195E+2
2.956274E+1	4.230199E+2
2.963054E+1	4.230212E+2
2.969767E+1	4.230225E+2
2.976236E+1	4.230254E+2
2.982943E+1	4.230264E+2
2.989450E+1	4.230276E+2
2.996332E+1	4.230305E+2
3.003193E+1	4.230324E+2
3.009989E+1	4.230347E+2
3.016629E+1	4.230348E+2
3.023420E+1	4.230340E+2
3.030287E+1	4.230348E+2
3.036936E+1	4.230336E+2
3.043824E+1	4.230322E+2
3.050602E+1	4.230322E+2
3.057664E+1	4.230314E+2
3.064260E+1	4.230328E+2
3.070702E+1	4.230311E+2
3.077506E+1	4.230313E+2
3.084190E+1	4.230313E+2
3.090862E+1	4.230326E+2
3.097807E+1	4.230337E+2
3.104471E+1	4.230349E+2
3.111551E+1	4.230394E+2
3.118356E+1	4.230404E+2
3.125039E+1	4.230419E+2
3.131812E+1	4.230425E+2
3.138319E+1	4.230418E+2
3.144964E+1	4.230434E+2
3.151547E+1	4.230452E+2
3.158318E+1	4.230437E+2
3.165127E+1	4.230431E+2
3.172180E+1	4.230425E+2
3.178662E+1	4.230404E+2
3.185488E+1	4.230418E+2
3.192416E+1	4.230428E+2
3.199030E+1	4.230415E+2
3.205861E+1	4.230416E+2
3.213066E+1	4.230413E+2
3.219640E+1	4.230398E+2
3.226413E+1	4.230393E+2
3.233602E+1	4.230379E+2
3.240342E+1	4.230367E+2
3.247495E+1	4.230373E+2
3.254483E+1	4.230363E+2
3.261055E+1	4.230363E+2
3.267901E+1	4.230372E+2
3.274599E+1	4.230366E+2
3.281169E+1	4.230387E+2
3.287932E+1	4.230397E+2
3.294911E+1	4.230399E+2
3.301892E+1	4.230393E+2
3.308454E+1	4.230393E+2
3.315453E+1	4.230407E+2
3.322422E+1	4.230388E+2
3.329167E+1	4.230393E+2
3.335769E+1	4.230405E+2
3.342432E+1	4.230387E+2
3.349041E+1	4.230381E+2
3.355768E+1	4.230398E+2
3.362509E+1	4.230399E+2
3.369438E+1	4.230376E+2
3.376161E+1	4.230359E+2
3.383208E+1	4.230366E+2
3.389994E+1	4.230361E+2
3.396910E+1	4.230380E+2
3.403594E+1	4.230375E+2
3.410431E+1	4.230366E+2
3.417208E+1	4.230334E+2
3.423927E+1	4.230333E+2
3.431060E+1	4.230323E+2
3.437955E+1	4.230322E+2
3.444844E+1	4.230325E+2
3.451913E+1	4.230310E+2
3.458727E+1	4.230303E+2
3.465147E+1	4.230286E+2
3.472113E+1	4.230272E+2
3.478879E+1	4.230253E+2
3.485448E+1	4.230251E+2
3.491964E+1	4.230220E+2
3.499106E+1	4.230216E+2
3.505706E+1	4.230197E+2
3.512584E+1	4.230180E+2
3.519616E+1	4.230177E+2
3.526422E+1	4.230170E+2
3.533173E+1	4.230192E+2
3.540025E+1	4.230180E+2
3.546788E+1	4.230167E+2
3.553778E+1	4.230179E+2
3.560778E+1	4.230161E+2
3.567676E+1	4.230162E+2
3.574576E+1	4.230160E+2
3.581759E+1	4.230157E+2
3.588497E+1	4.230147E+2
3.595445E+1	4.230149E+2
3.602395E+1	4.230141E+2
3.609080E+1	4.230127E+2
3.615571E+1	4.230117E+2
3.622216E+1	4.230108E+2
3.628760E+1	4.230076E+2
3.635612E+1	4.230071E+2
3.642143E+1	4.230072E+2
3.649339E+1	4.230052E+2
3.656137E+1	4.230039E+2
3.662786E+1	4.230019E+2
3.669401E+1	4.230017E+2
3.676272E+1	4.230017E+2
3.683038E+1	4.230010E+2
3.689538E+1	4.230002E+2
3.696280E+1	4.230011E+2
3.703125E+1	4.230001E+2
3.709526E+1	4.230009E+2
3.716193E+1	4.230007E+2
3.722756E+1	4.229984E+2
3.729278E+1	4.229974E+2
3.736086E+1	4.229986E+2
3.742472E+1	4.229985E+2
3.749365E+1	4.229981E+2
3.756004E+1	4.229984E+2
3.762756E+1	4.229978E+2
3.769667E+1	4.229977E+2
3.776509E+1	4.229983E+2
3.783180E+1	4.229970E+2
3.789763E+1	4.229966E+2
3.796868E+1	4.229980E+2
3.803358E+1	4.229987E+2
3.810003E+1	4.229975E+2
3.816455E+1	4.229979E+2
3.823230E+1	4.229981E+2
3.829866E+1	4.229988E+2
3.836418E+1	4.230004E+2
3.843122E+1	4.230015E+2
3.849592E+1	4.230004E+2
3.856351E+1	4.230026E+2
3.862956E+1	4.230029E+2
3.869675E+1	4.230017E+2
3.876192E+1	4.230034E+2
3.883076E+1	4.230030E+2
3.889903E+1	4.230028E+2
3.896579E+1	4.230024E+2
3.903370E+1	4.230020E+2
3.910059E+1	4.230027E+2
3.916869E+1	4.230015E+2
3.923580E+1	4.229998E+2
3.930526E+1	4.230010E+2
3.937093E+1	4.230004E+2
3.944037E+1	4.229996E+2
3.950737E+1	4.229984E+2
3.957435E+1	4.230003E+2
3.964051E+1	4.230004E+2
3.970856E+1	4.230004E+2
3.977698E+1	4.229998E+2
3.984578E+1	4.229998E+2
3.991183E+1	4.230004E+2
3.998072E+1	4.230000E+2
4.004469E+1	4.229996E+2
4.011328E+1	4.229993E+2
4.018374E+1	4.229982E+2
4.025209E+1	4.230000E+2
4.031752E+1	4.229992E+2
4.038550E+1	4.229980E+2
4.045324E+1	4.229995E+2
4.052045E+1	4.229971E+2
4.058793E+1	4.229983E+2
4.066134E+1	4.229962E+2
4.073147E+1	4.229950E+2
4.079890E+1	4.229929E+2
4.086860E+1	4.229920E+2
4.093649E+1	4.229907E+2
4.100449E+1	4.229902E+2
4.107446E+1	4.229898E+2
4.114205E+1	0.000000E+0
4.120981E+1	4.229882E+2
4.128057E+1	4.229872E+2
4.135145E+1	4.229874E+2
4.141793E+1	4.229845E+2
4.148951E+1	4.229846E+2
4.155641E+1	4.229856E+2
4.162486E+1	4.229851E+2
4.169056E+1	4.229839E+2
4.176025E+1	4.229841E+2
4.182911E+1	4.229820E+2
4.189776E+1	4.229814E+2
4.196661E+1	4.229787E+2
4.203455E+1	4.229773E+2
4.210025E+1	4.229774E+2
4.217016E+1	4.229749E+2
4.224059E+1	4.229734E+2
4.230684E+1	4.229727E+2
4.237232E+1	4.229711E+2
4.244119E+1	4.229681E+2
4.250943E+1	4.229680E+2
4.257841E+1	4.229667E+2
4.264608E+1	4.229677E+2
4.271286E+1	4.229673E+2
4.278210E+1	4.229667E+2
4.284992E+1	4.229651E+2
4.292003E+1	4.229635E+2
4.298799E+1	4.229625E+2
4.305647E+1	4.229619E+2
4.312035E+1	4.229625E+2
4.318975E+1	4.229625E+2
4.325866E+1	4.229609E+2
4.332769E+1	4.229604E+2
4.339752E+1	4.229599E+2
4.346836E+1	4.229593E+2
4.353729E+1	4.229570E+2
4.360889E+1	4.229572E+2
4.367770E+1	4.229550E+2
4.375006E+1	4.229545E+2
4.381935E+1	4.229547E+2
4.388919E+1	4.229543E+2
4.395808E+1	4.229558E+2
4.402667E+1	4.229555E+2
4.409614E+1	4.229567E+2
4.416450E+1	4.229546E+2
4.423331E+1	4.229528E+2
4.430340E+1	4.229508E+2
4.436936E+1	4.229496E+2
4.443916E+1	4.229491E+2
4.450711E+1	4.229485E+2
4.457595E+1	4.229494E+2
4.464083E+1	4.229490E+2
4.470827E+1	4.229492E+2
4.477668E+1	4.229472E+2
4.484340E+1	4.229454E+2
4.491106E+1	4.229442E+2
4.498213E+1	4.229421E+2
4.505465E+1	4.229400E+2
4.512157E+1	4.229380E+2
4.518888E+1	4.229357E+2
4.525542E+1	4.229335E+2
4.532285E+1	4.229353E+2
4.538884E+1	4.229364E+2
4.545542E+1	4.229352E+2
4.552309E+1	4.229362E+2
4.559318E+1	4.229360E+2
4.565883E+1	4.229369E+2
4.572775E+1	4.229356E+2
4.579599E+1	4.229381E+2
4.586624E+1	4.229418E+2
4.593627E+1	4.229407E+2
4.600322E+1	4.229422E+2
4.606899E+1	4.229421E+2
4.613658E+1	4.229425E+2
4.620333E+1	4.229434E+2
4.627118E+1	4.229443E+2
4.633742E+1	4.229433E+2
4.640406E+1	4.229429E+2
4.647451E+1	4.229417E+2
4.654288E+1	4.229404E+2
4.661191E+1	4.229369E+2
4.667901E+1	4.229367E+2
4.674463E+1	4.229353E+2
4.681277E+1	4.229325E+2
4.687963E+1	4.229307E+2
4.694789E+1	4.229290E+2
4.701693E+1	4.229280E+2
4.708657E+1	4.229286E+2
4.715719E+1	4.229265E+2
4.722678E+1	4.229257E+2
4.729376E+1	4.229263E+2
4.735888E+1	4.229230E+2
4.742812E+1	4.229220E+2
4.749406E+1	4.229235E+2
4.756388E+1	4.229213E+2
4.763129E+1	4.229200E+2
4.769829E+1	4.229192E+2
4.776789E+1	4.229175E+2
4.783382E+1	4.229150E+2
4.790411E+1	4.229140E+2
4.797330E+1	4.229119E+2
4.804190E+1	4.229095E+2
4.810881E+1	4.229083E+2
4.817694E+1	4.229065E+2
4.824514E+1	4.229041E+2
4.831432E+1	4.229043E+2
4.838316E+1	4.229049E+2
4.845214E+1	4.229132E+2
4.852042E+1	4.229160E+2
4.858916E+1	4.229182E+2
4.865799E+1	4.229176E+2
4.872693E+1	4.229157E+2
4.879184E+1	4.229121E+2
4.885793E+1	4.229145E+2
4.892711E+1	4.229115E+2
4.899453E+1	4.229015E+2
4.906215E+1	4.228896E+2
4.913579E+1	4.229081E+2
4.920421E+1	4.229073E+2
4.927669E+1	4.229053E+2
4.934489E+1	4.229044E+2
4.941217E+1	4.229034E+2
4.947901E+1	4.229008E+2
4.954629E+1	4.229008E+2
4.961690E+1	4.228986E+2
4.968414E+1	4.228963E+2
4.975149E+1	4.228948E+2
4.981702E+1	4.228945E+2
4.988421E+1	4.228924E+2
4.995206E+1	4.228899E+2
5.002602E+1	4.228878E+2
5.009522E+1	4.228873E+2
5.016246E+1	4.228867E+2
5.022878E+1	4.228835E+2
5.029597E+1	4.228818E+2
5.036419E+1	4.228799E+2
5.043289E+1	4.228784E+2
5.050319E+1	4.228757E+2
5.056944E+1	4.228738E+2
5.064189E+1	4.228719E+2
5.071129E+1	4.228689E+2
5.078059E+1	4.228683E+2
5.085383E+1	4.228657E+2
5.092276E+1	4.228635E+2
5.098925E+1	4.228601E+2
5.105516E+1	4.228582E+2
5.112495E+1	4.228569E+2
5.119289E+1	4.228537E+2
5.126344E+1	4.228531E+2
5.133302E+1	4.228479E+2
5.140223E+1	4.228484E+2
5.147401E+1	4.228481E+2
5.154172E+1	4.228482E+2
5.161284E+1	4.228462E+2
5.167995E+1	4.228507E+2
5.175045E+1	4.228474E+2
5.181791E+1	4.228478E+2
5.188610E+1	4.228472E+2
5.195206E+1	4.228561E+2
5.201895E+1	4.228567E+2
5.208922E+1	4.228545E+2
5.215564E+1	4.228503E+2
5.222374E+1	4.228485E+2
5.229160E+1	4.228468E+2
5.235978E+1	4.228430E+2
5.242618E+1	4.228413E+2
5.249102E+1	4.228391E+2
5.255995E+1	4.228362E+2
5.262581E+1	4.228353E+2
5.269569E+1	4.228337E+2
5.276630E+1	4.228294E+2
5.283552E+1	4.228282E+2
5.290560E+1	4.228267E+2
5.297286E+1	4.228235E+2
5.304221E+1	4.228214E+2
5.310964E+1	4.228180E+2
5.317518E+1	4.228162E+2
5.324346E+1	4.228130E+2
5.331141E+1	4.228097E+2
5.338057E+1	4.228074E+2
5.344825E+1	4.228054E+2
5.351770E+1	4.228032E+2
5.358744E+1	4.228005E+2
5.365609E+1	4.227970E+2
5.372613E+1	4.227960E+2
5.379142E+1	4.227925E+2
5.385743E+1	4.227901E+2
5.392633E+1	4.227870E+2
5.399514E+1	4.227843E+2
5.406442E+1	4.227822E+2
5.413526E+1	4.227792E+2
5.420390E+1	4.227769E+2
5.427376E+1	4.227748E+2
5.433936E+1	4.227730E+2
5.440862E+1	4.227693E+2
5.447684E+1	4.227674E+2
5.454437E+1	4.227647E+2
5.460983E+1	4.227623E+2
5.467793E+1	4.227618E+2
5.474614E+1	4.227571E+2
5.481378E+1	4.227557E+2
5.488133E+1	4.227534E+2
5.494893E+1	4.227505E+2
5.501517E+1	4.227485E+2
5.508247E+1	4.227435E+2
5.514838E+1	4.227385E+2
5.521396E+1	4.227403E+2
5.528259E+1	4.227370E+2
5.535305E+1	4.227355E+2
5.541932E+1	4.227320E+2
5.548901E+1	4.227289E+2
5.555695E+1	4.227266E+2
5.562365E+1	4.227236E+2
5.569176E+1	4.227204E+2
5.575961E+1	4.227195E+2
5.582711E+1	4.227161E+2
5.589280E+1	4.227134E+2
5.596526E+1	4.227107E+2
5.603202E+1	4.227077E+2
5.609883E+1	4.227044E+2
5.616745E+1	4.227025E+2
5.623743E+1	4.227007E+2
5.630409E+1	4.226978E+2
5.637157E+1	4.226961E+2
5.643939E+1	4.226931E+2
5.650405E+1	4.226908E+2
5.657458E+1	4.226890E+2
5.664338E+1	4.226874E+2
5.671131E+1	4.226827E+2
5.677984E+1	4.226809E+2
5.685064E+1	4.226787E+2
5.691883E+1	4.226752E+2
5.698697E+1	4.226726E+2
5.705426E+1	4.226682E+2
5.712590E+1	4.226668E+2
5.719337E+1	4.226665E+2
5.726090E+1	4.226634E+2
5.733118E+1	4.226638E+2
5.739977E+1	4.226601E+2
5.746660E+1	4.226550E+2
5.753957E+1	4.226555E+2
5.760703E+1	4.226524E+2
5.767489E+1	4.226518E+2
5.774055E+1	4.226545E+2
5.780814E+1	4.226441E+2
5.787553E+1	4.226413E+2
5.794212E+1	4.226396E+2
5.801017E+1	4.226358E+2
5.807977E+1	4.226343E+2
5.814591E+1	4.226309E+2
5.821804E+1	4.226279E+2
5.828478E+1	4.226257E+2
5.835295E+1	4.226228E+2
5.841962E+1	4.226205E+2
5.848511E+1	4.226185E+2
5.855172E+1	4.226181E+2
5.861955E+1	4.226112E+2
5.868617E+1	4.226096E+2
5.875461E+1	4.226124E+2
5.882183E+1	4.226079E+2
5.889136E+1	4.226034E+2
5.896040E+1	4.226012E+2
5.902858E+1	4.226001E+2
5.909655E+1	4.225962E+2
5.916507E+1	4.225943E+2
5.923406E+1	4.225917E+2
5.930363E+1	4.225849E+2
5.937373E+1	4.225993E+2
5.944321E+1	4.225939E+2
5.951195E+1	4.225836E+2
5.958390E+1	4.225824E+2
5.964924E+1	4.225786E+2
5.972271E+1	4.225780E+2
5.978902E+1	4.225725E+2
5.985689E+1	4.225736E+2
5.992469E+1	4.225720E+2
5.999063E+1	4.225698E+2
6.005794E+1	4.225665E+2
6.012686E+1	4.225662E+2
6.019551E+1	4.225635E+2
6.026466E+1	4.225612E+2
6.033353E+1	4.225589E+2
6.040099E+1	4.225558E+2
6.046670E+1	4.225561E+2
6.053312E+1	4.225536E+2
6.059861E+1	4.225523E+2
6.066776E+1	4.225480E+2
6.073490E+1	4.225471E+2
6.080534E+1	4.225449E+2
6.087257E+1	4.225424E+2
6.093955E+1	4.225413E+2
6.101065E+1	4.225368E+2
6.107878E+1	4.225365E+2
6.114588E+1	4.225336E+2
6.121520E+1	4.225319E+2
6.128666E+1	4.225288E+2
6.135404E+1	4.225275E+2
6.142198E+1	4.225406E+2
6.149107E+1	4.225202E+2
6.156006E+1	4.225228E+2
6.163192E+1	4.225217E+2
6.170038E+1	4.225196E+2
6.177088E+1	4.225186E+2
6.183738E+1	4.225158E+2
6.190300E+1	4.225146E+2
6.197319E+1	4.225137E+2
6.203923E+1	4.225102E+2
6.210602E+1	4.225104E+2
6.217582E+1	4.225080E+2
6.224774E+1	4.225050E+2
6.231476E+1	4.225046E+2
6.238594E+1	4.225011E+2
6.245171E+1	4.225021E+2
6.251946E+1	4.225011E+2
6.258278E+1	4.224961E+2
6.265007E+1	4.224942E+2
6.271671E+1	4.224960E+2
6.278409E+1	4.224932E+2
6.285208E+1	4.224931E+2
6.292163E+1	4.224896E+2
6.298579E+1	4.224876E+2
6.305519E+1	4.224872E+2
6.311960E+1	4.224866E+2
6.318757E+1	4.224849E+2
6.325429E+1	4.224834E+2
6.331965E+1	4.224933E+2
6.338933E+1	4.224925E+2
6.345362E+1	4.224912E+2
6.352456E+1	4.224903E+2
6.359344E+1	4.224885E+2
6.366245E+1	4.224869E+2
6.373325E+1	4.224847E+2
6.379985E+1	4.224859E+2
6.386763E+1	4.224823E+2
6.393440E+1	4.224812E+2
6.400212E+1	4.224795E+2
6.406992E+1	4.224762E+2
6.414150E+1	4.224745E+2
6.420628E+1	4.224746E+2
6.427770E+1	4.224730E+2
6.434722E+1	4.224701E+2
6.441473E+1	4.224696E+2
6.448467E+1	4.224676E+2
6.455083E+1	4.224678E+2
6.461778E+1	4.224645E+2
6.468670E+1	4.224621E+2
6.475370E+1	4.224647E+2
6.482184E+1	4.224598E+2
6.489122E+1	4.224591E+2
6.496216E+1	4.224561E+2
6.503291E+1	4.224549E+2
6.510394E+1	4.224538E+2
6.517061E+1	4.224530E+2
6.523884E+1	4.224500E+2
6.530461E+1	4.224491E+2
6.537181E+1	4.224482E+2
6.543905E+1	4.224458E+2
6.551063E+1	4.224446E+2
6.557850E+1	4.224439E+2
6.564855E+1	4.224427E+2
6.571899E+1	4.224413E+2
6.578519E+1	4.224393E+2
6.585638E+1	4.224380E+2
6.592168E+1	4.224369E+2
6.599053E+1	4.224348E+2
6.605891E+1	4.224325E+2
6.612558E+1	4.224324E+2
6.619384E+1	4.224304E+2
6.626478E+1	4.224288E+2
6.633484E+1	4.224281E+2
6.640303E+1	4.224250E+2
6.647535E+1	4.224240E+2
6.654328E+1	4.224224E+2
6.661180E+1	4.224209E+2
6.668058E+1	4.224197E+2
6.674853E+1	4.224187E+2
6.681669E+1	4.224163E+2
6.688298E+1	4.224143E+2
6.695098E+1	4.224126E+2
6.701914E+1	4.224114E+2
6.708865E+1	4.224101E+2
6.715555E+1	4.224073E+2
6.722658E+1	4.224059E+2
6.729404E+1	4.224038E+2
6.736244E+1	4.224042E+2
6.743076E+1	4.224016E+2
6.750006E+1	4.224001E+2
6.756878E+1	4.223980E+2
6.763622E+1	4.223965E+2
6.770224E+1	4.223953E+2
6.777081E+1	4.223926E+2
6.784190E+1	4.223917E+2
6.791026E+1	4.223891E+2
6.797977E+1	4.223886E+2
6.805054E+1	4.223870E+2
6.811979E+1	4.223852E+2
6.818842E+1	4.223838E+2
6.825762E+1	4.223829E+2
6.832647E+1	4.223807E+2
6.839525E+1	4.223780E+2
6.846524E+1	4.223766E+2
6.853665E+1	4.223759E+2
6.860223E+1	4.223750E+2
6.866653E+1	4.223735E+2
6.873712E+1	4.223716E+2
6.880364E+1	4.223706E+2
6.886765E+1	4.223678E+2
6.893506E+1	4.223682E+2
6.900447E+1	4.223661E+2
6.907090E+1	4.223650E+2
6.914081E+1	4.223623E+2
6.920800E+1	4.223616E+2
6.927931E+1	4.223594E+2
6.934726E+1	4.223579E+2
6.941504E+1	4.223562E+2
6.948240E+1	4.223551E+2
6.955036E+1	4.223536E+2
6.961881E+1	4.223521E+2
6.968706E+1	4.223495E+2
6.975252E+1	4.223490E+2
6.982103E+1	4.223473E+2
6.988662E+1	4.223465E+2
6.995549E+1	4.223445E+2
7.002712E+1	4.223433E+2
7.009317E+1	4.223437E+2
7.016191E+1	4.223420E+2
7.022726E+1	4.223404E+2
7.029532E+1	4.223384E+2
7.036592E+1	4.223374E+2
7.043680E+1	4.223361E+2
7.050664E+1	4.223350E+2
7.057425E+1	4.223338E+2
7.064611E+1	4.223313E+2
7.071233E+1	4.223301E+2
7.078233E+1	4.223297E+2
7.084929E+1	4.223274E+2
7.091357E+1	4.223282E+2
7.097974E+1	4.223257E+2
7.104748E+1	4.223241E+2
7.111344E+1	4.223227E+2
7.118388E+1	4.223213E+2
7.125156E+1	4.223212E+2
7.132251E+1	4.223198E+2
7.138809E+1	4.223186E+2
7.145673E+1	4.223178E+2
7.152565E+1	4.223161E+2
7.159306E+1	4.223156E+2
7.166125E+1	4.223141E+2
7.173110E+1	4.223124E+2
7.179567E+1	4.223127E+2
7.186609E+1	4.223114E+2
7.193201E+1	4.223115E+2
7.200038E+1	4.223093E+2
7.206735E+1	4.223083E+2
7.213572E+1	4.223069E+2
7.220296E+1	4.223059E+2
7.227079E+1	4.223058E+2
7.233785E+1	4.223033E+2
7.240935E+1	4.223029E+2
7.248025E+1	4.223019E+2
7.254790E+1	4.223012E+2
7.261879E+1	4.222999E+2
7.268793E+1	4.222999E+2
7.275973E+1	4.222996E+2
7.282625E+1	4.222965E+2
7.289610E+1	4.222963E+2
7.296254E+1	4.222967E+2
7.302996E+1	4.222947E+2
7.309805E+1	4.222949E+2
7.316460E+1	4.222942E+2
7.323392E+1	4.222939E+2
7.330217E+1	4.222920E+2
7.337625E+1	4.222930E+2
7.344574E+1	4.222925E+2
7.351234E+1	4.222916E+2
7.357993E+1	4.223117E+2
7.364825E+1	4.223242E+2
7.371565E+1	4.223265E+2
7.378433E+1	4.223417E+2
7.385227E+1	4.223512E+2
7.391902E+1	4.223554E+2
7.398852E+1	4.223583E+2
7.405706E+1	4.223596E+2
7.412851E+1	4.223673E+2
7.420273E+1	4.223703E+2
7.427115E+1	4.223723E+2
7.433982E+1	4.223737E+2
7.440740E+1	4.223756E+2
7.447621E+1	4.223767E+2
7.454408E+1	4.223800E+2
7.461003E+1	4.223789E+2
7.467669E+1	4.223779E+2
7.474448E+1	4.223786E+2
7.480943E+1	4.223772E+2
7.487654E+1	4.223774E+2
7.494410E+1	4.223766E+2
7.501201E+1	4.223769E+2
7.507752E+1	4.223756E+2
7.514580E+1	4.223764E+2
7.521342E+1	4.223922E+2
7.528046E+1	4.223920E+2
7.535221E+1	4.223890E+2
7.542147E+1	4.223882E+2
7.549178E+1	4.223859E+2
7.555915E+1	4.223847E+2
7.562520E+1	4.223822E+2
7.569266E+1	4.223825E+2
7.575963E+1	4.223808E+2
7.582953E+1	4.223800E+2
7.589516E+1	4.223792E+2
7.596430E+1	4.223785E+2
7.603576E+1	4.223782E+2
7.610557E+1	4.223778E+2
7.617419E+1	4.223773E+2
7.624351E+1	4.223745E+2
7.631003E+1	4.223749E+2
7.637482E+1	4.223740E+2
7.644233E+1	4.223730E+2
7.651020E+1	4.223726E+2
7.657847E+1	4.223712E+2
7.664744E+1	4.223706E+2
7.671501E+1	4.223704E+2
7.678547E+1	4.223697E+2
7.685253E+1	4.223686E+2
7.692125E+1	4.223679E+2
7.698972E+1	4.223669E+2
7.706006E+1	4.223662E+2
7.712481E+1	4.223662E+2
7.719138E+1	4.223653E+2
7.725913E+1	4.223645E+2
7.732776E+1	4.223630E+2
7.739645E+1	4.223622E+2
7.746600E+1	4.223613E+2
7.753733E+1	4.223606E+2
7.760940E+1	4.223593E+2
7.767592E+1	4.223579E+2
7.774422E+1	4.223565E+2
7.781034E+1	4.223534E+2
7.787895E+1	4.223532E+2
7.794903E+1	4.223522E+2
7.801667E+1	4.223509E+2
7.808565E+1	4.223501E+2
7.815545E+1	4.223492E+2
7.822432E+1	4.223469E+2
7.829151E+1	4.223462E+2
7.836335E+1	4.223446E+2
7.843117E+1	4.223438E+2
7.849658E+1	4.223421E+2
7.856356E+1	4.223413E+2
7.863093E+1	4.223401E+2
7.869835E+1	4.223392E+2
7.876521E+1	4.223373E+2
7.883375E+1	4.223360E+2
7.890279E+1	4.223353E+2
7.896863E+1	4.223341E+2
7.903697E+1	4.223331E+2
7.910435E+1	4.223315E+2
7.917285E+1	4.223300E+2
7.923857E+1	4.223281E+2
7.930488E+1	4.223274E+2
7.937329E+1	4.223262E+2
7.944333E+1	4.223249E+2
7.950936E+1	4.223240E+2
7.957866E+1	4.223215E+2
7.964329E+1	4.223212E+2
7.971066E+1	4.223198E+2
7.977704E+1	4.223191E+2
7.984423E+1	4.223173E+2
7.991138E+1	4.223159E+2
7.998011E+1	4.223149E+2
8.004644E+1	4.223135E+2
8.011273E+1	4.223126E+2
8.018266E+1	4.223115E+2
8.025213E+1	4.223099E+2
8.031876E+1	4.223099E+2
8.038511E+1	4.223080E+2
8.045379E+1	4.223069E+2
8.052272E+1	4.223051E+2
8.059189E+1	4.223027E+2
8.065991E+1	4.223018E+2
8.072720E+1	4.223004E+2
8.079866E+1	4.223001E+2
8.086554E+1	4.222998E+2
8.093197E+1	4.222976E+2
8.099726E+1	4.222957E+2
8.106580E+1	4.222947E+2
8.113395E+1	4.222940E+2
8.120026E+1	4.222928E+2
8.126711E+1	4.222915E+2
8.133720E+1	4.222903E+2
8.140409E+1	4.222900E+2
8.147324E+1	4.222879E+2
8.154351E+1	4.222867E+2
8.161077E+1	4.222867E+2
8.168161E+1	4.222855E+2
8.174810E+1	4.222835E+2
8.181488E+1	4.222821E+2
8.188338E+1	4.222824E+2
8.195044E+1	4.222810E+2
8.201832E+1	4.222784E+2
8.208560E+1	4.222774E+2
8.215349E+1	4.222776E+2
8.222343E+1	4.222753E+2
8.229045E+1	4.222734E+2
8.235932E+1	4.222716E+2
8.242630E+1	4.222722E+2
8.249378E+1	4.222703E+2
8.256326E+1	4.222693E+2
8.262900E+1	4.222690E+2
8.269756E+1	4.222669E+2
8.276719E+1	4.222663E+2
8.283561E+1	4.222646E+2
8.290420E+1	4.222626E+2
8.297320E+1	4.222620E+2
8.304001E+1	4.222610E+2
8.310444E+1	4.222608E+2
8.317218E+1	4.222584E+2
8.324158E+1	4.222584E+2
8.330708E+1	4.222564E+2
8.337750E+1	4.222556E+2
8.344725E+1	4.222541E+2
8.351547E+1	4.222530E+2
8.358409E+1	4.222522E+2
8.365506E+1	4.222501E+2
8.372355E+1	4.222493E+2
8.379160E+1	4.222484E+2
8.385669E+1	4.222461E+2
8.392685E+1	4.222463E+2
8.399392E+1	4.222452E+2
8.406242E+1	4.222439E+2
8.413333E+1	4.222426E+2
8.420001E+1	4.222413E+2
8.426834E+1	4.222393E+2
8.433451E+1	4.222387E+2
8.440361E+1	4.222374E+2
8.447198E+1	4.222358E+2
8.454029E+1	4.222348E+2
8.460731E+1	4.222344E+2
8.467335E+1	4.222325E+2
8.474184E+1	4.222321E+2
8.481252E+1	4.222297E+2
8.487885E+1	4.222292E+2
8.494657E+1	4.222282E+2
8.501707E+1	4.222274E+2
8.508428E+1	4.222261E+2
8.515257E+1	4.222260E+2
8.522013E+1	4.222239E+2
8.529023E+1	4.222233E+2
8.535602E+1	4.222208E+2
8.542520E+1	4.222201E+2
8.549187E+1	4.222193E+2
8.556331E+1	4.222184E+2
8.563019E+1	4.222165E+2
8.569870E+1	4.222155E+2
8.576925E+1	4.222147E+2
8.583912E+1	4.222181E+2
8.590570E+1	4.222176E+2
8.597398E+1	4.222162E+2
8.604216E+1	4.222161E+2
8.610892E+1	4.222153E+2
8.617876E+1	4.222143E+2
8.625102E+1	4.222125E+2
8.631833E+1	4.222127E+2
8.638714E+1	4.222120E+2
8.645574E+1	4.222103E+2
8.652456E+1	4.222089E+2
8.659363E+1	4.222084E+2
8.666123E+1	4.222069E+2
8.672890E+1	4.222062E+2
8.679488E+1	4.222045E+2
8.686104E+1	4.222037E+2
8.692770E+1	4.222022E+2
8.699642E+1	4.222019E+2
8.706799E+1	4.221994E+2
8.713896E+1	4.221994E+2
8.720736E+1	4.221991E+2
8.727488E+1	4.221987E+2
8.734336E+1	4.221972E+2
8.740996E+1	4.221961E+2
8.747569E+1	0.000000E+0
8.754502E+1	4.221950E+2
8.761435E+1	4.221932E+2
8.768298E+1	4.221916E+2
8.775130E+1	4.221896E+2
8.782087E+1	4.221889E+2
8.788921E+1	4.221888E+2
8.795498E+1	4.221873E+2
8.802373E+1	4.221854E+2
8.809099E+1	4.221851E+2
8.815694E+1	4.221839E+2
8.822641E+1	4.221835E+2
8.829148E+1	4.221819E+2
8.836093E+1	4.221808E+2
8.842871E+1	4.221806E+2
8.849637E+1	4.221784E+2
8.856382E+1	4.221788E+2
8.863145E+1	4.221768E+2
8.869942E+1	4.221754E+2
8.876806E+1	4.221740E+2
8.883571E+1	4.221737E+2
8.890613E+1	4.221733E+2
8.897542E+1	4.221715E+2
8.904209E+1	4.221699E+2
8.911355E+1	4.221690E+2
8.918329E+1	4.221682E+2
8.925289E+1	4.221663E+2
8.931882E+1	4.221640E+2
8.938597E+1	4.221637E+2
8.945386E+1	4.221624E+2
8.952246E+1	4.221618E+2
8.959084E+1	4.221607E+2
8.965759E+1	4.221593E+2
8.972622E+1	4.221593E+2
8.979514E+1	4.221579E+2
8.986483E+1	4.221567E+2
8.993159E+1	4.221562E+2
8.999862E+1	4.221538E+2
9.006615E+1	4.221529E+2
9.013498E+1	4.221523E+2
9.020275E+1	4.221516E+2
9.027309E+1	4.221502E+2
9.034358E+1	4.221496E+2
9.041017E+1	4.221481E+2
9.048027E+1	4.221465E+2
9.054734E+1	4.221445E+2
9.061371E+1	4.221438E+2
9.068127E+1	4.221431E+2
9.074691E+1	4.221425E+2
9.081303E+1	4.221404E+2
9.088141E+1	4.221396E+2
9.095102E+1	4.221392E+2
9.102161E+1	4.221371E+2
9.108975E+1	4.221377E+2
9.115801E+1	4.221355E+2
9.122658E+1	4.221348E+2
9.129357E+1	4.221358E+2
9.136084E+1	4.221328E+2
9.142802E+1	4.221316E+2
9.149453E+1	4.221310E+2
9.156345E+1	4.221300E+2
9.163076E+1	4.221292E+2
9.170131E+1	4.221266E+2
9.176878E+1	4.221266E+2
9.184157E+1	4.221262E+2
9.190897E+1	4.221251E+2
9.197584E+1	4.221232E+2
9.204174E+1	4.221224E+2
9.211219E+1	4.221201E+2
9.218028E+1	4.221193E+2
9.224832E+1	4.221182E+2
9.231808E+1	4.221184E+2
9.238720E+1	4.221153E+2
9.245242E+1	4.221154E+2
9.252484E+1	4.221148E+2
9.259061E+1	4.221138E+2
9.265804E+1	4.221123E+2
9.272705E+1	4.221105E+2
9.279591E+1	4.221096E+2
9.286485E+1	4.221079E+2
9.293434E+1	4.221061E+2
9.299939E+1	4.221041E+2
9.306859E+1	4.221043E+2
9.314015E+1	4.221004E+2
9.320802E+1	4.221004E+2
9.327789E+1	4.220979E+2
9.334824E+1	4.220959E+2
9.341515E+1	4.220940E+2
9.348032E+1	4.220928E+2
9.354654E+1	4.220923E+2
9.361530E+1	4.220904E+2
9.368243E+1	4.220885E+2
9.374989E+1	4.220897E+2
9.381874E+1	4.220876E+2
9.388746E+1	4.220874E+2
9.395890E+1	4.220864E+2
9.403040E+1	4.220847E+2
9.409597E+1	4.220855E+2
9.416294E+1	4.220818E+2
9.423071E+1	4.220811E+2
9.429629E+1	4.220803E+2
9.436253E+1	4.220796E+2
9.443122E+1	4.220794E+2
9.449724E+1	4.220791E+2
9.456731E+1	4.220769E+2
9.463849E+1	4.220760E+2
9.471081E+1	4.220755E+2
9.477909E+1	4.220749E+2
9.484849E+1	4.220738E+2
9.491505E+1	4.220725E+2
9.498293E+1	4.220700E+2
9.505010E+1	4.220692E+2
9.511880E+1	4.220694E+2
9.518807E+1	4.220689E+2
9.525400E+1	4.220679E+2
9.532393E+1	4.220670E+2
9.539026E+1	4.220662E+2
9.545589E+1	4.220661E+2
9.552425E+1	4.220651E+2
9.559192E+1	4.220638E+2
9.565778E+1	4.220622E+2
9.572295E+1	4.220621E+2
9.579367E+1	4.220618E+2
9.586433E+1	4.220617E+2
9.592998E+1	4.220621E+2
9.600150E+1	4.220629E+2
9.607352E+1	4.220623E+2
9.614095E+1	4.220620E+2
9.620807E+1	4.220625E+2
9.627842E+1	4.220625E+2
9.634581E+1	4.220632E+2
9.641264E+1	4.220630E+2
9.648336E+1	4.220637E+2
9.655366E+1	4.220638E+2
9.662543E+1	4.220620E+2
9.669703E+1	4.220624E+2
9.676523E+1	4.220608E+2
9.683672E+1	4.220600E+2
9.690783E+1	4.220585E+2
9.697556E+1	4.220576E+2
9.704074E+1	4.220559E+2
9.711075E+1	4.220549E+2
9.717656E+1	4.220517E+2
9.724207E+1	4.220526E+2
9.731227E+1	4.220515E+2
9.737793E+1	4.220507E+2
9.744928E+1	4.220483E+2
9.752328E+1	4.220480E+2
9.759376E+1	4.220473E+2
9.766239E+1	4.220475E+2
9.773197E+1	4.220449E+2
9.780110E+1	4.220440E+2
9.786895E+1	4.220447E+2
9.793837E+1	4.220429E+2
9.800716E+1	4.220426E+2
9.807380E+1	4.220405E+2
9.814336E+1	4.220387E+2
9.820892E+1	4.220383E+2
9.827681E+1	4.220384E+2
9.835125E+1	4.220366E+2
9.842303E+1	4.220359E+2
9.849175E+1	4.220334E+2
9.855861E+1	4.220322E+2
9.862652E+1	4.220316E+2
9.869519E+1	4.220293E+2
9.876865E+1	4.220283E+2
9.883538E+1	4.220272E+2
9.890503E+1	0.000000E+0
9.897197E+1	4.220239E+2
9.904281E+1	4.220212E+2
9.910902E+1	4.220195E+2
9.917966E+1	4.220185E+2
9.924590E+1	4.220175E+2
9.931340E+1	4.220160E+2
9.937887E+1	4.220147E+2
9.944551E+1	4.220131E+2
9.951419E+1	4.220125E+2
9.958234E+1	4.220118E+2
9.965361E+1	4.220091E+2
9.972381E+1	4.220078E+2
9.979130E+1	4.220055E+2
9.986297E+1	4.220040E+2
9.993316E+1	4.220009E+2
1.000009E+2	4.219958E+2
1.000675E+2	4.219939E+2
1.001360E+2	4.219908E+2
1.002046E+2	4.219867E+2
1.002730E+2	4.219849E+2
1.003406E+2	4.219825E+2
1.004076E+2	4.219812E+2
1.004759E+2	4.219783E+2
1.005430E+2	4.219752E+2
1.006088E+2	4.219738E+2
1.006759E+2	4.219724E+2
1.007456E+2	4.219704E+2
1.008137E+2	4.219698E+2
1.008821E+2	4.219677E+2
1.009498E+2	4.219656E+2
1.010222E+2	4.219638E+2
1.010922E+2	4.219622E+2
1.011590E+2	4.219613E+2
1.012293E+2	4.219595E+2
1.012940E+2	4.219599E+2
1.013603E+2	4.219595E+2
1.014290E+2	4.219581E+2
1.014976E+2	4.219577E+2
1.015657E+2	4.219561E+2
1.016317E+2	4.219571E+2
1.017008E+2	4.219575E+2
1.017718E+2	4.219573E+2
1.018379E+2	4.219564E+2
1.019075E+2	4.219572E+2
1.019751E+2	4.219565E+2
1.020451E+2	4.219566E+2
1.021130E+2	4.219579E+2
1.021795E+2	4.219569E+2
1.022471E+2	4.219569E+2
1.023161E+2	4.219575E+2
1.023853E+2	4.219578E+2
1.024537E+2	4.219587E+2
1.025247E+2	4.219593E+2
1.025968E+2	4.219621E+2
1.026628E+2	4.219598E+2
1.027344E+2	4.219616E+2
1.028022E+2	4.219602E+2
1.028719E+2	4.219601E+2
1.029378E+2	4.219583E+2
1.030063E+2	4.219569E+2
1.030745E+2	4.219543E+2
1.031422E+2	4.219509E+2
1.032119E+2	4.219480E+2
1.032802E+2	4.219458E+2
1.033520E+2	4.219445E+2
1.034198E+2	4.219424E+2
1.034862E+2	4.219400E+2
1.035542E+2	4.219391E+2
1.036213E+2	4.219371E+2
1.036907E+2	4.219356E+2
1.037575E+2	4.219348E+2
1.038268E+2	4.219323E+2
1.038955E+2	4.219309E+2
1.039601E+2	4.219298E+2
1.040321E+2	4.219272E+2
1.040986E+2	4.219257E+2
1.041657E+2	4.219224E+2
1.042331E+2	4.219212E+2
1.043018E+2	4.219192E+2
1.043708E+2	4.219174E+2
1.044400E+2	4.219154E+2
1.045104E+2	4.219141E+2
1.045814E+2	4.219133E+2
1.046500E+2	4.219133E+2
1.047205E+2	4.219100E+2
1.047885E+2	4.219089E+2
1.048589E+2	4.219084E+2
1.049257E+2	4.219065E+2
1.049920E+2	4.219049E+2
1.050598E+2	4.219059E+2
1.051266E+2	4.219036E+2
1.051961E+2	4.219029E+2
1.052648E+2	4.219019E+2
1.053311E+2	4.219009E+2
1.053986E+2	4.219017E+2
1.054663E+2	4.218993E+2
1.055316E+2	4.218974E+2
1.056001E+2	4.218963E+2
1.056658E+2	4.218968E+2
1.057336E+2	4.218953E+2
1.058020E+2	4.218940E+2
1.058690E+2	4.218937E+2
1.059371E+2	4.218937E+2
1.060048E+2	4.218932E+2
1.060743E+2	4.218926E+2
1.061418E+2	4.218913E+2
1.062074E+2	4.218911E+2
1.062783E+2	4.218903E+2
1.063440E+2	4.218889E+2
1.064124E+2	4.218888E+2
1.064823E+2	4.218885E+2
1.065509E+2	4.218869E+2
1.066204E+2	4.218862E+2
1.066863E+2	4.218856E+2
1.067576E+2	4.218837E+2
1.068266E+2	4.218840E+2
1.068933E+2	4.218817E+2
1.069583E+2	4.218820E+2
1.070266E+2	4.218799E+2
1.070916E+2	4.218805E+2
1.071604E+2	4.218783E+2
1.072306E+2	4.218771E+2
1.072992E+2	4.218768E+2
1.073723E+2	4.218750E+2
1.074403E+2	4.218730E+2
1.075065E+2	4.218709E+2
1.075741E+2	4.218703E+2
1.076407E+2	4.218700E+2
1.077075E+2	4.218700E+2
1.077742E+2	4.218683E+2
1.078434E+2	4.218679E+2
1.079118E+2	4.218672E+2
1.079800E+2	4.218686E+2
1.080473E+2	4.218675E+2
1.081146E+2	4.218669E+2
1.081806E+2	4.218672E+2
1.082474E+2	4.218672E+2
1.083124E+2	4.218659E+2
1.083810E+2	4.218673E+2
1.084516E+2	4.218644E+2
1.085165E+2	4.218623E+2
1.085895E+2	4.218616E+2
1.086569E+2	4.218605E+2
1.087256E+2	4.218596E+2
1.087916E+2	4.218581E+2
1.088595E+2	4.218574E+2
1.089245E+2	4.218559E+2
1.089942E+2	4.218539E+2
1.090609E+2	4.218514E+2
1.091336E+2	4.218484E+2
1.092032E+2	4.218480E+2
1.092689E+2	4.218453E+2
1.093385E+2	4.218446E+2
1.094046E+2	4.218439E+2
1.094734E+2	4.218435E+2
1.095405E+2	4.218422E+2
1.096084E+2	4.218423E+2
1.096751E+2	4.218415E+2
1.097405E+2	4.218408E+2
1.098106E+2	4.218412E+2
1.098791E+2	4.218414E+2
1.099471E+2	4.218403E+2
1.100209E+2	4.218402E+2
1.100897E+2	4.218390E+2
1.101583E+2	4.218394E+2
1.102259E+2	4.218374E+2
1.102926E+2	4.218357E+2
1.103603E+2	4.218352E+2
1.104279E+2	4.218331E+2
1.104951E+2	4.218317E+2
1.105621E+2	4.218313E+2
1.106320E+2	4.218291E+2
1.107017E+2	4.218291E+2
1.107728E+2	4.218281E+2
1.108431E+2	4.218262E+2
1.109091E+2	4.218238E+2
1.109755E+2	4.218221E+2
1.110418E+2	4.218224E+2
1.111097E+2	4.218201E+2
1.111781E+2	4.218186E+2
1.112484E+2	4.218175E+2
1.113160E+2	4.218195E+2
1.113866E+2	4.218165E+2
1.114566E+2	4.218158E+2
1.115255E+2	4.218146E+2
1.115925E+2	4.218139E+2
1.116571E+2	4.218117E+2
1.117229E+2	4.218125E+2
1.117916E+2	4.218089E+2
1.118593E+2	4.218067E+2
1.119279E+2	4.218056E+2
1.119944E+2	4.218036E+2
1.120630E+2	4.218026E+2
1.121289E+2	4.218009E+2
1.121965E+2	4.218018E+2
1.122626E+2	4.218003E+2
1.123311E+2	4.217995E+2
1.123997E+2	4.217981E+2
1.124710E+2	4.217968E+2
1.125404E+2	4.217969E+2
1.126100E+2	4.217952E+2
1.126767E+2	4.217950E+2
1.127448E+2	4.217940E+2
1.128137E+2	4.217919E+2
1.128815E+2	4.217912E+2
1.129474E+2	4.217887E+2
1.130170E+2	0.000000E+0
1.130842E+2	4.217856E+2
1.131508E+2	4.217837E+2
1.132201E+2	4.217835E+2
1.132873E+2	4.217824E+2
1.133601E+2	4.217806E+2
1.134277E+2	4.217796E+2
1.134942E+2	4.217803E+2
1.135601E+2	4.217790E+2
1.136256E+2	4.217783E+2
1.136935E+2	4.217771E+2
1.137592E+2	4.217767E+2
1.138265E+2	4.217754E+2
1.138974E+2	4.217736E+2
1.139639E+2	4.217744E+2
1.140344E+2	4.217731E+2
1.141024E+2	4.217731E+2
1.141709E+2	4.217727E+2
1.142392E+2	4.217718E+2
1.143100E+2	4.217723E+2
1.143773E+2	4.217703E+2
1.144463E+2	4.217679E+2
1.145158E+2	4.217684E+2
1.145820E+2	4.217673E+2
1.146531E+2	4.217658E+2
1.147212E+2	4.217653E+2
1.147913E+2	4.217642E+2
1.148591E+2	4.217659E+2
1.149262E+2	4.217672E+2
1.149946E+2	4.217696E+2
1.150614E+2	4.217740E+2
1.151304E+2	4.217751E+2
1.151980E+2	4.217793E+2
1.152639E+2	4.217804E+2
1.153313E+2	4.217816E+2
1.153997E+2	4.217820E+2
1.154669E+2	4.217824E+2
1.155330E+2	0.000000E+0
1.155991E+2	4.217661E+2
1.156678E+2	4.217577E+2
1.157359E+2	4.217535E+2
1.158042E+2	4.217476E+2
1.158736E+2	4.217484E+2
1.159436E+2	4.217468E+2
1.160121E+2	4.217577E+2
1.160834E+2	4.217568E+2
1.161499E+2	4.217559E+2
1.162183E+2	4.217536E+2
1.162857E+2	4.217538E+2
1.163535E+2	4.217530E+2
1.164202E+2	4.217515E+2
1.164864E+2	4.217511E+2
1.165555E+2	4.217507E+2
1.166278E+2	4.217500E+2
1.166976E+2	4.217474E+2
1.167639E+2	4.217480E+2
1.168357E+2	4.217471E+2
1.169069E+2	4.217459E+2
1.169755E+2	4.217442E+2
1.170474E+2	4.217427E+2
1.171143E+2	4.217423E+2
1.171821E+2	4.217416E+2
1.172497E+2	4.217409E+2
1.173169E+2	4.217401E+2
1.173874E+2	4.217388E+2
1.174526E+2	4.217370E+2
1.175256E+2	4.217361E+2
1.175951E+2	4.217353E+2
1.176600E+2	4.217335E+2
1.177282E+2	4.217334E+2
1.177972E+2	4.217319E+2
1.178632E+2	4.217315E+2
1.179317E+2	4.217297E+2
1.180005E+2	4.217294E+2
1.180687E+2	4.217292E+2
1.181394E+2	4.217281E+2
1.182063E+2	4.217264E+2
1.182743E+2	4.217257E+2
1.183416E+2	4.217255E+2
1.184092E+2	4.217237E+2
1.184781E+2	4.217234E+2
1.185466E+2	4.217213E+2
1.186136E+2	4.217210E+2
1.186797E+2	4.217200E+2
1.187478E+2	4.217191E+2
1.188176E+2	4.217177E+2
1.188833E+2	4.217172E+2
1.189553E+2	4.217164E+2
1.190251E+2	4.217161E+2
1.190947E+2	4.217140E+2
1.191618E+2	4.217138E+2
1.192287E+2	4.217133E+2
1.192959E+2	4.217115E+2
1.193631E+2	4.217097E+2
1.194315E+2	4.217105E+2
1.194989E+2	4.217090E+2
1.195686E+2	4.217083E+2
1.196364E+2	4.217070E+2
1.197067E+2	4.217061E+2
1.197765E+2	4.217054E+2
1.198424E+2	4.217049E+2
1.199074E+2	4.217030E+2
1.199773E+2	4.217020E+2
1.200426E+2	4.217012E+2
1.201134E+2	4.217007E+2
1.201824E+2	4.216995E+2
1.202518E+2	4.216988E+2
1.203231E+2	4.216996E+2
1.203945E+2	4.216968E+2
1.204636E+2	4.216963E+2
1.205326E+2	4.216964E+2
1.205991E+2	4.216953E+2
1.206656E+2	4.216943E+2
1.207333E+2	4.216928E+2
1.208045E+2	4.216926E+2
1.208729E+2	4.216916E+2
1.209416E+2	4.216901E+2
1.210118E+2	4.216895E+2
1.210810E+2	0.000000E+0
1.211524E+2	4.216881E+2
1.212222E+2	4.216861E+2
1.212882E+2	4.216854E+2
1.213558E+2	4.216848E+2
1.214225E+2	4.216833E+2
1.214888E+2	4.216829E+2
1.215583E+2	4.216814E+2
1.216248E+2	4.216817E+2
1.216921E+2	4.216816E+2
1.217618E+2	4.216803E+2
1.218311E+2	4.216790E+2
1.218977E+2	4.216778E+2
1.219640E+2	4.216780E+2
1.220345E+2	4.216764E+2
1.221012E+2	4.216755E+2
1.221699E+2	4.216754E+2
1.222389E+2	4.216746E+2
1.223079E+2	4.216735E+2
1.223762E+2	4.216724E+2
1.224477E+2	4.216720E+2
1.225184E+2	4.216694E+2
1.225852E+2	4.216725E+2
1.226538E+2	4.216727E+2
1.227232E+2	4.216721E+2
1.227884E+2	4.216712E+2
1.228561E+2	4.216713E+2
1.229213E+2	4.216707E+2
1.229898E+2	4.216743E+2
1.230582E+2	4.216749E+2
1.231306E+2	4.216741E+2
1.231995E+2	4.216749E+2
1.232652E+2	4.216733E+2
1.233333E+2	4.216734E+2
1.233978E+2	4.216703E+2
1.234662E+2	4.216715E+2
1.235336E+2	4.216700E+2
1.236014E+2	4.216693E+2
1.236706E+2	4.216685E+2
1.237401E+2	4.216685E+2
1.238082E+2	4.216667E+2
1.238797E+2	4.216670E+2
1.239490E+2	4.216649E+2
1.240174E+2	4.216622E+2
1.240864E+2	4.216622E+2
1.241553E+2	4.216623E+2
1.242239E+2	4.216601E+2
1.242927E+2	4.216591E+2
1.243615E+2	4.216591E+2
1.244281E+2	4.216579E+2
1.244981E+2	4.216571E+2
1.245670E+2	4.216565E+2
1.246362E+2	4.216533E+2
1.247034E+2	4.216546E+2
1.247721E+2	4.216541E+2
1.248409E+2	4.216512E+2
1.249090E+2	4.216501E+2
1.249770E+2	4.216500E+2
1.250447E+2	4.216486E+2
1.251133E+2	4.216486E+2
1.251817E+2	4.216479E+2
1.252513E+2	4.216468E+2
1.253177E+2	4.216452E+2
1.253879E+2	4.216457E+2
1.254578E+2	4.216438E+2
1.255268E+2	4.216424E+2
1.255950E+2	4.216424E+2
1.256645E+2	4.216425E+2
1.257335E+2	4.216424E+2
1.258010E+2	4.216409E+2
1.258681E+2	4.216395E+2
1.259345E+2	4.216383E+2
1.260048E+2	4.216371E+2
1.260727E+2	4.216377E+2
1.261412E+2	4.216367E+2
1.262108E+2	4.216357E+2
1.262806E+2	4.216353E+2
1.263480E+2	4.216354E+2
1.264162E+2	4.216342E+2
1.264839E+2	4.216333E+2
1.265491E+2	4.216320E+2
1.266242E+2	4.216310E+2
1.266901E+2	4.216294E+2
1.267596E+2	4.216286E+2
1.268273E+2	4.216283E+2
1.268935E+2	4.216270E+2
1.269621E+2	4.216266E+2
1.270289E+2	4.216257E+2
1.270958E+2	4.216243E+2
1.271641E+2	4.216234E+2
1.272304E+2	4.216229E+2
1.272998E+2	4.216226E+2
1.273675E+2	4.216223E+2
1.274366E+2	4.216210E+2
1.275031E+2	4.216199E+2
1.275721E+2	4.216191E+2
1.276400E+2	4.216189E+2
1.277072E+2	4.216172E+2
1.277744E+2	4.216166E+2
1.278444E+2	4.216151E+2
1.279135E+2	4.216142E+2
1.279852E+2	4.216141E+2
1.280542E+2	4.216131E+2
1.281188E+2	4.216128E+2
1.281865E+2	4.216117E+2
1.282520E+2	4.216117E+2
1.283209E+2	4.216109E+2
1.283913E+2	4.216094E+2
1.284583E+2	4.216070E+2
1.285264E+2	4.216079E+2
1.285968E+2	4.216071E+2
1.286638E+2	4.216068E+2
1.287320E+2	4.216052E+2
1.288008E+2	4.216047E+2
1.288697E+2	4.216032E+2
1.289363E+2	4.216023E+2
1.290009E+2	4.216022E+2
1.290675E+2	4.216013E+2
1.291375E+2	4.216006E+2
1.292039E+2	4.216002E+2
1.292731E+2	4.215996E+2
1.293417E+2	4.215991E+2
1.294105E+2	4.215982E+2
1.294783E+2	4.215965E+2
1.295464E+2	4.215963E+2
1.296136E+2	4.215958E+2
1.296802E+2	4.215943E+2
1.297491E+2	4.215941E+2
1.298199E+2	4.215925E+2
1.298893E+2	4.215923E+2
1.299557E+2	4.215908E+2
1.300266E+2	4.215893E+2
1.300959E+2	4.215890E+2
1.301676E+2	4.215893E+2
1.302358E+2	4.215884E+2
1.303032E+2	4.215870E+2
1.303702E+2	4.215853E+2
1.304372E+2	4.215858E+2
1.305059E+2	4.215856E+2
1.305746E+2	4.215835E+2
1.306476E+2	4.215836E+2
1.307152E+2	4.215838E+2
1.307837E+2	4.215810E+2
1.308543E+2	4.215824E+2
1.309212E+2	4.215814E+2
1.309891E+2	4.215800E+2
1.310557E+2	4.215791E+2
1.311245E+2	4.215783E+2
1.311905E+2	4.215792E+2
1.312615E+2	4.215778E+2
1.313283E+2	4.215775E+2
1.313978E+2	4.215751E+2
1.314640E+2	4.215762E+2
1.315311E+2	4.215744E+2
1.315968E+2	4.215735E+2
1.316641E+2	4.215741E+2
1.317304E+2	4.215731E+2
1.317959E+2	4.215710E+2
1.318647E+2	4.215701E+2
1.319341E+2	4.215700E+2
1.320056E+2	4.215690E+2
1.320740E+2	4.215695E+2
1.321414E+2	4.215690E+2
1.322080E+2	4.215681E+2
1.322749E+2	4.215666E+2
1.323409E+2	4.215659E+2
1.324074E+2	4.215660E+2
1.324796E+2	4.215646E+2
1.325469E+2	4.215643E+2
1.326160E+2	4.215634E+2
1.326834E+2	4.215630E+2
1.327534E+2	4.215618E+2
1.328200E+2	4.215608E+2
1.328865E+2	4.215605E+2
1.329531E+2	4.215591E+2
1.330228E+2	4.215591E+2
1.330890E+2	4.215579E+2
1.331583E+2	4.215569E+2
1.332244E+2	4.215574E+2
1.332943E+2	4.215563E+2
1.333644E+2	4.215547E+2
1.334327E+2	4.215552E+2
1.335001E+2	4.215550E+2
1.335680E+2	4.215540E+2
1.336366E+2	4.215539E+2
1.337028E+2	4.215522E+2
1.337704E+2	4.215531E+2
1.338357E+2	4.215520E+2
1.339068E+2	4.215514E+2
1.339764E+2	4.215502E+2
1.340449E+2	4.215491E+2
1.341143E+2	4.215520E+2
1.341796E+2	4.215508E+2
1.342485E+2	4.215495E+2
1.343159E+2	4.215491E+2
1.343823E+2	4.215470E+2
1.344509E+2	4.215472E+2
1.345184E+2	4.215460E+2
1.345855E+2	4.215454E+2
1.346560E+2	4.215449E+2
1.347262E+2	4.215450E+2
1.347949E+2	4.215433E+2
1.348627E+2	4.215423E+2
1.349309E+2	4.215418E+2
1.349971E+2	4.215411E+2
1.350637E+2	4.215400E+2
1.351324E+2	4.215400E+2
1.352009E+2	4.215395E+2
1.352687E+2	4.215389E+2
1.353370E+2	4.215374E+2
1.354042E+2	4.215361E+2
1.354728E+2	4.215370E+2
1.355417E+2	4.215353E+2
1.356091E+2	4.215352E+2
1.356746E+2	4.215340E+2
1.357407E+2	4.215322E+2
1.358079E+2	4.215328E+2
1.358790E+2	4.215319E+2
1.359474E+2	4.215323E+2
1.360185E+2	4.215317E+2
1.360892E+2	4.215293E+2
1.361585E+2	4.215301E+2
1.362249E+2	4.215281E+2
1.362950E+2	4.215279E+2
1.363660E+2	4.215272E+2
1.364332E+2	4.215262E+2
1.365017E+2	4.215251E+2
1.365697E+2	4.215240E+2
1.366383E+2	4.215231E+2
1.367080E+2	4.215232E+2
1.367744E+2	4.215220E+2
1.368426E+2	4.215221E+2
1.369078E+2	4.215205E+2
1.369772E+2	4.215214E+2
1.370424E+2	4.215200E+2
1.371099E+2	4.215179E+2
1.371763E+2	4.215192E+2
1.372454E+2	4.215193E+2
1.373107E+2	4.215168E+2
1.373799E+2	4.215153E+2
1.374466E+2	4.215162E+2
1.375125E+2	4.215149E+2
1.375804E+2	4.215133E+2
1.376464E+2	4.215130E+2
1.377142E+2	4.215132E+2
1.377811E+2	4.215121E+2
1.378496E+2	4.215111E+2
1.379158E+2	4.215112E+2
1.379825E+2	4.215103E+2
1.380499E+2	4.215100E+2
1.381180E+2	4.215103E+2
1.381872E+2	4.215080E+2
1.382551E+2	4.215083E+2
1.383215E+2	4.215066E+2
1.383909E+2	4.215070E+2
1.384606E+2	4.215090E+2
1.385289E+2	4.215097E+2
1.386015E+2	4.215086E+2
1.386684E+2	4.215081E+2
1.387388E+2	4.215077E+2
1.388057E+2	4.215065E+2
1.388728E+2	4.215072E+2
1.389394E+2	4.215045E+2
1.390060E+2	4.215045E+2
1.390752E+2	4.215044E+2
1.391469E+2	4.215040E+2
1.392164E+2	4.215036E+2
1.392837E+2	4.215026E+2
1.393542E+2	4.215020E+2
1.394201E+2	4.215006E+2
1.394881E+2	4.215007E+2
1.395573E+2	4.214998E+2
1.396258E+2	4.215002E+2
1.396938E+2	4.215000E+2
1.397612E+2	4.214968E+2
1.398292E+2	4.214978E+2
1.398979E+2	4.214969E+2
1.399718E+2	4.214967E+2
1.400413E+2	4.214954E+2
1.401121E+2	4.214946E+2
1.401854E+2	4.214939E+2
1.402512E+2	4.214931E+2
1.403172E+2	4.214939E+2
1.403848E+2	4.214927E+2
1.404515E+2	4.214935E+2
1.405198E+2	4.214933E+2
1.405863E+2	4.214928E+2
1.406541E+2	4.214914E+2
1.407234E+2	4.214921E+2
1.407907E+2	4.214902E+2
1.408606E+2	4.214907E+2
1.409271E+2	4.214899E+2
1.409953E+2	4.214901E+2
1.410610E+2	4.214887E+2
1.411270E+2	4.214889E+2
1.411958E+2	4.214882E+2
1.412645E+2	4.214870E+2
1.413338E+2	4.214874E+2
1.414029E+2	4.214867E+2
1.414734E+2	4.214859E+2
1.415459E+2	4.214857E+2
1.416141E+2	4.214856E+2
1.416853E+2	4.214842E+2
1.417547E+2	4.214835E+2
1.418228E+2	4.214837E+2
1.418923E+2	4.214828E+2
1.419608E+2	4.214822E+2
1.420297E+2	4.214816E+2
1.420993E+2	4.214812E+2
1.421679E+2	4.214803E+2
1.422367E+2	4.214804E+2
1.423074E+2	4.214808E+2
1.423774E+2	4.214784E+2
1.424460E+2	4.214785E+2
1.425154E+2	4.214780E+2
1.425829E+2	4.214772E+2
1.426512E+2	4.214759E+2
1.427171E+2	4.214757E+2
1.427833E+2	4.214755E+2
1.428491E+2	4.214753E+2
1.429170E+2	4.214742E+2
1.429869E+2	4.214735E+2
1.430561E+2	4.214732E+2
1.431232E+2	4.214721E+2
1.431904E+2	4.214713E+2
1.432550E+2	4.214724E+2
1.433199E+2	4.214700E+2
1.433895E+2	4.214699E+2
1.434588E+2	4.214699E+2
1.435308E+2	4.214688E+2
1.436006E+2	0.000000E+0
1.436660E+2	4.214684E+2
1.437396E+2	4.214681E+2
1.438066E+2	4.214667E+2
1.438761E+2	4.214655E+2
1.439437E+2	4.214661E+2
1.440109E+2	4.214664E+2
1.440810E+2	4.214648E+2
1.441462E+2	4.214654E+2
1.442162E+2	4.214637E+2
1.442812E+2	4.214643E+2
1.443515E+2	4.214636E+2
1.444167E+2	4.214617E+2
1.444829E+2	4.214631E+2
1.445514E+2	4.214635E+2
1.446188E+2	4.214622E+2
1.446876E+2	4.214603E+2
1.447534E+2	4.214610E+2
1.448224E+2	4.214614E+2
1.448934E+2	4.214600E+2
1.449604E+2	4.214598E+2
1.450335E+2	4.214602E+2
1.451008E+2	4.214582E+2
1.451657E+2	4.214593E+2
1.452342E+2	4.214582E+2
1.453016E+2	4.214584E+2
1.453706E+2	4.214566E+2
1.454387E+2	4.214569E+2
1.455092E+2	4.214572E+2
1.455780E+2	4.214557E+2
1.456509E+2	4.214557E+2
1.457183E+2	4.214556E+2
1.457865E+2	4.214550E+2
1.458527E+2	4.214549E+2
1.459190E+2	4.214545E+2
1.459866E+2	4.214545E+2
1.460542E+2	4.214529E+2
1.461204E+2	4.214527E+2
1.461897E+2	4.214523E+2
1.462567E+2	4.214517E+2
1.463285E+2	4.214516E+2
1.463996E+2	4.214509E+2
1.464671E+2	4.214506E+2
1.465353E+2	4.214519E+2
1.466013E+2	4.214504E+2
1.466685E+2	4.214498E+2
1.467365E+2	4.214495E+2
1.468030E+2	4.214491E+2
1.468714E+2	4.214486E+2
1.469391E+2	4.214484E+2
1.470045E+2	4.214484E+2
1.470750E+2	4.214473E+2
1.471468E+2	4.214469E+2
1.472158E+2	4.214475E+2
1.472835E+2	4.214466E+2
1.473515E+2	4.214461E+2
1.474184E+2	4.214464E+2
1.474850E+2	4.214450E+2
1.475579E+2	4.214454E+2
1.476237E+2	4.214451E+2
1.476926E+2	4.214445E+2
1.477592E+2	4.214452E+2
1.478286E+2	4.214444E+2
1.478981E+2	4.214436E+2
1.479646E+2	4.214432E+2
1.480332E+2	4.214432E+2
1.481011E+2	4.214418E+2
1.481665E+2	4.214424E+2
1.482352E+2	4.214414E+2
1.483071E+2	4.214415E+2
1.483724E+2	4.214417E+2
1.484443E+2	4.214410E+2
1.485117E+2	4.214406E+2
1.485804E+2	0.000000E+0
1.486474E+2	4.214398E+2
1.487124E+2	4.214402E+2
1.487817E+2	4.214393E+2
1.488471E+2	4.214393E+2
1.489163E+2	4.214385E+2
1.489838E+2	4.214390E+2
1.490509E+2	4.214404E+2
1.491209E+2	4.214396E+2
1.491866E+2	4.214390E+2
1.492539E+2	4.214385E+2
1.493211E+2	4.214385E+2
1.493905E+2	4.214376E+2
1.494577E+2	4.214372E+2
1.495253E+2	4.214381E+2
1.495911E+2	4.214368E+2
1.496653E+2	4.214369E+2
1.497340E+2	4.214365E+2
1.498030E+2	4.214361E+2
1.498705E+2	4.214375E+2
1.499358E+2	4.214363E+2
1.500033E+2	4.214363E+2
1.500686E+2	4.214356E+2
1.501371E+2	4.214356E+2
1.502074E+2	4.214356E+2
1.502790E+2	4.214355E+2
1.503440E+2	4.214354E+2
1.504157E+2	4.214364E+2
1.504842E+2	4.214352E+2
1.505520E+2	4.214354E+2
1.506167E+2	4.214336E+2
1.506831E+2	4.214340E+2
1.507490E+2	4.214340E+2
1.508185E+2	4.214343E+2
1.508841E+2	4.214332E+2
1.509532E+2	4.214340E+2
1.510204E+2	4.214337E+2
1.510890E+2	4.214334E+2
1.511548E+2	4.214333E+2
1.512239E+2	4.214343E+2
1.512960E+2	4.214330E+2
1.513628E+2	4.214333E+2
1.514287E+2	4.214335E+2
1.514945E+2	4.214324E+2
1.515600E+2	4.214323E+2
1.516319E+2	4.214327E+2
1.516977E+2	4.214326E+2
1.517668E+2	4.214326E+2
1.518327E+2	4.214322E+2
1.519016E+2	4.214329E+2
1.519707E+2	4.214325E+2
1.520389E+2	4.214313E+2
1.521082E+2	4.214320E+2
1.521796E+2	4.214311E+2
1.522487E+2	4.214313E+2
1.523171E+2	4.214313E+2
1.523857E+2	4.214271E+2
1.524522E+2	4.214267E+2
1.525198E+2	4.214270E+2
1.525864E+2	4.214263E+2
1.526566E+2	4.214262E+2
1.527250E+2	4.214260E+2
1.527945E+2	4.214257E+2
1.528599E+2	4.214263E+2
1.529300E+2	4.214253E+2
1.529967E+2	4.214255E+2
1.530672E+2	4.214241E+2
1.531369E+2	4.214248E+2
1.532019E+2	4.214251E+2
1.532702E+2	4.214254E+2
1.533397E+2	4.214243E+2
1.534071E+2	4.214255E+2
1.534714E+2	4.214253E+2
1.535428E+2	4.214253E+2
1.536126E+2	4.214262E+2
1.536807E+2	4.214240E+2
1.537483E+2	4.214254E+2
1.538170E+2	4.214251E+2
1.538832E+2	4.214249E+2
1.539508E+2	4.214250E+2
1.540175E+2	4.214248E+2
1.540859E+2	4.214252E+2
1.541556E+2	4.214242E+2
1.542253E+2	4.214230E+2
1.542939E+2	4.214234E+2
1.543619E+2	4.214233E+2
1.544323E+2	4.214223E+2
1.544996E+2	4.214235E+2
1.545675E+2	4.214227E+2
1.546356E+2	4.214227E+2
1.547010E+2	4.214222E+2
1.547679E+2	4.214219E+2
1.548335E+2	4.214223E+2
1.549013E+2	4.214219E+2
1.549718E+2	4.214228E+2
1.550384E+2	4.214227E+2
1.551086E+2	4.214237E+2
1.551779E+2	4.214242E+2
1.552451E+2	4.214220E+2
1.553116E+2	4.214236E+2
1.553813E+2	4.214231E+2
1.554495E+2	4.214233E+2
1.555185E+2	4.214236E+2
1.555879E+2	4.214231E+2
1.556554E+2	4.214239E+2
1.557252E+2	4.214240E+2
1.557943E+2	4.214230E+2
1.558667E+2	4.214248E+2
1.559348E+2	4.214242E+2
1.560017E+2	4.214238E+2
1.560698E+2	4.214250E+2
1.561386E+2	4.214247E+2
1.562073E+2	4.214244E+2
1.562742E+2	4.214251E+2
1.563431E+2	4.214256E+2
1.564129E+2	4.214246E+2
1.564819E+2	4.214258E+2
1.565509E+2	4.214265E+2
1.566188E+2	4.214256E+2
1.566870E+2	4.214258E+2
1.567558E+2	4.214263E+2
1.568233E+2	4.214260E+2
1.568909E+2	4.214264E+2
1.569581E+2	4.214274E+2
1.570238E+2	4.214264E+2
1.570925E+2	4.214276E+2
1.571600E+2	4.214280E+2
1.572275E+2	4.214268E+2
1.572967E+2	4.214272E+2
1.573634E+2	4.214286E+2
1.574321E+2	4.214293E+2
1.574990E+2	4.214274E+2
1.575662E+2	4.214294E+2
1.576350E+2	4.214302E+2
1.577033E+2	4.214288E+2
1.577715E+2	4.214304E+2
1.578383E+2	4.214304E+2
1.579089E+2	4.214305E+2
1.579796E+2	4.214313E+2
1.580461E+2	4.214306E+2
1.581137E+2	4.214314E+2
1.581810E+2	4.214308E+2
1.582490E+2	4.214319E+2
1.583175E+2	4.214325E+2
1.583856E+2	4.214320E+2
1.584521E+2	4.214335E+2
1.585225E+2	4.214323E+2
1.585916E+2	4.214329E+2
1.586640E+2	4.214331E+2
1.587341E+2	4.214333E+2
1.588032E+2	4.214340E+2
1.588725E+2	4.214346E+2
1.589406E+2	4.214351E+2
1.590073E+2	4.214357E+2
1.590752E+2	4.214360E+2
1.591455E+2	4.214367E+2
1.592156E+2	4.214368E+2
1.592836E+2	4.214371E+2
1.593526E+2	4.214364E+2
1.594208E+2	4.214372E+2
1.594884E+2	4.214382E+2
1.595575E+2	4.214389E+2
1.596289E+2	4.214382E+2
1.596970E+2	4.214393E+2
1.597641E+2	4.214387E+2
1.598302E+2	4.214384E+2
1.598974E+2	4.214398E+2
1.599689E+2	4.214408E+2
1.600368E+2	4.214399E+2
1.601049E+2	4.214411E+2
1.601770E+2	4.214416E+2
1.602443E+2	4.214415E+2
1.603116E+2	4.214429E+2
1.603828E+2	4.214417E+2
1.604489E+2	4.214423E+2
1.605156E+2	4.214436E+2
1.605875E+2	4.214442E+2
1.606556E+2	4.214441E+2
1.607240E+2	4.214438E+2
1.607919E+2	4.214452E+2
1.608608E+2	4.214453E+2
1.609301E+2	4.214453E+2
1.609952E+2	4.214469E+2
1.610631E+2	4.214469E+2
1.611288E+2	4.214467E+2
1.611973E+2	4.214479E+2
1.612646E+2	4.214485E+2
1.613296E+2	4.214492E+2
1.614012E+2	4.214502E+2
1.614721E+2	4.214509E+2
1.615404E+2	4.214509E+2
1.616102E+2	4.214517E+2
1.616815E+2	4.214529E+2
1.617493E+2	4.214529E+2
1.618164E+2	4.214528E+2
1.618845E+2	4.214545E+2
1.619541E+2	4.214554E+2
1.620235E+2	4.214544E+2
1.620920E+2	4.214560E+2
1.621624E+2	4.214567E+2
1.622283E+2	4.214576E+2
1.622993E+2	4.214578E+2
1.623671E+2	4.214578E+2
1.624352E+2	4.214584E+2
1.625007E+2	4.214590E+2
1.625684E+2	4.214591E+2
1.626368E+2	4.214606E+2
1.627037E+2	4.214608E+2
1.627726E+2	4.214616E+2
1.628418E+2	4.214623E+2
1.629082E+2	4.214628E+2
1.629779E+2	4.214635E+2
1.630450E+2	4.214637E+2
1.631134E+2	4.214644E+2
1.631815E+2	4.214638E+2
1.632477E+2	4.214655E+2
1.633139E+2	4.214661E+2
1.633828E+2	4.214670E+2
1.634507E+2	4.214679E+2
1.635223E+2	4.214677E+2
1.635965E+2	4.214677E+2
1.636646E+2	4.214691E+2
1.637330E+2	4.214712E+2
1.638028E+2	4.214694E+2
1.638697E+2	4.214702E+2
1.639344E+2	4.214717E+2
1.640021E+2	4.214716E+2
1.640692E+2	4.214723E+2
1.641409E+2	0.000000E+0
1.642056E+2	4.214731E+2
1.642766E+2	4.214745E+2
1.643446E+2	4.214762E+2
1.644119E+2	4.214761E+2
1.644815E+2	4.214784E+2
1.645489E+2	4.214779E+2
1.646189E+2	4.214788E+2
1.646870E+2	4.214806E+2
1.647540E+2	4.214811E+2
1.648222E+2	4.214818E+2
1.648915E+2	4.214831E+2
1.649603E+2	4.214823E+2
1.650303E+2	4.214841E+2
1.651006E+2	4.214845E+2
1.651690E+2	4.214856E+2
1.652368E+2	4.214857E+2
1.653042E+2	4.214857E+2
1.653735E+2	4.214876E+2
1.654417E+2	4.214885E+2
1.655123E+2	4.214890E+2
1.655799E+2	4.214902E+2
1.656486E+2	4.214909E+2
1.657179E+2	4.214921E+2
1.657837E+2	4.214929E+2
1.658551E+2	4.214937E+2
1.659235E+2	4.214933E+2
1.659925E+2	4.214953E+2
1.660590E+2	4.214967E+2
1.661268E+2	4.214978E+2
1.661930E+2	4.214976E+2
1.662599E+2	4.214991E+2
1.663280E+2	4.214990E+2
1.663984E+2	4.215003E+2
1.664667E+2	4.215021E+2
1.665345E+2	4.215026E+2
1.666007E+2	4.215036E+2
1.666661E+2	4.215035E+2
1.667323E+2	4.215051E+2
1.668015E+2	4.215058E+2
1.668693E+2	0.000000E+0
1.669404E+2	4.215086E+2
1.670057E+2	4.215092E+2
1.670763E+2	4.215094E+2
1.671472E+2	4.215114E+2
1.672152E+2	4.215123E+2
1.672851E+2	4.215123E+2
1.673548E+2	4.215137E+2
1.674207E+2	4.215152E+2
1.674900E+2	4.215169E+2
1.675566E+2	4.215171E+2
1.676235E+2	4.215180E+2
1.676931E+2	4.215191E+2
1.677648E+2	4.215206E+2
1.678354E+2	4.215220E+2
1.679076E+2	4.215211E+2
1.679758E+2	4.215243E+2
1.680427E+2	4.215249E+2
1.681111E+2	4.215260E+2
1.681794E+2	4.215274E+2
1.682493E+2	4.215277E+2
1.683176E+2	4.215292E+2
1.683892E+2	4.215301E+2
1.684587E+2	4.215316E+2
1.685263E+2	4.215329E+2
1.685985E+2	4.215337E+2
1.686662E+2	4.215343E+2
1.687323E+2	4.215351E+2
1.687980E+2	4.215362E+2
1.688638E+2	4.215376E+2
1.689282E+2	4.215370E+2
1.689927E+2	4.215395E+2
1.690612E+2	4.215408E+2
1.691291E+2	4.215413E+2
1.692022E+2	4.215436E+2
1.692739E+2	4.215440E+2
1.693465E+2	4.215450E+2
1.694125E+2	4.215457E+2
1.694801E+2	4.215477E+2
1.695475E+2	4.215492E+2
1.696156E+2	4.215509E+2
1.696813E+2	4.215512E+2
1.697483E+2	4.215526E+2
1.698171E+2	4.215543E+2
1.698885E+2	4.215549E+2
1.699553E+2	4.215567E+2
1.700288E+2	4.215564E+2
1.700992E+2	4.215590E+2
1.701675E+2	4.215606E+2
1.702338E+2	4.215605E+2
1.702992E+2	4.215635E+2
1.703650E+2	4.215632E+2
1.704349E+2	4.215658E+2
1.705052E+2	4.215655E+2
1.705738E+2	4.215681E+2
1.706470E+2	4.215690E+2
1.707138E+2	4.215702E+2
1.707828E+2	4.215717E+2
1.708543E+2	4.215735E+2
1.709218E+2	4.215745E+2
1.709871E+2	4.215764E+2
1.710528E+2	4.215779E+2
1.711227E+2	4.215780E+2
1.711906E+2	4.215803E+2
1.712585E+2	4.215813E+2
1.713245E+2	4.215822E+2
1.713926E+2	4.215829E+2
1.714592E+2	4.215859E+2
1.715276E+2	4.215872E+2
1.715936E+2	4.215884E+2
1.716624E+2	4.215901E+2
1.717317E+2	4.215923E+2
1.718002E+2	4.215915E+2
1.718682E+2	4.215931E+2
1.719344E+2	4.215956E+2
1.719997E+2	4.215961E+2
1.720709E+2	4.215974E+2
1.721424E+2	4.215993E+2
1.722085E+2	4.216007E+2
1.722761E+2	4.216027E+2
1.723438E+2	4.216037E+2
1.724116E+2	4.216044E+2
1.724792E+2	4.216069E+2
1.725474E+2	4.216082E+2
1.726167E+2	4.216107E+2
1.726845E+2	4.216113E+2
1.727527E+2	4.216133E+2
1.728225E+2	4.216150E+2
1.728920E+2	4.216166E+2
1.729577E+2	4.216183E+2
1.730270E+2	4.216185E+2
1.730934E+2	4.216210E+2
1.731622E+2	4.216223E+2
1.732332E+2	4.216248E+2
1.733051E+2	4.216247E+2
1.733722E+2	4.216269E+2
1.734388E+2	4.216294E+2
1.735070E+2	4.216303E+2
1.735733E+2	4.216311E+2
1.736398E+2	4.216340E+2
1.737076E+2	4.216352E+2
1.737773E+2	4.216371E+2
1.738441E+2	4.216389E+2
1.739132E+2	4.216408E+2
1.739844E+2	4.216422E+2
1.740550E+2	4.216436E+2
1.741196E+2	4.216453E+2
1.741896E+2	4.216466E+2
1.742568E+2	4.216488E+2
1.743232E+2	4.216502E+2
1.743882E+2	4.216519E+2
1.744566E+2	4.216533E+2
1.745256E+2	4.216551E+2
1.745962E+2	4.216572E+2
1.746651E+2	4.216574E+2
1.747356E+2	4.216597E+2
1.748035E+2	4.216614E+2
1.748755E+2	4.216623E+2
1.749430E+2	4.216652E+2
1.750094E+2	4.216663E+2
1.750747E+2	4.216691E+2
1.751411E+2	4.216709E+2
1.752051E+2	4.216726E+2
1.752736E+2	4.216737E+2
1.753401E+2	4.216765E+2
1.754077E+2	4.216765E+2
1.754756E+2	4.216804E+2
1.755406E+2	4.216813E+2
1.756075E+2	4.216826E+2
1.756757E+2	4.216846E+2
1.757431E+2	4.216871E+2
1.758077E+2	4.216872E+2
1.758800E+2	4.216897E+2
1.759475E+2	4.216922E+2
1.760178E+2	4.216935E+2
1.760870E+2	4.216962E+2
1.761549E+2	4.216974E+2
1.762228E+2	4.216997E+2
1.762914E+2	4.217004E+2
1.763594E+2	4.217034E+2
1.764268E+2	4.217048E+2
1.764947E+2	4.217074E+2
1.765618E+2	4.217098E+2
1.766334E+2	4.217106E+2
1.767004E+2	4.217138E+2
1.767698E+2	4.217150E+2
1.768382E+2	4.217171E+2
1.769055E+2	4.217201E+2
1.769720E+2	4.217223E+2
1.770382E+2	4.217220E+2
1.771064E+2	4.217254E+2
1.771747E+2	4.217272E+2
1.772463E+2	4.217282E+2
1.773151E+2	4.217322E+2
1.773874E+2	4.217327E+2
1.774569E+2	4.217358E+2
1.775269E+2	4.217372E+2
1.775933E+2	4.217399E+2
1.776596E+2	4.217412E+2
1.777280E+2	4.217439E+2
1.777977E+2	4.217463E+2
1.778630E+2	4.217495E+2
1.779313E+2	4.217503E+2
1.780002E+2	4.217524E+2
1.780720E+2	4.217555E+2
1.781412E+2	4.217571E+2
1.782116E+2	4.217583E+2
1.782770E+2	4.217617E+2
1.783438E+2	4.217639E+2
1.784118E+2	4.217641E+2
1.784810E+2	4.217687E+2
1.785478E+2	4.217690E+2
1.786129E+2	4.217719E+2
1.786815E+2	4.217750E+2
1.787514E+2	4.217763E+2
1.788182E+2	4.217792E+2
1.788877E+2	4.217815E+2
1.789551E+2	4.217828E+2
1.790205E+2	4.217853E+2
1.790877E+2	4.217874E+2
1.791555E+2	4.217895E+2
1.792246E+2	4.217926E+2
1.792947E+2	4.217950E+2
1.793625E+2	4.217974E+2
1.794333E+2	4.217999E+2
1.795044E+2	4.218015E+2
1.795740E+2	4.218035E+2
1.796411E+2	4.218072E+2
1.797090E+2	4.218090E+2
1.797753E+2	4.218103E+2
1.798441E+2	4.218141E+2
1.799110E+2	4.218159E+2
1.799770E+2	4.218172E+2
1.800438E+2	4.218204E+2
1.801102E+2	4.218223E+2
1.801768E+2	4.218253E+2
1.802407E+2	4.218270E+2
1.803082E+2	4.218296E+2
1.803749E+2	4.218320E+2
1.804423E+2	4.218346E+2
1.805115E+2	4.218363E+2
1.805811E+2	4.218402E+2
1.806493E+2	4.218412E+2
1.807190E+2	4.218453E+2
1.807879E+2	4.218477E+2
1.808603E+2	4.218503E+2
1.809278E+2	4.218526E+2
1.809960E+2	4.218546E+2
1.810654E+2	4.218573E+2
1.811348E+2	4.218606E+2
1.812001E+2	4.218627E+2
1.812693E+2	4.218648E+2
1.813403E+2	4.218681E+2
1.814124E+2	4.218704E+2
1.814810E+2	4.218738E+2
1.815539E+2	4.218760E+2
1.816208E+2	4.218796E+2
1.816943E+2	4.218810E+2
1.817671E+2	4.218842E+2
1.818352E+2	4.218872E+2
1.819027E+2	4.218902E+2
1.819703E+2	4.218926E+2
1.820393E+2	4.218953E+2
1.821069E+2	4.218980E+2
1.821758E+2	4.218992E+2
1.822403E+2	4.219024E+2
1.823083E+2	4.219048E+2
1.823757E+2	4.219084E+2
1.824424E+2	4.219114E+2
1.825111E+2	4.219124E+2
1.825795E+2	4.219158E+2
1.826465E+2	4.219185E+2
1.827132E+2	4.219229E+2
1.827811E+2	4.219248E+2
1.828498E+2	4.219265E+2
1.829203E+2	4.219305E+2
1.829860E+2	4.219329E+2
1.830561E+2	4.219359E+2
1.831254E+2	4.219376E+2
1.831948E+2	4.219416E+2
1.832619E+2	4.219437E+2
1.833282E+2	4.219476E+2
1.833942E+2	4.219500E+2
1.834630E+2	4.219534E+2
1.835307E+2	4.219553E+2
1.836055E+2	4.219591E+2
1.836709E+2	4.219623E+2
1.837420E+2	4.219649E+2
1.838123E+2	4.219667E+2
1.838787E+2	4.219701E+2
1.839456E+2	4.219732E+2
1.840121E+2	4.219756E+2
1.840803E+2	4.219782E+2
1.841451E+2	4.219813E+2
1.842165E+2	4.219842E+2
1.842856E+2	4.219877E+2
1.843556E+2	4.219920E+2
1.844229E+2	4.219940E+2
1.844905E+2	4.219976E+2
1.845553E+2	4.219991E+2
1.846270E+2	4.220026E+2
1.846962E+2	4.220051E+2
1.847637E+2	4.220088E+2
1.848284E+2	4.220128E+2
1.848956E+2	4.220152E+2
1.849670E+2	4.220184E+2
1.850351E+2	4.220222E+2
1.851050E+2	4.220252E+2
1.851708E+2	4.220278E+2
1.852374E+2	4.220297E+2
1.853058E+2	4.220337E+2
1.853729E+2	4.220362E+2
1.854399E+2	4.220391E+2
1.855118E+2	4.220436E+2
1.855800E+2	4.220466E+2
1.856491E+2	4.220490E+2
1.857206E+2	4.220534E+2
1.857894E+2	4.220572E+2
1.858613E+2	4.220593E+2
1.859321E+2	4.220635E+2
1.860007E+2	4.220664E+2
1.860685E+2	4.220696E+2
1.861356E+2	4.220723E+2
1.862017E+2	4.220768E+2
1.862711E+2	4.220788E+2
1.863430E+2	4.220817E+2
1.864138E+2	4.220860E+2
1.864845E+2	4.220907E+2
1.865502E+2	0.000000E+0
1.866155E+2	4.220959E+2
1.866864E+2	4.220997E+2
1.867546E+2	4.221035E+2
1.868209E+2	4.221054E+2
1.868862E+2	4.221089E+2
1.869540E+2	4.221125E+2
1.870237E+2	4.221152E+2
1.870937E+2	4.221183E+2
1.871584E+2	4.221236E+2
1.872300E+2	4.221253E+2
1.872978E+2	4.221285E+2
1.873665E+2	4.221318E+2
1.874335E+2	4.221350E+2
1.875012E+2	4.221392E+2
1.875679E+2	4.221430E+2
1.876343E+2	4.221463E+2
1.877029E+2	4.221494E+2
1.877728E+2	4.221543E+2
1.878431E+2	4.221573E+2
1.879107E+2	4.221602E+2
1.879805E+2	4.221639E+2
1.880463E+2	4.221670E+2
1.881123E+2	4.221715E+2
1.881782E+2	4.221739E+2
1.882480E+2	4.221779E+2
1.883147E+2	4.221800E+2
1.883845E+2	4.221849E+2
1.884515E+2	4.221879E+2
1.885205E+2	4.221908E+2
1.885895E+2	4.221969E+2
1.886581E+2	4.221999E+2
1.887270E+2	4.222029E+2
1.887952E+2	4.222062E+2
1.888621E+2	4.222097E+2
1.889278E+2	4.222130E+2
1.889952E+2	4.222168E+2
1.890641E+2	4.222217E+2
1.891299E+2	4.222240E+2
1.891964E+2	4.222286E+2
1.892629E+2	4.222323E+2
1.893291E+2	4.222354E+2
1.893946E+2	4.222390E+2
1.894609E+2	4.222409E+2
1.895296E+2	4.222466E+2
1.896000E+2	4.222499E+2
1.896663E+2	4.222523E+2
1.897310E+2	4.222572E+2
1.898010E+2	4.222621E+2
1.898696E+2	4.222649E+2
1.899383E+2	4.222692E+2
1.900077E+2	4.222728E+2
1.900745E+2	4.222762E+2
1.901438E+2	4.222799E+2
1.902102E+2	4.222843E+2
1.902815E+2	4.222868E+2
1.903535E+2	4.222912E+2
1.904219E+2	4.222972E+2
1.904933E+2	4.222997E+2
1.905619E+2	4.223038E+2
1.906298E+2	4.223083E+2
1.906991E+2	4.223122E+2
1.907686E+2	4.223158E+2
1.908359E+2	0.000000E+0
1.909024E+2	4.223232E+2
1.909710E+2	4.223279E+2
1.910363E+2	4.223312E+2
1.911042E+2	4.223359E+2
1.911719E+2	4.223390E+2
1.912402E+2	4.223433E+2
1.913105E+2	4.223481E+2
1.913772E+2	4.223505E+2
1.914469E+2	4.223557E+2
1.915147E+2	4.223596E+2
1.915802E+2	4.223626E+2
1.916455E+2	4.223677E+2
1.917134E+2	4.223720E+2
1.917821E+2	4.223765E+2
1.918484E+2	4.223785E+2
1.919159E+2	4.223840E+2
1.919851E+2	4.223874E+2
1.920515E+2	4.223924E+2
1.921231E+2	4.223979E+2
1.921913E+2	4.224008E+2
1.922589E+2	4.224042E+2
1.923278E+2	4.224088E+2
1.923983E+2	4.224139E+2
1.924670E+2	4.224172E+2
1.925397E+2	4.224224E+2
1.926093E+2	4.224265E+2
1.926796E+2	4.224314E+2
1.927472E+2	4.224351E+2
1.928158E+2	4.224386E+2
1.928850E+2	4.224431E+2
1.929546E+2	4.224470E+2
1.930197E+2	4.224525E+2
1.930869E+2	4.224558E+2
1.931576E+2	4.224612E+2
1.932223E+2	4.224656E+2
1.932910E+2	4.224706E+2
1.933610E+2	4.224737E+2
1.934291E+2	4.224779E+2
1.934957E+2	4.224825E+2
1.935630E+2	4.224867E+2
1.936331E+2	4.224915E+2
1.937000E+2	4.224963E+2
1.937668E+2	4.225002E+2
1.938338E+2	4.225047E+2
1.939045E+2	4.225094E+2
1.939720E+2	4.225134E+2
1.940427E+2	4.225184E+2
1.941116E+2	4.225219E+2
1.941801E+2	4.225273E+2
1.942502E+2	4.225318E+2
1.943175E+2	4.225367E+2
1.943845E+2	4.225410E+2
1.944529E+2	4.225457E+2
1.945243E+2	4.225499E+2
1.945940E+2	4.225555E+2
1.946626E+2	4.225589E+2
1.947286E+2	4.225638E+2
1.947992E+2	4.225693E+2
1.948687E+2	4.225736E+2
1.949345E+2	4.225783E+2
1.950034E+2	4.225825E+2
1.950712E+2	4.225875E+2
1.951385E+2	4.225915E+2
1.952052E+2	4.225969E+2
1.952765E+2	4.226017E+2
1.953466E+2	4.226059E+2
1.954136E+2	4.226113E+2
1.954857E+2	4.226163E+2
1.955527E+2	4.226204E+2
1.956202E+2	4.226249E+2
1.956869E+2	4.226290E+2
1.957525E+2	4.226352E+2
1.958197E+2	4.226387E+2
1.958876E+2	4.226440E+2
1.959547E+2	4.226485E+2
1.960242E+2	4.226531E+2
1.960890E+2	4.226583E+2
1.961597E+2	4.226616E+2
1.962264E+2	4.226671E+2
1.962934E+2	4.226724E+2
1.963604E+2	4.226772E+2
1.964264E+2	4.226821E+2
1.964951E+2	4.226871E+2
1.965638E+2	4.226910E+2
1.966346E+2	4.226966E+2
1.967040E+2	4.227016E+2
1.967717E+2	4.227075E+2
1.968418E+2	4.227115E+2
1.969103E+2	4.227169E+2
1.969779E+2	4.227216E+2
1.970454E+2	4.227272E+2
1.971146E+2	4.227314E+2
1.971841E+2	4.227366E+2
1.972499E+2	4.227418E+2
1.973179E+2	4.227472E+2
1.973881E+2	4.227514E+2
1.974578E+2	4.227565E+2
1.975263E+2	4.227617E+2
1.975935E+2	4.227671E+2
1.976615E+2	4.227725E+2
1.977271E+2	4.227769E+2
1.977987E+2	4.227829E+2
1.978658E+2	4.227880E+2
1.979302E+2	4.227927E+2
1.979995E+2	4.227979E+2
1.980654E+2	4.228016E+2
1.981358E+2	4.228075E+2
1.982012E+2	4.228131E+2
1.982682E+2	4.228184E+2
1.983340E+2	4.228226E+2
1.984009E+2	4.228282E+2
1.984659E+2	4.228335E+2
1.985356E+2	4.228381E+2
1.986038E+2	4.228441E+2
1.986731E+2	4.228483E+2
1.987417E+2	4.228550E+2
1.988116E+2	4.228602E+2
1.988785E+2	4.228649E+2
1.989476E+2	4.228703E+2
1.990138E+2	4.228760E+2
1.990813E+2	4.228805E+2
1.991463E+2	4.228859E+2
1.992167E+2	4.228922E+2
1.992831E+2	4.228962E+2
1.993533E+2	4.229024E+2
1.994261E+2	4.229076E+2
1.994937E+2	4.229145E+2
1.995604E+2	4.229190E+2
1.996303E+2	4.229235E+2
1.996982E+2	4.229302E+2
1.997675E+2	4.229356E+2
1.998327E+2	4.229399E+2
1.999004E+2	4.229462E+2
1.999682E+2	4.229526E+2
2.000354E+2	4.229569E+2
2.001064E+2	4.229628E+2
2.001725E+2	4.229672E+2
2.002399E+2	4.229750E+2
2.003072E+2	4.229793E+2
2.003725E+2	4.229851E+2
2.004422E+2	4.229907E+2
2.005123E+2	4.229961E+2
2.005783E+2	4.230022E+2
2.006485E+2	4.230070E+2
2.007164E+2	4.230129E+2
2.007835E+2	4.230189E+2
2.008506E+2	4.230245E+2
2.009192E+2	4.230290E+2
2.009855E+2	4.230344E+2
2.010541E+2	4.230403E+2
2.011209E+2	4.230458E+2
2.011882E+2	4.230524E+2
2.012566E+2	4.230585E+2
2.013247E+2	4.230622E+2
2.013919E+2	4.230694E+2
2.014583E+2	4.230758E+2
2.015252E+2	4.230799E+2
2.015944E+2	4.230856E+2
2.016633E+2	4.230917E+2
2.017299E+2	4.230979E+2
2.017982E+2	4.231024E+2
2.018656E+2	4.231091E+2
2.019343E+2	4.231148E+2
2.020023E+2	4.231230E+2
2.020708E+2	4.231262E+2
2.021381E+2	4.231335E+2
2.022062E+2	4.231398E+2
2.022718E+2	4.231439E+2
2.023376E+2	4.231496E+2
2.024101E+2	4.231565E+2
2.024800E+2	4.231630E+2
2.025499E+2	4.231692E+2
2.026232E+2	4.231759E+2
2.026937E+2	4.231814E+2
2.027612E+2	4.231877E+2
2.028319E+2	4.231922E+2
2.028999E+2	4.231998E+2
2.029683E+2	4.232057E+2
2.030350E+2	4.232117E+2
2.031031E+2	4.232178E+2
2.031706E+2	4.232235E+2
2.032385E+2	4.232291E+2
2.033060E+2	4.232363E+2
2.033780E+2	4.232416E+2
2.034491E+2	4.232478E+2
2.035192E+2	4.232547E+2
2.035873E+2	4.232606E+2
2.036552E+2	4.232666E+2
2.037228E+2	4.232727E+2
2.037938E+2	4.232785E+2
2.038605E+2	4.232849E+2
2.039296E+2	4.232915E+2
2.039989E+2	4.232978E+2
2.040696E+2	4.233051E+2
2.041388E+2	4.233025E+2
2.042098E+2	4.233166E+2
2.042816E+2	4.233238E+2
2.043483E+2	4.233308E+2
2.044144E+2	4.233363E+2
2.044815E+2	4.233427E+2
2.045486E+2	4.233489E+2
2.046160E+2	4.233538E+2
2.046813E+2	4.233613E+2
2.047498E+2	4.233667E+2
2.048170E+2	4.233734E+2
2.048855E+2	4.233802E+2
2.049524E+2	4.233848E+2
2.050182E+2	4.233923E+2
2.050863E+2	4.233988E+2
2.051546E+2	4.234046E+2
2.052197E+2	4.234114E+2
2.052883E+2	4.234182E+2
2.053598E+2	4.234232E+2
2.054257E+2	4.234311E+2
2.054946E+2	4.234375E+2
2.055627E+2	4.234434E+2
2.056309E+2	4.234504E+2
2.056983E+2	4.234563E+2
2.057673E+2	4.234629E+2
2.058363E+2	4.234702E+2
2.059048E+2	4.234771E+2
2.059741E+2	4.234823E+2
2.060455E+2	4.234909E+2
2.061153E+2	4.234969E+2
2.061813E+2	4.235030E+2
2.062512E+2	4.235095E+2
2.063168E+2	4.235157E+2
2.063825E+2	4.235223E+2
2.064505E+2	4.235297E+2
2.065173E+2	4.235363E+2
2.065849E+2	4.235417E+2
2.066506E+2	4.235501E+2
2.067192E+2	4.235553E+2
2.067858E+2	4.235627E+2
2.068538E+2	4.235682E+2
2.069221E+2	4.235746E+2
2.069895E+2	4.235816E+2
2.070561E+2	4.235880E+2
2.071232E+2	4.235961E+2
2.071910E+2	4.236025E+2
2.072605E+2	4.236091E+2
2.073305E+2	4.236169E+2
2.073997E+2	4.236239E+2
2.074688E+2	4.236298E+2
2.075370E+2	4.236366E+2
2.076042E+2	4.236436E+2
2.076702E+2	4.236503E+2
2.077369E+2	4.236570E+2
2.078034E+2	4.236636E+2
2.078708E+2	4.236721E+2
2.079389E+2	4.236776E+2
2.080040E+2	4.236858E+2
2.080727E+2	4.236916E+2
2.081426E+2	4.236982E+2
2.082099E+2	4.237056E+2
2.082780E+2	4.237130E+2
2.083456E+2	4.237185E+2
2.084117E+2	4.237255E+2
2.084799E+2	4.237322E+2
2.085487E+2	4.237403E+2
2.086162E+2	4.237461E+2
2.086851E+2	4.237535E+2
2.087534E+2	4.237608E+2
2.088242E+2	4.237681E+2
2.088936E+2	4.237747E+2
2.089595E+2	4.237814E+2
2.090263E+2	4.237889E+2
2.090937E+2	4.237952E+2
2.091599E+2	4.238010E+2
2.092297E+2	4.238089E+2
2.092985E+2	4.238186E+2
2.093706E+2	4.238248E+2
2.094385E+2	4.238324E+2
2.095061E+2	4.238389E+2
2.095709E+2	4.238449E+2
2.096427E+2	4.238535E+2
2.097100E+2	4.238613E+2
2.097765E+2	4.238668E+2
2.098440E+2	4.238737E+2
2.099100E+2	4.238812E+2
2.099815E+2	0.000000E+0
2.100476E+2	4.238966E+2
2.101164E+2	4.239050E+2
2.101859E+2	4.239104E+2
2.102523E+2	4.239187E+2
2.103210E+2	4.239251E+2
2.103895E+2	4.239340E+2
2.104573E+2	4.239399E+2
2.105244E+2	4.239470E+2
2.105905E+2	4.239550E+2
2.106580E+2	4.239621E+2
2.107225E+2	4.239697E+2
2.107924E+2	4.239767E+2
2.108577E+2	4.239846E+2
2.109240E+2	4.239907E+2
2.109898E+2	4.239976E+2
2.110561E+2	4.240043E+2
2.111228E+2	4.240135E+2
2.111865E+2	4.240194E+2
2.112544E+2	4.240273E+2
2.113189E+2	4.240344E+2
2.113829E+2	4.240404E+2
2.114478E+2	4.240478E+2
2.115128E+2	4.240557E+2
2.115803E+2	4.240635E+2
2.116484E+2	4.240701E+2
2.117134E+2	4.240787E+2
2.117809E+2	4.240854E+2
2.118482E+2	4.240934E+2
2.119139E+2	4.241017E+2
2.119810E+2	4.241074E+2
2.120468E+2	4.241151E+2
2.121128E+2	4.241227E+2
2.121802E+2	4.241297E+2
2.122457E+2	4.241382E+2
2.123138E+2	4.241459E+2
2.123806E+2	4.241521E+2
2.124478E+2	4.241595E+2
2.125136E+2	4.241671E+2
2.125791E+2	4.241751E+2
2.126467E+2	4.241821E+2
2.127118E+2	4.241904E+2
2.127812E+2	4.241953E+2
2.128500E+2	4.242037E+2
2.129214E+2	4.242120E+2
2.129933E+2	4.242197E+2
2.130593E+2	4.242281E+2
2.131271E+2	4.242353E+2
2.131969E+2	4.242438E+2
2.132639E+2	4.242509E+2
2.133277E+2	4.242574E+2
2.133950E+2	4.242667E+2
2.134601E+2	4.242738E+2
2.135289E+2	4.242815E+2
2.135958E+2	4.242896E+2
2.136637E+2	4.242964E+2
2.137337E+2	4.243045E+2
2.137985E+2	4.243117E+2
2.138687E+2	4.243191E+2
2.139348E+2	4.243286E+2
2.139993E+2	4.243353E+2
2.140695E+2	0.000000E+0
2.141373E+2	4.243521E+2
2.142093E+2	4.243613E+2
2.142766E+2	4.243675E+2
2.143441E+2	4.243763E+2
2.144129E+2	4.243830E+2
2.144804E+2	4.243910E+2
2.145480E+2	4.243998E+2
2.146149E+2	4.244074E+2
2.146817E+2	4.244156E+2
2.147499E+2	4.244237E+2
2.148190E+2	4.244319E+2
2.148856E+2	4.244395E+2
2.149533E+2	4.244482E+2
2.150210E+2	4.244568E+2
2.150870E+2	4.244641E+2
2.151535E+2	4.244723E+2
2.152212E+2	4.244803E+2
2.152897E+2	4.244883E+2
2.153594E+2	4.244969E+2
2.154260E+2	4.245052E+2
2.154964E+2	4.245137E+2
2.155640E+2	4.245217E+2
2.156314E+2	4.245297E+2
2.156990E+2	4.245390E+2
2.157663E+2	4.245466E+2
2.158325E+2	4.245541E+2
2.159024E+2	4.245639E+2
2.159691E+2	4.245709E+2
2.160373E+2	4.245799E+2
2.161048E+2	4.245876E+2
2.161718E+2	4.245957E+2
2.162388E+2	4.246046E+2
2.163051E+2	4.246135E+2
2.163701E+2	4.246213E+2
2.164384E+2	4.246292E+2
2.165061E+2	4.246382E+2
2.165748E+2	4.246455E+2
2.166427E+2	4.246540E+2
2.167143E+2	4.246633E+2
2.167815E+2	4.246720E+2
2.168494E+2	4.246799E+2
2.169168E+2	4.246885E+2
2.169842E+2	4.246969E+2
2.170519E+2	4.247051E+2
2.171211E+2	4.247142E+2
2.171870E+2	4.247220E+2
2.172542E+2	4.247308E+2
2.173222E+2	4.247398E+2
2.173931E+2	4.247481E+2
2.174637E+2	4.247567E+2
2.175335E+2	4.247651E+2
2.176018E+2	4.247745E+2
2.176695E+2	4.247829E+2
2.177355E+2	4.247924E+2
2.178043E+2	4.248004E+2
2.178710E+2	4.248090E+2
2.179375E+2	4.248169E+2
2.180072E+2	4.248261E+2
2.180753E+2	4.248351E+2
2.181421E+2	4.248431E+2
2.182122E+2	4.248513E+2
2.182800E+2	4.248609E+2
2.183494E+2	4.248685E+2
2.184181E+2	4.248778E+2
2.184857E+2	4.248870E+2
2.185527E+2	4.248957E+2
2.186210E+2	4.249033E+2
2.186868E+2	4.249129E+2
2.187554E+2	4.249211E+2
2.188241E+2	4.249302E+2
2.188935E+2	4.249397E+2
2.189588E+2	4.249466E+2
2.190258E+2	4.249574E+2
2.190948E+2	4.249643E+2
2.191600E+2	4.249729E+2
2.192287E+2	4.249827E+2
2.192984E+2	4.249926E+2
2.193697E+2	4.250012E+2
2.194375E+2	4.250110E+2
2.195053E+2	4.250189E+2
2.195728E+2	4.250270E+2
2.196399E+2	4.250360E+2
2.197083E+2	4.250455E+2
2.197771E+2	4.250552E+2
2.198473E+2	4.250649E+2
2.199124E+2	4.250743E+2
2.199805E+2	4.250812E+2
2.200493E+2	4.250900E+2
2.201184E+2	4.251007E+2
2.201896E+2	4.251101E+2
2.202606E+2	4.251194E+2
2.203251E+2	4.251283E+2
2.203948E+2	4.251375E+2
2.204641E+2	4.251466E+2
2.205293E+2	4.251549E+2
2.205956E+2	4.251634E+2
2.206639E+2	4.251722E+2
2.207328E+2	4.251821E+2
2.208065E+2	4.251925E+2
2.208760E+2	4.252010E+2
2.209438E+2	4.252118E+2
2.210162E+2	4.252211E+2
2.210874E+2	4.252292E+2
2.211543E+2	4.252387E+2
2.212208E+2	4.252479E+2
2.212901E+2	4.252582E+2
2.213614E+2	4.252668E+2
2.214317E+2	4.252770E+2
2.214969E+2	4.252852E+2
2.215703E+2	4.252961E+2
2.216407E+2	4.253052E+2
2.217100E+2	4.253155E+2
2.217783E+2	4.253246E+2
2.218499E+2	4.253343E+2
2.219202E+2	4.253440E+2
2.219878E+2	4.253524E+2
2.220567E+2	4.253625E+2
2.221235E+2	4.253713E+2
2.221907E+2	4.253810E+2
2.222574E+2	4.253899E+2
2.223265E+2	4.253999E+2
2.223951E+2	4.254091E+2
2.224618E+2	4.254189E+2
2.225327E+2	4.254285E+2
2.225996E+2	4.254375E+2
2.226666E+2	4.254463E+2
2.227348E+2	4.254566E+2
2.228013E+2	4.254650E+2
2.228677E+2	4.254755E+2
2.229344E+2	4.254838E+2
2.230031E+2	4.254949E+2
2.230763E+2	4.255032E+2
2.231435E+2	4.255131E+2
2.232134E+2	4.255244E+2
2.232817E+2	4.255319E+2
2.233500E+2	4.255428E+2
2.234169E+2	4.255529E+2
2.234846E+2	4.255613E+2
2.235504E+2	4.255720E+2
2.236185E+2	4.255803E+2
2.236857E+2	4.255901E+2
2.237565E+2	4.256005E+2
2.238288E+2	4.256110E+2
2.238943E+2	4.256205E+2
2.239636E+2	4.256292E+2
2.240315E+2	4.256407E+2
2.241013E+2	4.256495E+2
2.241686E+2	4.256597E+2
2.242328E+2	4.256684E+2
2.243023E+2	4.256775E+2
2.243722E+2	4.256882E+2
2.244386E+2	4.256974E+2
2.245078E+2	4.257074E+2
2.245770E+2	4.257171E+2
2.246439E+2	4.257282E+2
2.247104E+2	4.257371E+2
2.247775E+2	4.257466E+2
2.248450E+2	4.257571E+2
2.249122E+2	4.257662E+2
2.249813E+2	4.257762E+2
2.250497E+2	4.257863E+2
2.251175E+2	4.257954E+2
2.251859E+2	4.258057E+2
2.252541E+2	4.258162E+2
2.253202E+2	4.258254E+2
2.253879E+2	4.258364E+2
2.254594E+2	4.258458E+2
2.255279E+2	4.258571E+2
2.255946E+2	4.258650E+2
2.256641E+2	4.258757E+2
2.257322E+2	4.258860E+2
2.258043E+2	4.258971E+2
2.258740E+2	4.259073E+2
2.259418E+2	4.259176E+2
2.260147E+2	4.259281E+2
2.260805E+2	4.259376E+2
2.261458E+2	4.259470E+2
2.262124E+2	4.259580E+2
2.262785E+2	4.259671E+2
2.263474E+2	4.259774E+2
2.264180E+2	4.259878E+2
2.264848E+2	4.259979E+2
2.265514E+2	4.260081E+2
2.266220E+2	4.260189E+2
2.266911E+2	4.260291E+2
2.267568E+2	4.260385E+2
2.268251E+2	4.260474E+2
2.268930E+2	4.260583E+2
2.269614E+2	4.260688E+2
2.270305E+2	4.260793E+2
2.270998E+2	4.260891E+2
2.271713E+2	4.261004E+2
2.272366E+2	4.261112E+2
2.273083E+2	4.261214E+2
2.273788E+2	4.261310E+2
2.274484E+2	4.261415E+2
2.275157E+2	4.261526E+2
2.275817E+2	4.261627E+2
2.276498E+2	4.261727E+2
2.277181E+2	4.261837E+2
2.277878E+2	4.261942E+2
2.278571E+2	4.262052E+2
2.279235E+2	4.262153E+2
2.279905E+2	4.262257E+2
2.280584E+2	4.262355E+2
2.281258E+2	4.262471E+2
2.281946E+2	4.262563E+2
2.282616E+2	4.262652E+2
2.283304E+2	4.262766E+2
2.283984E+2	4.262877E+2
2.284659E+2	4.262982E+2
2.285333E+2	4.263090E+2
2.286033E+2	4.263190E+2
2.286742E+2	4.263291E+2
2.287426E+2	4.263408E+2
2.288105E+2	4.263505E+2
2.288767E+2	4.263619E+2
2.289431E+2	4.263710E+2
2.290095E+2	4.263818E+2
2.290748E+2	4.263917E+2
2.291408E+2	4.264022E+2
2.292109E+2	4.264126E+2
2.292749E+2	4.264236E+2
2.293435E+2	4.264327E+2
2.294094E+2	4.264430E+2
2.294779E+2	4.264549E+2
2.295443E+2	4.264643E+2
2.296104E+2	4.264753E+2
2.296771E+2	4.264857E+2
2.297458E+2	4.264959E+2
2.298176E+2	4.265083E+2
2.298857E+2	4.265189E+2
2.299536E+2	4.265304E+2
2.300293E+2	4.265404E+2
2.301009E+2	4.265524E+2
2.301673E+2	4.265627E+2
2.302355E+2	4.265754E+2
2.303029E+2	4.265861E+2
2.303715E+2	4.265951E+2
2.304364E+2	4.266071E+2
2.305056E+2	4.266171E+2
2.305744E+2	4.266279E+2
2.306481E+2	4.266394E+2
2.307142E+2	4.266503E+2
2.307851E+2	4.266610E+2
2.308582E+2	4.266734E+2
2.309261E+2	4.266840E+2
2.309936E+2	4.266945E+2
2.310609E+2	0.000000E+0
2.311306E+2	4.267167E+2
2.311991E+2	4.267275E+2
2.312674E+2	4.267383E+2
2.313367E+2	4.267493E+2
2.314042E+2	4.267599E+2
2.314716E+2	4.267711E+2
2.315384E+2	4.267824E+2
2.316042E+2	4.267924E+2
2.316727E+2	4.268036E+2
2.317417E+2	4.268159E+2
2.318120E+2	4.268252E+2
2.318792E+2	4.268378E+2
2.319482E+2	4.268478E+2
2.320182E+2	4.268601E+2
2.320860E+2	4.268702E+2
2.321562E+2	4.268836E+2
2.322265E+2	4.268933E+2
2.322941E+2	4.269033E+2
2.323618E+2	4.269153E+2
2.324302E+2	4.269270E+2
2.324990E+2	4.269391E+2
2.325677E+2	4.269499E+2
2.326365E+2	4.269611E+2
2.327038E+2	4.269723E+2
2.327724E+2	4.269826E+2
2.328434E+2	4.269962E+2
2.329137E+2	4.270078E+2
2.329840E+2	4.270184E+2
2.330498E+2	4.270290E+2
2.331157E+2	4.270399E+2
2.331844E+2	4.270516E+2
2.332533E+2	4.270629E+2
2.333243E+2	4.270738E+2
2.333933E+2	4.270850E+2
2.334633E+2	4.270978E+2
2.335316E+2	4.271084E+2
2.336024E+2	4.271206E+2
2.336698E+2	4.271319E+2
2.337421E+2	4.271439E+2
2.338096E+2	4.271544E+2
2.338775E+2	4.271661E+2
2.339456E+2	4.271769E+2
2.340122E+2	4.271876E+2
2.340798E+2	4.271997E+2
2.341482E+2	4.272114E+2
2.342152E+2	4.272223E+2
2.342861E+2	4.272342E+2
2.343570E+2	4.272468E+2
2.344242E+2	4.272571E+2
2.344915E+2	4.272676E+2
2.345577E+2	4.272790E+2
2.346249E+2	4.272907E+2
2.346943E+2	4.273028E+2
2.347608E+2	4.273138E+2
2.348271E+2	4.273247E+2
2.348965E+2	4.273359E+2
2.349638E+2	4.273489E+2
2.350322E+2	4.273593E+2
2.351033E+2	4.273721E+2
2.351701E+2	4.273837E+2
2.352395E+2	4.273947E+2
2.353081E+2	4.274060E+2
2.353756E+2	4.274173E+2
2.354406E+2	4.274287E+2
2.355112E+2	4.274410E+2
2.355762E+2	4.274514E+2
2.356462E+2	4.274655E+2
2.357146E+2	4.274748E+2
2.357835E+2	4.274872E+2
2.358512E+2	4.274987E+2
2.359195E+2	4.275099E+2
2.359888E+2	4.275224E+2
2.360583E+2	4.275348E+2
2.361270E+2	4.275458E+2
2.361954E+2	4.275567E+2
2.362647E+2	4.275685E+2
2.363319E+2	4.275813E+2
2.364012E+2	4.275926E+2
2.364715E+2	4.276047E+2
2.365399E+2	4.276161E+2
2.366079E+2	4.276277E+2
2.366769E+2	4.276397E+2
2.367462E+2	4.276523E+2
2.368125E+2	4.276636E+2
2.368791E+2	4.276747E+2
2.369479E+2	4.276872E+2
2.370191E+2	4.276987E+2
2.370862E+2	4.277118E+2
2.371546E+2	4.277221E+2
2.372236E+2	4.277349E+2
2.372891E+2	4.277459E+2
2.373580E+2	4.277576E+2
2.374244E+2	4.277698E+2
2.374913E+2	4.277818E+2
2.375599E+2	4.277931E+2
2.376281E+2	4.278059E+2
2.376967E+2	4.278178E+2
2.377675E+2	4.278296E+2
2.378323E+2	4.278421E+2
2.379031E+2	4.278532E+2
2.379698E+2	4.278653E+2
2.380397E+2	4.278765E+2
2.381077E+2	4.278902E+2
2.381761E+2	4.279008E+2
2.382455E+2	4.279135E+2
2.383149E+2	4.279254E+2
2.383833E+2	4.279374E+2
2.384506E+2	4.279493E+2
2.385212E+2	4.279619E+2
2.385925E+2	4.279753E+2
2.386623E+2	4.279874E+2
2.387317E+2	4.279993E+2
2.387973E+2	4.280115E+2
2.388649E+2	4.280229E+2
2.389315E+2	4.280345E+2
2.389991E+2	4.280457E+2
2.390653E+2	4.280584E+2
2.391340E+2	4.280691E+2
2.392006E+2	4.280824E+2
2.392736E+2	4.280951E+2
2.393413E+2	4.281067E+2
2.394106E+2	4.281192E+2
2.394797E+2	4.281315E+2
2.395485E+2	4.281444E+2
2.396145E+2	4.281550E+2
2.396813E+2	4.281677E+2
2.397470E+2	4.281800E+2
2.398143E+2	4.281908E+2
2.398799E+2	4.282031E+2
2.399499E+2	4.282156E+2
2.400155E+2	4.282269E+2
2.400822E+2	4.282388E+2
2.401481E+2	4.282510E+2
2.402159E+2	4.282630E+2
2.402807E+2	4.282745E+2
2.403445E+2	4.282872E+2
2.404133E+2	4.282991E+2
2.404811E+2	4.283108E+2
2.405471E+2	4.283228E+2
2.406147E+2	4.283338E+2
2.406826E+2	4.283474E+2
2.407506E+2	4.283597E+2
2.408175E+2	4.283719E+2
2.408858E+2	4.283838E+2
2.409548E+2	4.283966E+2
2.410252E+2	4.284094E+2
2.410913E+2	4.284221E+2
2.411599E+2	4.284333E+2
2.412281E+2	4.284466E+2
2.412948E+2	4.284585E+2
2.413619E+2	4.284709E+2
2.414281E+2	4.284817E+2
2.414969E+2	4.284955E+2
2.415651E+2	4.285063E+2
2.416371E+2	4.285207E+2
2.417010E+2	4.285319E+2
2.417681E+2	4.285436E+2
2.418370E+2	4.285564E+2
2.419046E+2	4.285692E+2
2.419684E+2	4.285800E+2
2.420341E+2	4.285930E+2
2.421032E+2	4.286057E+2
2.421737E+2	4.286189E+2
2.422436E+2	4.286301E+2
2.423149E+2	4.286435E+2
2.423866E+2	4.286564E+2
2.424520E+2	4.286686E+2
2.425190E+2	4.286820E+2
2.425876E+2	4.286936E+2
2.426545E+2	4.287057E+2
2.427226E+2	4.287180E+2
2.427898E+2	4.287312E+2
2.428577E+2	4.287445E+2
2.429276E+2	4.287572E+2
2.429952E+2	4.287722E+2
2.430657E+2	4.287835E+2
2.431306E+2	4.287951E+2
2.431977E+2	4.288084E+2
2.432625E+2	4.288192E+2
2.433316E+2	4.288327E+2
2.434016E+2	4.288449E+2
2.434702E+2	4.288589E+2
2.435383E+2	4.288713E+2
2.436078E+2	4.288834E+2
2.436742E+2	4.288963E+2
2.437421E+2	4.289087E+2
2.438094E+2	4.289206E+2
2.438749E+2	4.289344E+2
2.439421E+2	4.289457E+2
2.440093E+2	4.289578E+2
2.440789E+2	4.289724E+2
2.441507E+2	4.289856E+2
2.442180E+2	4.289975E+2
2.442875E+2	4.290112E+2
2.443565E+2	4.290243E+2
2.444246E+2	4.290371E+2
2.444930E+2	4.290490E+2
2.445613E+2	4.290610E+2
2.446269E+2	4.290745E+2
2.446953E+2	4.290870E+2
2.447625E+2	4.290993E+2
2.448326E+2	4.291126E+2
2.449033E+2	4.291262E+2
2.449702E+2	4.291390E+2
2.450371E+2	4.291521E+2
2.451046E+2	4.291648E+2
2.451724E+2	4.291766E+2
2.452409E+2	4.291900E+2
2.453081E+2	4.292014E+2
2.453745E+2	4.292145E+2
2.454436E+2	4.292278E+2
2.455103E+2	4.292399E+2
2.455793E+2	4.292542E+2
2.456458E+2	4.292655E+2
2.457115E+2	4.292777E+2
2.457790E+2	4.292910E+2
2.458458E+2	4.293042E+2
2.459130E+2	4.293176E+2
2.459806E+2	4.293304E+2
2.460464E+2	4.293431E+2
2.461171E+2	4.293572E+2
2.461881E+2	4.293688E+2
2.462575E+2	4.293825E+2
2.463279E+2	4.293960E+2
2.463940E+2	4.294082E+2
2.464626E+2	4.294225E+2
2.465298E+2	4.294344E+2
2.465962E+2	4.294480E+2
2.466613E+2	4.294603E+2
2.467266E+2	4.294723E+2
2.467992E+2	4.294870E+2
2.468653E+2	4.294996E+2
2.469323E+2	4.295115E+2
2.470012E+2	4.295252E+2
2.470691E+2	4.295377E+2
2.471364E+2	4.295512E+2
2.472050E+2	4.295639E+2
2.472729E+2	4.295770E+2
2.473408E+2	4.295908E+2
2.474080E+2	4.296036E+2
2.474777E+2	4.296178E+2
2.475515E+2	4.296326E+2
2.476235E+2	4.296451E+2
2.476917E+2	4.296576E+2
2.477627E+2	4.296717E+2
2.478315E+2	4.296844E+2
2.479012E+2	4.296985E+2
2.479690E+2	4.297110E+2
2.480363E+2	4.297240E+2
2.481013E+2	4.297379E+2
2.481724E+2	4.297505E+2
2.482396E+2	4.297662E+2
2.483065E+2	4.297790E+2
2.483772E+2	4.297942E+2
2.484485E+2	4.298063E+2
2.485153E+2	4.298199E+2
2.485836E+2	4.298336E+2
2.486496E+2	4.298464E+2
2.487172E+2	4.298594E+2
2.487852E+2	4.298735E+2
2.488540E+2	4.298859E+2
2.489206E+2	4.298988E+2
2.489895E+2	4.299120E+2
2.490583E+2	4.299262E+2
2.491293E+2	4.299394E+2
2.491972E+2	4.299525E+2
2.492635E+2	4.299656E+2
2.493304E+2	4.299787E+2
2.493992E+2	4.299917E+2
2.494648E+2	4.300057E+2
2.495330E+2	4.300187E+2
2.495979E+2	4.300318E+2
2.496706E+2	4.300446E+2
2.497381E+2	4.300594E+2
2.498090E+2	4.300721E+2
2.498792E+2	4.300854E+2
2.499452E+2	4.300987E+2
2.500128E+2	4.301118E+2
2.500792E+2	4.301243E+2
2.501476E+2	4.301381E+2
2.502151E+2	4.301513E+2
2.502861E+2	4.301662E+2
2.503536E+2	4.301797E+2
2.504241E+2	4.301937E+2
2.504937E+2	4.302064E+2
2.505622E+2	4.302204E+2
2.506282E+2	4.302330E+2
2.506967E+2	4.302464E+2
2.507650E+2	4.302602E+2
2.508300E+2	4.302722E+2
2.508972E+2	4.302857E+2
2.509678E+2	4.303009E+2
2.510383E+2	4.303145E+2
2.511057E+2	4.303291E+2
2.511740E+2	4.303409E+2
2.512436E+2	4.303540E+2
2.513097E+2	4.303682E+2
2.513769E+2	4.303805E+2
2.514458E+2	4.303950E+2
2.515146E+2	4.304083E+2
2.515837E+2	4.304223E+2
2.516529E+2	4.304349E+2
2.517212E+2	4.304485E+2
2.517919E+2	4.304630E+2
2.518591E+2	4.304775E+2
2.519290E+2	4.304912E+2
2.519944E+2	4.305031E+2
2.520611E+2	4.305173E+2
2.521315E+2	4.305302E+2
2.521987E+2	4.305444E+2
2.522673E+2	4.305587E+2
2.523358E+2	4.305715E+2
2.524058E+2	4.305867E+2
2.524726E+2	4.305988E+2
2.525414E+2	4.306117E+2
2.526086E+2	4.306265E+2
2.526763E+2	4.306387E+2
2.527450E+2	4.306544E+2
2.528131E+2	4.306674E+2
2.528820E+2	4.306801E+2
2.529515E+2	4.306941E+2
2.530176E+2	4.307075E+2
2.530881E+2	4.307227E+2
2.531574E+2	4.307363E+2
2.532270E+2	4.307512E+2
2.532971E+2	4.307635E+2
2.533649E+2	4.307771E+2
2.534322E+2	4.307905E+2
2.535011E+2	4.308043E+2
2.535693E+2	4.308196E+2
2.536351E+2	4.308314E+2
2.537040E+2	4.308459E+2
2.537694E+2	4.308588E+2
2.538392E+2	4.308726E+2
2.539062E+2	4.308880E+2
2.539755E+2	4.308999E+2
2.540442E+2	4.309141E+2
2.541102E+2	4.309283E+2
2.541800E+2	4.309408E+2
2.542461E+2	4.309546E+2
2.543133E+2	4.309684E+2
2.543837E+2	4.309826E+2
2.544515E+2	4.309966E+2
2.545195E+2	4.310105E+2
2.545879E+2	4.310251E+2
2.546551E+2	4.310365E+2
2.547198E+2	4.310501E+2
2.547860E+2	4.310647E+2
2.548528E+2	4.310771E+2
2.549216E+2	4.310916E+2
2.549903E+2	4.311061E+2
2.550602E+2	4.311184E+2
2.551271E+2	4.311337E+2
2.551969E+2	4.311471E+2
2.552662E+2	4.311608E+2
2.553353E+2	4.311746E+2
2.554023E+2	4.311890E+2
2.554713E+2	4.312035E+2
2.555401E+2	4.312168E+2
2.556061E+2	4.312293E+2
2.556739E+2	4.312444E+2
2.557412E+2	4.312583E+2
2.558083E+2	4.312713E+2
2.558777E+2	4.312856E+2
2.559465E+2	4.312991E+2
2.560131E+2	4.313130E+2
2.560796E+2	4.313258E+2
2.561481E+2	4.313404E+2
2.562162E+2	4.313547E+2
2.562842E+2	4.313682E+2
2.563531E+2	4.313824E+2
2.564222E+2	4.313967E+2
2.564904E+2	4.314121E+2
2.565596E+2	4.314242E+2
2.566263E+2	4.314383E+2
2.566956E+2	4.314538E+2
2.567625E+2	4.314673E+2
2.568280E+2	4.314792E+2
2.568949E+2	4.314936E+2
2.569624E+2	4.315065E+2
2.570321E+2	4.315213E+2
2.571023E+2	4.315360E+2
2.571697E+2	4.315508E+2
2.572404E+2	4.315638E+2
2.573053E+2	4.315771E+2
2.573728E+2	4.315910E+2
2.574410E+2	4.316055E+2
2.575089E+2	4.316198E+2
2.575759E+2	4.316332E+2
2.576437E+2	4.316476E+2
2.577122E+2	4.316622E+2
2.577834E+2	4.316751E+2
2.578505E+2	4.316912E+2
2.579226E+2	4.317059E+2
2.579940E+2	4.317206E+2
2.580646E+2	4.317337E+2
2.581325E+2	4.317486E+2
2.581997E+2	4.317618E+2
2.582695E+2	4.317766E+2
2.583358E+2	4.317906E+2
2.584055E+2	4.318044E+2
2.584725E+2	4.318190E+2
2.585427E+2	4.318336E+2
2.586154E+2	4.318482E+2
2.586846E+2	4.318620E+2
2.587527E+2	4.318774E+2
2.588246E+2	4.318913E+2
2.588913E+2	4.319065E+2
2.589595E+2	4.319195E+2
2.590268E+2	4.319333E+2
2.590933E+2	4.319477E+2
2.591599E+2	4.319605E+2
2.592284E+2	4.319760E+2
2.592941E+2	4.319885E+2
2.593608E+2	4.320030E+2
2.594248E+2	4.320149E+2
2.594913E+2	4.320292E+2
2.595575E+2	4.320445E+2
2.596252E+2	4.320570E+2
2.596929E+2	4.320721E+2
2.597603E+2	4.320857E+2
2.598310E+2	4.321005E+2
2.599017E+2	4.321158E+2
2.599691E+2	4.321296E+2
2.600438E+2	4.321449E+2
2.601123E+2	4.321588E+2
2.601786E+2	4.321731E+2
2.602450E+2	4.321862E+2
2.603122E+2	4.322009E+2
2.603793E+2	4.322149E+2
2.604468E+2	4.322292E+2
2.605124E+2	4.322440E+2
2.605837E+2	4.322585E+2
2.606565E+2	4.322735E+2
2.607214E+2	4.322878E+2
2.607923E+2	4.323044E+2
2.608592E+2	4.323189E+2
2.609278E+2	4.323329E+2
2.609976E+2	4.323479E+2
2.610660E+2	4.323608E+2
2.611304E+2	4.323748E+2
2.611973E+2	4.323896E+2
2.612663E+2	0.000000E+0
2.613364E+2	4.324186E+2
2.614032E+2	4.324326E+2
2.614692E+2	4.324450E+2
2.615375E+2	4.324612E+2
2.616033E+2	4.324740E+2
2.616714E+2	4.324881E+2
2.617368E+2	4.325026E+2
2.618052E+2	4.325165E+2
2.618742E+2	4.325301E+2
2.619414E+2	4.325452E+2
2.620092E+2	4.325587E+2
2.620778E+2	4.325748E+2
2.621447E+2	4.325874E+2
2.622122E+2	4.326023E+2
2.622819E+2	4.326163E+2
2.623482E+2	4.326309E+2
2.624162E+2	4.326457E+2
2.624843E+2	4.326594E+2
2.625550E+2	4.326740E+2
2.626263E+2	4.326890E+2
2.626951E+2	4.327039E+2
2.627650E+2	0.000000E+0
2.628300E+2	4.327323E+2
2.628964E+2	4.327464E+2
2.629672E+2	4.327603E+2
2.630348E+2	4.327754E+2
2.631008E+2	4.327896E+2
2.631678E+2	4.328034E+2
2.632349E+2	4.328174E+2
2.633040E+2	4.328312E+2
2.633705E+2	4.328454E+2
2.634386E+2	4.328607E+2
2.635063E+2	4.328739E+2
2.635733E+2	4.328881E+2
2.636392E+2	4.329024E+2
2.637049E+2	4.329157E+2
2.637739E+2	4.329312E+2
2.638408E+2	4.329458E+2
2.639098E+2	4.329613E+2
2.639828E+2	4.329746E+2
2.640505E+2	4.329885E+2
2.641198E+2	4.330048E+2
2.641853E+2	4.330176E+2
2.642516E+2	4.330308E+2
2.643201E+2	4.330458E+2
2.643882E+2	4.330613E+2
2.644563E+2	4.330758E+2
2.645261E+2	4.330897E+2
2.645947E+2	4.331035E+2
2.646598E+2	4.331180E+2
2.647277E+2	4.331334E+2
2.647961E+2	4.331468E+2
2.648644E+2	4.331611E+2
2.649306E+2	4.331758E+2
2.649971E+2	4.331890E+2
2.650682E+2	4.332051E+2
2.651365E+2	4.332197E+2
2.652047E+2	4.332339E+2
2.652743E+2	4.332476E+2
2.653421E+2	4.332633E+2
2.654100E+2	4.332777E+2
2.654803E+2	4.332913E+2
2.655480E+2	4.333067E+2
2.656145E+2	4.333204E+2
2.656826E+2	4.333349E+2
2.657493E+2	4.333483E+2
2.658202E+2	4.333649E+2
2.658849E+2	4.333776E+2
2.659528E+2	4.333937E+2
2.660222E+2	4.334078E+2
2.660876E+2	4.334215E+2
2.661548E+2	4.334350E+2
2.662246E+2	4.334510E+2
2.662921E+2	4.334636E+2
2.663592E+2	4.334781E+2
2.664284E+2	4.334945E+2
2.664983E+2	4.335102E+2
2.665701E+2	4.335238E+2
2.666392E+2	4.335393E+2
2.667099E+2	4.335540E+2
2.667813E+2	4.335697E+2
2.668492E+2	4.335836E+2
2.669132E+2	4.335973E+2
2.669803E+2	4.336118E+2
2.670493E+2	4.336260E+2
2.671177E+2	4.336405E+2
2.671866E+2	4.336548E+2
2.672544E+2	4.336691E+2
2.673229E+2	4.336847E+2
2.673909E+2	4.336987E+2
2.674602E+2	4.337141E+2
2.675283E+2	4.337273E+2
2.675972E+2	4.337430E+2
2.676666E+2	4.337585E+2
2.677334E+2	4.337725E+2
2.677997E+2	4.337851E+2
2.678697E+2	4.338017E+2
2.679406E+2	4.338171E+2
2.680072E+2	4.338318E+2
2.680792E+2	4.338462E+2
2.681483E+2	4.338621E+2
2.682166E+2	4.338750E+2
2.682852E+2	4.338912E+2
2.683519E+2	4.339046E+2
2.684198E+2	4.339182E+2
2.684870E+2	4.339339E+2
2.685574E+2	4.339484E+2
2.686233E+2	4.339633E+2
2.686964E+2	4.339775E+2
2.687649E+2	0.000000E+0
2.688344E+2	4.340085E+2
2.689019E+2	4.340230E+2
2.689690E+2	4.340372E+2
2.690363E+2	4.340529E+2
2.691049E+2	4.340663E+2
2.691725E+2	4.340806E+2
2.692400E+2	4.340947E+2
2.693093E+2	4.341093E+2
2.693749E+2	4.341246E+2
2.694452E+2	4.341402E+2
2.695131E+2	4.341537E+2
2.695802E+2	4.341685E+2
2.696484E+2	4.341834E+2
2.697155E+2	4.341962E+2
2.697836E+2	4.342127E+2
2.698495E+2	4.342255E+2
2.699175E+2	4.342408E+2
2.699880E+2	4.342569E+2
2.700545E+2	4.342721E+2
2.701248E+2	4.342847E+2
2.701917E+2	4.343000E+2
2.702584E+2	4.343153E+2
2.703263E+2	4.343288E+2
2.703918E+2	4.343431E+2
2.704588E+2	4.343564E+2
2.705278E+2	4.343718E+2
2.705946E+2	4.343877E+2
2.706675E+2	4.344024E+2
2.707352E+2	4.344185E+2
2.708045E+2	4.344331E+2
2.708750E+2	4.344469E+2
2.709447E+2	4.344626E+2
2.710128E+2	4.344762E+2
2.710826E+2	4.344924E+2
2.711509E+2	4.345078E+2
2.712204E+2	4.345217E+2
2.712889E+2	4.345360E+2
2.713597E+2	4.345522E+2
2.714291E+2	4.345679E+2
2.714991E+2	4.345804E+2
2.715668E+2	4.345960E+2
2.716341E+2	4.346112E+2
2.716987E+2	4.346251E+2
2.717662E+2	4.346400E+2
2.718344E+2	4.346526E+2
2.719020E+2	4.346686E+2
2.719672E+2	4.346829E+2
2.720384E+2	4.346987E+2
2.721073E+2	4.347138E+2
2.721771E+2	4.347289E+2
2.722426E+2	4.347423E+2
2.723113E+2	4.347584E+2
2.723796E+2	4.347719E+2
2.724483E+2	4.347877E+2
2.725154E+2	4.348022E+2
2.725838E+2	4.348168E+2
2.726515E+2	4.348309E+2
2.727194E+2	4.348458E+2
2.727880E+2	4.348620E+2
2.728592E+2	4.348765E+2
2.729301E+2	4.348928E+2
2.729972E+2	4.349056E+2
2.730644E+2	4.349206E+2
2.731310E+2	4.349366E+2
2.731971E+2	4.349497E+2
2.732658E+2	4.349645E+2
2.733360E+2	4.349802E+2
2.734045E+2	4.349961E+2
2.734757E+2	4.350089E+2
2.735456E+2	4.350239E+2
2.736123E+2	4.350405E+2
2.736802E+2	4.350544E+2
2.737480E+2	4.350688E+2
2.738180E+2	4.350834E+2
2.738846E+2	4.350988E+2
2.739531E+2	4.351142E+2
2.740213E+2	4.351281E+2
2.740911E+2	4.351438E+2
2.741572E+2	4.351583E+2
2.742286E+2	4.351740E+2
2.743003E+2	4.351880E+2
2.743658E+2	4.352021E+2
2.744341E+2	4.352176E+2
2.745020E+2	4.352316E+2
2.745692E+2	4.352470E+2
2.746375E+2	4.352614E+2
2.747030E+2	4.352751E+2
2.747710E+2	4.352917E+2
2.748411E+2	4.353053E+2
2.749077E+2	4.353198E+2
2.749759E+2	4.353362E+2
2.750441E+2	4.353500E+2
2.751112E+2	4.353668E+2
2.751764E+2	4.353796E+2
2.752434E+2	4.353917E+2
2.753124E+2	4.354098E+2
2.753808E+2	4.354250E+2
2.754475E+2	4.354391E+2
2.755166E+2	4.354536E+2
2.755843E+2	4.354682E+2
2.756513E+2	4.354830E+2
2.757177E+2	4.354981E+2
2.757835E+2	4.355108E+2
2.758535E+2	4.355266E+2
2.759197E+2	4.355398E+2
2.759890E+2	4.355557E+2
2.760570E+2	4.355709E+2
2.761246E+2	4.355863E+2
2.761970E+2	4.356021E+2
2.762658E+2	4.356164E+2
2.763327E+2	4.356320E+2
2.763993E+2	4.356464E+2
2.764658E+2	4.356597E+2
2.765343E+2	4.356750E+2
2.766019E+2	4.356894E+2
2.766692E+2	4.357049E+2
2.767368E+2	4.357193E+2
2.768022E+2	4.357328E+2
2.768707E+2	4.357483E+2
2.769371E+2	4.357626E+2
2.770037E+2	4.357763E+2
2.770706E+2	4.357916E+2
2.771388E+2	4.358060E+2
2.772071E+2	4.358198E+2
2.772776E+2	4.358357E+2
2.773476E+2	4.358517E+2
2.774124E+2	4.358676E+2
2.774832E+2	4.358829E+2
2.775508E+2	4.358993E+2
2.776177E+2	4.359122E+2
2.776854E+2	4.359268E+2
2.777531E+2	4.359420E+2
2.778199E+2	4.359569E+2
2.778867E+2	4.359707E+2
2.779560E+2	4.359864E+2
2.780260E+2	4.360010E+2
2.780950E+2	4.360167E+2
2.781651E+2	4.360313E+2
2.782306E+2	4.360457E+2
2.782993E+2	4.360618E+2
2.783697E+2	4.360756E+2
2.784356E+2	4.360920E+2
2.785049E+2	4.361059E+2
2.785726E+2	4.361218E+2
2.786397E+2	4.361352E+2
2.787081E+2	4.361500E+2
2.787736E+2	4.361649E+2
2.788447E+2	4.361809E+2
2.789155E+2	4.361958E+2
2.789822E+2	4.362115E+2
2.790458E+2	4.362246E+2
2.791162E+2	4.362412E+2
2.791832E+2	4.362539E+2
2.792516E+2	4.362698E+2
2.793186E+2	4.362846E+2
2.793854E+2	4.362988E+2
2.794547E+2	4.363137E+2
2.795223E+2	4.363296E+2
2.795901E+2	4.363437E+2
2.796598E+2	4.363591E+2
2.797267E+2	4.363730E+2
2.797964E+2	4.363895E+2
2.798650E+2	4.364042E+2
2.799310E+2	4.364181E+2
2.800032E+2	4.364345E+2
2.800693E+2	4.364482E+2
2.801379E+2	4.364633E+2
2.802069E+2	4.364773E+2
2.802767E+2	4.364948E+2
2.803430E+2	4.365080E+2
2.804123E+2	4.365223E+2
2.804804E+2	4.365381E+2
2.805484E+2	4.365537E+2
2.806168E+2	4.365686E+2
2.806876E+2	4.365834E+2
2.807581E+2	4.365989E+2
2.808261E+2	4.366148E+2
2.808965E+2	4.366306E+2
2.809669E+2	4.366459E+2
2.810343E+2	4.366594E+2
2.810993E+2	4.366742E+2
2.811676E+2	4.366886E+2
2.812369E+2	4.367038E+2
2.813030E+2	4.367197E+2
2.813720E+2	4.367337E+2
2.814413E+2	4.367505E+2
2.815124E+2	4.367660E+2
2.815822E+2	4.367797E+2
2.816466E+2	4.367945E+2
2.817172E+2	4.368098E+2
2.817847E+2	4.368259E+2
2.818515E+2	4.368397E+2
2.819189E+2	4.368543E+2
2.819868E+2	4.368697E+2
2.820559E+2	4.368849E+2
2.821253E+2	4.369003E+2
2.821893E+2	4.369143E+2
2.822623E+2	4.369309E+2
2.823316E+2	4.369447E+2
2.824004E+2	4.369599E+2
2.824666E+2	4.369743E+2
2.825327E+2	4.369886E+2
2.826005E+2	4.370045E+2
2.826695E+2	4.370190E+2
2.827361E+2	4.370346E+2
2.828018E+2	4.370493E+2
2.828676E+2	4.370623E+2
2.829369E+2	4.370783E+2
2.830045E+2	4.370932E+2
2.830746E+2	4.371082E+2
2.831411E+2	4.371234E+2
2.832078E+2	4.371376E+2
2.832761E+2	4.371531E+2
2.833438E+2	4.371680E+2
2.834121E+2	4.371830E+2
2.834771E+2	4.371977E+2
2.835491E+2	4.372135E+2
2.836169E+2	4.372281E+2
2.836883E+2	4.372435E+2
2.837562E+2	4.372576E+2
2.838226E+2	4.372728E+2
2.838899E+2	4.372874E+2
2.839577E+2	4.373017E+2
2.840255E+2	4.373168E+2
2.840933E+2	4.373313E+2
2.841625E+2	4.373480E+2
2.842322E+2	4.373630E+2
2.843012E+2	4.373776E+2
2.843698E+2	4.373928E+2
2.844391E+2	4.374072E+2
2.845066E+2	4.374229E+2
2.845737E+2	4.374382E+2
2.846428E+2	4.374536E+2
2.847102E+2	4.374675E+2
2.847766E+2	4.374803E+2
2.848437E+2	4.374970E+2
2.849121E+2	4.375124E+2
2.849822E+2	4.375291E+2
2.850500E+2	4.375421E+2
2.851166E+2	4.375572E+2
2.851825E+2	4.375703E+2
2.852492E+2	4.375865E+2
2.853168E+2	4.375995E+2
2.853848E+2	4.376151E+2
2.854522E+2	4.376305E+2
2.855194E+2	4.376461E+2
2.855874E+2	4.376599E+2
2.856550E+2	4.376750E+2
2.857227E+2	4.376893E+2
2.857916E+2	4.377046E+2
2.858612E+2	4.377201E+2
2.859282E+2	4.377344E+2
2.859970E+2	4.377502E+2
2.860664E+2	4.377645E+2
2.861351E+2	4.377802E+2
2.862014E+2	4.377957E+2
2.862695E+2	4.378096E+2
2.863378E+2	4.378253E+2
2.864059E+2	4.378405E+2
2.864757E+2	4.378552E+2
2.865414E+2	4.378692E+2
2.866089E+2	4.378837E+2
2.866771E+2	4.378989E+2
2.867455E+2	4.379147E+2
2.868152E+2	4.379297E+2
2.868848E+2	4.379455E+2
2.869494E+2	4.379596E+2
2.870173E+2	4.379747E+2
2.870868E+2	4.379891E+2
2.871527E+2	4.380031E+2
2.872196E+2	4.380188E+2
2.872889E+2	4.380346E+2
2.873582E+2	4.380483E+2
2.874273E+2	4.380640E+2
2.874942E+2	4.380787E+2
2.875655E+2	4.380941E+2
2.876332E+2	4.381095E+2
2.877014E+2	4.381248E+2
2.877698E+2	4.381389E+2
2.878390E+2	4.381541E+2
2.879067E+2	4.381695E+2
2.879754E+2	4.381845E+2
2.880411E+2	4.381998E+2
2.881082E+2	4.382134E+2
2.881751E+2	4.382289E+2
2.882445E+2	4.382435E+2
2.883164E+2	4.382590E+2
2.883849E+2	4.382745E+2
2.884530E+2	4.382896E+2
2.885200E+2	4.383039E+2
2.885863E+2	4.383194E+2
2.886546E+2	4.383351E+2
2.887242E+2	4.383500E+2
2.887917E+2	4.383648E+2
2.888601E+2	4.383788E+2
2.889275E+2	4.383960E+2
2.889981E+2	4.384102E+2
2.890657E+2	4.384252E+2
2.891322E+2	4.384404E+2
2.891985E+2	4.384551E+2
2.892663E+2	4.384690E+2
2.893325E+2	4.384839E+2
2.894010E+2	4.384985E+2
2.894670E+2	4.385142E+2
2.895349E+2	4.385291E+2
2.896033E+2	4.385431E+2
2.896725E+2	4.385596E+2
2.897413E+2	4.385745E+2
2.898100E+2	4.385898E+2
2.898768E+2	4.386045E+2
2.899456E+2	4.386183E+2
2.900119E+2	4.386329E+2
2.900803E+2	4.386472E+2
2.901509E+2	4.386641E+2
2.902156E+2	4.386789E+2
2.902864E+2	4.386937E+2
2.903538E+2	4.387086E+2
2.904204E+2	4.387238E+2
2.904906E+2	4.387392E+2
2.905578E+2	4.387532E+2
2.906258E+2	4.387674E+2
2.906954E+2	4.387825E+2
2.907644E+2	4.387978E+2
2.908352E+2	4.388134E+2
2.909038E+2	4.388300E+2
2.909721E+2	4.388458E+2
2.910419E+2	4.388605E+2
2.911114E+2	0.000000E+0
2.911770E+2	4.388884E+2
2.912454E+2	4.389047E+2
2.913166E+2	4.389204E+2
2.913833E+2	4.389331E+2
2.914498E+2	4.389487E+2
2.915209E+2	4.389640E+2
2.915890E+2	4.389801E+2
2.916616E+2	4.389954E+2
2.917291E+2	4.390114E+2
2.917971E+2	4.390266E+2
2.918664E+2	4.390403E+2
2.919318E+2	4.390549E+2
2.919971E+2	4.390695E+2
2.920669E+2	4.390843E+2
2.921344E+2	4.390983E+2
2.922006E+2	4.391146E+2
2.922699E+2	4.391289E+2
2.923366E+2	4.391451E+2
2.924079E+2	4.391589E+2
2.924766E+2	4.391760E+2
2.925440E+2	4.391884E+2
2.926124E+2	4.392036E+2
2.926796E+2	4.392196E+2
2.927496E+2	4.392362E+2
2.928190E+2	4.392496E+2
2.928872E+2	4.392634E+2
2.929576E+2	4.392804E+2
2.930263E+2	4.392953E+2
2.930933E+2	4.393106E+2
2.931634E+2	4.393245E+2
2.932308E+2	4.393395E+2
2.932965E+2	4.393542E+2
2.933635E+2	4.393691E+2
2.934318E+2	4.393836E+2
2.934975E+2	4.393984E+2
2.935674E+2	4.394133E+2
2.936355E+2	4.394291E+2
2.937040E+2	4.394435E+2
2.937707E+2	4.394581E+2
2.938369E+2	4.394727E+2
2.939044E+2	4.394887E+2
2.939755E+2	4.395039E+2
2.940443E+2	4.395189E+2
2.941144E+2	4.395334E+2
2.941822E+2	4.395495E+2
2.942492E+2	4.395634E+2
2.943189E+2	4.395794E+2
2.943872E+2	4.395935E+2
2.944549E+2	4.396082E+2
2.945214E+2	4.396240E+2
2.945889E+2	4.396382E+2
2.946580E+2	4.396527E+2
2.947233E+2	4.396675E+2
2.947903E+2	4.396825E+2
2.948587E+2	4.396971E+2
2.949256E+2	4.397122E+2
2.949959E+2	4.397268E+2
2.950657E+2	4.397421E+2
2.951351E+2	4.397583E+2
2.952037E+2	4.397732E+2
2.952683E+2	4.397861E+2
2.953359E+2	4.398013E+2
2.954004E+2	4.398166E+2
2.954665E+2	4.398304E+2
2.955318E+2	4.398442E+2
2.955999E+2	4.398614E+2
2.956727E+2	4.398760E+2
2.957401E+2	4.398917E+2
2.958118E+2	4.399077E+2
2.958805E+2	4.399219E+2
2.959491E+2	4.399357E+2
2.960176E+2	4.399532E+2
2.960858E+2	4.399651E+2
2.961519E+2	4.399807E+2
2.962168E+2	4.399956E+2
2.962863E+2	4.400094E+2
2.963549E+2	4.400257E+2
2.964274E+2	4.400426E+2
2.964932E+2	4.400558E+2
2.965598E+2	4.400706E+2
2.966275E+2	4.400850E+2
2.966947E+2	4.400981E+2
2.967624E+2	4.401146E+2
2.968287E+2	4.401297E+2
2.968971E+2	4.401445E+2
2.969680E+2	4.401590E+2
2.970331E+2	4.401750E+2
2.971036E+2	4.401912E+2
2.971748E+2	4.402048E+2
2.972422E+2	4.402202E+2
2.973098E+2	4.402347E+2
2.973778E+2	4.402501E+2
2.974454E+2	4.402644E+2
2.975155E+2	4.402798E+2
2.975849E+2	4.402949E+2
2.976501E+2	4.403089E+2
2.977189E+2	4.403243E+2
2.977869E+2	4.403397E+2
2.978558E+2	4.403542E+2
2.979261E+2	4.403697E+2
2.979942E+2	4.403844E+2
2.980622E+2	4.403987E+2
2.981287E+2	4.404144E+2
2.981972E+2	4.404302E+2
2.982662E+2	4.404438E+2
2.983384E+2	4.404598E+2
2.984060E+2	4.404749E+2
2.984753E+2	4.404894E+2
2.985469E+2	4.405049E+2
2.986144E+2	4.405205E+2
2.986799E+2	4.405348E+2
2.987505E+2	4.405495E+2
2.988197E+2	4.405645E+2
2.988889E+2	4.405798E+2
2.989565E+2	4.405945E+2
2.990235E+2	4.406093E+2
2.990921E+2	4.406247E+2
2.991646E+2	4.406405E+2
2.992335E+2	4.406553E+2
2.993017E+2	4.406713E+2
2.993707E+2	4.406855E+2
2.994370E+2	4.406992E+2
2.995033E+2	4.407142E+2
2.995708E+2	4.407292E+2
2.996369E+2	4.407427E+2
2.997022E+2	4.407588E+2
2.997699E+2	4.407724E+2
2.998395E+2	4.407870E+2
2.999072E+2	4.408029E+2
2.999773E+2	4.408193E+2
3.000486E+2	4.408332E+2
3.001187E+2	4.408491E+2
3.001851E+2	4.408638E+2
3.002559E+2	4.408781E+2
3.003200E+2	4.408915E+2
3.003876E+2	4.409078E+2
3.004575E+2	4.409229E+2
3.005254E+2	4.409378E+2
3.005974E+2	4.409540E+2
3.006679E+2	4.409689E+2
3.007373E+2	4.409833E+2
3.008074E+2	4.409988E+2
3.008749E+2	4.410129E+2
3.009450E+2	4.410288E+2
3.010113E+2	4.410447E+2
3.010813E+2	4.410586E+2
3.011504E+2	4.410744E+2
3.012169E+2	4.410893E+2
3.012880E+2	4.411043E+2
3.013564E+2	4.411191E+2
3.014263E+2	4.411343E+2
3.014912E+2	4.411483E+2
3.015595E+2	4.411629E+2
3.016267E+2	4.411779E+2
3.016945E+2	4.411923E+2
3.017608E+2	4.412072E+2
3.018280E+2	4.412218E+2
3.018977E+2	4.412364E+2
3.019663E+2	4.412517E+2
3.020321E+2	4.412663E+2
3.021035E+2	4.412815E+2
3.021732E+2	4.412966E+2
3.022399E+2	4.413107E+2
3.023066E+2	4.413265E+2
3.023742E+2	4.413406E+2
3.024412E+2	4.413556E+2
3.025068E+2	4.413703E+2
3.025755E+2	4.413840E+2
3.026473E+2	4.414018E+2
3.027147E+2	4.414179E+2
3.027838E+2	4.414337E+2
3.028544E+2	4.414476E+2
3.029226E+2	4.414647E+2
3.029906E+2	4.414798E+2
3.030596E+2	4.414938E+2
3.031261E+2	4.415089E+2
3.031948E+2	4.415238E+2
3.032604E+2	4.415380E+2
3.033320E+2	4.415539E+2
3.034009E+2	4.415690E+2
3.034720E+2	4.415848E+2
3.035411E+2	4.415988E+2
3.036060E+2	4.416129E+2
3.036717E+2	4.416280E+2
3.037384E+2	4.416426E+2
3.038078E+2	4.416579E+2
3.038729E+2	4.416710E+2
3.039404E+2	4.416847E+2
3.040093E+2	4.417008E+2
3.040751E+2	4.417148E+2
3.041415E+2	4.417302E+2
3.042093E+2	4.417451E+2
3.042756E+2	4.417587E+2
3.043442E+2	4.417735E+2
3.044109E+2	4.417880E+2
3.044781E+2	4.418023E+2
3.045475E+2	4.418176E+2
3.046131E+2	4.418343E+2
3.046837E+2	4.418477E+2
3.047511E+2	4.418629E+2
3.048187E+2	4.418786E+2
3.048845E+2	4.418906E+2
3.049528E+2	4.419066E+2
3.050187E+2	4.419207E+2
3.050860E+2	4.419352E+2
3.051559E+2	4.419508E+2
3.052247E+2	4.419657E+2
3.052903E+2	4.419798E+2
3.053597E+2	4.419937E+2
3.054285E+2	4.420098E+2
3.054945E+2	4.420243E+2
3.055622E+2	4.420385E+2
3.056295E+2	4.420531E+2
3.056971E+2	4.420683E+2
3.057626E+2	4.420815E+2
3.058293E+2	4.420969E+2
3.058993E+2	4.421118E+2
3.059677E+2	4.421273E+2
3.060391E+2	4.421417E+2
3.061068E+2	4.421577E+2
3.061740E+2	4.421707E+2
3.062394E+2	4.421861E+2
3.063051E+2	4.422005E+2
3.063743E+2	4.422155E+2
3.064431E+2	4.422295E+2
3.065091E+2	4.422445E+2
3.065801E+2	4.422606E+2
3.066532E+2	4.422754E+2
3.067204E+2	4.422906E+2
3.067923E+2	4.423063E+2
3.068610E+2	4.423201E+2
3.069272E+2	4.423357E+2
3.069947E+2	4.423504E+2
3.070601E+2	4.423636E+2
3.071290E+2	4.423791E+2
3.071980E+2	4.423933E+2
3.072643E+2	4.424086E+2
3.073340E+2	4.424240E+2
3.074064E+2	4.424379E+2
3.074727E+2	4.424527E+2
3.075415E+2	4.424687E+2
3.076079E+2	4.424827E+2
3.076743E+2	4.424962E+2
3.077416E+2	4.425112E+2
3.078082E+2	4.425260E+2
3.078778E+2	4.425419E+2
3.079489E+2	4.425563E+2
3.080180E+2	4.425706E+2
3.080877E+2	4.425863E+2
3.081554E+2	4.426010E+2
3.082234E+2	4.426155E+2
3.082889E+2	4.426301E+2
3.083553E+2	4.426437E+2
3.084235E+2	4.426586E+2
3.084947E+2	4.426741E+2
3.085647E+2	4.426883E+2
3.086330E+2	4.427048E+2
3.087039E+2	4.427189E+2
3.087706E+2	4.427346E+2
3.088390E+2	4.427485E+2
3.089055E+2	4.427624E+2
3.089740E+2	4.427774E+2
3.090418E+2	4.427921E+2
3.091093E+2	4.428066E+2
3.091796E+2	4.428226E+2
3.092489E+2	4.428371E+2
3.093186E+2	4.428521E+2
3.093873E+2	4.428680E+2
3.094589E+2	4.428827E+2
3.095246E+2	4.428961E+2
3.095949E+2	4.429121E+2
3.096603E+2	4.429255E+2
3.097261E+2	4.429393E+2
3.097906E+2	4.429534E+2
3.098574E+2	4.429678E+2
3.099243E+2	4.429821E+2
3.099955E+2	4.429986E+2
3.100625E+2	4.430125E+2
3.101322E+2	4.430271E+2
3.101999E+2	4.430415E+2
3.102650E+2	4.430548E+2
3.103313E+2	4.430695E+2
3.103973E+2	4.430841E+2
3.104662E+2	4.430982E+2
3.105352E+2	4.431139E+2
3.106023E+2	4.431283E+2
3.106730E+2	4.431437E+2
3.107415E+2	4.431600E+2
3.108117E+2	4.431741E+2
3.108834E+2	4.431887E+2
3.109506E+2	4.432033E+2
3.110189E+2	4.432185E+2
3.110868E+2	4.432319E+2
3.111546E+2	4.432473E+2
3.112218E+2	4.432609E+2
3.112890E+2	4.432772E+2
3.113583E+2	4.432918E+2
3.114279E+2	4.433062E+2
3.114941E+2	4.433201E+2
3.115626E+2	4.433349E+2
3.116285E+2	4.433490E+2
3.116960E+2	4.433635E+2
3.117604E+2	4.433780E+2
3.118292E+2	4.433925E+2
3.118961E+2	4.434076E+2
3.119637E+2	4.434222E+2
3.120307E+2	4.434365E+2
3.121015E+2	4.434508E+2
3.121661E+2	4.434651E+2
3.122332E+2	4.434796E+2
3.123014E+2	4.434950E+2
3.123701E+2	4.435081E+2
3.124385E+2	4.435237E+2
3.125097E+2	4.435387E+2
3.125808E+2	4.435542E+2
3.126478E+2	4.435682E+2
3.127146E+2	4.435844E+2
3.127852E+2	4.435988E+2
3.128566E+2	4.436132E+2
3.129264E+2	4.436280E+2
3.129949E+2	4.436432E+2
3.130616E+2	4.436574E+2
3.131291E+2	4.436725E+2
3.131965E+2	4.436870E+2
3.132641E+2	4.437011E+2
3.133323E+2	0.000000E+0
3.133976E+2	4.437304E+2
3.134666E+2	4.437452E+2
3.135332E+2	4.437596E+2
3.136005E+2	4.437753E+2
3.136695E+2	4.437888E+2
3.137390E+2	4.438036E+2
3.138080E+2	4.438183E+2
3.138752E+2	4.438322E+2
3.139398E+2	4.438471E+2
3.140105E+2	4.438607E+2
3.140765E+2	4.438767E+2
3.141474E+2	4.438904E+2
3.142146E+2	4.439040E+2
3.142819E+2	4.439200E+2
3.143478E+2	4.439334E+2
3.144166E+2	4.439497E+2
3.144864E+2	4.439628E+2
3.145559E+2	4.439779E+2
3.146227E+2	4.439929E+2
3.146922E+2	4.440076E+2
3.147616E+2	4.440221E+2
3.148336E+2	4.440378E+2
3.149033E+2	4.440524E+2
3.149687E+2	4.440662E+2
3.150363E+2	4.440811E+2
3.151045E+2	4.440959E+2
3.151718E+2	4.441093E+2
3.152407E+2	4.441254E+2
3.153114E+2	4.441395E+2
3.153818E+2	4.441537E+2
3.154485E+2	4.441685E+2
3.155187E+2	4.441841E+2
3.155870E+2	4.441980E+2
3.156549E+2	4.442119E+2
3.157231E+2	4.442272E+2
3.157900E+2	4.442418E+2
3.158567E+2	4.442564E+2
3.159246E+2	4.442703E+2
3.159909E+2	4.442836E+2
3.160612E+2	4.443006E+2
3.161275E+2	4.443136E+2
3.161976E+2	4.443288E+2
3.162648E+2	4.443431E+2
3.163338E+2	4.443579E+2
3.164038E+2	4.443722E+2
3.164722E+2	4.443870E+2
3.165403E+2	4.444015E+2
3.166077E+2	4.444154E+2
3.166738E+2	4.444304E+2
3.167418E+2	4.444453E+2
3.168118E+2	4.444595E+2
3.168776E+2	4.444746E+2
3.169466E+2	4.444879E+2
3.170141E+2	4.445041E+2
3.170834E+2	4.445191E+2
3.171525E+2	4.445331E+2
3.172221E+2	4.445474E+2
3.172904E+2	4.445609E+2
3.173592E+2	4.445762E+2
3.174297E+2	4.445934E+2
3.175015E+2	4.446063E+2
3.175708E+2	4.446215E+2
3.176432E+2	4.446368E+2
3.177090E+2	4.446519E+2
3.177776E+2	4.446653E+2
3.178432E+2	4.446796E+2
3.179099E+2	4.446939E+2
3.179790E+2	4.447087E+2
3.180469E+2	4.447220E+2
3.181120E+2	4.447363E+2
3.181788E+2	4.447510E+2
3.182433E+2	4.447652E+2
3.183146E+2	4.447798E+2
3.183847E+2	4.447953E+2
3.184520E+2	4.448081E+2
3.185192E+2	4.448235E+2
3.185874E+2	4.448382E+2
3.186539E+2	4.448523E+2
3.187188E+2	4.448659E+2
3.187889E+2	4.448812E+2
3.188608E+2	4.448957E+2
3.189274E+2	4.449110E+2
3.189956E+2	4.449245E+2
3.190611E+2	4.449382E+2
3.191278E+2	4.449535E+2
3.191965E+2	4.449663E+2
3.192620E+2	4.449813E+2
3.193299E+2	4.449966E+2
3.193997E+2	4.450100E+2
3.194682E+2	4.450249E+2
3.195389E+2	4.450400E+2
3.196094E+2	4.450550E+2
3.196770E+2	4.450692E+2
3.197439E+2	4.450844E+2
3.198083E+2	4.450967E+2
3.198734E+2	4.451118E+2
3.199392E+2	4.451255E+2
3.200083E+2	4.451412E+2
3.200737E+2	4.451530E+2
3.201441E+2	4.451699E+2
3.202141E+2	4.451831E+2
3.202844E+2	4.451976E+2
3.203515E+2	4.452120E+2
3.204183E+2	4.452267E+2
3.204859E+2	4.452398E+2
3.205532E+2	4.452544E+2
3.206244E+2	4.452700E+2
3.206926E+2	4.452840E+2
3.207604E+2	4.452987E+2
3.208259E+2	4.453130E+2
3.208999E+2	4.453290E+2
3.209707E+2	4.453429E+2
3.210366E+2	4.453555E+2
3.211043E+2	4.453702E+2
3.211731E+2	4.453858E+2
3.212425E+2	4.454005E+2
3.213083E+2	4.454136E+2
3.213779E+2	4.454289E+2
3.214482E+2	4.454441E+2
3.215180E+2	4.454581E+2
3.215885E+2	4.454729E+2
3.216552E+2	4.454871E+2
3.217263E+2	4.455033E+2
3.217924E+2	4.455158E+2
3.218617E+2	4.455295E+2
3.219293E+2	4.455452E+2
3.219939E+2	4.455587E+2
3.220617E+2	4.455725E+2
3.221307E+2	4.455867E+2
3.222001E+2	4.456014E+2
3.222680E+2	4.456175E+2
3.223340E+2	4.456297E+2
3.224017E+2	4.456437E+2
3.224715E+2	4.456592E+2
3.225394E+2	4.456720E+2
3.226081E+2	4.456877E+2
3.226782E+2	0.000000E+0
3.227460E+2	0.000000E+0
3.228156E+2	4.457310E+2
3.228868E+2	4.457460E+2
3.229543E+2	4.457602E+2
3.230194E+2	4.457740E+2
3.230891E+2	4.457891E+2
3.231551E+2	4.458018E+2
3.232202E+2	4.458148E+2
3.232894E+2	4.458310E+2
3.233568E+2	4.458445E+2
3.234246E+2	4.458588E+2
3.234942E+2	4.458722E+2
3.235587E+2	4.458880E+2
3.236314E+2	4.459027E+2
3.237021E+2	4.459178E+2
3.237755E+2	4.459330E+2
3.238479E+2	4.459481E+2
3.239151E+2	4.459622E+2
3.239788E+2	4.459748E+2
3.240462E+2	4.459900E+2
3.241147E+2	4.460042E+2
3.241839E+2	4.460187E+2
3.242547E+2	4.460331E+2
3.243240E+2	4.460472E+2
3.243904E+2	4.460635E+2
3.244602E+2	4.460756E+2
3.245268E+2	4.460898E+2
3.245946E+2	4.461053E+2
3.246645E+2	4.461187E+2
3.247289E+2	4.461329E+2
3.247963E+2	4.461465E+2
3.248616E+2	4.461607E+2
3.249333E+2	4.461764E+2
3.250039E+2	4.461904E+2
3.250688E+2	4.462056E+2
3.251378E+2	4.462170E+2
3.252063E+2	4.462328E+2
3.252752E+2	4.462482E+2
3.253439E+2	4.462617E+2
3.254134E+2	4.462757E+2
3.254792E+2	4.462899E+2
3.255501E+2	4.463056E+2
3.256202E+2	4.463188E+2
3.256892E+2	4.463334E+2
3.257588E+2	4.463486E+2
3.258263E+2	4.463642E+2
3.258977E+2	4.463782E+2
3.259643E+2	4.463918E+2
3.260305E+2	4.464049E+2
3.260989E+2	4.464198E+2
3.261663E+2	4.464343E+2
3.262340E+2	4.464482E+2
3.263052E+2	4.464625E+2
3.263758E+2	4.464773E+2
3.264433E+2	4.464922E+2
3.265118E+2	4.465068E+2
3.265809E+2	4.465203E+2
3.266501E+2	4.465355E+2
3.267172E+2	4.465497E+2
3.267847E+2	0.000000E+0
3.268512E+2	4.465769E+2
3.269202E+2	4.465926E+2
3.269881E+2	4.466080E+2
3.270569E+2	4.466218E+2
3.271231E+2	4.466356E+2
3.271940E+2	4.466506E+2
3.272615E+2	4.466643E+2
3.273305E+2	4.466787E+2
3.273956E+2	4.466933E+2
3.274625E+2	4.467057E+2
3.275291E+2	4.467205E+2
3.275992E+2	4.467348E+2
3.276656E+2	4.467485E+2
3.277338E+2	4.467634E+2
3.278034E+2	4.467772E+2
3.278699E+2	4.467924E+2
3.279406E+2	4.468070E+2
3.280054E+2	4.468208E+2
3.280738E+2	4.468348E+2
3.281418E+2	4.468487E+2
3.282101E+2	4.468634E+2
3.282765E+2	4.468767E+2
3.283491E+2	4.468924E+2
3.284184E+2	4.469061E+2
3.284872E+2	4.469211E+2
3.285569E+2	4.469356E+2
3.286223E+2	4.469481E+2
3.286886E+2	4.469621E+2
3.287576E+2	4.469775E+2
3.288292E+2	4.469912E+2
3.288972E+2	4.470060E+2
3.289648E+2	4.470196E+2
3.290318E+2	4.470338E+2
3.290991E+2	4.470478E+2
3.291678E+2	4.470631E+2
3.292388E+2	4.470762E+2
3.293043E+2	4.470899E+2
3.293725E+2	4.471044E+2
3.294416E+2	4.471183E+2
3.295077E+2	4.471326E+2
3.295755E+2	4.471457E+2
3.296440E+2	4.471600E+2
3.297103E+2	4.471743E+2
3.297819E+2	4.471882E+2
3.298486E+2	4.472035E+2
3.299202E+2	4.472183E+2
3.299915E+2	4.472333E+2
3.300611E+2	4.472471E+2
3.301303E+2	4.472611E+2
3.301992E+2	4.472745E+2
3.302678E+2	4.472887E+2
3.303342E+2	4.473041E+2
3.304009E+2	4.473174E+2
3.304694E+2	4.473309E+2
3.305363E+2	4.473457E+2
3.306075E+2	4.473602E+2
3.306728E+2	4.473725E+2
3.307411E+2	4.473878E+2
3.308085E+2	4.473995E+2
3.308746E+2	4.474138E+2
3.309405E+2	4.474287E+2
3.310096E+2	4.474428E+2
3.310766E+2	4.474565E+2
3.311441E+2	4.474706E+2
3.312115E+2	4.474843E+2
3.312811E+2	4.474995E+2
3.313500E+2	4.475124E+2
3.314193E+2	4.475285E+2
3.314885E+2	4.475415E+2
3.315563E+2	4.475559E+2
3.316267E+2	4.475698E+2
3.316945E+2	4.475846E+2
3.317643E+2	4.475977E+2
3.318326E+2	4.476124E+2
3.319005E+2	4.476268E+2
3.319684E+2	0.000000E+0
3.320366E+2	4.476548E+2
3.321061E+2	4.476691E+2
3.321710E+2	4.476819E+2
3.322407E+2	4.476970E+2
3.323082E+2	4.477096E+2
3.323725E+2	4.477240E+2
3.324402E+2	4.477367E+2
3.325029E+2	4.477506E+2
3.325773E+2	4.477660E+2
3.326470E+2	4.477796E+2
3.327170E+2	4.477956E+2
3.327887E+2	4.478093E+2
3.328575E+2	4.478234E+2
3.329248E+2	4.478376E+2
3.329944E+2	4.478522E+2
3.330641E+2	4.478650E+2
3.331305E+2	4.478779E+2
3.332014E+2	4.478937E+2
3.332710E+2	4.479083E+2
3.333427E+2	4.479230E+2
3.334107E+2	4.479369E+2
3.334804E+2	4.479514E+2
3.335480E+2	4.479647E+2
3.336172E+2	4.479784E+2
3.336858E+2	4.479939E+2
3.337568E+2	4.480080E+2
3.338267E+2	4.480214E+2
3.338952E+2	4.480367E+2
3.339645E+2	4.480493E+2
3.340308E+2	4.480631E+2
3.341003E+2	4.480777E+2
3.341670E+2	4.480918E+2
3.342381E+2	4.481056E+2
3.343091E+2	4.481201E+2
3.343766E+2	4.481339E+2
3.344438E+2	4.481483E+2
3.345104E+2	4.481613E+2
3.345765E+2	4.481753E+2
3.346431E+2	4.481888E+2
3.347101E+2	4.482022E+2
3.347812E+2	4.482168E+2
3.348475E+2	4.482304E+2
3.349173E+2	4.482446E+2
3.349863E+2	4.482592E+2
3.350551E+2	4.482734E+2
3.351234E+2	4.482869E+2
3.351921E+2	4.483006E+2
3.352592E+2	4.483138E+2
3.353269E+2	4.483279E+2
3.353963E+2	4.483423E+2
3.354657E+2	4.483573E+2
3.355321E+2	4.483713E+2
3.356040E+2	4.483852E+2
3.356721E+2	4.483992E+2
3.357435E+2	4.484144E+2
3.358096E+2	4.484265E+2
3.358769E+2	4.484409E+2
3.359418E+2	4.484550E+2
3.360106E+2	4.484682E+2
3.360784E+2	4.484819E+2
3.361463E+2	4.484980E+2
3.362146E+2	4.485103E+2
3.362836E+2	4.485247E+2
3.363562E+2	4.485387E+2
3.364238E+2	4.485526E+2
3.364906E+2	4.485660E+2
3.365595E+2	4.485796E+2
3.366255E+2	4.485937E+2
3.366934E+2	4.486069E+2
3.367632E+2	4.486216E+2
3.368318E+2	4.486357E+2
3.369017E+2	4.486502E+2
3.369683E+2	4.486632E+2
3.370383E+2	4.486775E+2
3.371052E+2	4.486916E+2
3.371711E+2	4.487035E+2
3.372406E+2	4.487183E+2
3.373061E+2	4.487314E+2
3.373728E+2	4.487458E+2
3.374416E+2	4.487589E+2
3.375151E+2	4.487737E+2
3.375838E+2	4.487892E+2
3.376574E+2	4.488036E+2
3.377264E+2	4.488183E+2
3.377959E+2	4.488309E+2
3.378664E+2	4.488468E+2
3.379361E+2	4.488590E+2
3.380034E+2	4.488725E+2
3.380707E+2	4.488872E+2
3.381385E+2	4.489004E+2
3.382057E+2	4.489147E+2
3.382732E+2	4.489272E+2
3.383399E+2	4.489429E+2
3.384100E+2	4.489552E+2
3.384785E+2	4.489692E+2
3.385457E+2	4.489832E+2
3.386137E+2	4.489965E+2
3.386848E+2	4.490124E+2
3.387532E+2	4.490265E+2
3.388256E+2	4.490396E+2
3.388947E+2	4.490536E+2
3.389621E+2	4.490681E+2
3.390297E+2	4.490813E+2
3.390988E+2	4.490950E+2
3.391646E+2	4.491095E+2
3.392372E+2	4.491230E+2
3.393063E+2	4.491367E+2
3.393737E+2	4.491500E+2
3.394400E+2	4.491632E+2
3.395064E+2	4.491778E+2
3.395738E+2	4.491897E+2
3.396430E+2	4.492041E+2
3.397080E+2	4.492173E+2
3.397777E+2	4.492306E+2
3.398456E+2	4.492460E+2
3.399162E+2	4.492598E+2
3.399867E+2	4.492743E+2
3.400547E+2	4.492875E+2
3.401236E+2	4.493021E+2
3.401907E+2	4.493150E+2
3.402557E+2	4.493279E+2
3.403226E+2	4.493409E+2
3.403907E+2	4.493555E+2
3.404594E+2	4.493697E+2
3.405313E+2	4.493839E+2
3.406004E+2	4.493967E+2
3.406686E+2	4.494113E+2
3.407350E+2	4.494239E+2
3.408041E+2	4.494385E+2
3.408726E+2	4.494528E+2
3.409398E+2	4.494658E+2
3.410062E+2	4.494800E+2
3.410743E+2	4.494925E+2
3.411437E+2	4.495068E+2
3.412090E+2	4.495213E+2
3.412793E+2	4.495335E+2
3.413514E+2	4.495487E+2
3.414207E+2	4.495629E+2
3.414893E+2	4.495764E+2
3.415589E+2	4.495900E+2
3.416269E+2	4.496045E+2
3.416949E+2	4.496177E+2
3.417625E+2	4.496319E+2
3.418298E+2	4.496447E+2
3.418987E+2	4.496585E+2
3.419659E+2	4.496723E+2
3.420352E+2	4.496853E+2
3.421070E+2	4.497003E+2
3.421718E+2	4.497134E+2
3.422372E+2	4.497272E+2
3.423052E+2	4.497403E+2
3.423716E+2	4.497539E+2
3.424386E+2	4.497663E+2
3.425085E+2	4.497808E+2
3.425752E+2	4.497933E+2
3.426491E+2	4.498099E+2
3.427165E+2	4.498223E+2
3.427869E+2	4.498377E+2
3.428574E+2	4.498501E+2
3.429246E+2	4.498632E+2
3.429937E+2	4.498767E+2
3.430613E+2	4.498912E+2
3.431282E+2	4.499036E+2
3.431923E+2	4.499173E+2
3.432612E+2	4.499309E+2
3.433278E+2	4.499459E+2
3.434014E+2	4.499582E+2
3.434723E+2	4.499741E+2
3.435403E+2	4.499858E+2
3.436056E+2	4.499991E+2
3.436738E+2	4.500139E+2
3.437433E+2	4.500279E+2
3.438148E+2	4.500422E+2
3.438813E+2	4.500547E+2
3.439491E+2	4.500688E+2
3.440192E+2	4.500826E+2
3.440852E+2	4.500952E+2
3.441569E+2	4.501117E+2
3.442292E+2	4.501250E+2
3.442951E+2	4.501380E+2
3.443605E+2	4.501505E+2
3.444280E+2	4.501647E+2
3.444927E+2	4.501787E+2
3.445607E+2	4.501909E+2
3.446330E+2	4.502047E+2
3.447005E+2	4.502184E+2
3.447691E+2	4.502328E+2
3.448352E+2	4.502456E+2
3.449061E+2	4.502597E+2
3.449746E+2	4.502739E+2
3.450417E+2	4.502861E+2
3.451095E+2	4.502993E+2
3.451790E+2	4.503142E+2
3.452476E+2	4.503275E+2
3.453160E+2	4.503414E+2
3.453857E+2	4.503556E+2
3.454543E+2	4.503699E+2
3.455256E+2	4.503830E+2
3.455946E+2	4.503968E+2
3.456614E+2	4.504100E+2
3.457320E+2	4.504227E+2
3.458025E+2	4.504389E+2
3.458692E+2	4.504527E+2
3.459380E+2	4.504676E+2
3.460056E+2	4.504791E+2
3.460726E+2	4.504936E+2
3.461440E+2	4.505065E+2
3.462113E+2	4.505217E+2
3.462812E+2	4.505338E+2
3.463518E+2	4.505466E+2
3.464180E+2	4.505612E+2
3.464851E+2	4.505748E+2
3.465501E+2	4.505865E+2
3.466166E+2	4.506006E+2
3.466848E+2	4.506134E+2
3.467518E+2	4.506264E+2
3.468205E+2	4.506412E+2
3.468909E+2	4.506546E+2
3.469579E+2	4.506689E+2
3.470278E+2	4.506816E+2
3.470960E+2	0.000000E+0
3.471646E+2	4.507083E+2
3.472319E+2	4.507220E+2
3.472972E+2	4.507354E+2
3.473639E+2	4.507478E+2
3.474312E+2	4.507614E+2
3.474957E+2	4.507754E+2
3.475690E+2	4.507892E+2
3.476403E+2	4.508023E+2
3.477098E+2	4.508169E+2
3.477818E+2	4.508319E+2
3.478530E+2	4.508437E+2
3.479214E+2	4.508584E+2
3.479886E+2	4.508707E+2
3.480558E+2	4.508848E+2
3.481201E+2	4.508977E+2
3.481900E+2	4.509091E+2
3.482609E+2	4.509256E+2
3.483337E+2	4.509392E+2
3.484003E+2	4.509534E+2
3.484684E+2	4.509667E+2
3.485333E+2	4.509789E+2
3.485985E+2	4.509906E+2
3.486659E+2	4.510038E+2
3.487333E+2	4.510183E+2
3.488014E+2	4.510305E+2
3.488691E+2	4.510444E+2
3.489368E+2	4.510574E+2
3.490043E+2	4.510717E+2
3.490733E+2	4.510866E+2
3.491405E+2	4.510986E+2
3.492094E+2	4.511108E+2
3.492777E+2	4.511244E+2
3.493473E+2	4.511376E+2
3.494157E+2	4.511522E+2
3.494848E+2	4.511655E+2
3.495553E+2	4.511797E+2
3.496272E+2	4.511925E+2
3.496968E+2	4.512073E+2
3.497628E+2	4.512196E+2
3.498324E+2	4.512332E+2
3.499031E+2	4.512468E+2
3.499701E+2	4.512595E+2
3.500368E+2	4.512736E+2
3.501032E+2	4.512879E+2
3.501714E+2	4.513000E+2
3.502387E+2	4.513144E+2
3.503095E+2	4.513268E+2
3.503766E+2	4.513411E+2
3.504440E+2	4.513543E+2
3.505102E+2	4.513665E+2
3.505762E+2	4.513809E+2
3.506434E+2	4.513923E+2
3.507109E+2	4.514057E+2
3.507795E+2	4.514192E+2
3.508484E+2	4.514326E+2
3.509172E+2	4.514459E+2
3.509886E+2	4.514604E+2
3.510599E+2	4.514733E+2
3.511279E+2	4.514868E+2
3.511955E+2	4.515009E+2
3.512653E+2	4.515137E+2
3.513330E+2	4.515279E+2
3.514024E+2	4.515404E+2
3.514680E+2	4.515533E+2
3.515376E+2	4.515676E+2
3.516043E+2	4.515798E+2
3.516695E+2	4.515920E+2
3.517389E+2	4.516058E+2
3.518056E+2	4.516206E+2
3.518753E+2	4.516327E+2
3.519423E+2	4.516457E+2
3.520114E+2	4.516576E+2
3.520800E+2	4.516731E+2
3.521516E+2	4.516866E+2
3.522197E+2	4.516993E+2
3.522872E+2	4.517122E+2
3.523568E+2	4.517252E+2
3.524269E+2	4.517387E+2
3.524945E+2	4.517532E+2
3.525672E+2	4.517665E+2
3.526337E+2	4.517800E+2
3.527018E+2	4.517935E+2
3.527694E+2	4.518054E+2
3.528348E+2	4.518179E+2
3.529019E+2	4.518314E+2
3.529708E+2	4.518443E+2
3.530389E+2	4.518590E+2
3.531107E+2	4.518720E+2
3.531795E+2	4.518857E+2
3.532477E+2	4.518987E+2
3.533189E+2	4.519132E+2
3.533906E+2	4.519255E+2
3.534590E+2	4.519399E+2
3.535279E+2	4.519527E+2
3.535963E+2	4.519659E+2
3.536661E+2	4.519790E+2
3.537346E+2	4.519920E+2
3.538040E+2	4.520060E+2
3.538706E+2	4.520186E+2
3.539381E+2	4.520322E+2
3.540041E+2	4.520444E+2
3.540711E+2	4.520574E+2
3.541388E+2	4.520707E+2
3.542061E+2	4.520838E+2
3.542715E+2	4.520958E+2
3.543395E+2	4.521091E+2
3.544052E+2	4.521219E+2
3.544764E+2	4.521357E+2
3.545452E+2	4.521486E+2
3.546123E+2	4.521615E+2
3.546782E+2	4.521746E+2
3.547457E+2	4.521874E+2
3.548161E+2	4.522016E+2
3.548826E+2	4.522141E+2
3.549507E+2	4.522267E+2
3.550167E+2	4.522396E+2
3.550834E+2	4.522532E+2
3.551514E+2	4.522657E+2
3.552188E+2	4.522782E+2
3.552866E+2	4.522923E+2
3.553561E+2	4.523047E+2
3.554254E+2	4.523185E+2
3.554927E+2	4.523307E+2
3.555617E+2	4.523436E+2
3.556274E+2	4.523577E+2
3.556939E+2	4.523700E+2
3.557613E+2	4.523834E+2
3.558309E+2	4.523974E+2
3.558988E+2	4.524102E+2
3.559704E+2	4.524237E+2
3.560417E+2	4.524370E+2
3.561121E+2	4.524492E+2
3.561785E+2	4.524630E+2
3.562474E+2	4.524759E+2
3.563184E+2	4.524897E+2
3.563854E+2	4.525032E+2
3.564530E+2	4.525154E+2
3.565273E+2	4.525295E+2
3.565988E+2	4.525433E+2
3.566660E+2	4.525566E+2
3.567371E+2	4.525701E+2
3.568028E+2	4.525833E+2
3.568702E+2	4.525941E+2
3.569381E+2	4.526075E+2
3.570031E+2	4.526205E+2
3.570690E+2	4.526331E+2
3.571379E+2	4.526460E+2
3.572058E+2	4.526597E+2
3.572784E+2	4.526728E+2
3.573452E+2	4.526858E+2
3.574152E+2	4.526988E+2
3.574836E+2	4.527120E+2
3.575513E+2	4.527251E+2
3.576181E+2	4.527373E+2
3.576850E+2	4.527504E+2
3.577512E+2	4.527645E+2
3.578204E+2	4.527773E+2
3.578876E+2	4.527887E+2
3.579581E+2	4.528025E+2
3.580276E+2	4.528171E+2
3.580947E+2	4.528289E+2
3.581653E+2	4.528423E+2
3.582323E+2	4.528536E+2
3.583004E+2	4.528676E+2
3.583675E+2	4.528804E+2
3.584363E+2	4.528947E+2
3.585033E+2	4.529061E+2
3.585694E+2	4.529192E+2
3.586369E+2	4.529306E+2
3.587066E+2	4.529455E+2
3.587717E+2	4.529579E+2
3.588415E+2	4.529717E+2
3.589122E+2	4.529843E+2
3.589788E+2	4.529972E+2
3.590466E+2	4.530089E+2
3.591141E+2	4.530222E+2
3.591816E+2	4.530349E+2
3.592479E+2	4.530475E+2
3.593169E+2	4.530614E+2
3.593851E+2	4.530736E+2
3.594543E+2	4.530856E+2
3.595209E+2	4.530998E+2
3.595853E+2	4.531132E+2
3.596566E+2	4.531260E+2
3.597256E+2	4.531394E+2
3.597927E+2	4.531517E+2
3.598592E+2	4.531635E+2
3.599249E+2	4.531753E+2
3.599936E+2	4.531896E+2
3.600622E+2	4.532027E+2
3.601320E+2	4.532166E+2
3.601986E+2	4.532281E+2
3.602632E+2	4.532403E+2
3.603307E+2	4.532527E+2
3.603977E+2	4.532643E+2
3.604639E+2	4.532774E+2
3.605353E+2	4.532911E+2
3.606026E+2	4.533050E+2
3.606715E+2	4.533173E+2
3.607386E+2	4.533292E+2
3.608073E+2	4.533424E+2
3.608751E+2	4.533551E+2
3.609425E+2	4.533675E+2
3.610089E+2	4.533806E+2
3.610776E+2	4.533933E+2
3.611435E+2	4.534062E+2
3.612123E+2	4.534185E+2
3.612799E+2	4.534319E+2
3.613487E+2	4.534443E+2
3.614164E+2	4.534573E+2
3.614853E+2	4.534703E+2
3.615528E+2	4.534849E+2
3.616201E+2	4.534945E+2
3.616843E+2	4.535071E+2
3.617538E+2	4.535208E+2
3.618195E+2	4.535337E+2
3.618890E+2	4.535473E+2
3.619548E+2	4.535587E+2
3.620234E+2	4.535710E+2
3.620928E+2	4.535847E+2
3.621575E+2	4.535960E+2
3.622252E+2	4.536096E+2
3.622926E+2	4.536229E+2
3.623598E+2	4.536339E+2
3.624298E+2	4.536485E+2
3.625032E+2	4.536607E+2
3.625701E+2	4.536754E+2
3.626414E+2	4.536863E+2
3.627064E+2	4.537005E+2
3.627757E+2	4.537130E+2
3.628428E+2	4.537254E+2
3.629119E+2	4.537391E+2
3.629836E+2	4.537515E+2
3.630533E+2	4.537644E+2
3.631205E+2	4.537769E+2
3.631897E+2	4.537902E+2
3.632602E+2	4.538029E+2
3.633259E+2	4.538165E+2
3.633972E+2	4.538276E+2
3.634645E+2	4.538403E+2
3.635304E+2	4.538547E+2
3.635953E+2	4.538652E+2
3.636649E+2	4.538790E+2
3.637326E+2	4.538911E+2
3.637991E+2	4.539042E+2
3.638659E+2	4.539170E+2
3.639317E+2	4.539287E+2
3.640009E+2	4.539411E+2
3.640696E+2	4.539556E+2
3.641355E+2	4.539669E+2
3.642030E+2	4.539797E+2
3.642726E+2	4.539926E+2
3.643392E+2	4.540058E+2
3.644053E+2	4.540172E+2
3.644744E+2	4.540297E+2
3.645445E+2	4.540437E+2
3.646129E+2	4.540565E+2
3.646816E+2	4.540691E+2
3.647518E+2	4.540826E+2
3.648168E+2	4.540942E+2
3.648852E+2	4.541060E+2
3.649560E+2	4.541198E+2
3.650221E+2	4.541320E+2
3.650863E+2	4.541438E+2
3.651577E+2	4.541568E+2
3.652266E+2	4.541699E+2
3.652937E+2	4.541824E+2
3.653627E+2	4.541945E+2
3.654323E+2	4.542068E+2
3.654976E+2	4.542199E+2
3.655651E+2	4.542320E+2
3.656315E+2	4.542443E+2
3.656983E+2	4.542588E+2
3.657645E+2	4.542692E+2
3.658340E+2	4.542836E+2
3.659075E+2	4.542953E+2
3.659792E+2	4.543096E+2
3.660480E+2	4.543214E+2
3.661182E+2	4.543334E+2
3.661858E+2	4.543457E+2
3.662539E+2	4.543592E+2
3.663211E+2	4.543714E+2
3.663900E+2	4.543844E+2
3.664568E+2	4.543957E+2
3.665248E+2	4.544091E+2
3.665939E+2	4.544212E+2
3.666642E+2	4.544345E+2
3.667341E+2	4.544482E+2
3.668017E+2	4.544592E+2
3.668720E+2	4.544745E+2
3.669397E+2	4.544857E+2
3.670055E+2	4.544966E+2
3.670733E+2	4.545105E+2
3.671432E+2	4.545220E+2
3.672090E+2	4.545343E+2
3.672779E+2	4.545481E+2
3.673456E+2	4.545601E+2
3.674151E+2	4.545733E+2
3.674823E+2	4.545855E+2
3.675492E+2	4.545985E+2
3.676184E+2	4.546116E+2
3.676871E+2	4.546241E+2
3.677539E+2	4.546363E+2
3.678230E+2	4.546486E+2
3.678901E+2	4.546610E+2
3.679577E+2	4.546739E+2
3.680249E+2	4.546858E+2
3.680927E+2	4.546992E+2
3.681593E+2	4.547101E+2
3.682269E+2	4.547221E+2
3.682911E+2	4.547350E+2
3.683594E+2	4.547472E+2
3.684281E+2	4.547602E+2
3.684982E+2	4.547733E+2
3.685635E+2	4.547855E+2
3.686329E+2	4.547979E+2
3.687047E+2	4.548114E+2
3.687745E+2	4.548239E+2
3.688421E+2	4.548369E+2
3.689110E+2	4.548489E+2
3.689791E+2	4.548610E+2
3.690440E+2	4.548718E+2
3.691125E+2	4.548864E+2
3.691835E+2	4.548992E+2
3.692558E+2	4.549123E+2
3.693241E+2	4.549246E+2
3.693910E+2	4.549372E+2
3.694616E+2	4.549498E+2
3.695287E+2	4.549613E+2
3.695944E+2	4.549749E+2
3.696622E+2	4.549870E+2
3.697287E+2	4.549978E+2
3.697967E+2	4.550103E+2
3.698621E+2	4.550225E+2
3.699293E+2	4.550347E+2
3.699944E+2	4.550476E+2
3.700652E+2	4.550596E+2
3.701332E+2	4.550722E+2
3.702011E+2	4.550851E+2
3.702689E+2	4.550967E+2
3.703345E+2	4.551096E+2
3.704024E+2	4.551205E+2
3.704717E+2	4.551342E+2
3.705425E+2	4.551469E+2
3.706092E+2	4.551611E+2
3.706805E+2	4.551727E+2
3.707491E+2	4.551863E+2
3.708205E+2	4.552031E+2
3.708918E+2	4.552170E+2
3.709604E+2	4.552303E+2
3.710296E+2	4.552420E+2
3.710972E+2	4.552542E+2
3.711622E+2	4.552660E+2
3.712313E+2	4.552783E+2
3.712998E+2	4.552913E+2
3.713715E+2	4.553049E+2
3.714367E+2	4.553181E+2
3.715069E+2	4.553289E+2
3.715736E+2	4.553409E+2
3.716391E+2	4.553537E+2
3.717083E+2	4.553647E+2
3.717740E+2	4.553770E+2
3.718429E+2	4.553899E+2
3.719117E+2	4.554023E+2
3.719813E+2	4.554158E+2
3.720517E+2	4.554279E+2
3.721189E+2	4.554404E+2
3.721903E+2	4.554534E+2
3.722602E+2	4.554650E+2
3.723293E+2	4.554775E+2
3.723992E+2	4.554905E+2
3.724647E+2	4.555025E+2
3.725354E+2	4.555132E+2
3.726069E+2	4.555280E+2
3.726757E+2	4.555397E+2
3.727391E+2	4.555512E+2
3.728083E+2	4.555632E+2
3.728790E+2	4.555767E+2
3.729466E+2	4.555895E+2
3.730176E+2	4.556023E+2
3.730868E+2	4.556153E+2
3.731562E+2	4.556261E+2
3.732254E+2	4.556390E+2
3.732936E+2	4.556514E+2
3.733601E+2	4.556633E+2
3.734287E+2	4.556756E+2
3.734987E+2	4.556885E+2
3.735659E+2	4.557003E+2
3.736376E+2	4.557119E+2
3.737071E+2	4.557257E+2
3.737744E+2	4.557370E+2
3.738461E+2	4.557509E+2
3.739152E+2	4.557628E+2
3.739836E+2	4.557755E+2
3.740509E+2	4.557865E+2
3.741185E+2	4.558006E+2
3.741860E+2	4.558124E+2
3.742563E+2	4.558250E+2
3.743243E+2	4.558380E+2
3.743941E+2	4.558493E+2
3.744655E+2	4.558625E+2
3.745384E+2	4.558744E+2
3.746065E+2	4.558876E+2
3.746748E+2	4.558993E+2
3.747421E+2	4.559124E+2
3.748099E+2	4.559245E+2
3.748762E+2	4.559367E+2
3.749418E+2	4.559475E+2
3.750105E+2	4.559596E+2
3.750756E+2	4.559730E+2
3.751455E+2	4.559851E+2
3.752133E+2	4.559958E+2
3.752813E+2	4.560077E+2
3.753476E+2	4.560218E+2
3.754170E+2	4.560319E+2
3.754851E+2	4.560448E+2
3.755553E+2	4.560579E+2
3.756239E+2	4.560701E+2
3.756944E+2	4.560828E+2
3.757632E+2	4.560948E+2
3.758302E+2	4.561079E+2
3.759032E+2	4.561192E+2
3.759695E+2	4.561315E+2
3.760368E+2	4.561440E+2
3.761053E+2	4.561557E+2
3.761745E+2	4.561678E+2
3.762423E+2	4.561801E+2
3.763114E+2	4.561926E+2
3.763792E+2	4.562048E+2
3.764448E+2	4.562172E+2
3.765149E+2	4.562287E+2
3.765783E+2	4.562390E+2
3.766458E+2	4.562510E+2
3.767137E+2	4.562631E+2
3.767799E+2	4.562759E+2
3.768475E+2	4.562880E+2
3.769147E+2	4.562981E+2
3.769834E+2	4.563123E+2
3.770514E+2	4.563236E+2
3.771177E+2	4.563369E+2
3.771867E+2	4.563485E+2
3.772545E+2	4.563608E+2
3.773232E+2	4.563713E+2
3.773913E+2	4.563833E+2
3.774579E+2	4.563959E+2
3.775242E+2	4.564065E+2
3.775949E+2	4.564202E+2
3.776645E+2	4.564334E+2
3.777305E+2	4.564445E+2
3.777970E+2	4.564560E+2
3.778678E+2	4.564686E+2
3.779343E+2	4.564802E+2
3.780013E+2	4.564930E+2
3.780719E+2	0.000000E+0
3.781405E+2	4.565168E+2
3.782089E+2	4.565293E+2
3.782763E+2	4.565423E+2
3.783473E+2	4.565525E+2
3.784131E+2	4.565651E+2
3.784840E+2	4.565787E+2
3.785530E+2	4.565897E+2
3.786207E+2	4.566021E+2
3.786883E+2	4.566127E+2
3.787584E+2	4.566256E+2
3.788231E+2	4.566369E+2
3.788921E+2	4.566498E+2
3.789617E+2	4.566609E+2
3.790283E+2	4.566734E+2
3.790960E+2	4.566852E+2
3.791629E+2	4.566984E+2
3.792368E+2	4.567097E+2
3.793052E+2	4.567223E+2
3.793723E+2	4.567334E+2
3.794410E+2	4.567456E+2
3.795069E+2	4.567571E+2
3.795772E+2	4.567709E+2
3.796441E+2	4.567821E+2
3.797102E+2	4.567925E+2
3.797825E+2	4.568072E+2
3.798503E+2	4.568169E+2
3.799181E+2	4.568312E+2
3.799886E+2	4.568429E+2
3.800591E+2	4.568543E+2
3.801260E+2	4.568674E+2
3.801924E+2	4.568777E+2
3.802608E+2	4.568905E+2
3.803288E+2	4.569024E+2
3.803964E+2	4.569143E+2
3.804676E+2	4.569267E+2
3.805343E+2	4.569390E+2
3.806050E+2	4.569513E+2
3.806716E+2	4.569626E+2
3.807377E+2	4.569740E+2
3.808040E+2	4.569859E+2
3.808727E+2	4.569978E+2
3.809404E+2	4.570099E+2
3.810078E+2	4.570212E+2
3.810769E+2	4.570341E+2
3.811489E+2	4.570472E+2
3.812172E+2	4.570590E+2
3.812874E+2	4.570714E+2
3.813550E+2	4.570831E+2
3.814240E+2	4.570943E+2
3.814919E+2	4.571067E+2
3.815600E+2	4.571177E+2
3.816266E+2	4.571294E+2
3.816931E+2	4.571415E+2
3.817604E+2	4.571525E+2
3.818316E+2	4.571662E+2
3.819013E+2	4.571768E+2
3.819687E+2	4.571893E+2
3.820402E+2	4.572022E+2
3.821095E+2	4.572136E+2
3.821781E+2	4.572254E+2
3.822451E+2	4.572375E+2
3.823124E+2	4.572486E+2
3.823790E+2	4.572617E+2
3.824474E+2	4.572726E+2
3.825171E+2	4.572852E+2
3.825834E+2	4.572971E+2
3.826584E+2	4.573096E+2
3.827272E+2	4.573221E+2
3.827982E+2	4.573350E+2
3.828661E+2	4.573455E+2
3.829363E+2	4.573591E+2
3.830044E+2	4.573700E+2
3.830723E+2	4.573805E+2
3.831395E+2	4.573933E+2
3.832068E+2	4.574058E+2
3.832774E+2	4.574169E+2
3.833473E+2	4.574286E+2
3.834141E+2	4.574408E+2
3.834871E+2	4.574540E+2
3.835539E+2	4.574644E+2
3.836212E+2	4.574765E+2
3.836901E+2	4.574889E+2
3.837583E+2	4.575007E+2
3.838267E+2	4.575117E+2
3.838940E+2	4.575238E+2
3.839601E+2	4.575346E+2
3.840297E+2	4.575476E+2
3.841002E+2	4.575600E+2
3.841686E+2	4.575712E+2
3.842405E+2	4.575837E+2
3.843121E+2	4.575968E+2
3.843798E+2	4.576064E+2
3.844478E+2	4.576194E+2
3.845137E+2	4.576312E+2
3.845834E+2	4.576423E+2
3.846498E+2	4.576551E+2
3.847170E+2	4.576663E+2
3.847844E+2	4.576776E+2
3.848537E+2	4.576885E+2
3.849218E+2	4.577004E+2
3.849925E+2	4.577134E+2
3.850642E+2	4.577265E+2
3.851313E+2	4.577369E+2
3.851995E+2	4.577500E+2
3.852689E+2	4.577601E+2
3.853367E+2	4.577720E+2
3.854038E+2	4.577848E+2
3.854736E+2	4.577964E+2
3.855412E+2	4.578082E+2
3.856097E+2	4.578182E+2
3.856803E+2	4.578318E+2
3.857531E+2	4.578452E+2
3.858226E+2	4.578567E+2
3.858922E+2	4.578686E+2
3.859599E+2	4.578808E+2
3.860264E+2	4.578930E+2
3.860929E+2	4.579025E+2
3.861607E+2	4.579150E+2
3.862297E+2	4.579267E+2
3.862955E+2	4.579383E+2
3.863668E+2	4.579504E+2
3.864365E+2	4.579622E+2
3.865024E+2	4.579746E+2
3.865715E+2	4.579852E+2
3.866391E+2	4.579968E+2
3.867051E+2	4.580083E+2
3.867730E+2	4.580196E+2
3.868391E+2	4.580317E+2
3.869094E+2	4.580442E+2
3.869770E+2	4.580543E+2
3.870445E+2	4.580675E+2
3.871160E+2	4.580780E+2
3.871844E+2	4.580890E+2
3.872508E+2	4.581015E+2
3.873204E+2	4.581130E+2
3.873871E+2	4.581252E+2
3.874541E+2	4.581361E+2
3.875245E+2	4.581485E+2
3.875946E+2	4.581600E+2
3.876621E+2	4.581719E+2
3.877292E+2	4.581823E+2
3.877991E+2	4.581956E+2
3.878683E+2	4.582062E+2
3.879374E+2	4.582185E+2
3.880061E+2	4.582300E+2
3.880744E+2	4.582415E+2
3.881427E+2	4.582533E+2
3.882111E+2	4.582650E+2
3.882796E+2	4.582767E+2
3.883519E+2	4.582893E+2
3.884185E+2	4.583010E+2
3.884868E+2	4.583117E+2
3.885531E+2	4.583217E+2
3.886205E+2	4.583338E+2
3.886924E+2	4.583473E+2
3.887615E+2	4.583581E+2
3.888277E+2	4.583691E+2
3.888936E+2	4.583806E+2
3.889620E+2	4.583920E+2
3.890323E+2	4.584043E+2
3.891002E+2	4.584166E+2
3.891681E+2	4.584282E+2
3.892417E+2	4.584401E+2
3.893089E+2	4.584514E+2
3.893755E+2	4.584634E+2
3.894418E+2	4.584740E+2
3.895110E+2	4.584852E+2
3.895791E+2	4.584961E+2
3.896470E+2	4.585076E+2
3.897148E+2	4.585203E+2
3.897837E+2	4.585318E+2
3.898543E+2	4.585441E+2
3.899230E+2	4.585549E+2
3.899923E+2	4.585673E+2
3.900643E+2	4.585781E+2
3.901322E+2	4.585896E+2
3.901992E+2	4.585998E+2
3.902667E+2	4.586126E+2
3.903333E+2	4.586251E+2
3.904037E+2	4.586359E+2
3.904735E+2	4.586479E+2
3.905433E+2	4.586579E+2
3.906102E+2	4.586706E+2
3.906825E+2	4.586827E+2
3.907523E+2	4.586954E+2
3.908225E+2	4.587056E+2
3.908883E+2	4.587178E+2
3.909556E+2	4.587292E+2
3.910247E+2	4.587410E+2
3.910918E+2	4.587520E+2
3.911591E+2	4.587628E+2
3.912318E+2	4.587765E+2
3.913005E+2	4.587853E+2
3.913694E+2	4.587990E+2
3.914378E+2	4.588103E+2
3.915050E+2	4.588203E+2
3.915707E+2	4.588321E+2
3.916395E+2	4.588428E+2
3.917084E+2	4.588548E+2
3.917754E+2	4.588665E+2
3.918424E+2	4.588766E+2
3.919108E+2	4.588893E+2
3.919797E+2	4.589006E+2
3.920478E+2	4.589116E+2
3.921188E+2	4.589245E+2
3.921894E+2	4.589364E+2
3.922564E+2	4.589468E+2
3.923229E+2	4.589573E+2
3.923899E+2	4.589681E+2
3.924581E+2	4.589802E+2
3.925263E+2	4.589916E+2
3.925991E+2	4.590031E+2
3.926669E+2	4.590146E+2
3.927367E+2	4.590267E+2
3.928040E+2	4.590383E+2
3.928738E+2	4.590504E+2
3.929412E+2	4.590603E+2
3.930063E+2	4.590722E+2
3.930750E+2	4.590829E+2
3.931437E+2	4.590937E+2
3.932088E+2	4.591051E+2
3.932785E+2	4.591175E+2
3.933507E+2	4.591290E+2
3.934217E+2	4.591415E+2
3.934909E+2	4.591534E+2
3.935588E+2	4.591652E+2
3.936268E+2	4.591757E+2
3.936953E+2	4.591873E+2
3.937629E+2	4.591979E+2
3.938321E+2	4.592097E+2
3.939003E+2	4.592212E+2
3.939699E+2	4.592320E+2
3.940386E+2	4.592434E+2
3.941063E+2	4.592552E+2
3.941763E+2	4.592666E+2
3.942412E+2	4.592775E+2
3.943096E+2	4.592874E+2
3.943774E+2	4.593005E+2
3.944438E+2	4.593115E+2
3.945125E+2	4.593220E+2
3.945800E+2	4.593334E+2
3.946476E+2	4.593450E+2
3.947168E+2	4.593574E+2
3.947848E+2	4.593684E+2
3.948545E+2	4.593795E+2
3.949214E+2	4.593909E+2
3.949912E+2	4.594024E+2
3.950619E+2	4.594124E+2
3.951302E+2	4.594239E+2
3.951986E+2	4.594368E+2
3.952658E+2	4.594477E+2
3.953336E+2	4.594590E+2
3.954034E+2	4.594696E+2
3.954735E+2	4.594917E+2
3.955449E+2	4.595095E+2
3.956155E+2	4.595262E+2
3.956871E+2	4.595358E+2
3.957554E+2	4.595484E+2
3.958272E+2	4.595597E+2
3.959000E+2	4.595755E+2
3.959712E+2	4.595814E+2
3.960399E+2	4.595922E+2
3.961065E+2	4.596041E+2
3.961733E+2	4.596152E+2
3.962391E+2	4.596243E+2
3.963057E+2	4.596364E+2
3.963759E+2	4.596477E+2
3.964457E+2	4.596590E+2
3.965173E+2	4.596711E+2
3.965884E+2	4.596828E+2
3.966584E+2	4.596946E+2
3.967313E+2	4.597061E+2
3.967991E+2	4.597173E+2
3.968664E+2	4.597286E+2
3.969319E+2	4.597416E+2
3.970011E+2	4.597532E+2
3.970701E+2	4.597628E+2
3.971385E+2	4.597750E+2
3.972098E+2	4.597865E+2
3.972783E+2	4.597979E+2
3.973458E+2	4.598093E+2
3.974166E+2	4.598209E+2
3.974853E+2	4.598319E+2
3.975543E+2	4.598431E+2
3.976209E+2	4.598534E+2
3.976890E+2	4.598641E+2
3.977545E+2	4.598756E+2
3.978224E+2	4.598870E+2
3.978910E+2	4.598980E+2
3.979608E+2	4.599089E+2
3.980274E+2	4.599215E+2
3.980982E+2	4.599320E+2
3.981655E+2	4.599424E+2
3.982360E+2	4.599540E+2
3.983018E+2	4.599649E+2
3.983685E+2	4.599756E+2
3.984362E+2	4.599873E+2
3.985054E+2	4.599991E+2
3.985761E+2	4.600091E+2
3.986458E+2	4.600212E+2
3.987119E+2	4.600321E+2
3.987819E+2	4.600441E+2
3.988507E+2	4.600535E+2
3.989176E+2	4.600659E+2
3.989849E+2	4.600760E+2
3.990509E+2	4.600871E+2
3.991195E+2	4.600984E+2
3.991888E+2	4.601097E+2
3.992570E+2	4.601211E+2
3.993243E+2	4.601332E+2
3.993936E+2	4.601440E+2
3.994602E+2	4.601550E+2
3.995281E+2	4.601646E+2
3.995950E+2	4.601770E+2
3.996677E+2	4.601879E+2
3.997363E+2	4.601981E+2
3.998050E+2	4.602101E+2
3.998721E+2	4.602203E+2
3.999398E+2	4.602319E+2
4.000114E+2	4.602431E+2
4.000806E+2	4.602550E+2
4.001502E+2	4.602664E+2
4.002178E+2	4.602765E+2
4.002858E+2	4.602880E+2
4.003517E+2	4.602986E+2
4.004204E+2	4.603093E+2
4.004862E+2	4.603207E+2
4.005547E+2	4.603323E+2
4.006227E+2	4.603428E+2
4.006926E+2	4.603537E+2
4.007662E+2	4.603662E+2
4.008381E+2	4.603769E+2
4.009021E+2	4.603879E+2
4.009702E+2	4.603991E+2
4.010393E+2	4.604100E+2
4.011052E+2	4.604211E+2
4.011748E+2	4.604321E+2
4.012417E+2	4.604427E+2
4.013097E+2	4.604536E+2
4.013764E+2	4.604646E+2
4.014442E+2	4.604756E+2
4.015162E+2	4.604870E+2
4.015872E+2	4.604986E+2
4.016548E+2	4.605107E+2
4.017255E+2	4.605222E+2
4.017916E+2	4.605330E+2
4.018607E+2	4.605441E+2
4.019268E+2	4.605546E+2
4.019937E+2	4.605643E+2
4.020621E+2	4.605769E+2
4.021322E+2	4.605873E+2
4.022022E+2	4.605991E+2
4.022728E+2	4.606118E+2
4.023450E+2	4.606220E+2
4.024131E+2	4.606326E+2
4.024804E+2	4.606437E+2
4.025480E+2	4.606538E+2
4.026172E+2	4.606656E+2
4.026865E+2	4.606773E+2
4.027527E+2	4.606873E+2
4.028202E+2	4.606982E+2
4.028881E+2	4.607090E+2
4.029569E+2	4.607207E+2
4.030251E+2	4.607323E+2
4.030963E+2	4.607420E+2
4.031654E+2	4.607527E+2
4.032324E+2	4.607631E+2
4.033000E+2	4.607738E+2
4.033669E+2	4.607843E+2
4.034335E+2	4.607964E+2
4.035051E+2	4.608076E+2
4.035745E+2	4.608188E+2
4.036425E+2	4.608288E+2
4.037088E+2	4.608389E+2
4.037787E+2	4.608506E+2
4.038462E+2	4.608611E+2
4.039175E+2	4.608729E+2
4.039845E+2	4.608831E+2
4.040500E+2	4.608943E+2
4.041165E+2	4.609044E+2
4.041844E+2	4.609160E+2
4.042538E+2	4.609271E+2
4.043191E+2	4.609374E+2
4.043872E+2	4.609488E+2
4.044544E+2	4.609582E+2
4.045185E+2	4.609693E+2
4.045860E+2	4.609798E+2
4.046531E+2	4.609901E+2
4.047180E+2	0.000000E+0
4.047845E+2	4.610109E+2
4.048538E+2	4.610219E+2
4.049182E+2	4.610318E+2
4.049861E+2	4.610436E+2
4.050549E+2	4.610538E+2
4.051223E+2	4.610633E+2
4.051870E+2	4.610743E+2
4.052548E+2	4.610853E+2
4.053208E+2	4.610965E+2
4.053877E+2	4.611056E+2
4.054553E+2	4.611188E+2
4.055233E+2	4.611279E+2
4.055898E+2	4.611372E+2
4.056581E+2	4.611478E+2
4.057248E+2	4.611603E+2
4.057928E+2	4.611694E+2
4.058591E+2	4.611813E+2
4.059275E+2	4.611913E+2
4.059955E+2	4.612026E+2
4.060659E+2	4.612135E+2
4.061329E+2	4.612245E+2
4.062030E+2	4.612359E+2
4.062700E+2	4.612454E+2
4.063377E+2	4.612557E+2
4.064056E+2	4.612677E+2
4.064725E+2	4.612771E+2
4.065411E+2	4.612890E+2
4.066114E+2	4.612996E+2
4.066760E+2	4.613090E+2
4.067472E+2	4.613218E+2
4.068161E+2	4.613320E+2
4.068877E+2	4.613433E+2
4.069570E+2	4.613524E+2
4.070229E+2	4.613641E+2
4.070894E+2	4.613753E+2
4.071603E+2	4.613858E+2
4.072292E+2	4.613964E+2
4.072967E+2	4.614075E+2
4.073642E+2	4.614181E+2
4.074354E+2	4.614290E+2
4.075018E+2	4.614401E+2
4.075732E+2	4.614504E+2
4.076420E+2	4.614615E+2
4.077118E+2	4.614714E+2
4.077794E+2	4.614833E+2
4.078469E+2	4.614946E+2
4.079149E+2	4.615044E+2
4.079821E+2	4.615149E+2
4.080480E+2	4.615259E+2
4.081179E+2	4.615364E+2
4.081851E+2	4.615470E+2
4.082559E+2	4.615589E+2
4.083255E+2	4.615700E+2
4.083935E+2	4.615798E+2
4.084594E+2	4.615899E+2
4.085244E+2	4.616001E+2
4.085935E+2	4.616116E+2
4.086615E+2	4.616211E+2
4.087310E+2	4.616331E+2
4.088012E+2	4.616434E+2
4.088682E+2	4.616544E+2
4.089373E+2	4.616644E+2
4.090087E+2	4.616766E+2
4.090801E+2	4.616873E+2
4.091464E+2	4.616982E+2
4.092159E+2	4.617086E+2
4.092834E+2	4.617190E+2
4.093508E+2	4.617299E+2
4.094175E+2	4.617413E+2
4.094868E+2	4.617511E+2
4.095550E+2	4.617609E+2
4.096226E+2	4.617734E+2
4.096963E+2	4.617855E+2
4.097708E+2	4.617962E+2
4.098375E+2	4.618063E+2
4.099072E+2	4.618177E+2
4.099720E+2	4.618279E+2
4.100395E+2	4.618388E+2
4.101031E+2	4.618489E+2
4.101684E+2	4.618595E+2
4.102391E+2	4.618692E+2
4.103056E+2	4.618818E+2
4.103740E+2	4.618907E+2
4.104425E+2	4.619017E+2
4.105075E+2	4.619130E+2
4.105756E+2	4.619222E+2
4.106403E+2	4.619325E+2
4.107075E+2	4.619430E+2
4.107746E+2	4.619539E+2
4.108418E+2	4.619632E+2
4.109111E+2	4.619748E+2
4.109780E+2	4.619843E+2
4.110473E+2	4.619952E+2
4.111135E+2	4.620050E+2
4.111830E+2	4.620164E+2
4.112512E+2	4.620271E+2
4.113184E+2	4.620376E+2
4.113864E+2	4.620472E+2
4.114565E+2	4.620589E+2
4.115259E+2	4.620696E+2
4.115918E+2	4.620803E+2
4.116652E+2	4.620911E+2
4.117343E+2	4.621021E+2
4.118045E+2	4.621114E+2
4.118728E+2	4.621230E+2
4.119373E+2	4.621318E+2
4.120042E+2	4.621432E+2
4.120700E+2	4.621543E+2
4.121368E+2	4.621640E+2
4.122049E+2	4.621754E+2
4.122739E+2	4.621857E+2
4.123446E+2	4.621960E+2
4.124106E+2	4.622074E+2
4.124765E+2	4.622171E+2
4.125445E+2	4.622282E+2
4.126130E+2	4.622382E+2
4.126805E+2	4.622481E+2
4.127461E+2	4.622599E+2
4.128146E+2	4.622689E+2
4.128830E+2	4.622795E+2
4.129530E+2	4.622909E+2
4.130239E+2	4.623022E+2
4.130885E+2	4.623104E+2
4.131538E+2	4.623213E+2
4.132197E+2	4.623319E+2
4.132864E+2	4.623417E+2
4.133541E+2	4.623518E+2
4.134223E+2	4.623620E+2
4.134913E+2	4.623727E+2
4.135594E+2	4.623822E+2
4.136285E+2	4.623937E+2
4.136984E+2	4.624034E+2
4.137672E+2	4.624141E+2
4.138335E+2	4.624248E+2
4.138996E+2	4.624350E+2
4.139655E+2	4.624448E+2
4.140325E+2	4.624550E+2
4.140993E+2	4.624646E+2
4.141665E+2	4.624774E+2
4.142370E+2	4.624856E+2
4.143052E+2	4.624967E+2
4.143692E+2	4.625068E+2
4.144386E+2	4.625167E+2
4.145067E+2	4.625271E+2
4.145739E+2	4.625366E+2
4.146430E+2	4.625483E+2
4.147116E+2	4.625584E+2
4.147834E+2	4.625695E+2
4.148503E+2	4.625805E+2
4.149196E+2	4.625905E+2
4.149893E+2	4.626015E+2
4.150572E+2	4.626109E+2
4.151260E+2	4.626218E+2
4.151934E+2	4.626325E+2
4.152612E+2	4.626423E+2
4.153286E+2	4.626525E+2
4.153967E+2	4.626630E+2
4.154644E+2	4.626730E+2
4.155330E+2	4.626846E+2
4.156028E+2	4.626943E+2
4.156694E+2	4.627046E+2
4.157363E+2	4.627138E+2
4.158047E+2	4.627251E+2
4.158748E+2	4.627354E+2
4.159410E+2	4.627445E+2
4.160091E+2	4.627548E+2
4.160780E+2	4.627656E+2
4.161483E+2	4.627763E+2
4.162140E+2	4.627858E+2
4.162852E+2	4.627973E+2
4.163509E+2	4.628080E+2
4.164182E+2	4.628180E+2
4.164834E+2	4.628274E+2
4.165515E+2	4.628381E+2
4.166191E+2	4.628478E+2
4.166882E+2	4.628582E+2
4.167552E+2	4.628696E+2
4.168204E+2	4.628792E+2
4.168905E+2	4.628883E+2
4.169597E+2	4.628995E+2
4.170283E+2	4.629107E+2
4.170962E+2	4.629211E+2
4.171670E+2	4.629312E+2
4.172341E+2	4.629420E+2
4.173005E+2	4.629513E+2
4.173680E+2	4.629626E+2
4.174374E+2	4.629711E+2
4.175017E+2	4.629818E+2
4.175674E+2	4.629926E+2
4.176339E+2	4.630016E+2
4.176997E+2	4.630112E+2
4.177692E+2	4.630228E+2
4.178347E+2	4.630397E+2
4.179007E+2	4.630439E+2
4.179728E+2	4.630540E+2
4.180437E+2	4.630644E+2
4.181096E+2	4.630753E+2
4.181769E+2	4.630845E+2
4.182449E+2	4.630946E+2
4.183115E+2	4.631047E+2
4.183792E+2	4.631140E+2
4.184465E+2	4.631248E+2
4.185151E+2	4.631344E+2
4.185868E+2	4.631457E+2
4.186548E+2	4.631552E+2
4.187213E+2	4.631650E+2
4.187901E+2	4.631758E+2
4.188623E+2	4.631858E+2
4.189294E+2	4.631971E+2
4.189968E+2	4.632050E+2
4.190635E+2	4.632165E+2
4.191304E+2	4.632266E+2
4.191986E+2	4.632342E+2
4.192663E+2	4.632436E+2
4.193337E+2	4.632547E+2
4.194029E+2	4.632640E+2
4.194742E+2	4.632744E+2
4.195416E+2	4.632835E+2
4.196121E+2	0.000000E+0
4.196804E+2	4.633054E+2
4.197511E+2	4.633152E+2
4.198172E+2	4.633251E+2
4.198835E+2	4.633346E+2
4.199529E+2	4.633458E+2
4.200195E+2	4.633558E+2
4.200886E+2	4.633655E+2
4.201554E+2	4.633760E+2
4.202253E+2	4.633864E+2
4.202953E+2	4.633965E+2
4.203626E+2	4.634066E+2
4.204296E+2	4.634173E+2
4.205005E+2	4.634272E+2
4.205690E+2	4.634371E+2
4.206342E+2	4.634459E+2
4.207011E+2	4.634550E+2
4.207683E+2	4.634663E+2
4.208404E+2	4.634757E+2
4.209084E+2	4.634876E+2
4.209764E+2	4.634970E+2
4.210443E+2	4.635057E+2
4.211115E+2	4.635162E+2
4.211771E+2	4.635269E+2
4.212456E+2	4.635354E+2
4.213124E+2	4.635452E+2
4.213819E+2	4.635558E+2
4.214486E+2	4.635657E+2
4.215188E+2	4.635758E+2
4.215863E+2	4.635848E+2
4.216517E+2	4.635960E+2
4.217203E+2	4.636057E+2
4.217888E+2	4.636152E+2
4.218553E+2	4.636244E+2
4.219236E+2	4.636353E+2
4.219930E+2	4.636454E+2
4.220611E+2	4.636563E+2
4.221310E+2	4.636655E+2
4.221970E+2	4.636744E+2
4.222676E+2	4.636852E+2
4.223356E+2	4.636934E+2
4.224004E+2	4.637036E+2
4.224682E+2	4.637154E+2
4.225333E+2	4.637240E+2
4.226021E+2	4.637338E+2
4.226712E+2	4.637444E+2
4.227405E+2	4.637541E+2
4.228088E+2	4.637645E+2
4.228761E+2	4.637746E+2
4.229452E+2	4.637839E+2
4.230107E+2	4.637940E+2
4.230777E+2	4.638037E+2
4.231451E+2	4.638138E+2
4.232133E+2	4.638230E+2
4.232831E+2	4.638327E+2
4.233558E+2	4.638439E+2
4.234255E+2	4.638545E+2
4.234936E+2	4.638636E+2
4.235619E+2	4.638727E+2
4.236286E+2	4.638835E+2
4.236957E+2	4.638937E+2
4.237633E+2	4.639037E+2
4.238290E+2	4.639123E+2
4.238978E+2	4.639228E+2
4.239646E+2	4.639312E+2
4.240319E+2	4.639420E+2
4.241022E+2	4.639533E+2
4.241673E+2	4.639629E+2
4.242410E+2	4.639721E+2
4.243076E+2	4.639826E+2
4.243752E+2	4.639923E+2
4.244424E+2	4.640020E+2
4.245117E+2	4.640116E+2
4.245813E+2	4.640218E+2
4.246474E+2	4.640303E+2
4.247135E+2	4.640407E+2
4.247826E+2	4.640504E+2
4.248533E+2	4.640557E+2
4.249204E+2	4.640708E+2
4.249881E+2	4.640800E+2
4.250565E+2	4.640910E+2
4.251243E+2	4.641008E+2
4.251897E+2	4.641094E+2
4.252570E+2	4.641202E+2
4.253248E+2	4.641287E+2
4.253943E+2	4.641400E+2
4.254680E+2	4.641501E+2
4.255356E+2	4.641600E+2
4.256059E+2	4.641702E+2
4.256726E+2	4.641803E+2
4.257412E+2	4.641904E+2
4.258084E+2	4.642004E+2
4.258739E+2	4.642100E+2
4.259412E+2	4.642191E+2
4.260068E+2	4.642290E+2
4.260731E+2	4.642379E+2
4.261419E+2	4.642476E+2
4.262094E+2	4.642586E+2
4.262815E+2	4.642668E+2
4.263483E+2	4.642773E+2
4.264175E+2	4.642880E+2
4.264851E+2	4.642980E+2
4.265515E+2	4.643072E+2
4.266172E+2	4.643155E+2
4.266849E+2	4.643260E+2
4.267528E+2	4.643364E+2
4.268229E+2	4.643452E+2
4.268888E+2	4.643558E+2
4.269567E+2	4.643656E+2
4.270251E+2	4.643743E+2
4.270929E+2	4.643856E+2
4.271618E+2	4.643932E+2
4.272292E+2	4.644035E+2
4.272970E+2	4.644137E+2
4.273661E+2	4.644233E+2
4.274356E+2	4.644334E+2
4.275024E+2	4.644416E+2
4.275727E+2	4.644517E+2
4.276419E+2	4.644628E+2
4.277121E+2	4.644722E+2
4.277781E+2	4.644807E+2
4.278456E+2	4.644922E+2
4.279122E+2	4.645014E+2
4.279818E+2	4.645110E+2
4.280502E+2	4.645210E+2
4.281189E+2	4.645310E+2
4.281887E+2	4.645397E+2
4.282542E+2	4.645506E+2
4.283253E+2	4.645595E+2
4.283942E+2	4.645705E+2
4.284604E+2	4.645788E+2
4.285299E+2	4.645890E+2
4.285974E+2	4.645986E+2
4.286645E+2	4.646082E+2
4.287322E+2	4.646186E+2
4.287995E+2	4.646268E+2
4.288679E+2	4.646363E+2
4.289318E+2	4.646471E+2
4.290041E+2	4.646572E+2
4.290729E+2	4.646668E+2
4.291397E+2	4.646746E+2
4.292075E+2	4.646860E+2
4.292751E+2	4.646945E+2
4.293424E+2	4.647039E+2
4.294126E+2	4.647147E+2
4.294808E+2	4.647245E+2
4.295493E+2	4.647354E+2
4.296204E+2	4.647455E+2
4.296900E+2	4.647564E+2
4.297597E+2	4.647659E+2
4.298301E+2	4.647752E+2
4.298969E+2	4.647850E+2
4.299625E+2	4.647951E+2
4.300289E+2	4.648043E+2
4.300966E+2	4.648140E+2
4.301656E+2	4.648236E+2
4.302340E+2	4.648319E+2
4.303014E+2	4.648423E+2
4.303711E+2	4.648519E+2
4.304388E+2	4.648607E+2
4.305083E+2	4.648727E+2
4.305742E+2	4.648801E+2
4.306420E+2	4.648889E+2
4.307094E+2	4.649000E+2
4.307763E+2	4.649092E+2
4.308430E+2	4.649193E+2
4.309118E+2	4.649289E+2
4.309779E+2	4.649384E+2
4.310479E+2	4.649477E+2
4.311158E+2	4.649576E+2
4.311821E+2	4.649661E+2
4.312480E+2	4.649757E+2
4.313165E+2	4.649859E+2
4.313830E+2	4.649946E+2
4.314527E+2	4.650043E+2
4.315178E+2	4.650137E+2
4.315886E+2	4.650251E+2
4.316623E+2	4.650330E+2
4.317303E+2	4.650450E+2
4.318011E+2	4.650533E+2
4.318684E+2	4.650628E+2
4.319346E+2	4.650726E+2
4.320041E+2	4.650827E+2
4.320734E+2	4.650925E+2
4.321416E+2	4.651010E+2
4.322087E+2	4.651113E+2
4.322786E+2	4.651208E+2
4.323460E+2	4.651304E+2
4.324150E+2	4.651401E+2
4.324815E+2	4.651504E+2
4.325498E+2	4.651598E+2
4.326194E+2	4.651694E+2
4.326876E+2	4.651801E+2
4.327548E+2	4.651902E+2
4.328226E+2	4.652000E+2
4.328901E+2	4.652092E+2
4.329588E+2	4.652194E+2
4.330259E+2	4.652287E+2
4.330937E+2	4.652377E+2
4.331613E+2	4.652470E+2
4.332286E+2	4.652575E+2
4.332943E+2	4.652668E+2
4.333637E+2	4.652768E+2
4.334310E+2	4.652866E+2
4.334989E+2	0.000000E+0
4.335656E+2	4.653055E+2
4.336382E+2	4.653155E+2
4.337069E+2	4.653263E+2
4.337789E+2	4.653364E+2
4.338479E+2	4.653450E+2
4.339171E+2	4.653541E+2
4.339831E+2	4.653636E+2
4.340507E+2	4.653727E+2
4.341167E+2	4.653819E+2
4.341827E+2	4.653913E+2
4.342527E+2	4.654016E+2
4.343199E+2	4.654102E+2
4.343908E+2	4.654208E+2
4.344557E+2	4.654294E+2
4.345234E+2	0.000000E+0
4.345918E+2	4.654486E+2
4.346607E+2	4.654569E+2
4.347275E+2	4.654673E+2
4.347944E+2	4.654766E+2
4.348597E+2	4.654857E+2
4.349284E+2	4.654949E+2
4.349947E+2	4.655045E+2
4.350673E+2	4.655137E+2
4.351338E+2	4.655242E+2
4.352009E+2	4.655333E+2
4.352697E+2	4.655422E+2
4.353402E+2	4.655519E+2
4.354080E+2	4.655620E+2
4.354755E+2	4.655706E+2
4.355457E+2	4.655806E+2
4.356167E+2	4.655899E+2
4.356858E+2	4.655996E+2
4.357552E+2	4.656097E+2
4.358214E+2	4.656198E+2
4.358884E+2	4.656290E+2
4.359578E+2	4.656385E+2
4.360276E+2	4.656470E+2
4.360960E+2	4.656579E+2
4.361650E+2	4.656657E+2
4.362313E+2	4.656757E+2
4.363016E+2	4.656850E+2
4.363690E+2	4.656959E+2
4.364396E+2	4.657037E+2
4.365106E+2	4.657143E+2
4.365756E+2	4.657240E+2
4.366448E+2	4.657339E+2
4.367099E+2	4.657419E+2
4.367747E+2	4.657509E+2
4.368429E+2	4.657608E+2
4.369124E+2	4.657711E+2
4.369791E+2	4.657794E+2
4.370443E+2	4.657894E+2
4.371123E+2	4.657984E+2
4.371797E+2	4.658074E+2
4.372482E+2	4.658161E+2
4.373169E+2	4.658262E+2
4.373847E+2	4.658352E+2
4.374501E+2	4.658441E+2
4.375216E+2	4.658548E+2
4.375933E+2	4.658650E+2
4.376603E+2	4.658726E+2
4.377305E+2	4.658841E+2
4.377996E+2	4.658939E+2
4.378721E+2	4.659029E+2
4.379394E+2	4.659122E+2
4.380069E+2	4.659212E+2
4.380774E+2	4.659320E+2
4.381435E+2	4.659417E+2
4.382124E+2	4.659499E+2
4.382788E+2	4.659601E+2
4.383490E+2	4.659693E+2
4.384162E+2	4.659786E+2
4.384874E+2	4.659893E+2
4.385565E+2	4.659974E+2
4.386232E+2	4.660073E+2
4.386902E+2	4.660163E+2
4.387597E+2	4.660258E+2
4.388274E+2	4.660344E+2
4.388949E+2	4.660453E+2
4.389686E+2	4.660550E+2
4.390371E+2	4.660636E+2
4.391031E+2	4.660738E+2
4.391730E+2	4.660817E+2
4.392420E+2	4.660921E+2
4.393111E+2	4.661014E+2
4.393774E+2	4.661113E+2
4.394445E+2	4.661184E+2
4.395106E+2	4.661288E+2
4.395767E+2	4.661384E+2
4.396423E+2	4.661468E+2
4.397094E+2	4.661563E+2
4.397760E+2	4.661644E+2
4.398432E+2	4.661751E+2
4.399102E+2	4.661831E+2
4.399770E+2	4.661927E+2
4.400420E+2	4.662018E+2
4.401101E+2	4.662108E+2
4.401757E+2	4.662197E+2
4.402421E+2	4.662289E+2
4.403115E+2	4.662377E+2
4.403803E+2	4.662482E+2
4.404519E+2	4.662563E+2
4.405168E+2	4.662662E+2
4.405848E+2	4.662755E+2
4.406520E+2	4.662841E+2
4.407196E+2	4.662947E+2
4.407843E+2	4.663029E+2
4.408525E+2	4.663131E+2
4.409216E+2	4.663212E+2
4.409910E+2	4.663312E+2
4.410574E+2	4.663405E+2
4.411284E+2	4.663504E+2
4.411967E+2	4.663607E+2
4.412656E+2	4.663679E+2
4.413316E+2	4.663779E+2
4.413993E+2	4.663872E+2
4.414672E+2	4.663968E+2
4.415364E+2	4.664059E+2
4.416077E+2	4.664159E+2
4.416754E+2	4.664257E+2
4.417427E+2	4.664348E+2
4.418115E+2	4.664444E+2
4.418813E+2	4.664533E+2
4.419458E+2	4.664611E+2
4.420117E+2	4.664710E+2
4.420796E+2	4.664809E+2
4.421484E+2	4.664898E+2
4.422169E+2	4.665007E+2
4.422873E+2	4.665083E+2
4.423520E+2	4.665192E+2
4.424228E+2	4.665284E+2
4.424898E+2	4.665376E+2
4.425577E+2	4.665466E+2
4.426234E+2	4.665556E+2
4.426894E+2	4.665640E+2
4.427559E+2	4.665730E+2
4.428215E+2	4.665826E+2
4.428907E+2	4.665919E+2
4.429563E+2	4.666023E+2
4.430252E+2	4.666110E+2
4.430912E+2	4.666197E+2
4.431590E+2	4.666282E+2
4.432265E+2	4.666376E+2
4.432925E+2	4.666474E+2
4.433605E+2	4.666570E+2
4.434309E+2	4.666672E+2
4.434995E+2	4.666751E+2
4.435717E+2	4.666856E+2
4.436445E+2	4.666948E+2
4.437116E+2	4.667049E+2
4.437815E+2	4.667137E+2
4.438495E+2	4.667239E+2
4.439166E+2	4.667330E+2
4.439846E+2	4.667420E+2
4.440521E+2	4.667507E+2
4.441192E+2	4.667607E+2
4.441914E+2	4.667692E+2
4.442606E+2	4.667790E+2
4.443268E+2	4.667877E+2
4.443961E+2	4.667963E+2
4.444613E+2	4.668059E+2
4.445305E+2	4.668150E+2
4.445988E+2	4.668238E+2
4.446676E+2	4.668336E+2
4.447336E+2	4.668421E+2
4.448013E+2	4.668513E+2
4.448676E+2	4.668596E+2
4.449365E+2	4.668691E+2
4.450018E+2	4.668787E+2
4.450765E+2	4.668883E+2
4.451412E+2	4.668980E+2
4.452082E+2	4.669054E+2
4.452746E+2	4.669157E+2
4.453403E+2	4.669256E+2
4.454068E+2	4.669340E+2
4.454758E+2	4.669430E+2
4.455448E+2	4.669529E+2
4.456152E+2	4.669627E+2
4.456888E+2	4.669727E+2
4.457575E+2	4.669816E+2
4.458249E+2	4.669892E+2
4.458912E+2	4.669998E+2
4.459568E+2	4.670090E+2
4.460261E+2	4.670168E+2
4.460937E+2	4.670311E+2
4.461598E+2	4.670438E+2
4.462301E+2	4.670531E+2
4.462992E+2	4.670628E+2
4.463705E+2	4.670733E+2
4.464376E+2	4.670836E+2
4.465062E+2	4.670916E+2
4.465728E+2	4.671004E+2
4.466376E+2	4.671100E+2
4.467070E+2	4.671185E+2
4.467742E+2	4.671273E+2
4.468393E+2	4.671387E+2
4.469104E+2	4.671462E+2
4.469809E+2	4.671566E+2
4.470514E+2	4.671660E+2
4.471223E+2	4.671765E+2
4.471895E+2	4.671841E+2
4.472556E+2	4.671926E+2
4.473242E+2	4.672023E+2
4.473924E+2	4.672115E+2
4.474589E+2	4.672213E+2
4.475289E+2	4.672294E+2
4.475989E+2	4.672402E+2
4.476712E+2	4.672502E+2
4.477407E+2	4.672585E+2
4.478056E+2	4.672681E+2
4.478760E+2	4.672765E+2
4.479416E+2	4.672861E+2
4.480069E+2	4.672950E+2
4.480748E+2	4.673046E+2
4.481446E+2	4.673127E+2
4.482141E+2	4.673223E+2
4.482834E+2	4.673313E+2
4.483539E+2	4.673406E+2
4.484233E+2	4.673510E+2
4.484946E+2	4.673599E+2
4.485614E+2	4.673674E+2
4.486272E+2	4.673769E+2
4.486952E+2	4.673859E+2
4.487679E+2	4.673964E+2
4.488385E+2	4.674063E+2
4.489067E+2	4.674147E+2
4.489728E+2	4.674231E+2
4.490415E+2	4.674325E+2
4.491134E+2	4.674427E+2
4.491828E+2	4.674504E+2
4.492503E+2	4.674594E+2
4.493179E+2	4.674683E+2
4.493862E+2	4.674777E+2
4.494525E+2	4.674870E+2
4.495202E+2	4.674960E+2
4.495862E+2	4.675051E+2
4.496538E+2	4.675137E+2
4.497246E+2	4.675228E+2
4.497932E+2	4.675322E+2
4.498634E+2	4.675412E+2
4.499303E+2	4.675500E+2
4.499995E+2	4.675594E+2
4.500642E+2	4.675683E+2
4.501334E+2	4.675774E+2
4.502019E+2	4.675869E+2
4.502692E+2	4.675945E+2
4.503348E+2	4.676042E+2
4.504037E+2	4.676137E+2
4.504693E+2	4.676225E+2
4.505388E+2	4.676314E+2
4.506048E+2	4.676403E+2
4.506727E+2	4.676481E+2
4.507379E+2	4.676567E+2
4.508048E+2	4.676661E+2
4.508698E+2	4.676748E+2
4.509383E+2	4.676839E+2
4.510083E+2	4.676928E+2
4.510744E+2	4.677029E+2
4.511451E+2	4.677122E+2
4.512121E+2	4.677198E+2
4.512809E+2	4.677294E+2
4.513476E+2	4.677376E+2
4.514137E+2	4.677471E+2
4.514803E+2	4.677552E+2
4.515486E+2	4.677639E+2
4.516141E+2	4.677732E+2
4.516867E+2	4.677823E+2
4.517542E+2	4.677919E+2
4.518242E+2	4.677996E+2
4.518902E+2	4.678091E+2
4.519568E+2	4.678184E+2
4.520220E+2	4.678261E+2
4.520886E+2	4.678355E+2
4.521530E+2	4.678435E+2
4.522230E+2	4.678528E+2
4.522902E+2	4.678624E+2
4.523573E+2	4.678708E+2
4.524225E+2	4.678785E+2
4.524911E+2	4.678884E+2
4.525586E+2	4.678967E+2
4.526238E+2	4.679055E+2
4.526924E+2	4.679136E+2
4.527595E+2	4.679230E+2
4.528291E+2	4.679323E+2
4.528977E+2	4.679414E+2
4.529655E+2	4.679510E+2
4.530416E+2	4.679609E+2
4.531137E+2	4.679708E+2
4.531827E+2	4.679790E+2
4.532513E+2	4.679889E+2
4.533200E+2	4.679970E+2
4.533883E+2	4.680049E+2
4.534549E+2	4.680154E+2
4.535228E+2	4.680236E+2
4.535912E+2	4.680326E+2
4.536590E+2	4.680406E+2
4.537279E+2	4.680498E+2
4.537972E+2	4.680601E+2
4.538655E+2	4.680690E+2
4.539327E+2	4.680762E+2
4.539993E+2	4.680861E+2
4.540653E+2	4.680949E+2
4.541313E+2	4.681031E+2
4.541997E+2	4.681122E+2
4.542695E+2	4.681203E+2
4.543361E+2	4.681298E+2
4.544063E+2	4.681389E+2
4.544745E+2	4.681487E+2
4.545411E+2	4.681568E+2
4.546092E+2	4.681667E+2
4.546800E+2	4.681755E+2
4.547472E+2	4.681841E+2
4.548154E+2	4.681930E+2
4.548832E+2	4.682021E+2
4.549510E+2	4.682106E+2
4.550224E+2	4.682205E+2
4.550916E+2	4.682292E+2
4.551617E+2	4.682381E+2
4.552319E+2	4.682480E+2
4.552972E+2	4.682556E+2
4.553663E+2	4.682648E+2
4.554308E+2	4.682727E+2
4.554999E+2	4.682814E+2
4.555687E+2	4.682915E+2
4.556384E+2	4.683010E+2
4.557044E+2	4.683096E+2
4.557722E+2	4.683195E+2
4.558400E+2	4.683276E+2
4.559099E+2	4.683347E+2
4.559784E+2	4.683448E+2
4.560453E+2	4.683527E+2
4.561144E+2	4.683627E+2
4.561828E+2	4.683717E+2
4.562517E+2	4.683804E+2
4.563202E+2	4.683897E+2
4.563912E+2	4.683987E+2
4.564570E+2	4.684083E+2
4.565285E+2	4.684162E+2
4.565976E+2	4.684243E+2
4.566655E+2	4.684344E+2
4.567320E+2	4.684435E+2
4.568001E+2	4.684514E+2
4.568688E+2	4.684614E+2
4.569365E+2	4.684699E+2
4.570041E+2	4.684781E+2
4.570741E+2	4.684884E+2
4.571421E+2	4.684970E+2
4.572130E+2	4.685060E+2
4.572820E+2	4.685145E+2
4.573493E+2	4.685241E+2
4.574170E+2	4.685327E+2
4.574859E+2	4.685423E+2
4.575538E+2	4.685504E+2
4.576224E+2	4.685594E+2
4.576875E+2	4.685685E+2
4.577566E+2	4.685767E+2
4.578238E+2	4.685852E+2
4.578907E+2	4.685945E+2
4.579613E+2	4.686025E+2
4.580277E+2	4.686109E+2
4.580942E+2	4.686203E+2
4.581617E+2	4.686291E+2
4.582291E+2	4.686380E+2
4.582972E+2	4.686466E+2
4.583679E+2	4.686561E+2
4.584372E+2	4.686648E+2
4.585042E+2	4.686741E+2
4.585716E+2	4.686817E+2
4.586405E+2	4.686919E+2
4.587082E+2	4.686999E+2
4.587758E+2	4.687084E+2
4.588437E+2	4.687182E+2
4.589123E+2	4.687253E+2
4.589811E+2	4.687348E+2
4.590491E+2	4.687440E+2
4.591194E+2	4.687539E+2
4.591911E+2	4.687621E+2
4.592576E+2	4.687721E+2
4.593263E+2	4.687800E+2
4.593944E+2	4.687892E+2
4.594629E+2	4.687971E+2
4.595291E+2	4.688062E+2
4.595933E+2	4.688146E+2
4.596624E+2	4.688236E+2
4.597304E+2	4.688334E+2
4.597962E+2	4.688401E+2
4.598668E+2	4.688496E+2
4.599362E+2	4.688591E+2
4.600068E+2	4.688698E+2
4.600799E+2	4.688780E+2
4.601477E+2	4.688865E+2
4.602142E+2	4.688964E+2
4.602813E+2	4.689043E+2
4.603488E+2	4.689124E+2
4.604150E+2	4.689203E+2
4.604860E+2	4.689302E+2
4.605560E+2	4.689381E+2
4.606242E+2	4.689483E+2
4.606953E+2	4.689578E+2
4.607654E+2	4.689663E+2
4.608350E+2	4.689767E+2
4.609062E+2	4.689837E+2
4.609722E+2	4.689924E+2
4.610371E+2	4.690015E+2
4.611045E+2	4.690097E+2
4.611708E+2	4.690199E+2
4.612380E+2	4.690270E+2
4.613045E+2	4.690377E+2
4.613764E+2	4.690452E+2
4.614472E+2	4.690539E+2
4.615189E+2	4.690632E+2
4.615879E+2	4.690733E+2
4.616551E+2	4.690819E+2
4.617229E+2	4.690904E+2
4.617911E+2	4.690985E+2
4.618579E+2	4.691077E+2
4.619272E+2	4.691165E+2
4.619951E+2	4.691255E+2
4.620654E+2	4.691349E+2
4.621337E+2	4.691441E+2
4.622017E+2	4.691521E+2
4.622688E+2	4.691595E+2
4.623386E+2	4.691691E+2
4.624078E+2	4.691784E+2
4.624730E+2	4.691859E+2
4.625425E+2	4.691959E+2
4.626114E+2	4.692036E+2
4.626804E+2	4.692128E+2
4.627489E+2	4.692221E+2
4.628150E+2	4.692301E+2
4.628849E+2	4.692392E+2
4.629528E+2	4.692494E+2
4.630198E+2	4.692567E+2
4.630890E+2	4.692669E+2
4.631555E+2	4.692754E+2
4.632250E+2	4.692849E+2
4.632933E+2	4.692925E+2
4.633651E+2	4.693034E+2
4.634350E+2	4.693107E+2
4.635007E+2	4.693197E+2
4.635702E+2	4.693285E+2
4.636353E+2	4.693361E+2
4.637033E+2	4.693453E+2
4.637722E+2	4.693546E+2
4.638414E+2	4.693635E+2
4.639108E+2	4.693730E+2
4.639790E+2	4.693816E+2
4.640477E+2	4.693899E+2
4.641182E+2	4.693979E+2
4.641839E+2	4.694080E+2
4.642556E+2	4.694169E+2
4.643225E+2	4.694256E+2
4.643900E+2	4.694340E+2
4.644595E+2	4.694420E+2
4.645249E+2	4.694502E+2
4.645923E+2	4.694585E+2
4.646579E+2	4.694682E+2
4.647245E+2	4.694765E+2
4.647950E+2	4.694849E+2
4.648674E+2	4.694948E+2
4.649350E+2	4.695032E+2
4.650038E+2	4.695128E+2
4.650723E+2	4.695206E+2
4.651381E+2	4.695292E+2
4.652060E+2	4.695386E+2
4.652740E+2	4.695471E+2
4.653423E+2	4.695545E+2
4.654122E+2	4.695647E+2
4.654810E+2	4.695741E+2
4.655523E+2	4.695817E+2
4.656221E+2	4.695915E+2
4.656882E+2	4.695997E+2
4.657520E+2	4.696074E+2
4.658168E+2	4.696162E+2
4.658854E+2	4.696248E+2
4.659551E+2	4.696347E+2
4.660224E+2	4.696426E+2
4.660911E+2	4.696512E+2
4.661612E+2	4.696596E+2
4.662286E+2	4.696694E+2
4.663001E+2	4.696772E+2
4.663669E+2	4.696856E+2
4.664322E+2	4.696945E+2
4.665004E+2	4.697030E+2
4.665694E+2	4.697126E+2
4.666362E+2	4.697204E+2
4.667042E+2	4.697297E+2
4.667732E+2	4.697376E+2
4.668438E+2	4.697471E+2
4.669122E+2	4.697552E+2
4.669794E+2	4.697649E+2
4.670497E+2	4.697737E+2
4.671186E+2	4.697824E+2
4.671837E+2	4.697924E+2
4.672520E+2	4.698006E+2
4.673193E+2	4.698083E+2
4.673880E+2	4.698172E+2
4.674591E+2	4.698274E+2
4.675248E+2	4.698338E+2
4.675938E+2	4.698444E+2
4.676655E+2	4.698532E+2
4.677355E+2	4.698626E+2
4.678008E+2	4.698705E+2
4.678681E+2	4.698792E+2
4.679345E+2	4.698865E+2
4.680010E+2	4.698956E+2
4.680679E+2	4.699050E+2
4.681384E+2	4.699137E+2
4.682036E+2	4.699225E+2
4.682749E+2	4.699314E+2
4.683461E+2	4.699409E+2
4.684128E+2	0.000000E+0
4.684796E+2	4.699560E+2
4.685455E+2	4.699653E+2
4.686118E+2	4.699740E+2
4.686805E+2	4.699835E+2
4.687495E+2	4.699916E+2
4.688195E+2	4.700008E+2
4.688890E+2	4.700107E+2
4.689583E+2	4.700197E+2
4.690284E+2	4.700277E+2
4.690957E+2	4.700355E+2
4.691651E+2	4.700454E+2
4.692335E+2	4.700534E+2
4.692994E+2	4.700626E+2
4.693685E+2	4.700720E+2
4.694366E+2	4.700790E+2
4.695042E+2	4.700885E+2
4.695702E+2	4.700964E+2
4.696398E+2	4.701051E+2
4.697063E+2	4.701144E+2
4.697730E+2	4.701215E+2
4.698381E+2	4.701306E+2
4.699067E+2	4.701390E+2
4.699744E+2	4.701488E+2
4.700422E+2	4.701575E+2
4.701112E+2	4.701664E+2
4.701820E+2	4.701760E+2
4.702499E+2	4.701850E+2
4.703205E+2	4.701925E+2
4.703887E+2	4.702022E+2
4.704592E+2	4.702108E+2
4.705279E+2	4.702195E+2
4.705967E+2	4.702280E+2
4.706662E+2	4.702378E+2
4.707346E+2	4.702455E+2
4.708046E+2	4.702546E+2
4.708731E+2	4.702633E+2
4.709415E+2	4.702720E+2
4.710094E+2	4.702812E+2
4.710796E+2	4.702894E+2
4.711488E+2	4.702987E+2
4.712162E+2	4.703069E+2
4.712830E+2	4.703165E+2
4.713522E+2	4.703248E+2
4.714181E+2	4.703335E+2
4.714866E+2	4.703424E+2
4.715590E+2	4.703517E+2
4.716285E+2	4.703603E+2
4.716988E+2	4.703695E+2
4.717702E+2	4.703792E+2
4.718380E+2	4.703874E+2
4.719082E+2	4.703969E+2
4.719761E+2	4.704041E+2
4.720428E+2	4.704141E+2
4.721111E+2	4.704234E+2
4.721837E+2	4.704356E+2
4.722508E+2	4.704467E+2
4.723154E+2	4.704540E+2
4.723849E+2	4.704627E+2
4.724517E+2	4.704716E+2
4.725196E+2	4.704814E+2
4.725871E+2	4.704888E+2
4.726546E+2	4.704985E+2
4.727211E+2	4.705064E+2
4.727897E+2	4.705149E+2
4.728590E+2	4.705232E+2
4.729272E+2	4.705328E+2
4.729970E+2	4.705415E+2
4.730682E+2	4.705506E+2
4.731381E+2	4.705596E+2
4.732030E+2	4.705677E+2
4.732742E+2	4.705766E+2
4.733405E+2	4.705843E+2
4.734080E+2	4.705937E+2
4.734741E+2	4.706028E+2
4.735422E+2	4.706125E+2
4.736106E+2	4.706202E+2
4.736770E+2	4.706293E+2
4.737454E+2	4.706378E+2
4.738167E+2	4.706464E+2
4.738858E+2	4.706565E+2
4.739580E+2	4.706646E+2
4.740269E+2	4.706731E+2
4.740958E+2	4.706832E+2
4.741648E+2	4.706915E+2
4.742329E+2	4.706999E+2
4.743008E+2	4.707088E+2
4.743660E+2	4.707164E+2
4.744353E+2	4.707261E+2
4.745057E+2	4.707352E+2
4.745726E+2	4.707441E+2
4.746430E+2	4.707520E+2
4.747090E+2	4.707613E+2
4.747775E+2	4.707683E+2
4.748451E+2	4.707775E+2
4.749149E+2	4.707868E+2
4.749826E+2	4.707965E+2
4.750507E+2	4.708055E+2
4.751181E+2	4.708140E+2
4.751890E+2	4.708232E+2
4.752590E+2	4.708307E+2
4.753249E+2	4.708398E+2
4.753931E+2	4.708485E+2
4.754634E+2	4.708577E+2
4.755310E+2	4.708663E+2
4.755993E+2	4.708746E+2
4.756697E+2	4.708833E+2
4.757350E+2	4.708913E+2
4.758041E+2	4.708997E+2
4.758723E+2	4.709095E+2
4.759407E+2	4.709178E+2
4.760090E+2	4.709284E+2
4.760776E+2	4.709362E+2
4.761458E+2	4.709456E+2
4.762136E+2	4.709544E+2
4.762821E+2	4.709628E+2
4.763518E+2	4.709717E+2
4.764176E+2	4.709800E+2
4.764870E+2	4.709884E+2
4.765567E+2	4.709968E+2
4.766223E+2	4.710061E+2
4.766968E+2	0.000000E+0
4.767637E+2	0.000000E+0
4.768326E+2	4.710330E+2
4.768975E+2	4.710404E+2
4.769655E+2	4.710491E+2
4.770350E+2	4.710577E+2
4.771029E+2	4.710658E+2
4.771709E+2	4.710742E+2
4.772389E+2	4.710840E+2
4.773082E+2	4.710925E+2
4.773745E+2	4.711001E+2
4.774456E+2	4.711097E+2
4.775160E+2	4.711177E+2
4.775842E+2	4.711266E+2
4.776515E+2	4.711349E+2
4.777193E+2	4.711421E+2
4.777850E+2	4.711509E+2
4.778507E+2	4.711597E+2
4.779194E+2	4.711674E+2
4.779870E+2	4.711776E+2
4.780568E+2	4.711858E+2
4.781257E+2	0.000000E+0
4.781962E+2	4.712020E+2
4.782636E+2	4.712104E+2
4.783317E+2	4.712199E+2
4.784013E+2	4.712284E+2
4.784694E+2	4.712369E+2
4.785351E+2	4.712453E+2
4.786056E+2	4.712539E+2
4.786737E+2	4.712619E+2
4.787448E+2	4.712711E+2
4.788148E+2	0.000000E+0
4.788818E+2	4.712878E+2
4.789507E+2	4.712966E+2
4.790185E+2	4.713047E+2
4.790877E+2	4.713134E+2
4.791575E+2	4.713216E+2
4.792225E+2	4.713305E+2
4.792901E+2	4.713385E+2
4.793571E+2	4.713474E+2
4.794277E+2	0.000000E+0
4.794986E+2	4.713649E+2
4.795661E+2	4.713728E+2
4.796370E+2	4.713806E+2
4.797062E+2	4.713901E+2
4.797750E+2	4.713993E+2
4.798448E+2	4.714079E+2
4.799112E+2	4.714156E+2
4.799768E+2	4.714250E+2
4.800442E+2	4.714320E+2
4.801132E+2	4.714414E+2
4.801849E+2	4.714504E+2
4.802552E+2	4.714588E+2
4.803266E+2	4.714675E+2
4.803943E+2	4.714767E+2
4.804653E+2	4.714848E+2
4.805328E+2	4.714934E+2
4.806015E+2	4.715025E+2
4.806691E+2	4.715096E+2
4.807356E+2	4.715186E+2
4.808026E+2	4.715266E+2
4.808693E+2	4.715347E+2
4.809406E+2	4.715439E+2
4.810076E+2	4.715522E+2
4.810763E+2	4.715604E+2
4.811433E+2	4.715688E+2
4.812090E+2	4.715759E+2
4.812756E+2	4.715857E+2
4.813426E+2	4.715930E+2
4.814124E+2	4.716032E+2
4.814802E+2	4.716100E+2
4.815495E+2	4.716185E+2
4.816183E+2	4.716282E+2
4.816859E+2	4.716361E+2
4.817534E+2	4.716447E+2
4.818206E+2	4.716539E+2
4.818881E+2	4.716616E+2
4.819583E+2	4.716701E+2
4.820223E+2	4.716769E+2
4.820899E+2	4.716869E+2
4.821594E+2	4.716956E+2
4.822307E+2	4.717040E+2
4.822969E+2	4.717130E+2
4.823658E+2	4.717215E+2
4.824343E+2	4.717303E+2
4.825011E+2	4.717368E+2
4.825681E+2	4.717454E+2
4.826361E+2	4.717548E+2
4.827043E+2	4.717633E+2
4.827711E+2	4.717709E+2
4.828409E+2	4.717791E+2
4.829127E+2	4.717890E+2
4.829823E+2	4.717971E+2
4.830505E+2	4.718061E+2
4.831196E+2	4.718139E+2
4.831904E+2	4.718225E+2
4.832578E+2	4.718316E+2
4.833261E+2	4.718416E+2
4.833960E+2	4.718478E+2
4.834633E+2	4.718570E+2
4.835312E+2	4.718655E+2
4.836002E+2	4.718734E+2
4.836658E+2	4.718808E+2
4.837373E+2	4.718914E+2
4.838065E+2	4.719002E+2
4.838779E+2	4.719083E+2
4.839438E+2	4.719171E+2
4.840100E+2	4.719253E+2
4.840784E+2	4.719342E+2
4.841457E+2	4.719421E+2
4.842126E+2	4.719505E+2
4.842815E+2	4.719589E+2
4.843507E+2	4.719672E+2
4.844193E+2	4.719768E+2
4.844888E+2	4.719882E+2
4.845612E+2	4.719968E+2
4.846284E+2	4.720045E+2
4.846926E+2	4.720133E+2
4.847601E+2	4.720210E+2
4.848270E+2	4.720279E+2
4.848935E+2	4.720377E+2
4.849611E+2	4.720461E+2
4.850336E+2	4.720545E+2
4.850993E+2	4.720640E+2
4.851694E+2	4.720724E+2
4.852400E+2	4.720807E+2
4.853080E+2	4.720890E+2
4.853751E+2	4.720962E+2
4.854437E+2	4.721059E+2
4.855145E+2	0.000000E+0
4.855838E+2	4.721227E+2
4.856508E+2	4.721309E+2
4.857182E+2	4.721391E+2
4.857873E+2	4.721477E+2
4.858577E+2	4.721560E+2
4.859232E+2	4.721648E+2
4.859906E+2	4.721728E+2
4.860604E+2	4.721807E+2
4.861286E+2	4.721894E+2
4.861946E+2	4.721974E+2
4.862611E+2	4.722061E+2
4.863270E+2	4.722146E+2
4.863968E+2	4.722236E+2
4.864625E+2	4.722309E+2
4.865321E+2	4.722401E+2
4.866009E+2	4.722479E+2
4.866674E+2	4.722562E+2
4.867325E+2	4.722648E+2
4.868018E+2	4.722744E+2
4.868689E+2	4.722818E+2
4.869356E+2	0.000000E+0
4.870017E+2	4.722993E+2
4.870671E+2	4.723082E+2
4.871383E+2	4.723163E+2
4.872071E+2	4.723227E+2
4.872733E+2	4.723332E+2
4.873413E+2	4.723408E+2
4.874114E+2	4.723495E+2
4.874792E+2	4.723580E+2
4.875488E+2	0.000000E+0
4.876159E+2	4.723749E+2
4.876825E+2	4.723822E+2
4.877498E+2	4.723912E+2
4.878182E+2	4.723994E+2
4.878863E+2	4.724080E+2
4.879577E+2	4.724158E+2
4.880250E+2	4.724252E+2
4.880913E+2	4.724330E+2
4.881583E+2	4.724415E+2
4.882271E+2	4.724497E+2
4.882948E+2	4.724592E+2
4.883666E+2	4.724671E+2
4.884337E+2	4.724756E+2
4.885029E+2	4.724840E+2
4.885708E+2	4.724925E+2
4.886402E+2	4.725003E+2
4.887064E+2	4.725087E+2
4.887729E+2	4.725172E+2
4.888432E+2	4.725260E+2
4.889113E+2	4.725337E+2
4.889769E+2	4.725430E+2
4.890469E+2	4.725505E+2
4.891117E+2	4.725592E+2
4.891808E+2	4.725669E+2
4.892476E+2	4.725755E+2
4.893142E+2	4.725843E+2
4.893815E+2	4.725917E+2
4.894495E+2	4.725992E+2
4.895157E+2	4.726089E+2
4.895856E+2	4.726173E+2
4.896542E+2	4.726252E+2
4.897255E+2	4.726343E+2
4.897943E+2	4.726424E+2
4.898642E+2	4.726511E+2
4.899328E+2	4.726591E+2
4.899969E+2	4.726666E+2
4.900638E+2	4.726767E+2
4.901307E+2	4.726847E+2
4.901982E+2	4.726918E+2
4.902693E+2	4.727011E+2
4.903401E+2	4.727102E+2
4.904079E+2	4.727181E+2
4.904750E+2	4.727262E+2
4.905407E+2	4.727339E+2
4.906067E+2	4.727426E+2
4.906765E+2	4.727508E+2
4.907437E+2	4.727598E+2
4.908116E+2	4.727675E+2
4.908784E+2	4.727761E+2
4.909497E+2	4.727847E+2
4.910192E+2	4.727925E+2
4.910876E+2	4.728019E+2
4.911587E+2	4.728110E+2
4.912299E+2	4.728193E+2
4.913006E+2	4.728279E+2
4.913727E+2	4.728371E+2
4.914411E+2	4.728458E+2
4.915109E+2	4.728555E+2
4.915775E+2	4.728632E+2
4.916467E+2	4.728717E+2
4.917141E+2	4.728811E+2
4.917824E+2	4.728895E+2
4.918539E+2	4.728978E+2
4.919237E+2	4.729070E+2
4.919907E+2	4.729154E+2
4.920597E+2	4.729232E+2
4.921262E+2	4.729308E+2
4.921938E+2	4.729407E+2
4.922600E+2	4.729482E+2
4.923285E+2	4.729568E+2
4.923962E+2	4.729636E+2
4.924620E+2	4.729722E+2
4.925278E+2	4.729816E+2
4.926016E+2	4.729903E+2
4.926716E+2	4.729984E+2
4.927417E+2	4.730075E+2
4.928128E+2	4.730163E+2
4.928805E+2	4.730243E+2
4.929494E+2	4.730331E+2
4.930160E+2	4.730407E+2
4.930804E+2	4.730488E+2
4.931514E+2	4.730575E+2
4.932205E+2	4.730665E+2
4.932900E+2	4.730750E+2
4.933576E+2	4.730827E+2
4.934296E+2	4.730918E+2
4.934981E+2	4.731012E+2
4.935654E+2	4.731084E+2
4.936318E+2	4.731164E+2
4.936979E+2	4.731237E+2
4.937646E+2	4.731321E+2
4.938318E+2	4.731413E+2
4.938993E+2	4.731492E+2
4.939673E+2	4.731577E+2
4.940351E+2	4.731662E+2
4.941050E+2	4.731751E+2
4.941745E+2	4.731823E+2
4.942440E+2	0.000000E+0
4.943101E+2	4.731997E+2
4.943762E+2	4.732071E+2
4.944441E+2	4.732148E+2
4.945109E+2	4.732245E+2
4.945827E+2	4.732345E+2
4.946490E+2	4.732437E+2
4.947200E+2	4.732531E+2
4.947891E+2	4.732609E+2
4.948608E+2	4.732692E+2
4.949265E+2	4.732773E+2
4.949952E+2	4.732857E+2
4.950614E+2	4.732939E+2
4.951283E+2	4.733018E+2
4.951971E+2	4.733108E+2
4.952657E+2	4.733183E+2
4.953352E+2	4.733268E+2
4.954027E+2	4.733354E+2
4.954715E+2	4.733445E+2
4.955394E+2	4.733528E+2
4.956080E+2	4.733617E+2
4.956757E+2	4.733720E+2
4.957441E+2	4.733808E+2
4.958126E+2	4.733878E+2
4.958804E+2	4.733968E+2
4.959467E+2	4.734045E+2
4.960153E+2	4.734127E+2
4.960828E+2	4.734210E+2
4.961498E+2	4.734292E+2
4.962181E+2	4.734378E+2
4.962840E+2	4.734450E+2
4.963515E+2	4.734533E+2
4.964189E+2	4.734608E+2
4.964866E+2	4.734703E+2
4.965584E+2	0.000000E+0
4.966271E+2	4.734881E+2
4.966969E+2	4.734955E+2
4.967655E+2	4.735038E+2
4.968341E+2	4.735136E+2
4.969033E+2	4.735203E+2
4.969707E+2	4.735285E+2
4.970383E+2	4.735366E+2
4.971064E+2	4.735446E+2
4.971748E+2	4.735540E+2
4.972432E+2	4.735603E+2
4.973131E+2	4.735706E+2
4.973816E+2	4.735803E+2
4.974524E+2	4.735871E+2
4.975224E+2	4.735947E+2
4.975908E+2	4.736027E+2
4.976578E+2	4.736127E+2
4.977256E+2	4.736200E+2
4.977945E+2	4.736290E+2
4.978623E+2	4.736359E+2
4.979289E+2	4.736447E+2
4.979966E+2	4.736521E+2
4.980659E+2	4.736608E+2
4.981321E+2	4.736689E+2
4.982008E+2	4.736774E+2
4.982661E+2	4.736849E+2
4.983348E+2	4.736943E+2
4.984015E+2	4.737018E+2
4.984704E+2	4.737104E+2
4.985369E+2	4.737185E+2
4.986058E+2	4.737267E+2
4.986753E+2	4.737358E+2
4.987452E+2	4.737439E+2
4.988129E+2	4.737522E+2
4.988809E+2	4.737609E+2
4.989468E+2	4.737683E+2
4.990141E+2	4.737772E+2
4.990793E+2	4.737849E+2
4.991487E+2	4.737929E+2
4.992147E+2	4.738005E+2
4.992845E+2	4.738093E+2
4.993512E+2	4.738177E+2
4.994198E+2	4.738263E+2
4.994856E+2	4.738339E+2
4.995527E+2	4.738415E+2
4.996205E+2	4.738499E+2
4.996917E+2	4.738589E+2
4.997608E+2	4.738668E+2
4.998299E+2	4.738758E+2
4.998967E+2	4.738835E+2
4.999624E+2	4.738917E+2
5.000309E+2	4.738998E+2
5.000991E+2	4.739082E+2
5.001684E+2	4.739163E+2
5.002356E+2	4.739240E+2
5.003010E+2	4.739334E+2
5.003674E+2	4.739409E+2
5.004332E+2	4.739496E+2
5.005025E+2	4.739584E+2
5.005724E+2	4.739654E+2
5.006401E+2	4.739748E+2
5.007117E+2	4.739823E+2
5.007805E+2	4.739906E+2
5.008511E+2	4.739998E+2
5.009232E+2	4.740087E+2
5.009911E+2	4.740160E+2
5.010586E+2	4.740247E+2
5.011262E+2	4.740325E+2
5.011937E+2	4.740403E+2
5.012624E+2	4.740507E+2
5.013296E+2	4.740571E+2
5.013964E+2	4.740662E+2
5.014692E+2	4.740742E+2
5.015376E+2	4.740823E+2
5.016062E+2	4.740909E+2
5.016723E+2	4.740994E+2
5.017414E+2	4.741065E+2
5.018100E+2	4.741152E+2
5.018793E+2	4.741241E+2
5.019448E+2	4.741317E+2
5.020140E+2	4.741405E+2
5.020829E+2	4.741492E+2
5.021490E+2	4.741571E+2
5.022200E+2	4.741664E+2
5.022872E+2	4.741740E+2
5.023545E+2	4.741811E+2
5.024217E+2	4.741907E+2
5.024899E+2	4.741984E+2
5.025596E+2	4.742064E+2
5.026283E+2	4.742141E+2
5.026954E+2	4.742232E+2
5.027623E+2	4.742311E+2
5.028325E+2	4.742398E+2
5.029020E+2	4.742487E+2
5.029705E+2	4.742568E+2
5.030415E+2	4.742657E+2
5.031090E+2	4.742721E+2
5.031750E+2	4.742809E+2
5.032402E+2	4.742898E+2
5.033076E+2	4.742984E+2
5.033760E+2	4.743059E+2
5.034455E+2	4.743150E+2
5.035120E+2	4.743220E+2
5.035821E+2	4.743305E+2
5.036489E+2	4.743381E+2
5.037163E+2	4.743467E+2
5.037847E+2	4.743552E+2
5.038498E+2	4.743633E+2
5.039177E+2	4.743714E+2
5.039860E+2	4.743793E+2
5.040535E+2	4.743865E+2
5.041235E+2	4.743961E+2
5.041895E+2	4.744045E+2
5.042611E+2	4.744135E+2
5.043296E+2	4.744204E+2
5.043976E+2	4.744289E+2
5.044665E+2	4.744371E+2
5.045350E+2	4.744468E+2
5.046033E+2	4.744543E+2
5.046698E+2	4.744613E+2
5.047326E+2	4.744690E+2
5.048005E+2	4.744784E+2
5.048688E+2	4.744859E+2
5.049350E+2	4.744937E+2
5.050044E+2	4.745025E+2
5.050728E+2	4.745107E+2
5.051397E+2	4.745197E+2
5.052065E+2	4.745285E+2
5.052732E+2	4.745349E+2
5.053437E+2	4.745455E+2
5.054111E+2	4.745519E+2
5.054765E+2	4.745623E+2
5.055435E+2	4.745711E+2
5.056117E+2	4.745783E+2
5.056789E+2	4.745865E+2
5.057448E+2	4.745955E+2
5.058103E+2	4.746033E+2
5.058781E+2	4.746115E+2
5.059453E+2	4.746184E+2
5.060147E+2	4.746273E+2
5.060830E+2	4.746362E+2
5.061538E+2	4.746443E+2
5.062250E+2	4.746527E+2
5.062929E+2	4.746610E+2
5.063613E+2	4.746702E+2
5.064276E+2	4.746772E+2
5.064921E+2	4.746863E+2
5.065574E+2	4.746938E+2
5.066267E+2	4.747039E+2
5.066956E+2	4.747132E+2
5.067632E+2	4.747224E+2
5.068313E+2	4.747285E+2
5.069010E+2	4.747388E+2
5.069687E+2	4.747464E+2
5.070351E+2	4.747536E+2
5.071024E+2	4.747640E+2
5.071731E+2	4.747698E+2
5.072392E+2	4.747774E+2
5.073088E+2	4.747881E+2
5.073790E+2	4.747963E+2
5.074472E+2	4.748026E+2
5.075155E+2	4.748125E+2
5.075848E+2	4.748208E+2
5.076516E+2	4.748280E+2
5.077175E+2	4.748361E+2
5.077845E+2	4.748444E+2
5.078519E+2	4.748524E+2
5.079203E+2	4.748617E+2
5.079905E+2	4.748682E+2
5.080585E+2	4.748776E+2
5.081281E+2	4.748845E+2
5.081963E+2	4.748924E+2
5.082685E+2	4.749020E+2
5.083378E+2	4.749105E+2
5.084045E+2	4.749195E+2
5.084744E+2	4.749270E+2
5.085431E+2	4.749364E+2
5.086094E+2	4.749431E+2
5.086779E+2	4.749517E+2
5.087444E+2	4.749602E+2
5.088131E+2	4.749688E+2
5.088792E+2	4.749788E+2
5.089506E+2	4.749881E+2
5.090201E+2	4.749956E+2
5.090860E+2	4.750037E+2
5.091534E+2	4.750107E+2
5.092210E+2	4.750201E+2
5.092894E+2	4.750273E+2
5.093581E+2	4.750366E+2
5.094285E+2	4.750455E+2
5.094942E+2	4.750529E+2
5.095621E+2	4.750603E+2
5.096299E+2	4.750687E+2
5.096967E+2	4.750769E+2
5.097660E+2	0.000000E+0
5.098319E+2	4.750926E+2
5.098979E+2	4.751016E+2
5.099652E+2	4.751101E+2
5.100342E+2	4.751177E+2
5.101054E+2	4.751276E+2
5.101732E+2	4.751350E+2
5.102415E+2	4.751425E+2
5.103083E+2	4.751507E+2
5.103756E+2	4.751597E+2
5.104430E+2	4.751673E+2
5.105107E+2	4.751755E+2
5.105803E+2	4.751838E+2
5.106482E+2	4.751915E+2
5.107137E+2	4.752004E+2
5.107830E+2	4.752090E+2
5.108528E+2	4.752175E+2
5.109242E+2	4.752261E+2
5.109910E+2	4.752335E+2
5.110580E+2	4.752408E+2
5.111235E+2	4.752499E+2
5.111894E+2	4.752572E+2
5.112569E+2	4.752652E+2
5.113264E+2	4.752739E+2
5.113942E+2	4.752818E+2
5.114647E+2	4.752905E+2
5.115328E+2	4.752979E+2
5.116002E+2	4.753061E+2
5.116684E+2	4.753146E+2
5.117358E+2	4.753231E+2
5.118017E+2	4.753312E+2
5.118719E+2	4.753393E+2
5.119383E+2	4.753477E+2
5.120061E+2	4.753559E+2
5.120760E+2	4.753645E+2
5.121457E+2	4.753718E+2
5.122144E+2	4.753803E+2
5.122809E+2	4.753887E+2
5.123476E+2	4.753960E+2
5.124154E+2	4.754032E+2
5.124842E+2	4.754140E+2
5.125542E+2	4.754245E+2
5.126248E+2	4.754344E+2
5.126934E+2	4.754419E+2
5.127625E+2	4.754495E+2
5.128336E+2	4.754588E+2
5.129002E+2	4.754663E+2
5.129716E+2	4.754746E+2
5.130389E+2	4.754830E+2
5.131066E+2	4.754908E+2
5.131755E+2	4.754987E+2
5.132428E+2	4.755077E+2
5.133106E+2	4.755155E+2
5.133809E+2	4.755238E+2
5.134493E+2	4.755329E+2
5.135154E+2	4.755409E+2
5.135844E+2	4.755500E+2
5.136509E+2	4.755558E+2
5.137188E+2	4.755652E+2
5.137866E+2	4.755729E+2
5.138536E+2	4.755815E+2
5.139211E+2	4.755879E+2
5.139911E+2	4.755981E+2
5.140600E+2	4.756060E+2
5.141288E+2	4.756136E+2
5.142032E+2	4.756224E+2
5.142717E+2	4.756317E+2
5.143413E+2	4.756391E+2
5.144093E+2	4.756479E+2
5.144764E+2	4.756555E+2
5.145428E+2	4.756625E+2
5.146123E+2	4.756711E+2
5.146784E+2	4.756800E+2
5.147439E+2	4.756884E+2
5.148111E+2	4.756955E+2
5.148801E+2	4.757039E+2
5.149480E+2	4.757136E+2
5.150176E+2	4.757204E+2
5.150846E+2	4.757290E+2
5.151537E+2	4.757369E+2
5.152226E+2	4.757457E+2
5.152902E+2	4.757537E+2
5.153557E+2	4.757614E+2
5.154254E+2	4.757683E+2
5.154909E+2	4.757776E+2
5.155594E+2	4.757861E+2
5.156254E+2	4.757940E+2
5.156930E+2	4.758014E+2
5.157596E+2	4.758103E+2
5.158281E+2	4.758186E+2
5.158922E+2	4.758257E+2
5.159616E+2	4.758336E+2
5.160280E+2	4.758420E+2
5.160965E+2	4.758499E+2
5.161634E+2	4.758581E+2
5.162323E+2	4.758664E+2
5.163012E+2	4.758756E+2
5.163702E+2	4.758837E+2
5.164391E+2	4.758916E+2
5.165080E+2	4.759003E+2
5.165746E+2	4.759075E+2
5.166428E+2	4.759156E+2
5.167111E+2	4.759244E+2
5.167836E+2	4.759311E+2
5.168513E+2	4.759397E+2
5.169190E+2	4.759478E+2
5.169902E+2	4.759573E+2
5.170573E+2	4.759636E+2
5.171229E+2	4.759725E+2
5.171901E+2	4.759800E+2
5.172572E+2	4.759891E+2
5.173245E+2	4.759963E+2
5.173911E+2	4.760044E+2
5.174587E+2	4.760135E+2
5.175304E+2	4.760207E+2
5.175996E+2	4.760287E+2
5.176669E+2	4.760373E+2
5.177360E+2	4.760463E+2
5.178036E+2	4.760540E+2
5.178724E+2	4.760628E+2
5.179402E+2	4.760692E+2
5.180078E+2	4.760790E+2
5.180763E+2	4.760873E+2
5.181470E+2	4.760949E+2
5.182147E+2	4.761036E+2
5.182823E+2	4.761108E+2
5.183489E+2	4.761206E+2
5.184146E+2	4.761264E+2
5.184827E+2	4.761353E+2
5.185512E+2	4.761431E+2
5.186197E+2	4.761507E+2
5.186870E+2	4.761608E+2
5.187539E+2	4.761679E+2
5.188236E+2	4.761759E+2
5.188894E+2	4.761835E+2
5.189573E+2	4.761917E+2
5.190242E+2	4.762013E+2
5.190916E+2	4.762082E+2
5.191595E+2	4.762169E+2
5.192268E+2	0.000000E+0
5.192923E+2	4.762337E+2
5.193627E+2	4.762418E+2
5.194316E+2	4.762489E+2
5.195018E+2	4.762577E+2
5.195697E+2	4.762660E+2
5.196369E+2	4.762741E+2
5.197054E+2	4.762820E+2
5.197720E+2	4.762910E+2
5.198389E+2	4.762976E+2
5.199090E+2	4.763075E+2
5.199756E+2	4.763146E+2
5.200464E+2	4.763220E+2
5.201147E+2	4.763310E+2
5.201852E+2	4.763396E+2
5.202549E+2	4.763470E+2
5.203227E+2	4.763559E+2
5.203887E+2	4.763649E+2
5.204567E+2	4.763723E+2
5.205258E+2	4.763806E+2
5.205946E+2	4.763888E+2
5.206627E+2	4.763977E+2
5.207323E+2	4.764057E+2
5.208006E+2	4.764122E+2
5.208732E+2	4.764229E+2
5.209412E+2	4.764300E+2
5.210098E+2	4.764386E+2
5.210773E+2	4.764461E+2
5.211429E+2	4.764545E+2
5.212111E+2	4.764637E+2
5.212772E+2	4.764689E+2
5.213469E+2	4.764781E+2
5.214162E+2	4.764864E+2
5.214836E+2	4.764956E+2
5.215543E+2	4.765032E+2
5.216240E+2	4.765106E+2
5.216913E+2	4.765200E+2
5.217597E+2	4.765281E+2
5.218278E+2	4.765359E+2
5.218973E+2	4.765436E+2
5.219642E+2	4.765517E+2
5.220306E+2	4.765601E+2
5.220966E+2	4.765686E+2
5.221673E+2	4.765760E+2
5.222390E+2	4.765858E+2
5.223081E+2	4.765934E+2
5.223776E+2	4.766017E+2
5.224426E+2	4.766094E+2
5.225118E+2	4.766175E+2
5.225791E+2	4.766267E+2
5.226451E+2	4.766339E+2
5.227136E+2	4.766419E+2
5.227803E+2	4.766494E+2
5.228475E+2	4.766582E+2
5.229155E+2	4.766664E+2
5.229854E+2	4.766745E+2
5.230564E+2	4.766817E+2
5.231248E+2	4.766908E+2
5.231922E+2	4.766972E+2
5.232593E+2	4.767061E+2
5.233250E+2	4.767138E+2
5.233917E+2	4.767227E+2
5.234614E+2	4.767306E+2
5.235347E+2	4.767385E+2
5.235986E+2	4.767482E+2
5.236706E+2	4.767561E+2
5.237432E+2	4.767647E+2
5.238127E+2	4.767731E+2
5.238810E+2	4.767812E+2
5.239498E+2	4.767886E+2
5.240145E+2	4.767970E+2
5.240844E+2	4.768046E+2
5.241521E+2	4.768128E+2
5.242213E+2	4.768220E+2
5.242908E+2	4.768287E+2
5.243600E+2	4.768378E+2
5.244302E+2	4.768472E+2
5.245022E+2	4.768556E+2
5.245742E+2	4.768644E+2
5.246438E+2	4.768714E+2
5.247105E+2	4.768806E+2
5.247774E+2	4.768880E+2
5.248449E+2	4.768948E+2
5.249121E+2	4.769047E+2
5.249807E+2	4.769151E+2
5.250478E+2	4.769249E+2
5.251195E+2	4.769341E+2
5.251884E+2	4.769426E+2
5.252588E+2	4.769502E+2
5.253259E+2	4.769584E+2
5.253946E+2	4.769680E+2
5.254618E+2	4.769743E+2
5.255293E+2	4.769812E+2
5.255985E+2	4.769910E+2
5.256679E+2	4.769984E+2
5.257356E+2	4.770073E+2
5.258042E+2	4.770154E+2
5.258771E+2	4.770244E+2
5.259426E+2	4.770320E+2
5.260119E+2	4.770410E+2
5.260809E+2	4.770483E+2
5.261495E+2	4.770564E+2
5.262183E+2	4.770644E+2
5.262877E+2	4.770731E+2
5.263533E+2	4.770803E+2
5.264226E+2	4.770877E+2
5.264925E+2	4.770982E+2
5.265601E+2	4.771059E+2
5.266281E+2	4.771148E+2
5.267034E+2	4.771232E+2
5.267718E+2	4.771310E+2
5.268418E+2	4.771389E+2
5.269094E+2	4.771468E+2
5.269774E+2	4.771546E+2
5.270440E+2	4.771635E+2
5.271137E+2	4.771713E+2
5.271817E+2	4.771795E+2
5.272477E+2	4.771876E+2
5.273194E+2	4.771968E+2
5.273876E+2	4.772056E+2
5.274583E+2	4.772126E+2
5.275263E+2	4.772208E+2
5.275929E+2	4.772287E+2
5.276593E+2	4.772369E+2
5.277245E+2	4.772439E+2
5.277921E+2	4.772533E+2
5.278591E+2	4.772609E+2
5.279273E+2	4.772683E+2
5.279948E+2	4.772775E+2
5.280636E+2	4.772862E+2
5.281345E+2	4.772942E+2
5.282007E+2	4.773014E+2
5.282681E+2	4.773092E+2
5.283371E+2	4.773196E+2
5.284038E+2	4.773260E+2
5.284717E+2	4.773342E+2
5.285430E+2	4.773429E+2
5.286144E+2	4.773509E+2
5.286837E+2	4.773595E+2
5.287538E+2	4.773679E+2
5.288207E+2	4.773760E+2
5.288902E+2	4.773833E+2
5.289580E+2	4.773922E+2
5.290240E+2	4.773997E+2
5.290888E+2	4.774074E+2
5.291579E+2	4.774152E+2
5.292267E+2	4.774238E+2
5.292950E+2	4.774327E+2
5.293649E+2	4.774410E+2
5.294357E+2	4.774485E+2
5.295052E+2	4.774570E+2
5.295725E+2	4.774652E+2
5.296414E+2	4.774730E+2
5.297097E+2	4.774803E+2
5.297767E+2	4.774901E+2
5.298465E+2	4.774981E+2
5.299148E+2	4.775055E+2
5.299841E+2	4.775138E+2
5.300543E+2	4.775234E+2
5.301253E+2	4.775304E+2
5.301901E+2	4.775388E+2
5.302614E+2	4.775463E+2
5.303279E+2	4.775542E+2
5.303945E+2	4.775635E+2
5.304612E+2	4.775709E+2
5.305299E+2	4.775788E+2
5.305961E+2	4.775873E+2
5.306664E+2	4.775957E+2
5.307361E+2	4.776045E+2
5.308027E+2	4.776113E+2
5.308725E+2	4.776195E+2
5.309386E+2	4.776280E+2
5.310086E+2	4.776362E+2
5.310776E+2	4.776452E+2
5.311466E+2	4.776523E+2
5.312149E+2	4.776606E+2
5.312839E+2	4.776697E+2
5.313531E+2	4.776771E+2
5.314215E+2	4.776854E+2
5.314930E+2	4.776936E+2
5.315631E+2	4.777021E+2
5.316281E+2	4.777098E+2
5.316983E+2	4.777186E+2
5.317694E+2	4.777271E+2
5.318397E+2	4.777357E+2
5.319065E+2	4.777421E+2
5.319717E+2	4.777508E+2
5.320388E+2	4.777605E+2
5.321075E+2	4.777668E+2
5.321751E+2	4.777746E+2
5.322442E+2	4.777827E+2
5.323127E+2	4.777919E+2
5.323811E+2	4.777995E+2
5.324462E+2	4.778076E+2
5.325140E+2	4.778148E+2
5.325803E+2	4.778232E+2
5.326462E+2	4.778329E+2
5.327098E+2	4.778387E+2
5.327782E+2	4.778470E+2
5.328470E+2	4.778544E+2
5.329159E+2	4.778648E+2
5.329836E+2	4.778718E+2
5.330492E+2	4.778796E+2
5.331186E+2	4.778885E+2
5.331854E+2	4.778957E+2
5.332550E+2	4.779033E+2
5.333241E+2	4.779125E+2
5.333927E+2	4.779199E+2
5.334607E+2	4.779291E+2
5.335306E+2	4.779370E+2
5.336011E+2	4.779457E+2
5.336714E+2	4.779542E+2
5.337419E+2	4.779612E+2
5.338117E+2	4.779694E+2
5.338764E+2	4.779782E+2
5.339463E+2	4.779877E+2
5.340137E+2	4.779945E+2
5.340793E+2	4.780022E+2
5.341456E+2	4.780100E+2
5.342162E+2	4.780192E+2
5.342830E+2	4.780272E+2
5.343522E+2	4.780347E+2
5.344177E+2	4.780428E+2
5.344867E+2	4.780515E+2
5.345533E+2	4.780587E+2
5.346192E+2	4.780673E+2
5.346863E+2	4.780758E+2
5.347518E+2	4.780831E+2
5.348190E+2	4.780908E+2
5.348842E+2	4.780991E+2
5.349540E+2	4.781068E+2
5.350262E+2	4.781150E+2
5.350976E+2	4.781250E+2
5.351672E+2	4.781319E+2
5.352348E+2	4.781403E+2
5.353043E+2	4.781493E+2
5.353719E+2	4.781577E+2
5.354432E+2	4.781650E+2
5.355111E+2	4.781729E+2
5.355819E+2	4.781825E+2
5.356494E+2	4.781906E+2
5.357185E+2	4.781991E+2
5.357866E+2	4.782067E+2
5.358560E+2	4.782147E+2
5.359228E+2	4.782230E+2
5.359892E+2	4.782304E+2
5.360566E+2	4.782396E+2
5.361230E+2	4.782470E+2
5.361913E+2	4.782541E+2
5.362614E+2	4.782628E+2
5.363284E+2	4.782710E+2
5.363972E+2	4.782794E+2
5.364626E+2	4.782873E+2
5.365289E+2	4.782947E+2
5.365955E+2	4.783045E+2
5.366613E+2	4.783119E+2
5.367304E+2	4.783185E+2
5.367988E+2	4.783275E+2
5.368663E+2	4.783359E+2
5.369379E+2	4.783444E+2
5.370086E+2	4.783523E+2
5.370740E+2	4.783612E+2
5.371437E+2	4.783693E+2
5.372124E+2	4.783787E+2
5.372796E+2	4.783854E+2
5.373459E+2	4.783937E+2
5.374156E+2	4.784022E+2
5.374805E+2	4.784105E+2
5.375527E+2	4.784174E+2
5.376223E+2	4.784282E+2
5.376948E+2	4.784355E+2
5.377645E+2	4.784444E+2
5.378335E+2	4.784521E+2
5.379044E+2	4.784615E+2
5.379757E+2	4.784684E+2
5.380451E+2	4.784776E+2
5.381145E+2	4.784848E+2
5.381826E+2	4.784942E+2
5.382498E+2	4.785014E+2
5.383162E+2	4.785094E+2
5.383873E+2	4.785184E+2
5.384579E+2	4.785262E+2
5.385281E+2	4.785349E+2
5.385956E+2	4.785438E+2
5.386633E+2	4.785522E+2
5.387315E+2	4.785605E+2
5.387990E+2	4.785680E+2
5.388674E+2	4.785767E+2
5.389340E+2	4.785849E+2
5.390009E+2	4.785931E+2
5.390694E+2	4.786021E+2
5.391381E+2	4.786098E+2
5.392050E+2	4.786188E+2
5.392758E+2	4.786266E+2
5.393486E+2	4.786363E+2
5.394175E+2	4.786443E+2
5.394850E+2	4.786522E+2
5.395543E+2	4.786594E+2
5.396208E+2	4.786684E+2
5.396870E+2	4.786765E+2
5.397557E+2	4.786835E+2
5.398252E+2	4.786924E+2
5.398940E+2	4.786998E+2
5.399629E+2	4.787097E+2
5.400291E+2	4.787175E+2
5.401027E+2	4.787269E+2
5.401735E+2	4.787344E+2
5.402414E+2	4.787423E+2
5.403090E+2	4.787492E+2
5.403792E+2	4.787594E+2
5.404466E+2	4.787661E+2
5.405161E+2	4.787751E+2
5.405842E+2	4.787835E+2
5.406523E+2	4.787908E+2
5.407215E+2	4.788009E+2
5.407907E+2	4.788086E+2
5.408626E+2	4.788183E+2
5.409360E+2	4.788249E+2
5.410032E+2	4.788339E+2
5.410709E+2	4.788413E+2
5.411377E+2	4.788485E+2
5.412059E+2	4.788584E+2
5.412753E+2	4.788646E+2
5.413407E+2	4.788729E+2
5.414114E+2	4.788806E+2
5.414813E+2	4.788908E+2
5.415512E+2	4.788986E+2
5.416172E+2	4.789060E+2
5.416848E+2	4.789141E+2
5.417543E+2	4.789231E+2
5.418210E+2	4.789303E+2
5.418890E+2	4.789388E+2
5.419554E+2	4.789463E+2
5.420221E+2	4.789538E+2
5.420900E+2	4.789609E+2
5.421562E+2	4.789699E+2
5.422262E+2	4.789793E+2
5.422930E+2	4.789869E+2
5.423595E+2	4.789950E+2
5.424258E+2	4.790024E+2
5.424933E+2	4.790112E+2
5.425630E+2	4.790191E+2
5.426301E+2	4.790280E+2
5.427007E+2	4.790349E+2
5.427699E+2	4.790432E+2
5.428419E+2	4.790529E+2
5.429077E+2	4.790611E+2
5.429782E+2	4.790675E+2
5.430455E+2	4.790770E+2
5.431131E+2	4.790854E+2
5.431802E+2	4.790930E+2
5.432447E+2	4.791006E+2
5.433103E+2	4.791098E+2
5.433809E+2	4.791175E+2
5.434469E+2	4.791260E+2
5.435162E+2	4.791348E+2
5.435825E+2	4.791440E+2
5.436505E+2	4.791527E+2
5.437144E+2	4.791607E+2
5.437810E+2	4.791687E+2
5.438464E+2	4.791767E+2
5.439132E+2	4.791843E+2
5.439835E+2	4.791937E+2
5.440497E+2	4.792023E+2
5.441178E+2	4.792096E+2
5.441846E+2	4.792171E+2
5.442507E+2	4.792272E+2
5.443200E+2	4.792342E+2
5.443876E+2	4.792431E+2
5.444555E+2	4.792496E+2
5.445226E+2	4.792578E+2
5.445908E+2	4.792666E+2
5.446589E+2	4.792737E+2
5.447268E+2	4.792833E+2
5.447963E+2	4.792912E+2
5.448609E+2	4.792977E+2
5.449306E+2	4.793063E+2
5.449974E+2	4.793145E+2
5.450650E+2	4.793234E+2
5.451319E+2	4.793310E+2
5.452012E+2	4.793391E+2
5.452700E+2	4.793476E+2
5.453418E+2	4.793553E+2
5.454117E+2	4.793635E+2
5.454789E+2	4.793718E+2
5.455485E+2	4.793804E+2
5.456161E+2	4.793885E+2
5.456854E+2	4.793969E+2
5.457545E+2	4.794051E+2
5.458239E+2	4.794132E+2
5.458926E+2	4.794212E+2
5.459613E+2	4.794296E+2
5.460314E+2	4.794382E+2
5.460970E+2	4.794452E+2
5.461651E+2	4.794544E+2
5.462315E+2	4.794614E+2
5.462990E+2	4.794724E+2
5.463711E+2	4.794777E+2
5.464405E+2	4.794863E+2
5.465094E+2	4.794937E+2
5.465768E+2	4.795011E+2
5.466447E+2	4.795078E+2
5.467137E+2	4.795151E+2
5.467789E+2	4.795230E+2
5.468481E+2	4.795313E+2
5.469174E+2	4.795399E+2
5.469859E+2	4.795492E+2
5.470516E+2	4.795558E+2
5.471189E+2	4.795626E+2
5.471871E+2	4.795711E+2
5.472541E+2	4.795799E+2
5.473237E+2	4.795881E+2
5.473899E+2	4.795974E+2
5.474588E+2	4.796040E+2
5.475265E+2	4.796118E+2
5.475961E+2	4.796201E+2
5.476639E+2	4.796288E+2
5.477316E+2	4.796374E+2
5.477996E+2	4.796439E+2
5.478683E+2	4.796539E+2
5.479351E+2	4.796609E+2
5.480051E+2	4.796696E+2
5.480767E+2	4.796781E+2
5.481460E+2	4.796870E+2
5.482163E+2	4.796940E+2
5.482813E+2	4.797018E+2
5.483481E+2	4.797107E+2
5.484153E+2	4.797177E+2
5.484799E+2	4.797265E+2
5.485478E+2	4.797340E+2
5.486123E+2	4.797417E+2
5.486813E+2	4.797500E+2
5.487484E+2	4.797585E+2
5.488182E+2	4.797671E+2
5.488859E+2	4.797749E+2
5.489529E+2	4.797825E+2
5.490206E+2	4.797907E+2
5.490894E+2	4.797987E+2
5.491555E+2	0.000000E+0
5.492225E+2	4.798147E+2
5.492906E+2	4.798234E+2
5.493579E+2	4.798309E+2
5.494286E+2	4.798391E+2
5.494960E+2	4.798463E+2
5.495623E+2	4.798550E+2
5.496295E+2	4.798642E+2
5.496971E+2	4.798714E+2
5.497623E+2	4.798790E+2
5.498290E+2	4.798884E+2
5.498957E+2	4.798960E+2
5.499621E+2	4.799039E+2
5.500322E+2	4.799119E+2
5.501061E+2	4.799202E+2
5.501762E+2	4.799284E+2
5.502435E+2	4.799368E+2
5.503127E+2	4.799449E+2
5.503800E+2	4.799530E+2
5.504463E+2	4.799613E+2
5.505146E+2	4.799694E+2
5.505824E+2	4.799774E+2
5.506514E+2	4.799867E+2
5.507236E+2	4.799943E+2
5.507902E+2	4.800023E+2
5.508587E+2	0.000000E+0
5.509298E+2	4.800195E+2
5.509986E+2	4.800274E+2
5.510678E+2	4.800351E+2
5.511368E+2	4.800446E+2
5.512040E+2	4.800515E+2
5.512708E+2	4.800594E+2
5.513386E+2	4.800690E+2
5.514047E+2	4.800772E+2
5.514730E+2	4.800864E+2
5.515394E+2	4.800939E+2
5.516064E+2	4.801009E+2
5.516752E+2	4.801096E+2
5.517438E+2	4.801189E+2
5.518100E+2	4.801261E+2
5.518758E+2	4.801338E+2
5.519462E+2	4.801425E+2
5.520156E+2	4.801513E+2
5.520842E+2	4.801596E+2
5.521563E+2	4.801692E+2
5.522250E+2	4.801789E+2
5.522940E+2	4.801862E+2
5.523607E+2	4.801946E+2
5.524284E+2	4.802043E+2
5.524972E+2	4.802111E+2
5.525645E+2	4.802194E+2
5.526323E+2	4.802287E+2
5.527002E+2	4.802356E+2
5.527689E+2	4.802435E+2
5.528352E+2	4.802515E+2
5.529020E+2	4.802593E+2
5.529704E+2	4.802688E+2
5.530387E+2	4.802769E+2
5.531040E+2	4.802850E+2
5.531725E+2	4.802924E+2
5.532390E+2	4.803006E+2
5.533107E+2	4.803089E+2
5.533774E+2	4.803178E+2
5.534493E+2	4.803268E+2
5.535195E+2	4.803334E+2
5.535890E+2	4.803431E+2
5.536580E+2	4.803510E+2
5.537268E+2	4.803589E+2
5.537946E+2	0.000000E+0
5.538644E+2	4.803758E+2
5.539344E+2	4.803828E+2
5.540023E+2	4.803915E+2
5.540720E+2	4.804001E+2
5.541421E+2	4.804081E+2
5.542134E+2	4.804168E+2
5.542793E+2	4.804251E+2
5.543496E+2	4.804336E+2
5.544165E+2	4.804418E+2
5.544825E+2	4.804492E+2
5.545493E+2	4.804581E+2
5.546182E+2	4.804657E+2
5.546866E+2	4.804730E+2
5.547523E+2	4.804823E+2
5.548193E+2	4.804905E+2
5.548890E+2	4.804984E+2
5.549535E+2	4.805063E+2
5.550209E+2	4.805128E+2
5.550878E+2	4.805208E+2
5.551540E+2	4.805311E+2
5.552235E+2	4.805385E+2
5.552891E+2	4.805467E+2
5.553585E+2	4.805541E+2
5.554287E+2	4.805633E+2
5.554976E+2	4.805705E+2
5.555649E+2	4.805787E+2
5.556311E+2	4.805871E+2
5.557004E+2	4.805949E+2
5.557686E+2	4.806042E+2
5.558357E+2	4.806124E+2
5.559025E+2	4.806197E+2
5.559695E+2	4.806281E+2
5.560387E+2	4.806367E+2
5.561101E+2	4.806459E+2
5.561811E+2	4.806538E+2
5.562503E+2	4.806619E+2
5.563207E+2	4.806713E+2
5.563903E+2	4.806786E+2
5.564569E+2	4.806875E+2
5.565255E+2	4.806940E+2
5.565950E+2	4.807042E+2
5.566640E+2	4.807111E+2
5.567315E+2	4.807204E+2
5.567981E+2	4.807281E+2
5.568649E+2	4.807350E+2
5.569336E+2	4.807436E+2
5.570028E+2	4.807529E+2
5.570729E+2	4.807609E+2
5.571409E+2	4.807689E+2
5.572089E+2	4.807767E+2
5.572761E+2	4.807851E+2
5.573430E+2	4.807930E+2
5.574092E+2	4.808003E+2
5.574755E+2	0.000000E+0
5.575465E+2	4.808168E+2
5.576120E+2	4.808260E+2
5.576855E+2	4.808338E+2
5.577523E+2	4.808426E+2
5.578237E+2	4.808502E+2
5.578919E+2	4.808587E+2
5.579606E+2	4.808665E+2
5.580277E+2	4.808750E+2
5.580945E+2	4.808822E+2
5.581626E+2	4.808911E+2
5.582312E+2	4.808989E+2
5.583003E+2	4.809070E+2
5.583687E+2	4.809156E+2
5.584393E+2	4.809246E+2
5.585072E+2	4.809315E+2
5.585751E+2	4.809393E+2
5.586431E+2	4.809478E+2
5.587090E+2	4.809550E+2
5.587766E+2	4.809650E+2
5.588433E+2	4.809721E+2
5.589133E+2	4.809808E+2
5.589836E+2	4.809896E+2
5.590520E+2	4.809969E+2
5.591191E+2	4.810056E+2
5.591877E+2	4.810138E+2
5.592547E+2	4.810222E+2
5.593190E+2	4.810279E+2
5.593844E+2	4.810381E+2
5.594500E+2	4.810451E+2
5.595198E+2	4.810532E+2
5.595851E+2	4.810618E+2
5.596564E+2	4.810719E+2
5.597308E+2	4.810803E+2
5.597968E+2	4.810885E+2
5.598680E+2	4.810964E+2
5.599385E+2	4.811045E+2
5.600055E+2	4.811121E+2
5.600715E+2	4.811198E+2
5.601409E+2	4.811289E+2
5.602071E+2	4.811364E+2
5.602760E+2	4.811449E+2
5.603449E+2	4.811531E+2
5.604104E+2	4.811613E+2
5.604827E+2	4.811693E+2
5.605493E+2	4.811776E+2
5.606176E+2	4.811860E+2
5.606868E+2	4.811951E+2
5.607521E+2	4.812025E+2
5.608223E+2	4.812104E+2
5.608929E+2	4.812192E+2
5.609607E+2	4.812267E+2
5.610269E+2	4.812351E+2
5.610934E+2	4.812429E+2
5.611634E+2	4.812523E+2
5.612325E+2	4.812609E+2
5.612987E+2	4.812672E+2
5.613675E+2	4.812759E+2
5.614334E+2	4.812844E+2
5.615018E+2	4.812922E+2
5.615701E+2	4.812998E+2
5.616367E+2	4.813075E+2
5.617059E+2	4.813163E+2
5.617769E+2	4.813252E+2
5.618454E+2	4.813339E+2
5.619139E+2	4.813413E+2
5.619809E+2	4.813499E+2
5.620479E+2	4.813576E+2
5.621153E+2	4.813654E+2
5.621831E+2	4.813743E+2
5.622510E+2	4.813813E+2
5.623187E+2	4.813901E+2
5.623848E+2	4.813977E+2
5.624546E+2	4.814066E+2
5.625213E+2	4.814144E+2
5.625857E+2	4.814217E+2
5.626538E+2	4.814306E+2
5.627195E+2	4.814384E+2
5.627878E+2	4.814472E+2
5.628560E+2	4.814552E+2
5.629252E+2	4.814633E+2
5.629957E+2	4.814714E+2
5.630657E+2	4.814808E+2
5.631362E+2	4.814886E+2
5.632044E+2	4.814971E+2
5.632709E+2	0.000000E+0
5.633384E+2	4.815128E+2
5.634056E+2	4.815222E+2
5.634716E+2	4.815290E+2
5.635403E+2	4.815371E+2
5.636103E+2	4.815453E+2
5.636793E+2	4.815545E+2
5.637457E+2	4.815631E+2
5.638129E+2	4.815721E+2
5.638827E+2	4.815798E+2
5.639520E+2	4.815897E+2
5.640213E+2	4.815965E+2
5.640874E+2	4.816043E+2
5.641567E+2	4.816128E+2
5.642249E+2	4.816205E+2
5.642951E+2	4.816296E+2
5.643594E+2	4.816367E+2
5.644288E+2	4.816453E+2
5.644995E+2	4.816542E+2
5.645670E+2	4.816631E+2
5.646338E+2	4.816690E+2
5.647018E+2	4.816784E+2
5.647686E+2	4.816864E+2
5.648349E+2	4.816944E+2
5.649022E+2	4.817020E+2
5.649704E+2	4.817114E+2
5.650431E+2	4.817195E+2
5.651124E+2	4.817280E+2
5.651828E+2	4.817355E+2
5.652503E+2	4.817448E+2
5.653173E+2	4.817522E+2
5.653825E+2	4.817583E+2
5.654478E+2	4.817685E+2
5.655165E+2	4.817759E+2
5.655855E+2	4.817840E+2
5.656553E+2	4.817923E+2
5.657272E+2	4.818014E+2
5.657961E+2	4.818107E+2
5.658626E+2	4.818188E+2
5.659329E+2	4.818248E+2
5.660003E+2	4.818346E+2
5.660661E+2	4.818412E+2
5.661323E+2	4.818504E+2
5.662013E+2	4.818580E+2
5.662702E+2	4.818674E+2
5.663386E+2	4.818762E+2
5.664073E+2	4.818841E+2
5.664763E+2	4.818918E+2
5.665451E+2	4.818997E+2
5.666115E+2	4.819079E+2
5.666775E+2	4.819168E+2
5.667441E+2	4.819244E+2
5.668103E+2	4.819325E+2
5.668785E+2	4.819401E+2
5.669489E+2	4.819487E+2
5.670147E+2	4.819571E+2
5.670802E+2	4.819660E+2
5.671521E+2	4.819729E+2
5.672211E+2	4.819817E+2
5.672909E+2	4.819900E+2
5.673584E+2	4.819984E+2
5.674255E+2	0.000000E+0
5.674913E+2	4.820144E+2
5.675605E+2	4.820219E+2
5.676307E+2	4.820322E+2
5.676998E+2	4.820391E+2
5.677691E+2	4.820476E+2
5.678381E+2	4.820561E+2
5.679075E+2	4.820631E+2
5.679763E+2	4.820728E+2
5.680414E+2	4.820800E+2
5.681113E+2	4.820893E+2
5.681781E+2	4.820976E+2
5.682433E+2	4.821048E+2
5.683147E+2	4.821133E+2
5.683862E+2	4.821222E+2
5.684532E+2	4.821322E+2
5.685235E+2	4.821381E+2
5.685951E+2	4.821475E+2
5.686636E+2	4.821558E+2
5.687306E+2	4.821631E+2
5.687974E+2	4.821720E+2
5.688646E+2	4.821803E+2
5.689339E+2	4.821886E+2
5.690008E+2	4.821969E+2
5.690691E+2	4.822052E+2
5.691381E+2	4.822143E+2
5.692063E+2	4.822216E+2
5.692759E+2	4.822305E+2
5.693433E+2	4.822378E+2
5.694077E+2	4.822453E+2
5.694740E+2	4.822530E+2
5.695411E+2	4.822615E+2
5.696130E+2	4.822697E+2
5.696833E+2	4.822794E+2
5.697516E+2	4.822874E+2
5.698229E+2	4.822956E+2
5.698923E+2	4.823057E+2
5.699600E+2	4.823133E+2
5.700284E+2	4.823200E+2
5.700962E+2	4.823302E+2
5.701625E+2	4.823361E+2
5.702309E+2	4.823453E+2
5.703003E+2	4.823539E+2
5.703695E+2	4.823614E+2
5.704390E+2	4.823712E+2
5.705081E+2	4.823784E+2
5.705757E+2	4.823878E+2
5.706450E+2	4.823956E+2
5.707131E+2	4.824043E+2
5.707833E+2	4.824121E+2
5.708493E+2	4.824214E+2
5.709163E+2	4.824276E+2
5.709843E+2	4.824368E+2
5.710513E+2	4.824449E+2
5.711166E+2	4.824537E+2
5.711854E+2	4.824607E+2
5.712518E+2	4.824693E+2
5.713205E+2	4.824784E+2
5.713874E+2	4.824859E+2
5.714534E+2	4.824945E+2
5.715197E+2	4.825012E+2
5.715865E+2	4.825092E+2
5.716541E+2	4.825180E+2
5.717236E+2	4.825266E+2
5.717924E+2	4.825342E+2
5.718608E+2	4.825440E+2
5.719284E+2	4.825507E+2
5.719960E+2	4.825604E+2
5.720646E+2	4.825678E+2
5.721334E+2	0.000000E+0
5.722005E+2	4.825856E+2
5.722661E+2	4.825926E+2
5.723343E+2	4.826011E+2
5.724039E+2	4.826093E+2
5.724720E+2	4.826170E+2
5.725385E+2	4.826272E+2
5.726107E+2	4.826340E+2
5.726748E+2	4.826424E+2
5.727406E+2	4.826506E+2
5.728063E+2	4.826592E+2
5.728745E+2	4.826661E+2
5.729412E+2	4.826740E+2
5.730083E+2	4.826819E+2
5.730779E+2	4.826906E+2
5.731451E+2	4.826993E+2
5.732163E+2	4.827078E+2
5.732832E+2	4.827144E+2
5.733505E+2	4.827234E+2
5.734162E+2	4.827321E+2
5.734814E+2	4.827395E+2
5.735481E+2	4.827481E+2
5.736167E+2	4.827552E+2
5.736816E+2	4.827644E+2
5.737500E+2	4.827713E+2
5.738161E+2	4.827800E+2
5.738854E+2	4.827881E+2
5.739497E+2	4.827972E+2
5.740163E+2	4.828042E+2
5.740807E+2	4.828126E+2
5.741489E+2	4.828208E+2
5.742156E+2	4.828284E+2
5.742833E+2	4.828369E+2
5.743509E+2	4.828459E+2
5.744164E+2	4.828516E+2
5.744821E+2	4.828609E+2
5.745476E+2	4.828690E+2
5.746149E+2	4.828774E+2
5.746815E+2	4.828859E+2
5.747471E+2	4.828927E+2
5.748156E+2	4.829013E+2
5.748816E+2	4.829102E+2
5.749515E+2	4.829185E+2
5.750163E+2	4.829265E+2
5.750813E+2	4.829344E+2
5.751467E+2	4.829423E+2
5.752136E+2	4.829502E+2
5.752800E+2	4.829573E+2
5.753455E+2	4.829666E+2
5.754146E+2	4.829742E+2
5.754826E+2	4.829824E+2
5.755516E+2	4.829907E+2
5.756165E+2	4.829990E+2
5.756810E+2	4.830071E+2
5.757465E+2	4.830153E+2
5.758106E+2	4.830226E+2
5.758802E+2	4.830332E+2
5.759479E+2	4.830407E+2
5.760156E+2	4.830490E+2
5.760826E+2	4.830579E+2
5.761480E+2	4.830657E+2
5.762137E+2	4.830725E+2
5.762781E+2	4.830810E+2
5.763480E+2	4.830882E+2
5.764138E+2	4.830978E+2
5.764832E+2	4.831066E+2
5.765482E+2	4.831143E+2
5.766168E+2	4.831229E+2
5.766848E+2	4.831306E+2
5.767528E+2	4.831389E+2
5.768176E+2	4.831464E+2
5.768836E+2	4.831551E+2
5.769479E+2	4.831624E+2
5.770160E+2	4.831711E+2
5.770819E+2	4.831786E+2
5.771490E+2	4.831871E+2
5.772117E+2	4.831947E+2
5.772766E+2	4.832029E+2
5.773402E+2	4.832100E+2
5.774085E+2	4.832186E+2
5.774749E+2	4.832270E+2
5.775436E+2	4.832359E+2
5.776115E+2	4.832448E+2
5.776782E+2	4.832522E+2
5.777452E+2	4.832605E+2
5.778117E+2	4.832679E+2
5.778773E+2	4.832761E+2
5.779426E+2	4.832848E+2
5.780119E+2	4.832924E+2
5.780774E+2	4.833013E+2
5.781439E+2	4.833099E+2
5.782120E+2	4.833172E+2
5.782779E+2	4.833263E+2
5.783433E+2	4.833342E+2
5.784087E+2	4.833418E+2
5.784762E+2	4.833500E+2
5.785450E+2	4.833589E+2
5.786119E+2	4.833665E+2
5.786824E+2	4.833756E+2
5.787480E+2	4.833831E+2
5.788166E+2	4.833928E+2
5.788823E+2	4.834018E+2
5.789460E+2	4.834099E+2
5.790103E+2	4.834172E+2
5.790777E+2	4.834263E+2
5.791477E+2	4.834336E+2
5.792155E+2	4.834426E+2
5.792872E+2	4.834513E+2
5.793562E+2	4.834584E+2
5.794249E+2	4.834678E+2
5.794928E+2	4.834759E+2
5.795600E+2	4.834838E+2
5.796256E+2	4.834924E+2
5.796906E+2	4.835002E+2
5.797584E+2	4.835100E+2
5.798258E+2	4.835189E+2
5.798947E+2	4.835258E+2
5.799617E+2	4.835360E+2
5.800320E+2	4.835426E+2
5.800978E+2	4.835516E+2
5.801652E+2	4.835598E+2
5.802331E+2	4.835666E+2
5.802990E+2	4.835756E+2
5.803670E+2	4.835835E+2
5.804377E+2	4.835923E+2
5.805031E+2	4.836008E+2
5.805730E+2	4.836088E+2
5.806406E+2	4.836178E+2
5.807084E+2	4.836256E+2
5.807755E+2	4.836344E+2
5.808445E+2	4.836426E+2
5.809133E+2	4.836506E+2
5.809815E+2	4.836593E+2
5.810505E+2	4.836678E+2
5.811187E+2	4.836774E+2
5.811890E+2	4.836834E+2
5.812557E+2	4.836931E+2
5.813252E+2	4.837017E+2
5.813926E+2	4.837088E+2
5.814607E+2	4.837167E+2
5.815248E+2	4.837255E+2
5.815913E+2	4.837327E+2
5.816589E+2	4.837421E+2
5.817253E+2	4.837503E+2
5.817956E+2	4.837574E+2
5.818641E+2	4.837675E+2
5.819309E+2	4.837748E+2
5.820010E+2	4.837845E+2
5.820703E+2	4.837918E+2
5.821398E+2	4.838002E+2
5.822059E+2	4.838088E+2
5.822722E+2	4.838174E+2
5.823414E+2	4.838256E+2
5.824073E+2	4.838330E+2
5.824741E+2	4.838406E+2
5.825397E+2	4.838510E+2
5.826120E+2	4.838582E+2
5.826788E+2	4.838673E+2
5.827438E+2	4.838752E+2
5.828115E+2	4.838833E+2
5.828781E+2	4.838919E+2
5.829455E+2	4.838996E+2
5.830127E+2	4.839070E+2
5.830811E+2	4.839159E+2
5.831496E+2	4.839247E+2
5.832159E+2	4.839327E+2
5.832842E+2	4.839408E+2
5.833516E+2	4.839493E+2
5.834204E+2	4.839574E+2
5.834881E+2	4.839656E+2
5.835559E+2	4.839747E+2
5.836218E+2	4.839820E+2
5.836875E+2	4.839909E+2
5.837559E+2	4.839973E+2
5.838227E+2	4.840065E+2
5.838941E+2	4.840164E+2
5.839653E+2	4.840242E+2
5.840356E+2	4.840326E+2
5.841055E+2	4.840403E+2
5.841724E+2	4.840491E+2
5.842385E+2	4.840571E+2
5.843039E+2	4.840657E+2
5.843721E+2	4.840744E+2
5.844425E+2	4.840824E+2
5.845089E+2	4.840899E+2
5.845793E+2	4.841000E+2
5.846502E+2	4.841073E+2
5.847159E+2	4.841160E+2
5.847860E+2	4.841237E+2
5.848550E+2	4.841332E+2
5.849209E+2	4.841402E+2
5.849895E+2	4.841484E+2
5.850555E+2	4.841573E+2
5.851224E+2	4.841669E+2
5.851933E+2	4.841729E+2
5.852602E+2	4.841837E+2
5.853312E+2	4.841931E+2
5.854034E+2	4.842010E+2
5.854720E+2	4.842092E+2
5.855380E+2	4.842183E+2
5.856052E+2	4.842264E+2
5.856726E+2	4.842349E+2
5.857409E+2	4.842424E+2
5.858068E+2	4.842502E+2
5.858771E+2	4.842591E+2
5.859474E+2	4.842688E+2
5.860117E+2	4.842762E+2
5.860842E+2	4.842851E+2
5.861515E+2	4.842949E+2
5.862193E+2	4.843024E+2
5.862876E+2	4.843105E+2
5.863538E+2	4.843190E+2
5.864229E+2	4.843270E+2
5.864925E+2	4.843367E+2
5.865622E+2	4.843454E+2
5.866301E+2	4.843533E+2
5.867035E+2	0.000000E+0
5.867700E+2	4.843687E+2
5.868394E+2	4.843785E+2
5.869072E+2	4.843872E+2
5.869741E+2	4.843957E+2
5.870398E+2	4.844026E+2
5.871081E+2	4.844122E+2
5.871743E+2	4.844198E+2
5.872439E+2	4.844278E+2
5.873118E+2	4.844367E+2
5.873799E+2	4.844459E+2
5.874480E+2	4.844536E+2
5.875139E+2	4.844617E+2
5.875824E+2	4.844719E+2
5.876510E+2	4.844819E+2
5.877170E+2	4.844901E+2
5.877834E+2	4.844979E+2
5.878527E+2	4.845069E+2
5.879239E+2	4.845161E+2
5.879938E+2	4.845246E+2
5.880618E+2	4.845332E+2
5.881325E+2	4.845416E+2
5.882051E+2	4.845507E+2
5.882721E+2	4.845579E+2
5.883396E+2	4.845680E+2
5.884074E+2	4.845748E+2
5.884750E+2	4.845840E+2
5.885412E+2	4.845915E+2
5.886129E+2	4.846000E+2
5.886789E+2	4.846087E+2
5.887470E+2	4.846167E+2
5.888165E+2	4.846258E+2
5.888892E+2	4.846354E+2
5.889565E+2	4.846439E+2
5.890236E+2	4.846528E+2
5.890910E+2	4.846592E+2
5.891598E+2	4.846668E+2
5.892294E+2	4.846766E+2
5.892983E+2	4.846857E+2
5.893669E+2	4.846936E+2
5.894363E+2	4.847022E+2
5.895020E+2	4.847106E+2
5.895713E+2	4.847199E+2
5.896396E+2	4.847276E+2
5.897096E+2	4.847344E+2
5.897783E+2	4.847450E+2
5.898440E+2	4.847533E+2
5.899114E+2	4.847602E+2
5.899765E+2	4.847682E+2
5.900464E+2	4.847777E+2
5.901146E+2	4.847855E+2
5.901826E+2	4.847941E+2
5.902523E+2	4.848032E+2
5.903203E+2	4.848101E+2
5.903894E+2	4.848205E+2
5.904583E+2	4.848279E+2
5.905300E+2	4.848371E+2
5.905987E+2	4.848451E+2
5.906670E+2	4.848544E+2
5.907360E+2	4.848621E+2
5.908027E+2	4.848702E+2
5.908744E+2	4.848793E+2
5.909412E+2	4.848879E+2
5.910104E+2	4.848969E+2
5.910805E+2	4.849053E+2
5.911494E+2	4.849133E+2
5.912179E+2	0.000000E+0
5.912853E+2	4.849308E+2
5.913517E+2	4.849385E+2
5.914192E+2	4.849475E+2
5.914880E+2	4.849552E+2
5.915573E+2	4.849647E+2
5.916272E+2	4.849728E+2
5.917016E+2	4.849820E+2
5.917686E+2	4.849917E+2
5.918380E+2	4.849995E+2
5.919045E+2	4.850091E+2
5.919711E+2	4.850163E+2
5.920388E+2	4.850255E+2
5.921055E+2	4.850378E+2
5.921741E+2	4.850475E+2
5.922436E+2	4.850544E+2
5.923142E+2	4.850645E+2
5.923819E+2	4.850727E+2
5.924491E+2	4.850802E+2
5.925156E+2	4.850893E+2
5.925836E+2	4.850971E+2
5.926516E+2	4.851063E+2
5.927181E+2	4.851137E+2
5.927857E+2	4.851224E+2
5.928541E+2	4.851323E+2
5.929227E+2	4.851398E+2
5.929953E+2	4.851480E+2
5.930623E+2	4.851569E+2
5.931309E+2	4.851649E+2
5.932005E+2	4.851750E+2
5.932682E+2	4.851814E+2
5.933342E+2	4.851902E+2
5.934023E+2	4.851996E+2
5.934694E+2	4.852083E+2
5.935384E+2	4.852166E+2
5.936091E+2	4.852251E+2
5.936774E+2	4.852327E+2
5.937444E+2	4.852416E+2
5.938113E+2	4.852493E+2
5.938813E+2	4.852591E+2
5.939478E+2	4.852680E+2
5.940174E+2	4.852754E+2
5.940839E+2	4.852854E+2
5.941512E+2	4.852931E+2
5.942166E+2	4.853000E+2
5.942851E+2	4.853096E+2
5.943539E+2	4.853180E+2
5.944255E+2	4.853261E+2
5.944956E+2	4.853354E+2
5.945642E+2	4.853424E+2
5.946281E+2	4.853517E+2
5.946981E+2	4.853598E+2
5.947661E+2	4.853687E+2
5.948361E+2	4.853765E+2
5.949042E+2	4.853855E+2
5.949730E+2	4.853954E+2
5.950433E+2	4.854031E+2
5.951120E+2	4.854124E+2
5.951794E+2	4.854208E+2
5.952493E+2	4.854301E+2
5.953147E+2	4.854396E+2
5.953838E+2	4.854478E+2
5.954514E+2	4.854575E+2
5.955187E+2	4.854639E+2
5.955867E+2	4.854740E+2
5.956562E+2	4.854821E+2
5.957239E+2	4.854910E+2
5.957928E+2	4.854991E+2
5.958597E+2	4.855086E+2
5.959306E+2	4.855161E+2
5.959976E+2	4.855248E+2
5.960667E+2	4.855330E+2
5.961351E+2	4.855411E+2
5.962031E+2	4.855493E+2
5.962697E+2	4.855590E+2
5.963371E+2	4.855667E+2
5.964086E+2	4.855751E+2
5.964787E+2	4.855848E+2
5.965464E+2	4.855938E+2
5.966164E+2	4.856012E+2
5.966832E+2	4.856100E+2
5.967553E+2	4.856193E+2
5.968226E+2	4.856283E+2
5.968894E+2	4.856352E+2
5.969537E+2	4.856434E+2
5.970227E+2	4.856524E+2
5.970934E+2	4.856612E+2
5.971636E+2	4.856699E+2
5.972324E+2	4.856775E+2
5.972983E+2	4.856865E+2
5.973696E+2	4.856955E+2
5.974388E+2	4.857032E+2
5.975059E+2	4.857121E+2
5.975725E+2	4.857202E+2
5.976399E+2	4.857283E+2
5.977084E+2	4.857369E+2
5.977772E+2	4.857450E+2
5.978467E+2	4.857544E+2
5.979165E+2	4.857621E+2
5.979854E+2	4.857704E+2
5.980528E+2	4.857802E+2
5.981220E+2	4.857883E+2
5.981891E+2	4.857969E+2
5.982573E+2	4.858055E+2
5.983252E+2	4.858133E+2
5.983938E+2	4.858221E+2
5.984636E+2	4.858295E+2
5.985332E+2	4.858391E+2
5.986033E+2	4.858481E+2
5.986744E+2	4.858572E+2
5.987437E+2	4.858635E+2
5.988133E+2	4.858740E+2
5.988848E+2	4.858829E+2
5.989517E+2	4.858908E+2
5.990194E+2	4.858992E+2
5.990873E+2	4.859078E+2
5.991568E+2	4.859160E+2
5.992232E+2	4.859249E+2
5.992930E+2	4.859329E+2
5.993640E+2	4.859430E+2
5.994334E+2	4.859513E+2
5.994995E+2	4.859596E+2
5.995701E+2	4.859686E+2
5.996376E+2	4.859758E+2
5.997037E+2	4.859843E+2
5.997708E+2	4.859935E+2
5.998399E+2	4.860025E+2
5.999083E+2	4.860115E+2
5.999814E+2	4.860206E+2
6.000467E+2	4.860286E+2
6.001155E+2	0.000000E+0
6.001872E+2	4.860456E+2
6.002555E+2	4.860538E+2
6.003276E+2	4.860630E+2
6.003965E+2	4.860707E+2
6.004665E+2	4.860790E+2
6.005336E+2	4.860881E+2
6.006025E+2	4.860981E+2
6.006710E+2	4.861075E+2
6.007393E+2	4.861163E+2
6.008077E+2	4.861246E+2
6.008743E+2	4.861329E+2
6.009417E+2	4.861403E+2
6.010084E+2	4.861507E+2
6.010770E+2	4.861576E+2
6.011442E+2	4.861647E+2
6.012119E+2	4.861743E+2
6.012807E+2	4.861833E+2
6.013515E+2	4.861930E+2
6.014206E+2	4.862000E+2
6.014880E+2	4.862098E+2
6.015572E+2	4.862190E+2
6.016226E+2	4.862273E+2
6.016974E+2	4.862360E+2
6.017675E+2	4.862445E+2
6.018392E+2	4.862539E+2
6.019101E+2	4.862637E+2
6.019808E+2	4.862712E+2
6.020465E+2	4.862801E+2
6.021118E+2	4.862884E+2
6.021835E+2	4.862987E+2
6.022512E+2	4.863057E+2
6.023196E+2	4.863142E+2
6.023864E+2	0.000000E+0
6.024512E+2	4.863311E+2
6.025232E+2	4.863402E+2
6.025881E+2	4.863490E+2
6.026563E+2	4.863581E+2
6.027242E+2	4.863680E+2
6.027905E+2	4.863761E+2
6.028584E+2	4.863836E+2
6.029260E+2	4.863928E+2
6.029948E+2	4.864005E+2
6.030586E+2	4.864086E+2
6.031288E+2	4.864180E+2
6.032009E+2	4.864259E+2
6.032691E+2	4.864347E+2
6.033378E+2	4.864431E+2
6.034081E+2	4.864524E+2
6.034735E+2	4.864599E+2
6.035421E+2	4.864691E+2
6.036092E+2	4.864779E+2
6.036748E+2	4.864852E+2
6.037444E+2	4.864937E+2
6.038116E+2	4.865029E+2
6.038793E+2	4.865111E+2
6.039497E+2	4.865197E+2
6.040166E+2	4.865283E+2
6.040822E+2	4.865364E+2
6.041492E+2	4.865445E+2
6.042163E+2	4.865523E+2
6.042844E+2	4.865621E+2
6.043515E+2	4.865700E+2
6.044206E+2	4.865781E+2
6.044868E+2	4.865878E+2
6.045519E+2	4.865957E+2
6.046178E+2	4.866038E+2
6.046829E+2	4.866119E+2
6.047492E+2	4.866199E+2
6.048146E+2	4.866284E+2
6.048836E+2	4.866369E+2
6.049536E+2	4.866458E+2
6.050228E+2	4.866553E+2
6.050956E+2	4.866640E+2
6.051639E+2	4.866737E+2
6.052318E+2	4.866831E+2
6.053008E+2	4.866901E+2
6.053689E+2	4.866992E+2
6.054339E+2	4.867067E+2
6.055008E+2	4.867150E+2
6.055697E+2	4.867243E+2
6.056381E+2	4.867323E+2
6.057116E+2	4.867417E+2
6.057794E+2	4.867496E+2
6.058474E+2	4.867592E+2
6.059133E+2	4.867657E+2
6.059817E+2	4.867753E+2
6.060501E+2	4.867845E+2
6.061192E+2	4.867928E+2
6.061880E+2	4.868019E+2
6.062561E+2	4.868101E+2
6.063272E+2	4.868186E+2
6.063950E+2	4.868277E+2
6.064638E+2	4.868354E+2
6.065316E+2	4.868447E+2
6.065998E+2	4.868533E+2
6.066676E+2	4.868623E+2
6.067350E+2	4.868700E+2
6.068017E+2	4.868777E+2
6.068686E+2	4.868899E+2
6.069353E+2	4.868961E+2
6.070044E+2	4.869051E+2
6.070707E+2	4.869135E+2
6.071393E+2	4.869206E+2
6.072063E+2	4.869305E+2
6.072723E+2	4.869386E+2
6.073406E+2	4.869464E+2
6.074102E+2	4.869557E+2
6.074785E+2	4.869632E+2
6.075474E+2	4.869745E+2
6.076166E+2	4.869824E+2
6.076858E+2	4.869910E+2
6.077526E+2	4.869988E+2
6.078220E+2	4.870079E+2
6.078908E+2	4.870168E+2
6.079600E+2	4.870258E+2
6.080290E+2	4.870327E+2
6.080976E+2	4.870423E+2
6.081663E+2	4.870527E+2
6.082357E+2	4.870604E+2
6.083035E+2	4.870681E+2
6.083722E+2	4.870773E+2
6.084400E+2	4.870883E+2
6.085096E+2	4.870961E+2
6.085772E+2	4.871057E+2
6.086461E+2	4.871153E+2
6.087143E+2	4.871234E+2
6.087811E+2	4.871329E+2
6.088491E+2	4.871404E+2
6.089140E+2	4.871485E+2
6.089841E+2	4.871583E+2
6.090563E+2	4.871669E+2
6.091259E+2	4.871751E+2
6.091929E+2	4.871851E+2
6.092673E+2	4.871938E+2
6.093389E+2	4.872037E+2
6.094052E+2	4.872117E+2
6.094721E+2	4.872194E+2
6.095393E+2	4.872288E+2
6.096068E+2	4.872365E+2
6.096759E+2	4.872456E+2
6.097437E+2	4.872529E+2
6.098106E+2	4.872622E+2
6.098803E+2	4.872698E+2
6.099474E+2	4.872789E+2
6.100163E+2	4.872873E+2
6.100817E+2	4.872955E+2
6.101490E+2	4.873038E+2
6.102152E+2	4.873120E+2
6.102818E+2	4.873207E+2
6.103480E+2	4.873281E+2
6.104208E+2	4.873379E+2
6.104881E+2	4.873479E+2
6.105571E+2	4.873551E+2
6.106248E+2	4.873632E+2
6.106928E+2	4.873724E+2
6.107608E+2	4.873810E+2
6.108268E+2	4.873880E+2
6.108953E+2	4.873976E+2
6.109616E+2	4.874059E+2
6.110281E+2	4.874129E+2
6.110946E+2	4.874223E+2
6.111597E+2	4.874329E+2
6.112288E+2	4.874387E+2
6.112987E+2	4.874482E+2
6.113644E+2	4.874572E+2
6.114328E+2	4.874647E+2
6.114996E+2	4.874738E+2
6.115655E+2	4.874827E+2
6.116344E+2	4.874907E+2
6.117037E+2	4.874997E+2
6.117730E+2	4.875071E+2
6.118389E+2	4.875171E+2
6.119074E+2	4.875232E+2
6.119759E+2	4.875335E+2
6.120443E+2	4.875429E+2
6.121132E+2	4.875513E+2
6.121821E+2	4.875597E+2
6.122496E+2	4.875685E+2
6.123157E+2	4.875780E+2
6.123849E+2	4.875850E+2
6.124504E+2	4.875942E+2
6.125196E+2	4.876027E+2
6.125865E+2	4.876097E+2
6.126513E+2	4.876185E+2
6.127206E+2	4.876265E+2
6.127891E+2	4.876363E+2
6.128551E+2	4.876439E+2
6.129216E+2	4.876529E+2
6.129909E+2	4.876606E+2
6.130577E+2	4.876699E+2
6.131281E+2	0.000000E+0
6.131946E+2	4.876882E+2
6.132619E+2	4.876946E+2
6.133305E+2	4.877050E+2
6.133968E+2	4.877143E+2
6.134633E+2	4.877223E+2
6.135325E+2	4.877311E+2
6.136017E+2	4.877398E+2
6.136720E+2	4.877478E+2
6.137405E+2	4.877553E+2
6.138089E+2	4.877666E+2
6.138774E+2	4.877750E+2
6.139460E+2	4.877828E+2
6.140124E+2	4.877913E+2
6.140800E+2	4.877998E+2
6.141456E+2	4.878070E+2
6.142134E+2	4.878167E+2
6.142821E+2	4.878264E+2
6.143507E+2	4.878342E+2
6.144178E+2	4.878435E+2
6.144839E+2	4.878506E+2
6.145513E+2	4.878598E+2
6.146196E+2	4.878686E+2
6.146884E+2	4.878769E+2
6.147560E+2	4.878854E+2
6.148244E+2	4.878936E+2
6.148915E+2	4.879035E+2
6.149597E+2	4.879111E+2
6.150317E+2	4.879198E+2
6.151001E+2	4.879297E+2
6.151694E+2	4.879387E+2
6.152369E+2	4.879450E+2
6.153046E+2	4.879566E+2
6.153709E+2	4.879643E+2
6.154389E+2	4.879733E+2
6.155065E+2	4.879816E+2
6.155758E+2	4.879900E+2
6.156443E+2	4.879991E+2
6.157149E+2	4.880090E+2
6.157853E+2	4.880182E+2
6.158517E+2	4.880286E+2
6.159245E+2	4.880367E+2
6.159944E+2	4.880457E+2
6.160627E+2	4.880556E+2
6.161304E+2	4.880646E+2
6.161997E+2	4.880725E+2
6.162686E+2	4.880867E+2
6.163359E+2	4.880944E+2
6.164042E+2	4.881041E+2
6.164728E+2	4.881158E+2
6.165450E+2	4.881286E+2
6.166130E+2	4.881364E+2
6.166787E+2	4.881466E+2
6.167491E+2	4.881538E+2
6.168144E+2	4.881629E+2
6.168809E+2	4.881712E+2
6.169484E+2	4.881795E+2
6.170181E+2	4.881871E+2
6.170868E+2	4.881986E+2
6.171562E+2	4.882063E+2
6.172249E+2	4.882150E+2
6.172935E+2	4.882238E+2
6.173601E+2	4.882319E+2
6.174259E+2	4.882401E+2
6.174941E+2	4.882493E+2
6.175610E+2	4.882583E+2
6.176281E+2	4.882669E+2
6.176980E+2	4.882752E+2
6.177628E+2	4.882837E+2
6.178366E+2	4.882932E+2
6.179076E+2	4.883019E+2
6.179768E+2	4.883123E+2
6.180483E+2	4.883207E+2
6.181193E+2	4.883307E+2
6.181864E+2	4.883382E+2
6.182548E+2	4.883483E+2
6.183215E+2	4.883568E+2
6.183892E+2	4.883656E+2
6.184584E+2	4.883747E+2
6.185299E+2	4.883828E+2
6.185995E+2	4.883921E+2
6.186697E+2	4.884015E+2
6.187390E+2	4.884095E+2
6.188079E+2	4.884187E+2
6.188786E+2	4.884275E+2
6.189476E+2	4.884361E+2
6.190172E+2	4.884444E+2
6.190835E+2	4.884532E+2
6.191509E+2	4.884623E+2
6.192156E+2	4.884715E+2
6.192871E+2	4.884801E+2
6.193553E+2	4.884894E+2
6.194220E+2	4.884989E+2
6.194919E+2	4.885060E+2
6.195599E+2	4.885160E+2
6.196265E+2	4.885245E+2
6.196951E+2	4.885337E+2
6.197639E+2	4.885425E+2
6.198287E+2	4.885494E+2
6.198953E+2	4.885570E+2
6.199629E+2	4.885662E+2
6.200357E+2	4.885752E+2
6.200991E+2	4.885842E+2
6.201681E+2	4.885931E+2
6.202339E+2	4.886017E+2
6.203015E+2	4.886102E+2
6.203689E+2	4.886181E+2
6.204375E+2	4.886279E+2
6.205036E+2	4.886352E+2
6.205717E+2	4.886454E+2
6.206398E+2	4.886547E+2
6.207115E+2	4.886629E+2
6.207812E+2	4.886715E+2
6.208497E+2	4.886816E+2
6.209213E+2	4.886906E+2
6.209901E+2	4.886993E+2
6.210575E+2	4.887080E+2
6.211247E+2	4.887155E+2
6.211940E+2	4.887252E+2
6.212619E+2	4.887346E+2
6.213306E+2	4.887420E+2
6.214032E+2	4.887514E+2
6.214713E+2	4.887607E+2
6.215408E+2	4.887702E+2
6.216124E+2	4.887799E+2
6.216813E+2	4.887876E+2
6.217511E+2	4.887967E+2
6.218185E+2	4.888061E+2
6.218859E+2	4.888135E+2
6.219536E+2	4.888240E+2
6.220252E+2	4.888312E+2
6.220899E+2	4.888408E+2
6.221584E+2	4.888492E+2
6.222257E+2	4.888583E+2
6.222951E+2	4.888680E+2
6.223622E+2	4.888767E+2
6.224308E+2	4.888842E+2
6.224984E+2	4.888930E+2
6.225658E+2	4.889017E+2
6.226331E+2	4.889103E+2
6.226978E+2	4.889179E+2
6.227659E+2	4.889272E+2
6.228344E+2	4.889369E+2
6.228999E+2	4.889450E+2
6.229709E+2	4.889542E+2
6.230390E+2	4.889621E+2
6.231040E+2	4.889706E+2
6.231725E+2	4.889804E+2
6.232409E+2	4.889880E+2
6.233098E+2	4.889977E+2
6.233790E+2	4.890065E+2
6.234481E+2	4.890144E+2
6.235151E+2	4.890241E+2
6.235858E+2	4.890328E+2
6.236533E+2	4.890416E+2
6.237221E+2	4.890497E+2
6.237909E+2	4.890586E+2
6.238559E+2	4.890681E+2
6.239232E+2	4.890770E+2
6.239920E+2	4.890855E+2
6.240608E+2	4.890942E+2
6.241283E+2	4.891021E+2
6.241992E+2	4.891124E+2
6.242650E+2	4.891194E+2
6.243328E+2	4.891285E+2
6.244021E+2	4.891375E+2
6.244679E+2	4.891462E+2
6.245336E+2	4.891549E+2
6.246020E+2	4.891639E+2
6.246698E+2	4.891722E+2
6.247360E+2	4.891809E+2
6.248022E+2	4.891893E+2
6.248672E+2	4.891969E+2
6.249354E+2	4.892063E+2
6.250019E+2	4.892141E+2
6.250693E+2	4.892237E+2
6.251353E+2	4.892327E+2
6.252041E+2	4.892410E+2
6.252718E+2	4.892506E+2
6.253417E+2	4.892590E+2
6.254133E+2	4.892676E+2
6.254855E+2	4.892770E+2
6.255527E+2	4.892876E+2
6.256248E+2	4.892952E+2
6.256925E+2	4.893046E+2
6.257605E+2	4.893128E+2
6.258289E+2	4.893207E+2
6.258973E+2	4.893308E+2
6.259662E+2	4.893393E+2
6.260316E+2	4.893481E+2
6.260984E+2	4.893566E+2
6.261670E+2	4.893654E+2
6.262337E+2	4.893747E+2
6.263059E+2	4.893850E+2
6.263766E+2	4.893936E+2
6.264466E+2	4.894026E+2
6.265139E+2	4.894119E+2
6.265799E+2	4.894212E+2
6.266470E+2	4.894290E+2
6.267155E+2	4.894377E+2
6.267837E+2	4.894464E+2
6.268515E+2	4.894544E+2
6.269206E+2	4.894650E+2
6.269894E+2	4.894719E+2
6.270610E+2	4.894833E+2
6.271308E+2	4.894924E+2
6.272001E+2	4.894990E+2
6.272697E+2	4.895095E+2
6.273386E+2	4.895187E+2
6.274074E+2	4.895282E+2
6.274763E+2	4.895373E+2
6.275423E+2	4.895454E+2
6.276111E+2	4.895538E+2
6.276816E+2	4.895624E+2
6.277481E+2	4.895719E+2
6.278159E+2	4.895792E+2
6.278861E+2	4.895893E+2
6.279549E+2	4.895985E+2
6.280218E+2	4.896069E+2
6.280910E+2	4.896150E+2
6.281582E+2	4.896252E+2
6.282280E+2	4.896347E+2
6.282940E+2	4.896430E+2
6.283637E+2	4.896515E+2
6.284309E+2	4.896601E+2
6.285012E+2	4.896683E+2
6.285695E+2	4.896787E+2
6.286372E+2	4.896867E+2
6.287017E+2	4.896949E+2
6.287685E+2	4.897047E+2
6.288374E+2	4.897126E+2
6.289042E+2	4.897219E+2
6.289702E+2	4.897297E+2
6.290404E+2	4.897385E+2
6.291106E+2	4.897476E+2
6.291802E+2	4.897563E+2
6.292493E+2	4.897659E+2
6.293163E+2	4.897748E+2
6.293837E+2	4.897835E+2
6.294494E+2	4.897911E+2
6.295183E+2	4.898023E+2
6.295891E+2	4.898105E+2
6.296598E+2	4.898206E+2
6.297294E+2	4.898284E+2
6.298014E+2	4.898373E+2
6.298697E+2	4.898476E+2
6.299434E+2	4.898571E+2
6.300138E+2	4.898652E+2
6.300788E+2	4.898736E+2
6.301470E+2	4.898827E+2
6.302162E+2	4.898920E+2
6.302855E+2	4.898995E+2
6.303543E+2	4.899095E+2
6.304231E+2	4.899187E+2
6.304942E+2	4.899281E+2
6.305638E+2	4.899372E+2
6.306345E+2	4.899453E+2
6.307079E+2	4.899552E+2
6.307748E+2	4.899646E+2
6.308448E+2	4.899732E+2
6.309109E+2	4.899817E+2
6.309781E+2	4.899912E+2
6.310451E+2	4.899989E+2
6.311111E+2	4.900086E+2
6.311776E+2	4.900171E+2
6.312483E+2	4.900247E+2
6.313139E+2	4.900341E+2
6.313816E+2	4.900440E+2
6.314494E+2	4.900494E+2
6.315169E+2	4.900589E+2
6.315859E+2	4.900680E+2
6.316545E+2	4.900781E+2
6.317207E+2	4.900862E+2
6.317897E+2	4.900957E+2
6.318586E+2	4.901048E+2
6.319297E+2	4.901128E+2
6.320009E+2	4.901212E+2
6.320672E+2	4.901312E+2
6.321388E+2	4.901403E+2
6.322082E+2	4.901489E+2
6.322759E+2	4.901591E+2
6.323459E+2	4.901675E+2
6.324158E+2	4.901755E+2
6.324806E+2	4.901851E+2
6.325506E+2	4.901947E+2
6.326192E+2	4.902029E+2
6.326866E+2	4.902116E+2
6.327560E+2	4.902198E+2
6.328229E+2	4.902304E+2
6.328911E+2	4.902391E+2
6.329617E+2	4.902470E+2
6.330309E+2	4.902566E+2
6.330986E+2	4.902649E+2
6.331648E+2	4.902737E+2
6.332315E+2	4.902823E+2
6.333005E+2	4.902912E+2
6.333718E+2	4.903022E+2
6.334413E+2	4.903107E+2
6.335128E+2	4.903197E+2
6.335841E+2	4.903295E+2
6.336560E+2	4.903382E+2
6.337274E+2	4.903479E+2
6.337993E+2	4.903574E+2
6.338683E+2	4.903658E+2
6.339366E+2	4.903762E+2
6.340056E+2	4.903862E+2
6.340738E+2	4.903959E+2
6.341399E+2	4.904051E+2
6.342075E+2	4.904137E+2
6.342758E+2	4.904227E+2
6.343438E+2	4.904308E+2
6.344161E+2	4.904403E+2
6.344826E+2	4.904496E+2
6.345512E+2	4.904572E+2
6.346175E+2	4.904666E+2
6.346867E+2	4.904757E+2
6.347525E+2	4.904834E+2
6.348193E+2	4.904912E+2
6.348862E+2	4.905024E+2
6.349525E+2	0.000000E+0
6.350202E+2	4.905195E+2
6.350935E+2	4.905283E+2
6.351640E+2	4.905382E+2
6.352337E+2	4.905470E+2
6.353013E+2	4.905568E+2
6.353690E+2	4.905638E+2
6.354354E+2	4.905741E+2
6.355002E+2	4.905821E+2
6.355696E+2	4.905894E+2
6.356361E+2	4.906003E+2
6.357086E+2	4.906088E+2
6.357745E+2	4.906187E+2
6.358446E+2	4.906273E+2
6.359134E+2	4.906367E+2
6.359784E+2	4.906439E+2
6.360445E+2	4.906536E+2
6.361130E+2	4.906617E+2
6.361827E+2	4.906703E+2
6.362515E+2	4.906797E+2
6.363216E+2	4.906896E+2
6.363895E+2	4.906980E+2
6.364600E+2	4.907084E+2
6.365291E+2	4.907163E+2
6.365985E+2	4.907253E+2
6.366643E+2	4.907342E+2
6.367320E+2	4.907433E+2
6.368032E+2	4.907518E+2
6.368698E+2	4.907611E+2
6.369345E+2	4.907684E+2
6.370036E+2	4.907781E+2
6.370736E+2	4.907862E+2
6.371398E+2	4.907958E+2
6.372149E+2	4.908054E+2
6.372836E+2	4.908139E+2
6.373503E+2	4.908218E+2
6.374170E+2	4.908316E+2
6.374856E+2	4.908406E+2
6.375513E+2	4.908499E+2
6.376192E+2	4.908576E+2
6.376858E+2	4.908668E+2
6.377534E+2	4.908755E+2
6.378242E+2	4.908844E+2
6.378927E+2	4.908940E+2
6.379623E+2	4.909034E+2
6.380280E+2	4.909124E+2
6.380953E+2	4.909208E+2
6.381628E+2	4.909303E+2
6.382324E+2	4.909381E+2
6.383006E+2	4.909485E+2
6.383731E+2	4.909566E+2
6.384432E+2	4.909663E+2
6.385099E+2	4.909751E+2
6.385813E+2	4.909843E+2
6.386505E+2	4.909933E+2
6.387207E+2	4.910040E+2
6.387882E+2	4.910126E+2
6.388552E+2	4.910206E+2
6.389217E+2	4.910291E+2
6.389897E+2	4.910389E+2
6.390578E+2	4.910478E+2
6.391271E+2	4.910559E+2
6.391987E+2	4.910648E+2
6.392629E+2	4.910743E+2
6.393344E+2	4.910835E+2
6.394020E+2	4.910919E+2
6.394718E+2	4.911011E+2
6.395391E+2	4.911098E+2
6.396089E+2	4.911193E+2
6.396770E+2	4.911278E+2
6.397450E+2	4.911373E+2
6.398154E+2	4.911469E+2
6.398819E+2	4.911562E+2
6.399488E+2	4.911643E+2
6.400150E+2	4.911735E+2
6.400865E+2	4.911815E+2
6.401526E+2	4.911912E+2
6.402188E+2	4.911998E+2
6.402857E+2	4.912084E+2
6.403504E+2	4.912168E+2
6.404186E+2	4.912257E+2
6.404900E+2	0.000000E+0
6.405550E+2	4.912448E+2
6.406254E+2	4.912536E+2
6.406936E+2	4.912624E+2
6.407606E+2	4.912708E+2
6.408297E+2	4.912793E+2
6.408994E+2	4.912887E+2
6.409669E+2	4.912972E+2
6.410362E+2	4.913072E+2
6.411049E+2	4.913153E+2
6.411744E+2	4.913249E+2
6.412445E+2	4.913337E+2
6.413101E+2	4.913427E+2
6.413783E+2	4.913521E+2
6.414462E+2	4.913607E+2
6.415141E+2	4.913692E+2
6.415802E+2	4.913784E+2
6.416467E+2	4.913875E+2
6.417133E+2	4.913952E+2
6.417784E+2	4.914053E+2
6.418471E+2	4.914125E+2
6.419187E+2	4.914233E+2
6.419831E+2	4.914317E+2
6.420506E+2	4.914406E+2
6.421200E+2	4.914510E+2
6.421861E+2	4.914596E+2
6.422521E+2	4.914674E+2
6.423187E+2	4.914766E+2
6.423880E+2	4.914854E+2
6.424593E+2	4.914959E+2
6.425259E+2	4.915045E+2
6.425963E+2	4.915137E+2
6.426658E+2	4.915232E+2
6.427355E+2	4.915344E+2
6.428058E+2	4.915426E+2
6.428720E+2	4.915513E+2
6.429380E+2	4.915616E+2
6.430083E+2	4.915699E+2
6.430767E+2	4.915801E+2
6.431426E+2	4.915867E+2
6.432115E+2	4.915969E+2
6.432784E+2	4.916074E+2
6.433476E+2	4.916155E+2
6.434149E+2	4.916254E+2
6.434814E+2	4.916327E+2
6.435498E+2	4.916419E+2
6.436186E+2	4.916513E+2
6.436863E+2	4.916606E+2
6.437518E+2	4.916687E+2
6.438186E+2	4.916779E+2
6.438898E+2	4.916878E+2
6.439562E+2	4.916977E+2
6.440257E+2	4.917058E+2
6.440913E+2	4.917141E+2
6.441572E+2	4.917231E+2
6.442241E+2	4.917329E+2
6.442918E+2	4.917416E+2
6.443601E+2	4.917502E+2
6.444285E+2	4.917599E+2
6.444974E+2	4.917688E+2
6.445676E+2	4.917795E+2
6.446359E+2	4.917874E+2
6.447016E+2	4.917961E+2
6.447702E+2	4.918051E+2
6.448399E+2	4.918139E+2
6.449080E+2	4.918227E+2
6.449764E+2	4.918317E+2
6.450421E+2	4.918405E+2
6.451140E+2	4.918505E+2
6.451844E+2	4.918593E+2
6.452540E+2	4.918700E+2
6.453208E+2	4.918784E+2
6.453880E+2	4.918856E+2
6.454604E+2	4.918963E+2
6.455261E+2	4.919045E+2
6.455923E+2	4.919127E+2
6.456607E+2	4.919233E+2
6.457288E+2	4.919324E+2
6.457974E+2	4.919409E+2
6.458678E+2	4.919511E+2
6.459374E+2	4.919601E+2
6.460054E+2	4.919704E+2
6.460771E+2	4.919800E+2
6.461459E+2	4.919890E+2
6.462138E+2	4.919987E+2
6.462848E+2	4.920077E+2
6.463511E+2	4.920161E+2
6.464163E+2	4.920240E+2
6.464842E+2	4.920338E+2
6.465529E+2	4.920426E+2
6.466242E+2	4.920514E+2
6.466954E+2	4.920616E+2
6.467646E+2	4.920716E+2
6.468323E+2	4.920801E+2
6.469026E+2	4.920894E+2
6.469725E+2	4.920977E+2
6.470379E+2	4.921071E+2
6.471056E+2	4.921160E+2
6.471761E+2	4.921254E+2
6.472425E+2	4.921346E+2
6.473082E+2	4.921434E+2
6.473793E+2	4.921524E+2
6.474462E+2	4.921621E+2
6.475150E+2	4.921704E+2
6.475849E+2	4.921791E+2
6.476525E+2	4.921892E+2
6.477181E+2	4.921974E+2
6.477876E+2	4.922070E+2
6.478549E+2	4.922149E+2
6.479192E+2	4.922246E+2
6.479886E+2	4.922332E+2
6.480578E+2	4.922420E+2
6.481281E+2	4.922506E+2
6.481937E+2	4.922609E+2
6.482663E+2	4.922705E+2
6.483345E+2	4.922798E+2
6.484043E+2	4.922893E+2
6.484729E+2	4.922982E+2
6.485415E+2	4.923079E+2
6.486096E+2	4.923164E+2
6.486748E+2	4.923256E+2
6.487438E+2	4.923348E+2
6.488116E+2	4.923448E+2
6.488783E+2	4.923549E+2
6.489498E+2	4.923626E+2
6.490192E+2	4.923726E+2
6.490874E+2	4.923822E+2
6.491563E+2	4.923906E+2
6.492221E+2	4.923992E+2
6.492888E+2	4.924090E+2
6.493561E+2	4.924191E+2
6.494245E+2	4.924275E+2
6.494923E+2	4.924380E+2
6.495646E+2	4.924476E+2
6.496336E+2	4.924561E+2
6.496995E+2	4.924654E+2
6.497678E+2	4.924749E+2
6.498342E+2	4.924833E+2
6.499006E+2	4.924925E+2
6.499688E+2	4.925003E+2
6.500387E+2	4.925101E+2
6.501072E+2	4.925194E+2
6.501757E+2	4.925298E+2
6.502438E+2	4.925394E+2
6.503152E+2	4.925485E+2
6.503828E+2	4.925569E+2
6.504536E+2	4.925658E+2
6.505228E+2	4.925756E+2
6.505901E+2	4.925844E+2
6.506562E+2	4.925936E+2
6.507223E+2	4.926022E+2
6.507902E+2	4.926110E+2
6.508594E+2	4.926213E+2
6.509281E+2	4.926305E+2
6.509955E+2	4.926390E+2
6.510656E+2	4.926480E+2
6.511377E+2	4.926572E+2
6.512059E+2	4.926670E+2
6.512743E+2	4.926759E+2
6.513443E+2	4.926845E+2
6.514124E+2	4.926945E+2
6.514795E+2	4.927032E+2
6.515449E+2	4.927127E+2
6.516145E+2	4.927196E+2
6.516844E+2	4.927299E+2
6.517494E+2	4.927403E+2
6.518209E+2	4.927490E+2
6.518891E+2	4.927589E+2
6.519578E+2	4.927683E+2
6.520252E+2	4.927787E+2
6.520920E+2	4.927874E+2
6.521584E+2	4.927969E+2
6.522270E+2	4.928063E+2
6.522958E+2	4.928186E+2
6.523641E+2	4.928287E+2
6.524337E+2	4.928372E+2
6.525009E+2	4.928472E+2
6.525700E+2	4.928565E+2
6.526372E+2	4.928649E+2
6.527039E+2	4.928742E+2
6.527704E+2	4.928835E+2
6.528376E+2	4.928917E+2
6.529050E+2	4.929004E+2
6.529729E+2	4.929111E+2
6.530399E+2	4.929195E+2
6.531082E+2	4.929300E+2
6.531767E+2	4.929378E+2
6.532436E+2	4.929471E+2
6.533105E+2	4.929544E+2
6.533777E+2	4.929646E+2
6.534485E+2	4.929749E+2
6.535156E+2	4.929838E+2
6.535861E+2	4.929932E+2
6.536535E+2	4.930006E+2
6.537240E+2	4.930125E+2
6.537933E+2	4.930203E+2
6.538628E+2	4.930298E+2
6.539321E+2	4.930381E+2
6.539978E+2	4.930486E+2
6.540659E+2	4.930575E+2
6.541344E+2	4.930674E+2
6.542039E+2	4.930762E+2
6.542704E+2	4.930849E+2
6.543405E+2	4.930945E+2
6.544085E+2	4.931041E+2
6.544793E+2	4.931134E+2
6.545508E+2	4.931223E+2
6.546191E+2	4.931323E+2
6.546885E+2	4.931413E+2
6.547555E+2	4.931504E+2
6.548219E+2	4.931586E+2
6.548905E+2	4.931680E+2
6.549589E+2	4.931775E+2
6.550266E+2	4.931873E+2
6.550931E+2	4.931965E+2
6.551616E+2	4.932062E+2
6.552317E+2	4.932143E+2
6.552993E+2	4.932231E+2
6.553653E+2	4.932324E+2
6.554320E+2	4.932437E+2
6.554996E+2	4.932524E+2
6.555670E+2	4.932633E+2
6.556368E+2	4.932735E+2
6.557056E+2	4.932808E+2
6.557758E+2	4.932910E+2
6.558427E+2	4.933011E+2
6.559172E+2	4.933103E+2
6.559867E+2	4.933202E+2
6.560556E+2	4.933281E+2
6.561240E+2	4.933384E+2
6.561920E+2	4.933485E+2
6.562616E+2	4.933578E+2
6.563281E+2	4.933657E+2
6.563969E+2	4.933756E+2
6.564684E+2	4.933847E+2
6.565348E+2	4.933939E+2
6.566044E+2	4.934031E+2
6.566708E+2	4.934123E+2
6.567400E+2	4.934223E+2
6.568067E+2	4.934355E+2
6.568746E+2	4.934430E+2
6.569413E+2	4.934565E+2
6.570100E+2	4.934653E+2
6.570791E+2	4.934745E+2
6.571492E+2	4.934849E+2
6.572201E+2	4.934948E+2
6.572892E+2	4.935046E+2
6.573580E+2	4.935122E+2
6.574258E+2	4.935222E+2
6.574911E+2	4.935314E+2
6.575569E+2	4.935391E+2
6.576254E+2	4.935498E+2
6.576951E+2	4.935588E+2
6.577623E+2	4.935675E+2
6.578287E+2	4.935771E+2
6.578981E+2	4.935861E+2
6.579673E+2	4.935957E+2
6.580360E+2	4.936049E+2
6.581023E+2	4.936141E+2
6.581708E+2	4.936239E+2
6.582405E+2	4.936320E+2
6.583078E+2	4.936409E+2
6.583749E+2	4.936502E+2
6.584432E+2	4.936600E+2
6.585139E+2	4.936693E+2
6.585806E+2	4.936793E+2
6.586530E+2	4.936892E+2
6.587195E+2	4.936970E+2
6.587901E+2	4.937069E+2
6.588590E+2	4.937168E+2
6.589283E+2	4.937259E+2
6.589971E+2	4.937345E+2
6.590651E+2	4.937438E+2
6.591305E+2	4.937533E+2
6.591986E+2	4.937649E+2
6.592687E+2	4.937751E+2
6.593343E+2	4.937840E+2
6.594054E+2	4.937937E+2
6.594758E+2	4.938048E+2
6.595424E+2	4.938133E+2
6.596112E+2	4.938229E+2
6.596828E+2	4.938330E+2
6.597500E+2	4.938409E+2
6.598163E+2	4.938504E+2
6.598846E+2	4.938588E+2
6.599521E+2	4.938686E+2
6.600219E+2	4.938774E+2
6.600886E+2	4.938866E+2
6.601570E+2	4.938950E+2
6.602235E+2	4.939057E+2
6.602918E+2	4.939142E+2
6.603611E+2	4.939239E+2
6.604285E+2	4.939319E+2
6.604953E+2	4.939415E+2
6.605636E+2	4.939505E+2
6.606309E+2	4.939601E+2
6.607040E+2	4.939702E+2
6.607707E+2	4.939794E+2
6.608445E+2	4.939902E+2
6.609166E+2	4.939989E+2
6.609855E+2	4.940078E+2
6.610547E+2	4.940163E+2
6.611236E+2	4.940267E+2
6.611918E+2	4.940349E+2
6.612586E+2	4.940444E+2
6.613275E+2	4.940546E+2
6.613971E+2	4.940627E+2
6.614678E+2	4.940739E+2
6.615364E+2	4.940822E+2
6.616076E+2	4.940927E+2
6.616759E+2	4.941025E+2
6.617497E+2	4.941121E+2
6.618170E+2	4.941215E+2
6.618829E+2	4.941297E+2
6.619511E+2	4.941387E+2
6.620190E+2	4.941478E+2
6.620854E+2	4.941567E+2
6.621534E+2	4.941672E+2
6.622220E+2	4.941750E+2
6.622904E+2	4.941851E+2
6.623624E+2	4.941948E+2
6.624313E+2	4.942048E+2
6.624984E+2	4.942125E+2
6.625657E+2	4.942225E+2
6.626348E+2	4.942307E+2
6.627033E+2	4.942409E+2
6.627693E+2	4.942499E+2
6.628353E+2	4.942595E+2
6.629039E+2	4.942693E+2
6.629713E+2	4.942776E+2
6.630426E+2	4.942881E+2
6.631140E+2	4.942978E+2
6.631805E+2	4.943058E+2
6.632487E+2	4.943156E+2
6.633159E+2	4.943256E+2
6.633850E+2	4.943348E+2
6.634513E+2	4.943425E+2
6.635210E+2	4.943519E+2
6.635902E+2	4.943615E+2
6.636587E+2	4.943710E+2
6.637253E+2	4.943806E+2
6.637959E+2	4.943901E+2
6.638674E+2	4.944005E+2
6.639355E+2	4.944178E+2
6.640039E+2	4.944286E+2
6.640725E+2	4.944379E+2
6.641411E+2	4.944469E+2
6.642048E+2	4.944560E+2
6.642752E+2	4.944659E+2
6.643423E+2	4.944744E+2
6.644120E+2	4.944856E+2
6.644833E+2	4.944943E+2
6.645494E+2	4.945029E+2
6.646176E+2	4.945123E+2
6.646860E+2	4.945221E+2
6.647522E+2	4.945308E+2
6.648179E+2	4.945405E+2
6.648835E+2	4.945487E+2
6.649516E+2	4.945596E+2
6.650252E+2	4.945699E+2
6.650926E+2	4.945781E+2
6.651624E+2	4.945877E+2
6.652312E+2	4.945981E+2
6.652972E+2	4.946059E+2
6.653620E+2	4.946153E+2
6.654280E+2	4.946256E+2
6.654941E+2	4.946340E+2
6.655643E+2	4.946433E+2
6.656326E+2	4.946542E+2
6.657039E+2	4.946622E+2
6.657736E+2	4.946723E+2
6.658472E+2	4.946838E+2
6.659216E+2	4.946930E+2
6.659932E+2	4.947016E+2
6.660599E+2	4.947103E+2
6.661281E+2	4.947212E+2
6.661969E+2	4.947293E+2
6.662631E+2	4.947384E+2
6.663306E+2	4.947485E+2
6.663982E+2	4.947580E+2
6.664669E+2	4.947685E+2
6.665388E+2	4.947782E+2
6.666100E+2	4.947887E+2
6.666785E+2	4.947989E+2
6.667510E+2	4.948090E+2
6.668165E+2	4.948173E+2
6.668855E+2	4.948274E+2
6.669524E+2	4.948365E+2
6.670189E+2	4.948452E+2
6.670843E+2	4.948560E+2
6.671552E+2	4.948653E+2
6.672224E+2	4.948742E+2
6.672918E+2	4.948848E+2
6.673583E+2	4.948917E+2
6.674259E+2	4.949022E+2
6.674922E+2	4.949105E+2
6.675572E+2	4.949203E+2
6.676256E+2	4.949291E+2
6.676906E+2	4.949381E+2
6.677584E+2	4.949472E+2
6.678260E+2	4.949577E+2
6.678948E+2	4.949673E+2
6.679644E+2	4.949765E+2
6.680313E+2	4.949849E+2
6.680987E+2	4.949950E+2
6.681671E+2	4.950038E+2
6.682370E+2	4.950141E+2
6.683051E+2	4.950230E+2
6.683715E+2	4.950334E+2
6.684360E+2	4.950428E+2
6.685045E+2	4.950537E+2
6.685742E+2	4.950630E+2
6.686422E+2	4.950717E+2
6.687094E+2	4.950816E+2
6.687772E+2	4.950913E+2
6.688451E+2	4.950997E+2
6.689144E+2	4.951098E+2
6.689820E+2	4.951198E+2
6.690483E+2	4.951289E+2
6.691159E+2	4.951375E+2
6.691842E+2	4.951477E+2
6.692545E+2	4.951571E+2
6.693244E+2	4.951664E+2
6.693909E+2	4.951772E+2
6.694603E+2	4.951855E+2
6.695271E+2	4.951945E+2
6.695954E+2	4.952034E+2
6.696644E+2	4.952136E+2
6.697319E+2	4.952236E+2
6.698015E+2	4.952319E+2
6.698716E+2	4.952412E+2
6.699363E+2	4.952518E+2
6.700051E+2	4.952607E+2
6.700719E+2	4.952706E+2
6.701405E+2	4.952786E+2
6.702092E+2	4.952892E+2
6.702766E+2	4.952980E+2
6.703410E+2	4.953070E+2
6.704106E+2	4.953164E+2
6.704785E+2	4.953255E+2
6.705464E+2	4.953342E+2
6.706145E+2	4.953471E+2
6.706827E+2	4.953561E+2
6.707511E+2	4.953657E+2
6.708165E+2	4.953739E+2
6.708825E+2	4.953834E+2
6.709496E+2	4.953986E+2
6.710174E+2	4.954063E+2
6.710890E+2	4.954190E+2
6.711567E+2	4.954288E+2
6.712228E+2	4.954374E+2
6.712885E+2	4.954469E+2
6.713550E+2	4.954555E+2
6.714213E+2	4.954646E+2
6.714877E+2	4.954744E+2
6.715569E+2	4.954849E+2
6.716259E+2	4.954925E+2
6.716936E+2	4.955028E+2
6.717641E+2	4.955128E+2
6.718318E+2	4.955220E+2
6.718997E+2	4.955310E+2
6.719675E+2	4.955411E+2
6.720379E+2	4.955498E+2
6.721058E+2	4.955603E+2
6.721757E+2	4.955698E+2
6.722424E+2	4.955779E+2
6.723115E+2	4.955886E+2
6.723793E+2	4.955969E+2
6.724474E+2	4.956079E+2
6.725168E+2	4.956183E+2
6.725880E+2	4.956280E+2
6.726569E+2	4.956369E+2
6.727271E+2	4.956451E+2
6.727952E+2	4.956554E+2
6.728614E+2	4.956640E+2
6.729294E+2	4.956754E+2
6.730010E+2	4.956839E+2
6.730685E+2	4.956934E+2
6.731361E+2	4.957021E+2
6.732076E+2	4.957117E+2
6.732751E+2	4.957209E+2
6.733429E+2	4.957313E+2
6.734118E+2	4.957402E+2
6.734802E+2	4.957502E+2
6.735491E+2	4.957588E+2
6.736168E+2	4.957690E+2
6.736814E+2	4.957773E+2
6.737483E+2	4.957857E+2
6.738156E+2	4.957971E+2
6.738848E+2	4.958061E+2
6.739491E+2	4.958148E+2
6.740180E+2	4.958246E+2
6.740841E+2	4.958337E+2
6.741526E+2	4.958442E+2
6.742198E+2	4.958526E+2
6.742870E+2	4.958614E+2
6.743536E+2	4.958712E+2
6.744222E+2	4.958802E+2
6.744876E+2	4.958902E+2
6.745572E+2	4.958996E+2
6.746269E+2	4.959086E+2
6.746935E+2	4.959180E+2
6.747624E+2	4.959280E+2
6.748324E+2	4.959383E+2
6.748989E+2	4.959472E+2
6.749639E+2	4.959573E+2
6.750310E+2	4.959655E+2
6.750993E+2	4.959745E+2
6.751681E+2	4.959855E+2
6.752393E+2	4.959952E+2
6.753091E+2	4.960042E+2
6.753741E+2	4.960135E+2
6.754437E+2	4.960232E+2
6.755142E+2	4.960319E+2
6.755832E+2	4.960428E+2
6.756524E+2	4.960534E+2
6.757201E+2	4.960614E+2
6.757863E+2	4.960735E+2
6.758554E+2	4.960825E+2
6.759207E+2	4.960917E+2
6.759903E+2	4.961016E+2
6.760567E+2	4.961098E+2
6.761242E+2	4.961194E+2
6.761931E+2	4.961299E+2
6.762619E+2	4.961397E+2
6.763313E+2	4.961483E+2
6.763995E+2	4.961587E+2
6.764709E+2	4.961694E+2
6.765416E+2	4.961781E+2
6.766074E+2	4.961878E+2
6.766814E+2	4.961977E+2
6.767453E+2	4.962069E+2
6.768152E+2	4.962164E+2
6.768835E+2	4.962258E+2
6.769495E+2	4.962351E+2
6.770187E+2	4.962443E+2
6.770878E+2	4.962534E+2
6.771545E+2	4.962642E+2
6.772257E+2	4.962736E+2
6.772950E+2	4.962829E+2
6.773624E+2	4.962923E+2
6.774333E+2	4.963027E+2
6.775024E+2	4.963124E+2
6.775721E+2	4.963213E+2
6.776411E+2	4.963317E+2
6.777097E+2	4.963412E+2
6.777763E+2	4.963489E+2
6.778451E+2	4.963591E+2
6.779123E+2	4.963697E+2
6.779802E+2	4.963788E+2
6.780504E+2	4.963877E+2
6.781152E+2	4.963985E+2
6.781833E+2	4.964071E+2
6.782502E+2	4.964169E+2
6.783167E+2	4.964268E+2
6.783856E+2	4.964350E+2
6.784541E+2	4.964462E+2
6.785214E+2	4.964549E+2
6.785887E+2	4.964650E+2
6.786575E+2	4.964734E+2
6.787265E+2	4.964851E+2
6.787950E+2	4.964951E+2
6.788634E+2	0.000000E+0
6.789309E+2	4.965150E+2
6.789988E+2	4.965240E+2
6.790662E+2	4.965336E+2
6.791331E+2	4.965431E+2
6.792009E+2	4.965535E+2
6.792706E+2	4.965633E+2
6.793397E+2	4.965738E+2
6.794071E+2	4.965832E+2
6.794781E+2	4.965920E+2
6.795437E+2	4.966019E+2
6.796123E+2	4.966126E+2
6.796829E+2	4.966209E+2
6.797506E+2	4.966311E+2
6.798161E+2	4.966407E+2
6.798828E+2	4.966489E+2
6.799480E+2	4.966587E+2
6.800199E+2	4.966696E+2
6.800863E+2	4.966799E+2
6.801534E+2	4.966876E+2
6.802200E+2	4.966973E+2
6.802847E+2	4.967063E+2
6.803531E+2	4.967163E+2
6.804217E+2	4.967258E+2
6.804901E+2	4.967354E+2
6.805569E+2	4.967452E+2
6.806249E+2	4.967542E+2
6.806962E+2	4.967653E+2
6.807605E+2	4.967739E+2
6.808321E+2	4.967829E+2
6.808998E+2	4.967923E+2
6.809667E+2	4.968021E+2
6.810342E+2	4.968134E+2
6.811002E+2	4.968213E+2
6.811683E+2	4.968302E+2
6.812355E+2	4.968413E+2
6.813030E+2	4.968505E+2
6.813706E+2	4.968593E+2
6.814384E+2	4.968686E+2
6.815046E+2	4.968775E+2
6.815705E+2	4.968875E+2
6.816386E+2	4.968973E+2
6.817052E+2	4.969056E+2
6.817725E+2	4.969139E+2
6.818401E+2	4.969259E+2
6.819054E+2	4.969357E+2
6.819744E+2	4.969453E+2
6.820414E+2	4.969542E+2
6.821124E+2	4.969651E+2
6.821806E+2	4.969759E+2
6.822471E+2	4.969854E+2
6.823125E+2	4.969965E+2
6.823787E+2	4.970052E+2
6.824486E+2	4.970147E+2
6.825145E+2	4.970238E+2
6.825839E+2	4.970322E+2
6.826532E+2	4.970433E+2
6.827206E+2	4.970523E+2
6.827886E+2	4.970618E+2
6.828557E+2	4.970708E+2
6.829227E+2	4.970801E+2
6.829922E+2	4.970911E+2
6.830599E+2	4.970991E+2
6.831262E+2	4.971093E+2
6.831940E+2	4.971174E+2
6.832626E+2	4.971272E+2
6.833300E+2	4.971385E+2
6.833964E+2	4.971469E+2
6.834621E+2	4.971555E+2
6.835280E+2	4.971645E+2
6.835977E+2	4.971743E+2
6.836645E+2	4.971835E+2
6.837323E+2	4.971934E+2
6.837996E+2	4.972033E+2
6.838684E+2	4.972124E+2
6.839360E+2	4.972210E+2
6.840034E+2	4.972319E+2
6.840735E+2	4.972412E+2
6.841421E+2	4.972509E+2
6.842087E+2	4.972600E+2
6.842770E+2	4.972695E+2
6.843466E+2	4.972798E+2
6.844122E+2	4.972886E+2
6.844809E+2	4.972978E+2
6.845496E+2	4.973070E+2
6.846173E+2	4.973182E+2
6.846850E+2	4.973266E+2
6.847530E+2	4.973367E+2
6.848187E+2	4.973457E+2
6.848822E+2	4.973549E+2
6.849496E+2	4.973646E+2
6.850172E+2	4.973732E+2
6.850872E+2	4.973842E+2
6.851570E+2	4.973926E+2
6.852256E+2	4.974043E+2
6.852939E+2	4.974132E+2
6.853624E+2	4.974235E+2
6.854289E+2	4.974325E+2
6.854954E+2	4.974419E+2
6.855655E+2	4.974501E+2
6.856322E+2	4.974614E+2
6.857033E+2	4.974703E+2
6.857688E+2	4.974799E+2
6.858367E+2	4.974894E+2
6.859062E+2	4.974997E+2
6.859747E+2	4.975087E+2
6.860444E+2	4.975189E+2
6.861129E+2	4.975283E+2
6.861816E+2	4.975373E+2
6.862492E+2	4.975474E+2
6.863172E+2	4.975556E+2
6.863832E+2	4.975668E+2
6.864508E+2	4.975757E+2
6.865206E+2	4.975856E+2
6.865864E+2	4.975940E+2
6.866537E+2	4.976047E+2
6.867193E+2	4.976127E+2
6.867905E+2	4.976236E+2
6.868596E+2	4.976334E+2
6.869287E+2	4.976421E+2
6.869982E+2	4.976515E+2
6.870658E+2	4.976615E+2
6.871335E+2	4.976717E+2
6.872017E+2	4.976803E+2
6.872682E+2	4.976903E+2
6.873340E+2	4.976993E+2
6.874000E+2	4.977081E+2
6.874674E+2	4.977189E+2
6.875377E+2	4.977276E+2
6.876087E+2	4.977385E+2
6.876795E+2	4.977489E+2
6.877482E+2	4.977581E+2
6.878138E+2	4.977677E+2
6.878829E+2	4.977760E+2
6.879515E+2	4.977866E+2
6.880183E+2	4.977967E+2
6.880863E+2	4.978060E+2
6.881539E+2	4.978157E+2
6.882216E+2	4.978240E+2
6.882911E+2	4.978345E+2
6.883591E+2	4.978446E+2
6.884275E+2	4.978538E+2
6.884936E+2	4.978637E+2
6.885628E+2	4.978738E+2
6.886307E+2	4.978836E+2
6.886975E+2	4.978925E+2
6.887646E+2	4.979017E+2
6.888338E+2	4.979120E+2
6.888993E+2	4.979207E+2
6.889679E+2	4.979302E+2
6.890373E+2	4.979399E+2
6.891031E+2	4.979495E+2
6.891707E+2	4.979589E+2
6.892373E+2	4.979681E+2
6.893060E+2	0.000000E+0
6.893714E+2	4.979868E+2
6.894392E+2	4.979967E+2
6.895086E+2	4.980069E+2
6.895780E+2	4.980160E+2
6.896443E+2	4.980258E+2
6.897177E+2	4.980372E+2
6.897878E+2	4.980464E+2
6.898572E+2	4.980573E+2
6.899259E+2	4.980659E+2
6.899941E+2	4.980751E+2
6.900596E+2	4.980844E+2
6.901287E+2	4.980954E+2
6.901967E+2	4.981054E+2
6.902640E+2	4.981134E+2
6.903329E+2	4.981239E+2
6.903991E+2	4.981346E+2
6.904688E+2	4.981437E+2
6.905332E+2	4.981535E+2
6.906009E+2	4.981615E+2
6.906686E+2	4.981710E+2
6.907373E+2	4.981812E+2
6.908044E+2	4.981902E+2
6.908728E+2	4.982010E+2
6.909421E+2	4.982106E+2
6.910114E+2	4.982201E+2
6.910785E+2	4.982300E+2
6.911478E+2	4.982379E+2
6.912165E+2	4.982493E+2
6.912848E+2	4.982595E+2
6.913514E+2	4.982683E+2
6.914184E+2	4.982770E+2
6.914856E+2	4.982872E+2
6.915533E+2	4.982972E+2
6.916207E+2	4.983066E+2
6.916931E+2	4.983170E+2
6.917587E+2	4.983270E+2
6.918299E+2	4.983379E+2
6.918970E+2	4.983463E+2
6.919656E+2	4.983563E+2
6.920337E+2	4.983659E+2
6.921012E+2	4.983762E+2
6.921691E+2	4.983855E+2
6.922374E+2	4.983958E+2
6.923074E+2	4.984058E+2
6.923736E+2	4.984150E+2
6.924458E+2	4.984243E+2
6.925148E+2	4.984341E+2
6.925806E+2	4.984441E+2
6.926474E+2	4.984533E+2
6.927149E+2	4.984645E+2
6.927836E+2	4.984736E+2
6.928537E+2	4.984838E+2
6.929212E+2	4.984933E+2
6.929889E+2	4.985023E+2
6.930531E+2	4.985126E+2
6.931220E+2	4.985216E+2
6.931901E+2	4.985315E+2
6.932588E+2	4.985409E+2
6.933270E+2	4.985507E+2
6.933939E+2	4.985611E+2
6.934639E+2	4.985704E+2
6.935329E+2	4.985800E+2
6.936022E+2	4.985901E+2
6.936698E+2	4.985997E+2
6.937380E+2	4.986099E+2
6.938076E+2	4.986196E+2
6.938780E+2	4.986295E+2
6.939455E+2	4.986388E+2
6.940120E+2	4.986487E+2
6.940765E+2	4.986596E+2
6.941448E+2	4.986674E+2
6.942127E+2	4.986794E+2
6.942809E+2	4.986881E+2
6.943485E+2	4.986982E+2
6.944183E+2	4.987093E+2
6.944868E+2	4.987181E+2
6.945536E+2	4.987276E+2
6.946201E+2	4.987371E+2
6.946890E+2	4.987468E+2
6.947541E+2	4.987560E+2
6.948224E+2	4.987658E+2
6.948888E+2	4.987749E+2
6.949578E+2	4.987843E+2
6.950294E+2	4.987950E+2
6.950964E+2	4.988050E+2
6.951684E+2	4.988164E+2
6.952372E+2	4.988244E+2
6.953048E+2	4.988352E+2
6.953717E+2	4.988444E+2
6.954399E+2	4.988540E+2
6.955027E+2	4.988636E+2
6.955744E+2	4.988736E+2
6.956465E+2	4.988850E+2
6.957163E+2	4.988930E+2
6.957862E+2	4.989065E+2
6.958532E+2	4.989169E+2
6.959260E+2	4.989284E+2
6.959939E+2	4.989375E+2
6.960629E+2	4.989480E+2
6.961301E+2	4.989574E+2
6.961969E+2	4.989679E+2
6.962618E+2	4.989765E+2
6.963291E+2	4.989859E+2
6.963946E+2	4.989960E+2
6.964633E+2	4.990059E+2
6.965333E+2	4.990151E+2
6.965991E+2	4.990248E+2
6.966672E+2	4.990335E+2
6.967337E+2	4.990452E+2
6.968010E+2	4.990534E+2
6.968667E+2	4.990632E+2
6.969351E+2	4.990736E+2
6.970038E+2	4.990830E+2
6.970737E+2	4.990940E+2
6.971404E+2	0.000000E+0
6.972083E+2	4.991132E+2
6.972745E+2	4.991223E+2
6.973442E+2	4.991321E+2
6.974118E+2	4.991419E+2
6.974794E+2	4.991514E+2
6.975471E+2	4.991613E+2
6.976161E+2	4.991721E+2
6.976844E+2	4.991820E+2
6.977552E+2	4.991902E+2
6.978218E+2	4.992003E+2
6.978930E+2	4.992113E+2
6.979624E+2	4.992211E+2
6.980317E+2	4.992320E+2
6.980984E+2	4.992407E+2
6.981639E+2	4.992501E+2
6.982313E+2	4.992600E+2
6.982984E+2	4.992695E+2
6.983699E+2	4.992792E+2
6.984394E+2	4.992898E+2
6.985088E+2	4.992995E+2
6.985746E+2	4.993093E+2
6.986416E+2	4.993190E+2
6.987093E+2	4.993277E+2
6.987778E+2	4.993391E+2
6.988481E+2	4.993473E+2
6.989162E+2	4.993580E+2
6.989851E+2	4.993675E+2
6.990542E+2	4.993776E+2
6.991252E+2	0.000000E+0
6.991921E+2	4.993980E+2
6.992625E+2	4.994069E+2
6.993314E+2	4.994187E+2
6.994003E+2	4.994275E+2
6.994669E+2	4.994367E+2
6.995356E+2	4.994481E+2
6.996030E+2	4.994566E+2
6.996709E+2	4.994673E+2
6.997370E+2	4.994756E+2
6.998079E+2	4.994864E+2
6.998750E+2	4.994968E+2
6.999443E+2	4.995066E+2
7.000112E+2	4.995153E+2
7.000766E+2	4.995248E+2
7.001425E+2	4.995348E+2
7.002089E+2	4.995443E+2
7.002763E+2	4.995543E+2
7.003470E+2	4.995653E+2
7.004168E+2	4.995750E+2
7.004853E+2	4.995853E+2
7.005563E+2	4.995941E+2
7.006194E+2	4.996036E+2
7.006863E+2	4.996123E+2
7.007526E+2	4.996227E+2
7.008204E+2	4.996322E+2
7.008895E+2	4.996425E+2
7.009565E+2	4.996519E+2
7.010270E+2	4.996616E+2
7.010958E+2	4.996721E+2
7.011615E+2	4.996816E+2
7.012308E+2	4.996912E+2
7.012992E+2	4.997020E+2
7.013665E+2	4.997123E+2
7.014363E+2	4.997211E+2
7.015034E+2	4.997318E+2
7.015730E+2	4.997406E+2
7.016401E+2	4.997501E+2
7.017054E+2	4.997605E+2
7.017749E+2	4.997714E+2
7.018419E+2	4.997815E+2
7.019127E+2	4.997915E+2
7.019796E+2	4.998018E+2
7.020461E+2	4.998122E+2
7.021143E+2	4.998210E+2
7.021830E+2	4.998311E+2
7.022503E+2	4.998410E+2
7.023189E+2	4.998498E+2
7.023893E+2	4.998614E+2
7.024568E+2	4.998704E+2
7.025287E+2	4.998817E+2
7.025995E+2	4.998912E+2
7.026659E+2	4.998998E+2
7.027363E+2	4.999104E+2
7.028032E+2	4.999209E+2
7.028687E+2	4.999289E+2
7.029388E+2	4.999394E+2
7.030070E+2	4.999490E+2
7.030737E+2	4.999591E+2
7.031438E+2	4.999700E+2
7.032136E+2	4.999799E+2
7.032839E+2	4.999905E+2
7.033558E+2	5.000008E+2
7.034226E+2	5.000100E+2
7.034911E+2	5.000209E+2
7.035596E+2	5.000300E+2
7.036247E+2	5.000398E+2
7.036911E+2	5.000505E+2
7.037587E+2	5.000597E+2
7.038283E+2	5.000710E+2
7.039000E+2	5.000807E+2
7.039678E+2	5.000901E+2
7.040379E+2	5.001000E+2
7.041062E+2	5.001104E+2
7.041742E+2	5.001196E+2
7.042415E+2	5.001300E+2
7.043084E+2	5.001393E+2
7.043752E+2	5.001493E+2
7.044417E+2	5.001593E+2
7.045106E+2	5.001688E+2
7.045788E+2	5.001793E+2
7.046486E+2	5.001888E+2
7.047166E+2	5.001997E+2
7.047858E+2	5.002087E+2
7.048525E+2	5.002202E+2
7.049195E+2	5.002287E+2
7.049873E+2	5.002385E+2
7.050545E+2	5.002493E+2
7.051212E+2	5.002590E+2
7.051915E+2	5.002675E+2
7.052563E+2	5.002790E+2
7.053265E+2	5.002882E+2
7.053918E+2	5.002969E+2
7.054598E+2	5.003062E+2
7.055297E+2	5.003172E+2
7.055954E+2	5.003254E+2
7.056639E+2	5.003360E+2
7.057328E+2	5.003468E+2
7.057988E+2	5.003552E+2
7.058713E+2	5.003669E+2
7.059384E+2	5.003755E+2
7.060074E+2	5.003861E+2
7.060737E+2	5.003962E+2
7.061417E+2	5.004054E+2
7.062088E+2	5.004163E+2
7.062757E+2	5.004253E+2
7.063438E+2	5.004352E+2
7.064141E+2	5.004448E+2
7.064852E+2	5.004546E+2
7.065523E+2	5.004656E+2
7.066205E+2	5.004753E+2
7.066880E+2	5.004860E+2
7.067612E+2	5.004961E+2
7.068280E+2	5.005061E+2
7.068928E+2	5.005160E+2
7.069615E+2	5.005265E+2
7.070299E+2	5.005370E+2
7.070984E+2	5.005462E+2
7.071687E+2	5.005571E+2
7.072403E+2	5.005681E+2
7.073056E+2	5.005769E+2
7.073769E+2	5.005870E+2
7.074466E+2	5.005975E+2
7.075123E+2	5.006073E+2
7.075792E+2	5.006159E+2
7.076461E+2	5.006271E+2
7.077164E+2	5.006368E+2
7.077858E+2	5.006457E+2
7.078534E+2	5.006559E+2
7.079228E+2	5.006659E+2
7.079912E+2	5.006774E+2
7.080607E+2	5.006867E+2
7.081317E+2	5.006969E+2
7.082017E+2	5.007060E+2
7.082675E+2	5.007159E+2
7.083337E+2	5.007252E+2
7.084002E+2	5.007357E+2
7.084690E+2	5.007461E+2
7.085345E+2	5.007550E+2
7.086045E+2	5.007650E+2
7.086726E+2	5.007758E+2
7.087428E+2	5.007868E+2
7.088107E+2	5.007968E+2
7.088797E+2	5.008063E+2
7.089466E+2	5.008155E+2
7.090128E+2	5.008265E+2
7.090793E+2	5.008338E+2
7.091450E+2	5.008463E+2
7.092128E+2	5.008543E+2
7.092829E+2	5.008651E+2
7.093493E+2	5.008761E+2
7.094177E+2	5.008860E+2
7.094852E+2	5.008959E+2
7.095522E+2	5.009061E+2
7.096198E+2	5.009171E+2
7.096857E+2	5.009252E+2
7.097522E+2	5.009353E+2
7.098172E+2	5.009445E+2
7.098887E+2	5.009554E+2
7.099582E+2	5.009658E+2
7.100240E+2	5.009771E+2
7.100925E+2	5.009851E+2
7.101593E+2	5.009956E+2
7.102246E+2	5.010047E+2
7.102935E+2	5.010149E+2
7.103610E+2	5.010260E+2
7.104285E+2	5.010341E+2
7.104991E+2	5.010458E+2
7.105669E+2	5.010561E+2
7.106359E+2	5.010660E+2
7.107025E+2	5.010752E+2
7.107676E+2	5.010843E+2
7.108362E+2	5.010951E+2
7.109034E+2	5.011047E+2
7.109722E+2	5.011154E+2
7.110386E+2	5.011252E+2
7.111080E+2	5.011337E+2
7.111760E+2	5.011447E+2
7.112448E+2	5.011554E+2
7.113157E+2	5.011658E+2
7.113875E+2	5.011755E+2
7.114562E+2	5.011868E+2
7.115233E+2	5.011953E+2
7.115914E+2	5.012066E+2
7.116612E+2	5.012162E+2
7.117284E+2	5.012265E+2
7.117993E+2	5.012366E+2
7.118645E+2	5.012459E+2
7.119334E+2	5.012568E+2
7.120021E+2	5.012663E+2
7.120747E+2	5.012773E+2
7.121426E+2	5.012871E+2
7.122098E+2	5.012972E+2
7.122759E+2	5.013066E+2
7.123451E+2	5.013162E+2
7.124106E+2	5.013271E+2
7.124764E+2	5.013357E+2
7.125463E+2	5.013467E+2
7.126132E+2	5.013569E+2
7.126867E+2	5.013686E+2
7.127539E+2	5.013802E+2
7.128251E+2	5.013893E+2
7.128942E+2	5.013989E+2
7.129634E+2	5.014087E+2
7.130313E+2	5.014179E+2
7.131012E+2	5.014291E+2
7.131698E+2	5.014393E+2
7.132357E+2	5.014494E+2
7.133080E+2	5.014596E+2
7.133790E+2	5.014709E+2
7.134471E+2	5.014815E+2
7.135192E+2	5.014917E+2
7.135867E+2	5.014997E+2
7.136519E+2	5.015102E+2
7.137198E+2	5.015195E+2
7.137887E+2	5.015316E+2
7.138552E+2	5.015412E+2
7.139220E+2	5.015518E+2
7.139896E+2	5.015608E+2
7.140597E+2	5.015711E+2
7.141301E+2	5.015817E+2
7.142002E+2	5.015930E+2
7.142740E+2	5.016034E+2
7.143445E+2	5.016140E+2
7.144117E+2	5.016228E+2
7.144780E+2	5.016331E+2
7.145445E+2	5.016426E+2
7.146104E+2	5.016535E+2
7.146789E+2	5.016624E+2
7.147451E+2	5.016715E+2
7.148163E+2	5.016828E+2
7.148879E+2	5.016946E+2
7.149546E+2	5.017044E+2
7.150233E+2	5.017142E+2
7.150930E+2	5.017239E+2
7.151610E+2	5.017344E+2
7.152269E+2	5.017437E+2
7.152939E+2	5.017544E+2
7.153610E+2	5.017640E+2
7.154265E+2	5.017733E+2
7.154908E+2	5.017838E+2
7.155607E+2	5.017928E+2
7.156280E+2	5.018028E+2
7.156948E+2	5.018130E+2
7.157611E+2	5.018228E+2
7.158277E+2	5.018326E+2
7.158954E+2	5.018420E+2
7.159622E+2	5.018524E+2
7.160285E+2	5.018617E+2
7.160963E+2	5.018729E+2
7.161630E+2	5.018820E+2
7.162332E+2	5.018921E+2
7.163012E+2	5.019025E+2
7.163696E+2	5.019124E+2
7.164373E+2	5.019234E+2
7.165072E+2	5.019326E+2
7.165736E+2	5.019419E+2
7.166403E+2	5.019527E+2
7.167064E+2	5.019627E+2
7.167741E+2	5.019730E+2
7.168406E+2	5.019834E+2
7.169106E+2	5.019926E+2
7.169781E+2	5.020022E+2
7.170447E+2	5.020120E+2
7.171124E+2	5.020220E+2
7.171803E+2	5.020330E+2
7.172488E+2	5.020425E+2
7.173188E+2	5.020521E+2
7.173880E+2	5.020634E+2
7.174575E+2	5.020740E+2
7.175293E+2	5.020853E+2
7.176007E+2	5.020953E+2
7.176697E+2	5.021069E+2
7.177383E+2	5.021158E+2
7.178056E+2	5.021263E+2
7.178733E+2	5.021371E+2
7.179423E+2	5.021459E+2
7.180094E+2	5.021561E+2
7.180778E+2	5.021677E+2
7.181473E+2	5.021787E+2
7.182134E+2	5.021889E+2
7.182836E+2	5.021997E+2
7.183507E+2	5.022094E+2
7.184190E+2	5.022193E+2
7.184870E+2	5.022293E+2
7.185538E+2	5.022391E+2
7.186203E+2	5.022484E+2
7.186881E+2	5.022586E+2
7.187537E+2	5.022687E+2
7.188214E+2	5.022784E+2
7.188894E+2	5.022899E+2
7.189574E+2	5.022988E+2
7.190251E+2	5.023096E+2
7.190928E+2	5.023187E+2
7.191603E+2	5.023290E+2
7.192270E+2	5.023402E+2
7.192951E+2	5.023491E+2
7.193634E+2	5.023603E+2
7.194285E+2	5.023699E+2
7.194987E+2	5.023791E+2
7.195646E+2	5.023892E+2
7.196324E+2	5.024000E+2
7.197040E+2	5.024112E+2
7.197741E+2	5.024207E+2
7.198395E+2	5.024316E+2
7.199070E+2	5.024407E+2
7.199757E+2	5.024516E+2
7.200468E+2	5.024623E+2
7.201114E+2	5.024718E+2
7.201827E+2	5.024831E+2
7.202506E+2	5.024939E+2
7.203157E+2	5.025041E+2
7.203839E+2	5.025140E+2
7.204532E+2	5.025238E+2
7.205219E+2	5.025339E+2
7.205901E+2	5.025448E+2
7.206616E+2	5.025539E+2
7.207303E+2	5.025656E+2
7.207985E+2	5.025759E+2
7.208670E+2	5.025867E+2
7.209388E+2	5.025980E+2
7.210057E+2	5.026066E+2
7.210749E+2	5.026169E+2
7.211433E+2	5.026275E+2
7.212102E+2	5.026384E+2
7.212770E+2	5.026473E+2
7.213429E+2	5.026566E+2
7.214125E+2	5.026681E+2
7.214788E+2	5.026787E+2
7.215466E+2	5.026884E+2
7.216172E+2	5.026984E+2
7.216836E+2	5.027101E+2
7.217489E+2	5.027188E+2
7.218176E+2	5.027300E+2
7.218854E+2	5.027405E+2
7.219551E+2	5.027509E+2
7.220235E+2	5.027608E+2
7.220904E+2	5.027720E+2
7.221577E+2	5.027814E+2
7.222265E+2	5.027914E+2
7.222940E+2	5.028020E+2
7.223619E+2	5.028113E+2
7.224290E+2	5.028227E+2
7.224964E+2	5.028341E+2
7.225633E+2	5.028427E+2
7.226292E+2	5.028533E+2
7.226940E+2	5.028624E+2
7.227626E+2	5.028743E+2
7.228316E+2	5.028833E+2
7.228985E+2	5.028942E+2
7.229687E+2	5.029040E+2
7.230352E+2	5.029145E+2
7.231036E+2	5.029253E+2
7.231688E+2	5.029359E+2
7.232343E+2	5.029461E+2
7.233037E+2	5.029565E+2
7.233723E+2	5.029671E+2
7.234389E+2	5.029777E+2
7.235079E+2	5.029888E+2
7.235738E+2	5.029988E+2
7.236426E+2	5.030100E+2
7.237087E+2	5.030205E+2
7.237770E+2	5.030317E+2
7.238466E+2	5.030408E+2
7.239158E+2	5.030530E+2
7.239841E+2	5.030675E+2
7.240541E+2	5.030828E+2
7.241211E+2	5.031064E+2
7.241903E+2	5.031166E+2
7.242621E+2	5.031277E+2
7.243305E+2	5.031380E+2
7.243963E+2	5.031477E+2
7.244617E+2	5.031569E+2
7.245293E+2	5.031691E+2
7.245989E+2	5.031791E+2
7.246685E+2	5.031886E+2
7.247365E+2	5.031993E+2
7.248079E+2	5.032104E+2
7.248745E+2	5.032209E+2
7.249429E+2	5.032307E+2
7.250113E+2	5.032416E+2
7.250797E+2	5.032527E+2
7.251465E+2	5.032614E+2
7.252144E+2	5.032720E+2
7.252813E+2	5.032831E+2
7.253530E+2	5.032935E+2
7.254218E+2	5.033043E+2
7.254913E+2	5.033150E+2
7.255621E+2	5.033257E+2
7.256277E+2	5.033357E+2
7.256945E+2	5.033468E+2
7.257621E+2	5.033566E+2
7.258273E+2	5.033659E+2
7.258951E+2	5.033778E+2
7.259617E+2	5.033885E+2
7.260289E+2	5.033976E+2
7.261000E+2	5.034087E+2
7.261679E+2	5.034189E+2
7.262364E+2	5.034293E+2
7.263042E+2	5.034400E+2
7.263717E+2	5.034507E+2
7.264374E+2	5.034611E+2
7.265061E+2	5.034715E+2
7.265720E+2	5.034816E+2
7.266432E+2	5.034913E+2
7.267120E+2	5.035019E+2
7.267806E+2	5.035127E+2
7.268500E+2	5.035238E+2
7.269199E+2	5.035356E+2
7.269889E+2	5.035456E+2
7.270542E+2	5.035562E+2
7.271213E+2	0.000000E+0
7.271884E+2	5.035765E+2
7.272559E+2	5.035862E+2
7.273258E+2	5.035967E+2
7.273912E+2	5.036089E+2
7.274595E+2	5.036179E+2
7.275310E+2	5.036286E+2
7.275964E+2	5.036380E+2
7.276638E+2	5.036487E+2
7.277327E+2	5.036592E+2
7.277983E+2	5.036703E+2
7.278675E+2	5.036789E+2
7.279356E+2	5.036904E+2
7.280042E+2	5.037016E+2
7.280741E+2	5.037138E+2
7.281411E+2	5.037232E+2
7.282102E+2	5.037325E+2
7.282767E+2	5.037445E+2
7.283463E+2	5.037534E+2
7.284157E+2	5.037653E+2
7.284837E+2	5.037756E+2
7.285520E+2	5.037860E+2
7.286171E+2	5.037960E+2
7.286846E+2	5.038058E+2
7.287533E+2	5.038166E+2
7.288200E+2	5.038292E+2
7.288923E+2	5.038378E+2
7.289624E+2	5.038494E+2
7.290276E+2	5.038588E+2
7.290948E+2	5.038695E+2
7.291654E+2	5.038832E+2
7.292336E+2	0.000000E+0
7.293009E+2	5.039026E+2
7.293698E+2	5.039129E+2
7.294354E+2	5.039247E+2
7.295052E+2	5.039341E+2
7.295763E+2	5.039435E+2
7.296449E+2	5.039640E+2
7.297123E+2	5.039735E+2
7.297801E+2	5.039846E+2
7.298475E+2	5.039958E+2
7.299194E+2	5.040082E+2
7.299873E+2	5.040182E+2
7.300528E+2	5.040275E+2
7.301208E+2	5.040400E+2
7.301878E+2	5.040492E+2
7.302548E+2	5.040592E+2
7.303261E+2	5.040689E+2
7.303913E+2	5.040800E+2
7.304601E+2	5.040904E+2
7.305260E+2	5.040994E+2
7.305955E+2	5.041112E+2
7.306653E+2	5.041228E+2
7.307310E+2	5.041328E+2
7.307991E+2	5.041438E+2
7.308677E+2	5.041559E+2
7.309379E+2	5.041646E+2
7.310062E+2	5.041748E+2
7.310729E+2	5.041837E+2
7.311387E+2	5.041947E+2
7.312065E+2	5.042050E+2
7.312729E+2	5.042165E+2
7.313421E+2	5.042256E+2
7.314139E+2	5.042366E+2
7.314785E+2	5.042477E+2
7.315455E+2	5.042561E+2
7.316111E+2	5.042671E+2
7.316779E+2	5.042767E+2
7.317455E+2	5.042872E+2
7.318118E+2	5.042965E+2
7.318793E+2	5.043068E+2
7.319487E+2	5.043192E+2
7.320193E+2	5.043301E+2
7.320909E+2	5.043409E+2
7.321608E+2	0.000000E+0
7.322315E+2	5.043644E+2
7.322990E+2	5.043737E+2
7.323643E+2	5.043854E+2
7.324330E+2	5.043962E+2
7.324996E+2	5.044059E+2
7.325665E+2	5.044156E+2
7.326339E+2	5.044264E+2
7.327036E+2	5.044381E+2
7.327709E+2	5.044464E+2
7.328359E+2	5.044577E+2
7.329048E+2	5.044684E+2
7.329739E+2	5.044790E+2
7.330400E+2	5.044896E+2
7.331086E+2	5.045012E+2
7.331773E+2	5.045099E+2
7.332455E+2	5.045208E+2
7.333145E+2	5.045315E+2
7.333871E+2	5.045418E+2
7.334591E+2	5.045523E+2
7.335248E+2	5.045642E+2
7.335945E+2	5.045743E+2
7.336601E+2	5.045841E+2
7.337284E+2	5.045968E+2
7.337949E+2	5.046059E+2
7.338632E+2	5.046172E+2
7.339301E+2	5.046272E+2
7.339996E+2	5.046385E+2
7.340675E+2	5.046496E+2
7.341371E+2	5.046596E+2
7.342028E+2	5.046715E+2
7.342741E+2	5.046820E+2
7.343421E+2	5.046941E+2
7.344114E+2	5.047042E+2
7.344802E+2	5.047203E+2
7.345498E+2	5.047301E+2
7.346151E+2	5.047398E+2
7.346851E+2	5.047505E+2
7.347516E+2	5.047613E+2
7.348219E+2	5.047715E+2
7.348898E+2	5.047827E+2
7.349596E+2	5.047938E+2
7.350297E+2	5.048043E+2
7.350961E+2	5.048147E+2
7.351623E+2	5.048240E+2
7.352293E+2	5.048362E+2
7.352974E+2	5.048458E+2
7.353655E+2	5.048564E+2
7.354328E+2	5.048668E+2
7.355027E+2	5.048777E+2
7.355752E+2	5.048892E+2
7.356437E+2	5.048988E+2
7.357123E+2	5.049099E+2
7.357837E+2	5.049201E+2
7.358524E+2	5.049310E+2
7.359195E+2	5.049411E+2
7.359866E+2	5.049509E+2
7.360527E+2	5.049619E+2
7.361220E+2	5.049727E+2
7.361916E+2	5.049826E+2
7.362619E+2	5.049930E+2
7.363287E+2	5.050048E+2
7.363990E+2	5.050147E+2
7.364655E+2	5.050252E+2
7.365311E+2	5.050351E+2
7.365981E+2	5.050460E+2
7.366659E+2	5.050561E+2
7.367317E+2	5.050670E+2
7.368003E+2	5.050773E+2
7.368686E+2	5.050877E+2
7.369393E+2	5.050967E+2
7.370067E+2	5.051092E+2
7.370774E+2	5.051199E+2
7.371478E+2	5.051306E+2
7.372155E+2	5.051414E+2
7.372842E+2	5.051520E+2
7.373523E+2	5.051618E+2
7.374177E+2	5.051722E+2
7.374855E+2	5.051830E+2
7.375577E+2	5.051926E+2
7.376257E+2	5.052046E+2
7.376992E+2	5.052147E+2
7.377678E+2	5.052257E+2
7.378356E+2	5.052352E+2
7.379027E+2	5.052456E+2
7.379708E+2	5.052558E+2
7.380371E+2	5.052663E+2
7.381032E+2	5.052761E+2
7.381694E+2	5.052865E+2
7.382381E+2	5.052961E+2
7.383048E+2	5.053078E+2
7.383747E+2	5.053181E+2
7.384430E+2	5.053283E+2
7.385091E+2	5.053389E+2
7.385772E+2	5.053491E+2
7.386450E+2	5.053615E+2
7.387136E+2	5.053725E+2
7.387792E+2	5.053821E+2
7.388478E+2	5.053936E+2
7.389159E+2	5.054046E+2
7.389819E+2	5.054147E+2
7.390502E+2	5.054249E+2
7.391196E+2	5.054360E+2
7.391882E+2	5.054460E+2
7.392532E+2	5.054589E+2
7.393198E+2	5.054690E+2
7.393859E+2	5.054795E+2
7.394545E+2	5.054900E+2
7.395194E+2	5.055001E+2
7.395878E+2	5.055108E+2
7.396533E+2	5.055207E+2
7.397192E+2	5.055296E+2
7.397860E+2	5.055408E+2
7.398543E+2	5.055512E+2
7.399225E+2	5.055621E+2
7.399878E+2	5.055723E+2
7.400574E+2	5.055808E+2
7.401224E+2	5.055918E+2
7.401923E+2	5.056031E+2
7.402604E+2	5.056129E+2
7.403288E+2	5.056228E+2
7.403963E+2	5.056345E+2
7.404639E+2	5.056457E+2
7.405306E+2	5.056554E+2
7.405980E+2	5.056649E+2
7.406664E+2	5.056753E+2
7.407340E+2	5.056873E+2
7.408040E+2	5.056966E+2
7.408683E+2	5.057076E+2
7.409369E+2	5.057175E+2
7.410062E+2	5.057284E+2
7.410758E+2	5.057398E+2
7.411443E+2	5.057496E+2
7.412123E+2	5.057608E+2
7.412799E+2	5.057713E+2
7.413502E+2	5.057820E+2
7.414126E+2	5.057922E+2
7.414811E+2	5.058029E+2
7.415482E+2	5.058128E+2
7.416157E+2	5.058225E+2
7.416833E+2	5.058329E+2
7.417481E+2	5.058432E+2
7.418159E+2	5.058539E+2
7.418822E+2	5.058655E+2
7.419526E+2	5.058757E+2
7.420185E+2	5.058849E+2
7.420876E+2	5.058955E+2
7.421599E+2	5.059078E+2
7.422272E+2	5.059170E+2
7.422953E+2	5.059277E+2
7.423633E+2	5.059382E+2
7.424319E+2	5.059496E+2
7.424994E+2	5.059587E+2
7.425686E+2	5.059703E+2
7.426409E+2	5.059815E+2
7.427085E+2	5.059922E+2
7.427734E+2	5.060029E+2
7.428412E+2	5.060130E+2
7.429062E+2	5.060233E+2
7.429774E+2	5.060362E+2
7.430448E+2	5.060467E+2
7.431133E+2	5.060565E+2
7.431817E+2	5.060677E+2
7.432501E+2	5.060790E+2
7.433193E+2	5.060930E+2
7.433839E+2	5.061062E+2
7.434545E+2	5.061194E+2
7.435254E+2	5.061346E+2
7.435932E+2	5.061454E+2
7.436595E+2	5.061560E+2
7.437246E+2	5.061661E+2
7.437935E+2	5.061764E+2
7.438623E+2	5.061876E+2
7.439313E+2	5.061979E+2
7.439988E+2	5.062080E+2
7.440638E+2	5.062199E+2
7.441353E+2	5.062313E+2
7.442078E+2	5.062424E+2
7.442771E+2	5.062530E+2
7.443473E+2	5.062634E+2
7.444142E+2	5.062738E+2
7.444846E+2	5.062848E+2
7.445532E+2	5.062967E+2
7.446197E+2	5.063078E+2
7.446874E+2	5.063174E+2
7.447563E+2	5.063279E+2
7.448255E+2	5.063390E+2
7.448936E+2	5.063500E+2
7.449656E+2	5.063612E+2
7.450376E+2	5.063750E+2
7.451076E+2	5.063868E+2
7.451753E+2	5.063971E+2
7.452440E+2	5.064076E+2
7.453095E+2	5.064186E+2
7.453774E+2	5.064280E+2
7.454476E+2	5.064410E+2
7.455178E+2	0.000000E+0
7.455846E+2	5.064623E+2
7.456525E+2	5.064738E+2
7.457204E+2	5.064848E+2
7.457910E+2	5.064962E+2
7.458608E+2	5.065069E+2
7.459275E+2	5.065168E+2
7.459963E+2	5.065297E+2
7.460638E+2	5.065398E+2
7.461297E+2	5.065507E+2
7.461976E+2	5.065615E+2
7.462647E+2	5.065727E+2
7.463346E+2	5.065824E+2
7.464064E+2	5.065939E+2
7.464748E+2	5.066054E+2
7.465419E+2	5.066158E+2
7.466080E+2	5.066261E+2
7.466754E+2	5.066358E+2
7.467413E+2	5.066456E+2
7.468086E+2	5.066576E+2
7.468787E+2	5.066697E+2
7.469473E+2	5.066797E+2
7.470157E+2	5.066903E+2
7.470884E+2	5.067024E+2
7.471562E+2	5.067127E+2
7.472246E+2	5.067231E+2
7.472928E+2	5.067342E+2
7.473622E+2	5.067442E+2
7.474278E+2	5.067542E+2
7.474972E+2	5.067662E+2
7.475690E+2	5.067777E+2
7.476354E+2	5.067873E+2
7.477079E+2	5.067974E+2
7.477741E+2	5.068091E+2
7.478436E+2	5.068209E+2
7.479084E+2	5.068297E+2
7.479795E+2	5.068411E+2
7.480493E+2	5.068512E+2
7.481169E+2	5.068622E+2
7.481859E+2	5.068738E+2
7.482536E+2	5.068836E+2
7.483238E+2	5.068950E+2
7.483931E+2	5.069060E+2
7.484590E+2	5.069168E+2
7.485281E+2	5.069265E+2
7.485962E+2	5.069381E+2
7.486650E+2	5.069507E+2
7.487314E+2	5.069622E+2
7.487989E+2	5.069733E+2
7.488682E+2	5.069834E+2
7.489385E+2	5.069944E+2
7.490063E+2	5.070050E+2
7.490760E+2	5.070167E+2
7.491471E+2	5.070277E+2
7.492136E+2	5.070390E+2
7.492855E+2	5.070504E+2
7.493542E+2	0.000000E+0
7.494227E+2	5.070714E+2
7.494911E+2	5.070834E+2
7.495604E+2	5.070936E+2
7.496265E+2	5.071030E+2
7.496932E+2	5.071154E+2
7.497587E+2	5.071245E+2
7.498282E+2	5.071360E+2
7.498952E+2	5.071481E+2
7.499636E+2	5.071584E+2
7.500327E+2	5.071676E+2
7.501001E+2	5.071793E+2
7.501689E+2	5.071915E+2
7.502373E+2	5.072013E+2
7.503050E+2	5.072123E+2
7.503727E+2	5.072245E+2
7.504451E+2	5.072358E+2
7.505115E+2	5.072473E+2
7.505819E+2	5.072582E+2
7.506512E+2	5.072700E+2
7.507174E+2	5.072807E+2
7.507852E+2	5.072904E+2
7.508514E+2	5.073016E+2
7.509172E+2	5.073124E+2
7.509833E+2	5.073225E+2
7.510500E+2	5.073330E+2
7.511175E+2	5.073434E+2
7.511868E+2	5.073558E+2
7.512584E+2	5.073687E+2
7.513281E+2	5.073802E+2
7.513941E+2	5.073929E+2
7.514633E+2	5.074049E+2
7.515290E+2	5.074145E+2
7.515955E+2	5.074254E+2
7.516628E+2	5.074360E+2
7.517308E+2	5.074475E+2
7.518002E+2	5.074583E+2
7.518706E+2	5.074719E+2
7.519384E+2	5.074855E+2
7.520090E+2	5.074974E+2
7.520748E+2	5.075078E+2
7.521435E+2	5.075206E+2
7.522138E+2	5.075329E+2
7.522815E+2	5.075452E+2
7.523487E+2	5.075550E+2
7.524180E+2	5.075653E+2
7.524876E+2	5.075775E+2
7.525562E+2	5.075872E+2
7.526301E+2	5.076001E+2
7.527015E+2	5.076108E+2
7.527685E+2	5.076213E+2
7.528375E+2	5.076323E+2
7.529047E+2	5.076431E+2
7.529711E+2	5.076546E+2
7.530405E+2	5.076628E+2
7.531087E+2	5.076761E+2
7.531775E+2	5.076860E+2
7.532496E+2	5.076981E+2
7.533189E+2	5.077076E+2
7.533853E+2	5.077194E+2
7.534557E+2	5.077289E+2
7.535226E+2	5.077401E+2
7.535888E+2	5.077518E+2
7.536549E+2	5.077615E+2
7.537212E+2	5.077712E+2
7.537868E+2	5.077822E+2
7.538542E+2	5.077922E+2
7.539239E+2	5.078042E+2
7.539958E+2	5.078144E+2
7.540626E+2	5.078259E+2
7.541315E+2	5.078364E+2
7.542003E+2	5.078480E+2
7.542694E+2	5.078593E+2
7.543367E+2	0.000000E+0
7.544036E+2	5.078812E+2
7.544708E+2	5.078910E+2
7.545409E+2	5.079029E+2
7.546110E+2	5.079134E+2
7.546771E+2	5.079248E+2
7.547487E+2	5.079365E+2
7.548168E+2	5.079462E+2
7.548873E+2	5.079582E+2
7.549531E+2	5.079684E+2
7.550197E+2	5.079806E+2
7.550855E+2	5.079917E+2
7.551520E+2	5.080006E+2
7.552177E+2	5.080104E+2
7.552839E+2	5.080224E+2
7.553525E+2	5.080339E+2
7.554215E+2	5.080440E+2
7.554910E+2	5.080558E+2
7.555580E+2	5.080664E+2
7.556241E+2	5.080765E+2
7.556910E+2	5.080859E+2
7.557567E+2	5.080980E+2
7.558233E+2	5.081079E+2
7.558957E+2	5.081198E+2
7.559668E+2	5.081303E+2
7.560332E+2	5.081416E+2
7.561049E+2	5.081532E+2
7.561762E+2	5.081644E+2
7.562438E+2	5.081752E+2
7.563109E+2	5.081862E+2
7.563825E+2	5.081976E+2
7.564518E+2	5.082083E+2
7.565166E+2	5.082197E+2
7.565863E+2	5.082309E+2
7.566565E+2	5.082411E+2
7.567257E+2	5.082525E+2
7.567944E+2	5.082632E+2
7.568634E+2	5.082749E+2
7.569332E+2	5.082853E+2
7.570017E+2	5.082962E+2
7.570678E+2	5.083067E+2
7.571368E+2	5.083185E+2
7.572086E+2	5.083292E+2
7.572768E+2	5.083392E+2
7.573431E+2	5.083510E+2
7.574122E+2	5.083622E+2
7.574806E+2	5.083739E+2
7.575509E+2	5.083868E+2
7.576201E+2	5.083959E+2
7.576879E+2	5.084088E+2
7.577542E+2	5.084236E+2
7.578208E+2	5.084346E+2
7.578878E+2	5.084470E+2
7.579555E+2	5.084574E+2
7.580212E+2	5.084675E+2
7.580918E+2	5.084787E+2
7.581564E+2	5.084896E+2
7.582245E+2	5.085020E+2
7.582938E+2	5.085129E+2
7.583632E+2	5.085232E+2
7.584306E+2	5.085355E+2
7.584961E+2	5.085452E+2
7.585631E+2	5.085550E+2
7.586309E+2	5.085672E+2
7.586985E+2	5.085761E+2
7.587661E+2	5.085885E+2
7.588343E+2	5.085998E+2
7.589045E+2	5.086098E+2
7.589697E+2	5.086214E+2
7.590365E+2	5.086321E+2
7.591056E+2	5.086451E+2
7.591761E+2	5.086598E+2
7.592440E+2	5.086700E+2
7.593130E+2	5.086822E+2
7.593829E+2	5.086926E+2
7.594500E+2	5.087027E+2
7.595176E+2	5.087142E+2
7.595838E+2	5.087253E+2
7.596506E+2	5.087359E+2
7.597207E+2	5.087462E+2
7.597891E+2	5.087580E+2
7.598579E+2	5.087691E+2
7.599228E+2	5.087802E+2
7.599899E+2	5.087923E+2
7.600628E+2	5.088024E+2
7.601272E+2	5.088142E+2
7.601976E+2	5.088232E+2
7.602655E+2	5.088363E+2
7.603336E+2	5.088464E+2
7.604002E+2	5.088571E+2
7.604680E+2	5.088683E+2
7.605375E+2	5.088792E+2
7.606056E+2	5.088906E+2
7.606712E+2	5.089012E+2
7.607436E+2	5.089120E+2
7.608111E+2	5.089237E+2
7.608810E+2	5.089357E+2
7.609500E+2	5.089456E+2
7.610175E+2	5.089561E+2
7.610819E+2	5.089659E+2
7.611490E+2	5.089780E+2
7.612147E+2	5.089867E+2
7.612832E+2	5.089982E+2
7.613513E+2	5.090097E+2
7.614212E+2	5.090226E+2
7.614899E+2	5.090328E+2
7.615572E+2	5.090444E+2
7.616265E+2	5.090545E+2
7.616942E+2	5.090657E+2
7.617604E+2	5.090768E+2
7.618253E+2	5.090873E+2
7.618938E+2	5.090997E+2
7.619650E+2	5.091109E+2
7.620368E+2	5.091216E+2
7.621044E+2	5.091351E+2
7.621726E+2	5.091437E+2
7.622393E+2	5.091550E+2
7.623072E+2	5.091661E+2
7.623744E+2	5.091764E+2
7.624421E+2	5.091868E+2
7.625103E+2	5.091996E+2
7.625810E+2	5.092106E+2
7.626488E+2	5.092228E+2
7.627180E+2	5.092334E+2
7.627868E+2	5.092441E+2
7.628530E+2	5.092554E+2
7.629213E+2	5.092669E+2
7.629913E+2	5.092785E+2
7.630597E+2	5.092874E+2
7.631275E+2	5.092994E+2
7.631967E+2	5.093113E+2
7.632653E+2	5.093217E+2
7.633329E+2	5.093326E+2
7.634013E+2	5.093446E+2
7.634693E+2	5.093557E+2
7.635405E+2	5.093662E+2
7.636112E+2	5.093776E+2
7.636780E+2	5.093888E+2
7.637485E+2	5.094008E+2
7.638160E+2	5.094130E+2
7.638835E+2	5.094232E+2
7.639513E+2	5.094343E+2
7.640191E+2	5.094448E+2
7.640859E+2	5.094563E+2
7.641557E+2	5.094672E+2
7.642245E+2	5.094795E+2
7.642955E+2	5.094911E+2
7.643658E+2	5.095013E+2
7.644304E+2	5.095129E+2
7.644996E+2	5.095231E+2
7.645681E+2	5.095361E+2
7.646350E+2	5.095461E+2
7.647034E+2	5.095564E+2
7.647702E+2	5.095677E+2
7.648387E+2	5.095789E+2
7.649085E+2	5.095912E+2
7.649775E+2	5.096021E+2
7.650460E+2	5.096137E+2
7.651138E+2	5.096247E+2
7.651834E+2	5.096357E+2
7.652522E+2	5.096461E+2
7.653207E+2	5.096559E+2
7.653874E+2	5.096675E+2
7.654554E+2	5.096785E+2
7.655243E+2	5.096905E+2
7.655917E+2	5.097014E+2
7.656596E+2	5.097120E+2
7.657282E+2	5.097239E+2
7.657984E+2	5.097351E+2
7.658651E+2	5.097448E+2
7.659326E+2	5.097570E+2
7.659996E+2	5.097681E+2
7.660677E+2	5.097795E+2
7.661340E+2	5.097897E+2
7.662055E+2	5.098009E+2
7.662750E+2	5.098112E+2
7.663432E+2	5.098230E+2
7.664142E+2	5.098359E+2
7.664854E+2	5.098474E+2
7.665546E+2	5.098590E+2
7.666206E+2	5.098691E+2
7.666896E+2	5.098808E+2
7.667570E+2	5.098917E+2
7.668262E+2	5.099018E+2
7.668916E+2	5.099125E+2
7.669595E+2	5.099240E+2
7.670304E+2	5.099348E+2
7.670975E+2	5.099464E+2
7.671678E+2	5.099565E+2
7.672338E+2	5.099677E+2
7.673028E+2	5.099776E+2
7.673704E+2	5.099894E+2
7.674406E+2	5.100021E+2
7.675110E+2	5.100129E+2
7.675793E+2	5.100228E+2
7.676512E+2	5.100365E+2
7.677200E+2	5.100468E+2
7.677900E+2	5.100586E+2
7.678617E+2	5.100706E+2
7.679306E+2	5.100813E+2
7.680028E+2	5.100933E+2
7.680726E+2	5.101024E+2
7.681402E+2	5.101147E+2
7.682089E+2	5.101263E+2
7.682764E+2	5.101363E+2
7.683424E+2	5.101486E+2
7.684075E+2	0.000000E+0
7.684778E+2	5.101698E+2
7.685447E+2	5.101807E+2
7.686143E+2	5.101908E+2
7.686809E+2	5.102030E+2
7.687521E+2	5.102155E+2
7.688187E+2	5.102258E+2
7.688860E+2	5.102359E+2
7.689545E+2	5.102471E+2
7.690199E+2	5.102569E+2
7.690864E+2	5.102673E+2
7.691534E+2	5.102786E+2
7.692207E+2	5.102911E+2
7.692925E+2	5.103025E+2
7.693623E+2	5.103146E+2
7.694275E+2	5.103268E+2
7.694946E+2	5.103418E+2
7.695626E+2	5.103520E+2
7.696278E+2	5.103622E+2
7.696973E+2	5.103739E+2
7.697641E+2	5.103844E+2
7.698347E+2	5.103964E+2
7.699001E+2	5.104076E+2
7.699681E+2	5.104176E+2
7.700349E+2	5.104276E+2
7.701044E+2	5.104400E+2
7.701706E+2	5.104505E+2
7.702356E+2	5.104610E+2
7.703046E+2	5.104732E+2
7.703734E+2	5.104832E+2
7.704414E+2	5.104957E+2
7.705111E+2	5.105066E+2
7.705795E+2	5.105174E+2
7.706493E+2	5.105278E+2
7.707147E+2	5.105388E+2
7.707817E+2	5.105494E+2
7.708481E+2	5.105605E+2
7.709154E+2	5.105721E+2
7.709809E+2	5.105816E+2
7.710483E+2	5.105933E+2
7.711177E+2	5.106039E+2
7.711860E+2	5.106158E+2
7.712553E+2	5.106264E+2
7.713236E+2	5.106378E+2
7.713926E+2	5.106490E+2
7.714619E+2	5.106599E+2
7.715285E+2	5.106706E+2
7.715975E+2	5.106829E+2
7.716663E+2	5.106935E+2
7.717333E+2	5.107047E+2
7.718045E+2	5.107163E+2
7.718774E+2	5.107289E+2
7.719466E+2	5.107404E+2
7.720179E+2	5.107523E+2
7.720901E+2	5.107646E+2
7.721621E+2	5.107747E+2
7.722281E+2	5.107847E+2
7.722955E+2	5.107965E+2
7.723624E+2	5.108068E+2
7.724291E+2	5.108188E+2
7.724988E+2	5.108292E+2
7.725693E+2	5.108412E+2
7.726374E+2	5.108536E+2
7.727111E+2	5.108656E+2
7.727784E+2	5.108759E+2
7.728480E+2	5.108880E+2
7.729147E+2	5.108985E+2
7.729836E+2	5.109096E+2
7.730528E+2	5.109207E+2
7.731200E+2	5.109314E+2
7.731856E+2	5.109431E+2
7.732540E+2	5.109543E+2
7.733238E+2	5.109663E+2
7.733894E+2	5.109777E+2
7.734629E+2	5.109897E+2
7.735339E+2	5.110005E+2
7.736008E+2	5.110139E+2
7.736688E+2	5.110250E+2
7.737334E+2	5.110357E+2
7.738025E+2	5.110474E+2
7.738714E+2	5.110577E+2
7.739404E+2	5.110698E+2
7.740095E+2	5.110809E+2
7.740808E+2	5.110917E+2
7.741502E+2	5.111033E+2
7.742155E+2	5.111147E+2
7.742899E+2	5.111258E+2
7.743563E+2	5.111370E+2
7.744220E+2	5.111486E+2
7.744907E+2	5.111585E+2
7.745590E+2	5.111697E+2
7.746249E+2	5.111811E+2
7.746921E+2	5.111919E+2
7.747601E+2	5.112037E+2
7.748284E+2	5.112137E+2
7.748964E+2	5.112264E+2
7.749677E+2	5.112375E+2
7.750354E+2	5.112483E+2
7.751030E+2	5.112593E+2
7.751703E+2	5.112699E+2
7.752369E+2	5.112814E+2
7.753071E+2	5.112931E+2
7.753744E+2	5.113033E+2
7.754442E+2	5.113149E+2
7.755105E+2	5.113270E+2
7.755808E+2	5.113367E+2
7.756483E+2	5.113500E+2
7.757163E+2	5.113600E+2
7.757832E+2	5.113716E+2
7.758518E+2	5.113826E+2
7.759192E+2	5.113931E+2
7.759879E+2	5.114043E+2
7.760562E+2	5.114149E+2
7.761279E+2	5.114281E+2
7.761963E+2	5.114395E+2
7.762657E+2	5.114501E+2
7.763371E+2	5.114613E+2
7.764054E+2	5.114724E+2
7.764710E+2	5.114841E+2
7.765375E+2	5.114962E+2
7.766068E+2	5.115082E+2
7.766740E+2	5.115180E+2
7.767406E+2	5.115279E+2
7.768078E+2	5.115403E+2
7.768783E+2	5.115510E+2
7.769434E+2	5.115632E+2
7.770153E+2	5.115753E+2
7.770792E+2	5.115857E+2
7.771466E+2	5.115963E+2
7.772159E+2	5.116084E+2
7.772840E+2	5.116186E+2
7.773509E+2	5.116306E+2
7.774194E+2	5.116409E+2
7.774883E+2	5.116534E+2
7.775589E+2	5.116648E+2
7.776311E+2	5.116766E+2
7.777051E+2	5.116896E+2
7.777777E+2	5.116997E+2
7.778485E+2	5.117128E+2
7.779200E+2	5.117233E+2
7.779886E+2	5.117338E+2
7.780556E+2	5.117443E+2
7.781230E+2	5.117551E+2
7.781914E+2	5.117666E+2
7.782564E+2	5.117791E+2
7.783254E+2	5.117882E+2
7.783954E+2	5.118007E+2
7.784630E+2	5.118135E+2
7.785335E+2	5.118240E+2
7.786037E+2	5.118348E+2
7.786720E+2	5.118469E+2
7.787396E+2	5.118577E+2
7.788098E+2	5.118700E+2
7.788765E+2	5.118793E+2
7.789417E+2	5.118906E+2
7.790095E+2	5.119011E+2
7.790776E+2	5.119124E+2
7.791486E+2	5.119251E+2
7.792161E+2	5.119365E+2
7.792866E+2	5.119489E+2
7.793575E+2	5.119597E+2
7.794237E+2	5.119707E+2
7.794929E+2	5.119813E+2
7.795591E+2	5.119927E+2
7.796249E+2	5.120028E+2
7.796942E+2	5.120162E+2
7.797627E+2	5.120268E+2
7.798301E+2	5.120375E+2
7.798961E+2	5.120491E+2
7.799642E+2	5.120593E+2
7.800364E+2	5.120717E+2
7.801034E+2	5.120821E+2
7.801707E+2	5.120950E+2
7.802403E+2	5.121059E+2
7.803062E+2	5.121172E+2
7.803754E+2	5.121286E+2
7.804450E+2	5.121385E+2
7.805099E+2	5.121515E+2
7.805814E+2	5.121642E+2
7.806518E+2	5.121754E+2
7.807188E+2	5.121867E+2
7.807895E+2	5.122007E+2
7.808551E+2	5.122102E+2
7.809212E+2	5.122216E+2
7.809897E+2	5.122335E+2
7.810564E+2	5.122447E+2
7.811225E+2	5.122553E+2
7.811911E+2	5.122681E+2
7.812596E+2	5.122796E+2
7.813296E+2	5.122900E+2
7.813958E+2	5.123003E+2
7.814633E+2	5.123119E+2
7.815317E+2	5.123240E+2
7.815989E+2	5.123347E+2
7.816681E+2	5.123474E+2
7.817361E+2	5.123578E+2
7.818024E+2	5.123696E+2
7.818718E+2	5.123811E+2
7.819402E+2	5.123932E+2
7.820119E+2	5.124062E+2
7.820823E+2	5.124155E+2
7.821518E+2	5.124280E+2
7.822195E+2	5.124395E+2
7.822879E+2	5.124493E+2
7.823549E+2	5.124615E+2
7.824203E+2	5.124718E+2
7.824908E+2	5.124836E+2
7.825577E+2	5.124956E+2
7.826276E+2	5.125076E+2
7.826979E+2	5.125187E+2
7.827699E+2	5.125309E+2
7.828393E+2	5.125419E+2
7.829045E+2	5.125534E+2
7.829727E+2	5.125643E+2
7.830424E+2	5.125757E+2
7.831087E+2	5.125880E+2
7.831749E+2	5.125992E+2
7.832447E+2	5.126106E+2
7.833148E+2	5.126230E+2
7.833808E+2	5.126344E+2
7.834522E+2	5.126451E+2
7.835198E+2	5.126566E+2
7.835870E+2	5.126674E+2
7.836566E+2	5.126800E+2
7.837240E+2	5.126906E+2
7.837911E+2	5.127026E+2
7.838599E+2	5.127140E+2
7.839281E+2	5.127247E+2
7.839967E+2	5.127366E+2
7.840638E+2	5.127475E+2
7.841352E+2	5.127595E+2
7.842031E+2	5.127715E+2
7.842692E+2	5.127815E+2
7.843374E+2	5.127938E+2
7.844041E+2	5.128054E+2
7.844696E+2	5.128156E+2
7.845394E+2	5.128270E+2
7.846092E+2	5.128388E+2
7.846781E+2	5.128509E+2
7.847511E+2	5.128627E+2
7.848166E+2	5.128748E+2
7.848874E+2	5.128863E+2
7.849535E+2	5.128977E+2
7.850225E+2	0.000000E+0
7.850898E+2	5.129203E+2
7.851564E+2	5.129312E+2
7.852214E+2	5.129417E+2
7.852925E+2	5.129546E+2
7.853640E+2	5.129661E+2
7.854329E+2	5.129786E+2
7.855028E+2	5.129890E+2
7.855687E+2	5.129996E+2
7.856355E+2	5.130112E+2
7.857022E+2	5.130221E+2
7.857665E+2	5.130347E+2
7.858354E+2	5.130465E+2
7.859008E+2	5.130569E+2
7.859680E+2	5.130681E+2
7.860361E+2	5.130804E+2
7.861044E+2	5.130919E+2
7.861700E+2	5.131033E+2
7.862384E+2	5.131147E+2
7.863087E+2	5.131271E+2
7.863793E+2	5.131389E+2
7.864468E+2	5.131517E+2
7.865171E+2	5.131626E+2
7.865882E+2	5.131759E+2
7.866575E+2	5.131864E+2
7.867286E+2	5.131994E+2
7.867927E+2	5.132103E+2
7.868625E+2	5.132218E+2
7.869299E+2	5.132323E+2
7.869965E+2	5.132435E+2
7.870640E+2	5.132565E+2
7.871312E+2	5.132701E+2
7.871998E+2	5.132808E+2
7.872690E+2	5.132927E+2
7.873382E+2	0.000000E+0
7.874068E+2	5.133177E+2
7.874765E+2	5.133293E+2
7.875420E+2	5.133406E+2
7.876077E+2	5.133515E+2
7.876737E+2	5.133627E+2
7.877416E+2	5.133734E+2
7.878099E+2	5.133851E+2
7.878763E+2	5.133955E+2
7.879425E+2	5.134082E+2
7.880113E+2	5.134194E+2
7.880782E+2	5.134312E+2
7.881479E+2	5.134428E+2
7.882147E+2	5.134537E+2
7.882815E+2	5.134638E+2
7.883500E+2	5.134759E+2
7.884186E+2	5.134876E+2
7.884857E+2	5.134937E+2
7.885545E+2	5.135049E+2
7.886264E+2	5.135155E+2
7.886962E+2	5.135263E+2
7.887678E+2	5.135391E+2
7.888366E+2	5.135499E+2
7.889075E+2	5.135612E+2
7.889789E+2	5.135751E+2
7.890481E+2	5.135847E+2
7.891143E+2	5.135967E+2
7.891822E+2	5.136072E+2
7.892485E+2	5.136175E+2
7.893160E+2	5.136304E+2
7.893854E+2	5.136407E+2
7.894558E+2	5.136530E+2
7.895245E+2	5.136660E+2
7.895950E+2	5.136767E+2
7.896635E+2	5.136879E+2
7.897303E+2	5.136997E+2
7.897959E+2	5.137100E+2
7.898635E+2	5.137217E+2
7.899334E+2	5.137335E+2
7.900010E+2	5.137452E+2
7.900705E+2	5.137563E+2
7.901402E+2	5.137688E+2
7.902061E+2	5.137805E+2
7.902744E+2	5.137915E+2
7.903433E+2	5.138042E+2
7.904108E+2	5.138138E+2
7.904788E+2	5.138264E+2
7.905468E+2	5.138369E+2
7.906148E+2	5.138500E+2
7.906852E+2	5.138614E+2
7.907567E+2	5.138726E+2
7.908263E+2	5.138841E+2
7.908966E+2	5.138959E+2
7.909656E+2	5.139086E+2
7.910363E+2	5.139214E+2
7.911089E+2	5.139328E+2
7.911742E+2	5.139435E+2
7.912420E+2	5.139552E+2
7.913079E+2	5.139663E+2
7.913728E+2	5.139766E+2
7.914425E+2	5.139884E+2
7.915114E+2	5.139995E+2
7.915811E+2	5.140121E+2
7.916487E+2	5.140234E+2
7.917226E+2	5.140358E+2
7.917896E+2	5.140474E+2
7.918582E+2	5.140581E+2
7.919247E+2	5.140694E+2
7.919932E+2	5.140817E+2
7.920599E+2	5.140923E+2
7.921280E+2	5.141031E+2
7.921937E+2	5.141158E+2
7.922624E+2	5.141261E+2
7.923300E+2	5.141386E+2
7.923992E+2	5.141504E+2
7.924708E+2	5.141630E+2
7.925357E+2	5.141733E+2
7.926050E+2	5.141859E+2
7.926746E+2	5.141966E+2
7.927397E+2	5.142076E+2
7.928095E+2	5.142185E+2
7.928775E+2	5.142312E+2
7.929444E+2	5.142423E+2
7.930153E+2	5.142549E+2
7.930834E+2	5.142671E+2
7.931559E+2	5.142784E+2
7.932270E+2	5.142911E+2
7.932980E+2	5.143027E+2
7.933672E+2	5.143149E+2
7.934334E+2	5.143263E+2
7.935001E+2	5.143365E+2
7.935680E+2	5.143478E+2
7.936369E+2	5.143604E+2
7.937023E+2	5.143708E+2
7.937705E+2	5.143828E+2
7.938396E+2	5.143947E+2
7.939059E+2	5.144061E+2
7.939750E+2	5.144168E+2
7.940422E+2	5.144292E+2
7.941086E+2	5.144409E+2
7.941774E+2	5.144521E+2
7.942439E+2	5.144645E+2
7.943154E+2	5.144756E+2
7.943867E+2	5.144891E+2
7.944570E+2	5.144991E+2
7.945245E+2	5.145120E+2
7.945962E+2	5.145248E+2
7.946631E+2	5.145353E+2
7.947300E+2	5.145477E+2
7.947986E+2	5.145595E+2
7.948632E+2	5.145714E+2
7.949311E+2	5.145819E+2
7.949950E+2	5.145949E+2
7.950650E+2	5.146075E+2
7.951331E+2	5.146184E+2
7.952020E+2	5.146323E+2
7.952729E+2	5.146441E+2
7.953419E+2	5.146560E+2
7.954095E+2	5.146709E+2
7.954771E+2	5.146821E+2
7.955473E+2	5.146932E+2
7.956150E+2	5.147069E+2
7.956830E+2	5.147169E+2
7.957484E+2	5.147274E+2
7.958172E+2	5.147400E+2
7.958881E+2	5.147512E+2
7.959571E+2	5.147647E+2
7.960266E+2	5.147761E+2
7.960938E+2	5.147861E+2
7.961586E+2	5.147985E+2
7.962272E+2	5.148107E+2
7.962954E+2	5.148218E+2
7.963691E+2	5.148347E+2
7.964355E+2	5.148450E+2
7.965050E+2	5.148571E+2
7.965715E+2	5.148683E+2
7.966402E+2	5.148805E+2
7.967095E+2	5.148925E+2
7.967823E+2	5.149042E+2
7.968507E+2	5.149166E+2
7.969173E+2	5.149263E+2
7.969816E+2	5.149384E+2
7.970508E+2	5.149498E+2
7.971183E+2	5.149622E+2
7.971859E+2	5.149746E+2
7.972571E+2	5.149857E+2
7.973264E+2	5.149985E+2
7.973958E+2	5.150111E+2
7.974627E+2	5.150217E+2
7.975294E+2	5.150325E+2
7.975975E+2	5.150439E+2
7.976645E+2	5.150568E+2
7.977341E+2	5.150681E+2
7.978029E+2	5.150791E+2
7.978714E+2	5.150913E+2
7.979389E+2	5.151029E+2
7.980053E+2	5.151140E+2
7.980739E+2	5.151274E+2
7.981441E+2	5.151381E+2
7.982117E+2	5.151502E+2
7.982799E+2	5.151615E+2
7.983485E+2	5.151724E+2
7.984154E+2	5.151842E+2
7.984804E+2	5.151958E+2
7.985506E+2	5.152059E+2
7.986181E+2	5.152190E+2
7.986893E+2	5.152313E+2
7.987539E+2	5.152429E+2
7.988236E+2	5.152536E+2
7.988901E+2	5.152658E+2
7.989578E+2	5.152783E+2
7.990267E+2	5.152890E+2
7.990957E+2	5.153009E+2
7.991634E+2	5.153131E+2
7.992333E+2	5.153251E+2
7.993031E+2	5.153361E+2
7.993682E+2	5.153476E+2
7.994387E+2	5.153599E+2
7.995044E+2	5.153709E+2
7.995698E+2	5.153822E+2
7.996381E+2	5.153951E+2
7.997076E+2	5.154060E+2
7.997763E+2	5.154172E+2
7.998455E+2	5.154288E+2
7.999123E+2	5.154410E+2
7.999819E+2	5.154532E+2
8.000492E+2	5.154661E+2
8.001229E+2	5.154773E+2
8.001921E+2	5.154890E+2
8.002580E+2	5.155009E+2
8.003270E+2	5.155123E+2
8.003963E+2	5.155248E+2
8.004651E+2	5.155355E+2
8.005325E+2	5.155480E+2
8.006016E+2	5.155606E+2
8.006729E+2	5.155731E+2
8.007434E+2	5.155842E+2
8.008077E+2	5.155962E+2
8.008768E+2	5.156081E+2
8.009449E+2	5.156184E+2
8.010126E+2	5.156315E+2
8.010811E+2	5.156430E+2
8.011489E+2	5.156547E+2
8.012155E+2	5.156660E+2
8.012825E+2	5.156781E+2
8.013533E+2	5.156894E+2
8.014184E+2	5.157016E+2
8.014884E+2	5.157138E+2
8.015546E+2	5.157244E+2
8.016200E+2	5.157355E+2
8.016841E+2	5.157473E+2
8.017509E+2	5.157584E+2
8.018172E+2	5.157700E+2
8.018843E+2	5.157821E+2
8.019514E+2	5.157922E+2
8.020208E+2	5.158062E+2
8.020914E+2	5.158170E+2
8.021612E+2	5.158297E+2
8.022283E+2	5.158414E+2
8.022962E+2	5.158537E+2
8.023630E+2	5.158647E+2
8.024275E+2	5.158771E+2
8.024965E+2	5.158882E+2
8.025655E+2	5.158991E+2
8.026360E+2	5.159134E+2
8.027102E+2	5.159255E+2
8.027789E+2	5.159384E+2
8.028497E+2	5.159484E+2
8.029170E+2	5.159615E+2
8.029840E+2	5.159719E+2
8.030529E+2	5.159852E+2
8.031200E+2	5.159965E+2
8.031848E+2	5.160072E+2
8.032548E+2	5.160191E+2
8.033226E+2	5.160316E+2
8.033942E+2	5.160461E+2
8.034674E+2	5.160595E+2
8.035343E+2	5.160709E+2
8.036003E+2	5.160843E+2
8.036690E+2	5.160989E+2
8.037361E+2	5.161108E+2
8.038036E+2	5.161228E+2
8.038737E+2	5.161356E+2
8.039395E+2	5.161473E+2
8.040105E+2	5.161594E+2
8.040804E+2	5.161713E+2
8.041481E+2	5.161846E+2
8.042175E+2	5.161962E+2
8.042860E+2	5.162081E+2
8.043549E+2	5.162202E+2
8.044235E+2	5.162327E+2
8.044931E+2	5.162458E+2
8.045608E+2	5.162582E+2
8.046299E+2	5.162704E+2
8.047012E+2	5.162832E+2
8.047686E+2	5.162941E+2
8.048367E+2	5.163069E+2
8.049024E+2	5.163188E+2
8.049721E+2	5.163306E+2
8.050397E+2	5.163418E+2
8.051048E+2	5.163538E+2
8.051722E+2	5.163659E+2
8.052394E+2	5.163780E+2
8.053064E+2	5.163898E+2
8.053756E+2	5.164020E+2
8.054433E+2	5.164142E+2
8.055149E+2	5.164259E+2
8.055832E+2	5.164394E+2
8.056504E+2	5.164490E+2
8.057177E+2	5.164608E+2
8.057838E+2	5.164719E+2
8.058499E+2	5.164847E+2
8.059178E+2	5.164968E+2
8.059839E+2	5.165071E+2
8.060535E+2	5.165199E+2
8.061218E+2	5.165331E+2
8.061912E+2	5.165443E+2
8.062606E+2	5.165572E+2
8.063288E+2	5.165690E+2
8.063972E+2	5.165797E+2
8.064629E+2	5.165924E+2
8.065306E+2	5.166032E+2
8.065985E+2	5.166154E+2
8.066660E+2	5.166270E+2
8.067336E+2	5.166398E+2
8.068039E+2	5.166523E+2
8.068701E+2	5.166639E+2
8.069391E+2	5.166759E+2
8.070079E+2	5.166870E+2
8.070765E+2	5.166993E+2
8.071429E+2	5.167099E+2
8.072076E+2	5.167216E+2
8.072752E+2	5.167335E+2
8.073431E+2	5.167457E+2
8.074099E+2	5.167567E+2
8.074783E+2	0.000000E+0
8.075472E+2	5.167800E+2
8.076153E+2	5.167921E+2
8.076831E+2	5.168038E+2
8.077496E+2	5.168154E+2
8.078153E+2	5.168267E+2
8.078809E+2	5.168382E+2
8.079492E+2	5.168515E+2
8.080200E+2	5.168629E+2
8.080864E+2	5.168756E+2
8.081548E+2	5.168860E+2
8.082188E+2	5.168979E+2
8.082851E+2	5.169108E+2
8.083552E+2	5.169215E+2
8.084213E+2	5.169343E+2
8.084899E+2	5.169461E+2
8.085603E+2	5.169585E+2
8.086265E+2	5.169719E+2
8.086975E+2	5.169830E+2
8.087652E+2	5.169962E+2
8.088339E+2	5.170073E+2
8.089002E+2	5.170190E+2
8.089681E+2	5.170315E+2
8.090354E+2	5.170421E+2
8.091043E+2	5.170548E+2
8.091724E+2	5.170672E+2
8.092448E+2	5.170804E+2
8.093148E+2	5.170920E+2
8.093824E+2	5.171044E+2
8.094542E+2	5.171171E+2
8.095232E+2	5.171285E+2
8.095899E+2	5.171406E+2
8.096570E+2	5.171533E+2
8.097271E+2	5.171642E+2
8.097938E+2	5.171760E+2
8.098621E+2	5.171878E+2
8.099287E+2	5.171995E+2
8.099955E+2	5.172120E+2
8.100667E+2	5.172236E+2
8.101331E+2	5.172363E+2
8.102014E+2	5.172477E+2
8.102686E+2	5.172592E+2
8.103349E+2	5.172706E+2
8.104020E+2	5.172830E+2
8.104706E+2	5.172951E+2
8.105389E+2	5.173067E+2
8.106065E+2	5.173197E+2
8.106723E+2	5.173300E+2
8.107430E+2	5.173435E+2
8.108100E+2	5.173559E+2
8.108768E+2	5.173665E+2
8.109413E+2	5.173783E+2
8.110054E+2	5.173887E+2
8.110706E+2	5.174012E+2
8.111372E+2	5.174121E+2
8.112032E+2	5.174249E+2
8.112686E+2	5.174365E+2
8.113386E+2	5.174484E+2
8.114027E+2	5.174600E+2
8.114684E+2	5.174715E+2
8.115329E+2	5.174836E+2
8.116006E+2	5.174957E+2
8.116678E+2	5.175079E+2
8.117361E+2	5.175198E+2
8.118030E+2	5.175321E+2
8.118714E+2	5.175451E+2
8.119384E+2	5.175563E+2
8.120054E+2	5.175685E+2
8.120712E+2	5.175810E+2
8.121420E+2	5.175932E+2
8.122119E+2	5.176070E+2
8.122784E+2	5.176192E+2
8.123435E+2	5.176301E+2
8.124141E+2	5.176428E+2
8.124803E+2	5.176560E+2
8.125476E+2	5.176662E+2
8.126165E+2	5.176792E+2
8.126827E+2	5.176915E+2
8.127477E+2	5.177034E+2
8.128155E+2	5.177150E+2
8.128839E+2	5.177274E+2
8.129505E+2	5.177395E+2
8.130192E+2	5.177519E+2
8.130850E+2	5.177636E+2
8.131554E+2	5.177766E+2
8.132246E+2	5.177877E+2
8.132902E+2	5.177995E+2
8.133601E+2	5.178128E+2
8.134278E+2	5.178253E+2
8.134983E+2	5.178356E+2
8.135647E+2	5.178486E+2
8.136317E+2	5.178600E+2
8.136983E+2	5.178712E+2
8.137700E+2	5.178855E+2
8.138385E+2	5.178976E+2
8.139106E+2	5.179111E+2
8.139785E+2	5.179227E+2
8.140477E+2	5.179348E+2
8.141164E+2	5.179468E+2
8.141853E+2	5.179602E+2
8.142514E+2	5.179711E+2
8.143183E+2	5.179834E+2
8.143877E+2	5.179965E+2
8.144559E+2	5.180093E+2
8.145270E+2	5.180245E+2
8.145967E+2	5.180408E+2
8.146630E+2	5.180529E+2
8.147306E+2	5.180647E+2
8.147996E+2	5.180773E+2
8.148658E+2	5.180889E+2
8.149321E+2	5.181010E+2
8.150007E+2	5.181134E+2
8.150697E+2	5.181258E+2
8.151386E+2	5.181378E+2
8.152066E+2	5.181517E+2
8.152760E+2	5.181637E+2
8.153452E+2	5.181751E+2
8.154125E+2	5.181869E+2
8.154787E+2	5.181990E+2
8.155471E+2	5.182114E+2
8.156168E+2	5.182234E+2
8.156842E+2	5.182363E+2
8.157517E+2	5.182480E+2
8.158200E+2	5.182598E+2
8.158899E+2	5.182734E+2
8.159565E+2	5.182860E+2
8.160289E+2	5.182993E+2
8.160959E+2	5.183104E+2
8.161636E+2	5.183231E+2
8.162312E+2	5.183344E+2
8.162967E+2	5.183473E+2
8.163647E+2	5.183595E+2
8.164343E+2	5.183720E+2
8.165055E+2	5.183844E+2
8.165722E+2	5.183972E+2
8.166434E+2	5.184096E+2
8.167110E+2	5.184220E+2
8.167822E+2	5.184332E+2
8.168543E+2	5.184471E+2
8.169229E+2	5.184585E+2
8.169919E+2	5.184715E+2
8.170580E+2	5.184829E+2
8.171233E+2	5.184950E+2
8.171897E+2	5.185070E+2
8.172569E+2	5.185188E+2
8.173256E+2	5.185312E+2
8.173979E+2	5.185448E+2
8.174690E+2	5.185564E+2
8.175378E+2	5.185691E+2
8.176057E+2	5.185822E+2
8.176717E+2	5.185937E+2
8.177378E+2	5.186055E+2
8.178043E+2	5.186180E+2
8.178722E+2	5.186301E+2
8.179419E+2	5.186420E+2
8.180106E+2	5.186554E+2
8.180751E+2	5.186667E+2
8.181452E+2	5.186781E+2
8.182114E+2	5.186909E+2
8.182785E+2	5.187020E+2
8.183453E+2	5.187144E+2
8.184123E+2	5.187262E+2
8.184808E+2	5.187382E+2
8.185499E+2	5.187515E+2
8.186156E+2	5.187637E+2
8.186889E+2	5.187765E+2
8.187561E+2	5.187881E+2
8.188278E+2	5.188015E+2
8.188937E+2	5.188135E+2
8.189634E+2	5.188248E+2
8.190307E+2	5.188377E+2
8.190978E+2	5.188500E+2
8.191656E+2	5.188622E+2
8.192346E+2	5.188736E+2
8.193044E+2	5.188877E+2
8.193746E+2	5.189003E+2
8.194430E+2	5.189119E+2
8.195121E+2	5.189240E+2
8.195778E+2	5.189371E+2
8.196465E+2	5.189482E+2
8.197175E+2	5.189614E+2
8.197865E+2	5.189736E+2
8.198533E+2	5.189862E+2
8.199203E+2	5.189981E+2
8.199853E+2	5.190103E+2
8.200570E+2	5.190229E+2
8.201280E+2	5.190367E+2
8.201973E+2	5.190489E+2
8.202675E+2	5.190601E+2
8.203347E+2	5.190722E+2
8.204037E+2	5.190855E+2
8.204713E+2	5.190974E+2
8.205379E+2	5.191094E+2
8.206062E+2	5.191226E+2
8.206751E+2	5.191338E+2
8.207424E+2	5.191460E+2
8.208122E+2	5.191583E+2
8.208785E+2	5.191718E+2
8.209510E+2	5.191851E+2
8.210209E+2	5.191963E+2
8.210883E+2	5.192088E+2
8.211527E+2	5.192213E+2
8.212209E+2	5.192322E+2
8.212882E+2	5.192442E+2
8.213577E+2	5.192576E+2
8.214296E+2	5.192715E+2
8.214968E+2	5.192842E+2
8.215669E+2	5.192971E+2
8.216359E+2	5.193084E+2
8.217033E+2	5.193218E+2
8.217715E+2	5.193345E+2
8.218400E+2	5.193456E+2
8.219078E+2	5.193594E+2
8.219764E+2	5.193706E+2
8.220450E+2	5.193818E+2
8.221129E+2	5.193951E+2
8.221831E+2	5.194076E+2
8.222504E+2	5.194192E+2
8.223184E+2	5.194320E+2
8.223847E+2	5.194448E+2
8.224510E+2	5.194569E+2
8.225185E+2	5.194703E+2
8.225864E+2	5.194830E+2
8.226535E+2	5.194939E+2
8.227210E+2	5.195060E+2
8.227910E+2	5.195195E+2
8.228615E+2	5.195319E+2
8.229294E+2	5.195458E+2
8.229988E+2	5.195570E+2
8.230648E+2	5.195704E+2
8.231329E+2	5.195831E+2
8.232017E+2	5.195963E+2
8.232672E+2	5.196079E+2
8.233336E+2	5.196191E+2
8.234066E+2	5.196333E+2
8.234766E+2	5.196465E+2
8.235427E+2	5.196629E+2
8.236119E+2	5.196747E+2
8.236797E+2	5.196875E+2
8.237469E+2	5.196997E+2
8.238160E+2	5.197126E+2
8.238827E+2	5.197249E+2
8.239509E+2	5.197367E+2
8.240184E+2	5.197492E+2
8.240874E+2	5.197624E+2
8.241556E+2	5.197747E+2
8.242249E+2	5.197881E+2
8.242952E+2	5.197983E+2
8.243611E+2	5.198119E+2
8.244289E+2	5.198245E+2
8.244952E+2	5.198359E+2
8.245633E+2	5.198482E+2
8.246306E+2	5.198613E+2
8.247008E+2	5.198736E+2
8.247703E+2	5.198869E+2
8.248390E+2	5.198989E+2
8.249102E+2	5.199123E+2
8.249833E+2	5.199249E+2
8.250510E+2	5.199385E+2
8.251234E+2	5.199510E+2
8.251934E+2	5.199640E+2
8.252625E+2	5.199757E+2
8.253301E+2	5.199876E+2
8.253982E+2	5.199997E+2
8.254653E+2	5.200126E+2
8.255312E+2	5.200242E+2
8.255995E+2	5.200367E+2
8.256677E+2	5.200499E+2
8.257402E+2	5.200620E+2
8.258078E+2	5.200752E+2
8.258799E+2	5.200873E+2
8.259491E+2	5.201009E+2
8.260147E+2	5.201120E+2
8.260820E+2	5.201254E+2
8.261487E+2	5.201365E+2
8.262165E+2	5.201491E+2
8.262842E+2	5.201616E+2
8.263547E+2	5.201745E+2
8.264231E+2	5.201874E+2
8.264922E+2	5.201999E+2
8.265603E+2	5.202128E+2
8.266269E+2	5.202252E+2
8.266941E+2	5.202363E+2
8.267594E+2	5.202495E+2
8.268275E+2	5.202623E+2
8.268969E+2	5.202748E+2
8.269639E+2	5.202865E+2
8.270338E+2	5.203008E+2
8.271029E+2	5.203111E+2
8.271719E+2	5.203256E+2
8.272431E+2	5.203382E+2
8.273123E+2	5.203517E+2
8.273793E+2	5.203626E+2
8.274469E+2	5.203755E+2
8.275153E+2	5.203888E+2
8.275803E+2	5.203998E+2
8.276508E+2	5.204133E+2
8.277196E+2	5.204258E+2
8.277901E+2	5.204382E+2
8.278584E+2	5.204525E+2
8.279278E+2	5.204642E+2
8.279932E+2	5.204763E+2
8.280595E+2	5.204886E+2
8.281257E+2	5.205009E+2
8.281918E+2	5.205137E+2
8.282611E+2	5.205246E+2
8.283308E+2	5.205383E+2
8.283976E+2	5.205512E+2
8.284720E+2	5.205643E+2
8.285418E+2	5.205769E+2
8.286101E+2	5.205910E+2
8.286784E+2	5.206018E+2
8.287462E+2	5.206146E+2
8.288128E+2	5.206283E+2
8.288826E+2	5.206415E+2
8.289511E+2	5.206563E+2
8.290205E+2	5.206687E+2
8.290908E+2	5.206823E+2
8.291607E+2	5.206944E+2
8.292281E+2	5.207083E+2
8.292988E+2	5.207208E+2
8.293680E+2	5.207321E+2
8.294335E+2	5.207450E+2
8.295026E+2	5.207580E+2
8.295681E+2	5.207695E+2
8.296362E+2	5.207826E+2
8.297035E+2	5.207963E+2
8.297709E+2	5.208092E+2
8.298371E+2	5.208214E+2
8.299024E+2	5.208338E+2
8.299739E+2	5.208456E+2
8.300426E+2	5.208586E+2
8.301104E+2	5.208700E+2
8.301759E+2	5.208835E+2
8.302417E+2	5.208947E+2
8.303113E+2	5.209076E+2
8.303801E+2	5.209183E+2
8.304463E+2	5.209329E+2
8.305171E+2	5.209450E+2
8.305858E+2	5.209560E+2
8.306541E+2	5.209689E+2
8.307228E+2	5.209816E+2
8.307895E+2	5.209942E+2
8.308601E+2	5.210056E+2
8.309270E+2	5.210191E+2
8.309969E+2	5.210316E+2
8.310624E+2	5.210429E+2
8.311312E+2	5.210571E+2
8.311991E+2	5.210688E+2
8.312668E+2	5.210812E+2
8.313391E+2	5.210946E+2
8.314044E+2	5.211061E+2
8.314737E+2	5.211195E+2
8.315422E+2	5.211320E+2
8.316096E+2	5.211444E+2
8.316751E+2	5.211568E+2
8.317429E+2	5.211678E+2
8.318123E+2	5.211827E+2
8.318817E+2	5.211956E+2
8.319488E+2	5.212085E+2
8.320219E+2	5.212226E+2
8.320893E+2	5.212339E+2
8.321593E+2	5.212468E+2
8.322277E+2	5.212595E+2
8.322952E+2	5.212710E+2
8.323628E+2	5.212853E+2
8.324313E+2	5.212975E+2
8.325014E+2	5.213112E+2
8.325733E+2	5.213238E+2
8.326431E+2	5.213373E+2
8.327150E+2	5.213516E+2
8.327823E+2	5.213634E+2
8.328513E+2	5.213760E+2
8.329183E+2	5.213890E+2
8.329858E+2	5.214009E+2
8.330563E+2	5.214144E+2
8.331222E+2	5.214269E+2
8.331918E+2	5.214402E+2
8.332601E+2	5.214522E+2
8.333293E+2	5.214642E+2
8.333977E+2	5.214776E+2
8.334711E+2	5.214922E+2
8.335430E+2	5.215039E+2
8.336103E+2	5.215169E+2
8.336770E+2	5.215299E+2
8.337434E+2	5.215418E+2
8.338084E+2	5.215539E+2
8.338754E+2	5.215677E+2
8.339438E+2	5.215794E+2
8.340121E+2	5.215934E+2
8.340782E+2	5.216054E+2
8.341460E+2	5.216176E+2
8.342134E+2	5.216292E+2
8.342807E+2	5.216426E+2
8.343446E+2	5.216534E+2
8.344085E+2	5.216682E+2
8.344752E+2	5.216776E+2
8.345399E+2	5.216916E+2
8.346116E+2	5.217045E+2
8.346776E+2	5.217183E+2
8.347444E+2	5.217329E+2
8.348117E+2	5.217461E+2
8.348771E+2	0.000000E+0
8.349441E+2	5.217698E+2
8.350118E+2	5.217830E+2
8.350788E+2	5.217950E+2
8.351463E+2	5.218082E+2
8.352139E+2	5.218215E+2
8.352842E+2	5.218344E+2
8.353532E+2	5.218467E+2
8.354208E+2	5.218594E+2
8.354877E+2	5.218724E+2
8.355550E+2	5.218856E+2
8.356233E+2	5.218980E+2
8.356955E+2	5.219098E+2
8.357625E+2	5.219229E+2
8.358317E+2	5.219375E+2
8.359018E+2	5.219500E+2
8.359675E+2	5.219636E+2
8.360388E+2	5.219759E+2
8.361053E+2	5.219886E+2
8.361741E+2	5.220006E+2
8.362432E+2	5.220141E+2
8.363090E+2	5.220260E+2
8.363786E+2	5.220382E+2
8.364499E+2	5.220515E+2
8.365207E+2	5.220654E+2
8.365906E+2	5.220786E+2
8.366605E+2	5.220915E+2
8.367274E+2	5.221042E+2
8.367968E+2	5.221173E+2
8.368622E+2	5.221299E+2
8.369287E+2	5.221425E+2
8.369962E+2	5.221556E+2
8.370672E+2	5.221674E+2
8.371345E+2	5.221803E+2
8.372028E+2	5.221943E+2
8.372757E+2	5.222074E+2
8.373446E+2	5.222213E+2
8.374160E+2	5.222354E+2
8.374878E+2	5.222472E+2
8.375531E+2	5.222602E+2
8.376210E+2	5.222729E+2
8.376894E+2	5.222856E+2
8.377578E+2	5.222981E+2
8.378256E+2	5.223114E+2
8.378931E+2	5.223241E+2
8.379592E+2	5.223363E+2
8.380301E+2	5.223503E+2
8.380975E+2	5.223628E+2
8.381675E+2	5.223757E+2
8.382383E+2	5.223883E+2
8.383046E+2	5.224027E+2
8.383715E+2	5.224146E+2
8.384399E+2	5.224272E+2
8.385084E+2	5.224400E+2
8.385778E+2	5.224529E+2
8.386507E+2	5.224668E+2
8.387186E+2	5.224793E+2
8.387873E+2	5.224919E+2
8.388570E+2	5.225054E+2
8.389250E+2	5.225187E+2
8.389959E+2	5.225324E+2
8.390628E+2	5.225432E+2
8.391301E+2	5.225560E+2
8.391950E+2	5.225680E+2
8.392660E+2	5.225819E+2
8.393356E+2	5.225955E+2
8.394040E+2	5.226063E+2
8.394737E+2	5.226195E+2
8.395417E+2	5.226333E+2
8.396147E+2	5.226479E+2
8.396857E+2	5.226612E+2
8.397531E+2	5.226740E+2
8.398201E+2	5.226859E+2
8.398873E+2	5.226986E+2
8.399516E+2	5.227114E+2
8.400211E+2	5.227238E+2
8.400919E+2	5.227369E+2
8.401574E+2	5.227497E+2
8.402272E+2	5.227637E+2
8.402949E+2	5.227778E+2
8.403656E+2	5.227903E+2
8.404372E+2	5.228037E+2
8.405083E+2	5.228180E+2
8.405773E+2	5.228294E+2
8.406455E+2	5.228440E+2
8.407131E+2	5.228564E+2
8.407797E+2	5.228707E+2
8.408470E+2	5.228826E+2
8.409130E+2	5.228945E+2
8.409858E+2	5.229082E+2
8.410565E+2	5.229209E+2
8.411235E+2	5.229347E+2
8.411931E+2	5.229466E+2
8.412605E+2	5.229610E+2
8.413308E+2	5.229734E+2
8.413955E+2	5.229873E+2
8.414643E+2	5.230002E+2
8.415324E+2	5.230152E+2
8.416017E+2	5.230285E+2
8.416746E+2	5.230426E+2
8.417405E+2	5.230548E+2
8.418081E+2	5.230681E+2
8.418751E+2	5.230799E+2
8.419432E+2	5.230928E+2
8.420112E+2	5.231060E+2
8.420788E+2	5.231187E+2
8.421482E+2	5.231314E+2
8.422165E+2	5.231444E+2
8.422835E+2	5.231577E+2
8.423539E+2	0.000000E+0
8.424231E+2	5.231849E+2
8.424900E+2	5.231978E+2
8.425577E+2	5.232111E+2
8.426281E+2	5.232244E+2
8.426956E+2	5.232367E+2
8.427627E+2	5.232485E+2
8.428281E+2	5.232613E+2
8.428970E+2	5.232743E+2
8.429658E+2	5.232879E+2
8.430371E+2	5.233006E+2
8.431063E+2	5.233137E+2
8.431776E+2	5.233289E+2
8.432440E+2	5.233409E+2
8.433120E+2	5.233537E+2
8.433805E+2	5.233653E+2
8.434453E+2	5.233791E+2
8.435158E+2	5.233905E+2
8.435827E+2	5.234039E+2
8.436532E+2	5.234179E+2
8.437176E+2	5.234304E+2
8.437856E+2	5.234427E+2
8.438538E+2	5.234563E+2
8.439203E+2	5.234695E+2
8.439876E+2	5.234824E+2
8.440564E+2	5.234959E+2
8.441245E+2	5.235081E+2
8.441891E+2	5.235197E+2
8.442584E+2	5.235347E+2
8.443277E+2	5.235464E+2
8.443972E+2	5.235609E+2
8.444649E+2	5.235747E+2
8.445347E+2	5.235874E+2
8.446054E+2	5.235998E+2
8.446738E+2	5.236137E+2
8.447430E+2	5.236261E+2
8.448104E+2	5.236376E+2
8.448763E+2	5.236502E+2
8.449429E+2	5.236643E+2
8.450085E+2	5.236762E+2
8.450769E+2	5.236884E+2
8.451463E+2	5.237022E+2
8.452115E+2	5.237145E+2
8.452832E+2	5.237288E+2
8.453496E+2	5.237412E+2
8.454177E+2	5.237532E+2
8.454830E+2	5.237658E+2
8.455503E+2	5.237792E+2
8.456187E+2	5.237907E+2
8.456874E+2	5.238046E+2
8.457561E+2	0.000000E+0
8.458238E+2	5.238310E+2
8.458916E+2	5.238454E+2
8.459619E+2	5.238574E+2
8.460335E+2	5.238712E+2
8.460988E+2	5.238847E+2
8.461682E+2	5.238976E+2
8.462341E+2	5.239085E+2
8.463034E+2	5.239232E+2
8.463725E+2	5.239368E+2
8.464433E+2	5.239500E+2
8.465126E+2	5.239632E+2
8.465810E+2	5.239768E+2
8.466515E+2	5.239903E+2
8.467179E+2	5.240048E+2
8.467897E+2	5.240173E+2
8.468592E+2	5.240309E+2
8.469253E+2	5.240462E+2
8.469955E+2	5.240585E+2
8.470604E+2	5.240711E+2
8.471315E+2	5.240858E+2
8.471982E+2	5.240968E+2
8.472684E+2	5.241104E+2
8.473331E+2	5.241230E+2
8.474025E+2	5.241357E+2
8.474706E+2	5.241504E+2
8.475353E+2	5.241634E+2
8.476021E+2	5.241763E+2
8.476713E+2	5.241900E+2
8.477424E+2	5.242038E+2
8.478094E+2	5.242184E+2
8.478782E+2	5.242316E+2
8.479475E+2	5.242444E+2
8.480165E+2	5.242571E+2
8.480879E+2	5.242745E+2
8.481582E+2	5.242896E+2
8.482235E+2	5.243088E+2
8.482892E+2	5.243214E+2
8.483562E+2	5.243370E+2
8.484221E+2	5.243490E+2
8.484922E+2	5.243625E+2
8.485588E+2	5.243743E+2
8.486266E+2	5.243885E+2
8.486980E+2	5.244012E+2
8.487659E+2	5.244161E+2
8.488350E+2	5.244288E+2
8.489026E+2	5.244438E+2
8.489710E+2	5.244551E+2
8.490380E+2	5.244683E+2
8.491065E+2	5.244824E+2
8.491714E+2	5.244943E+2
8.492428E+2	5.245089E+2
8.493136E+2	5.245219E+2
8.493815E+2	5.245353E+2
8.494493E+2	0.000000E+0
8.495152E+2	5.245612E+2
8.495822E+2	0.000000E+0
8.496490E+2	5.245876E+2
8.497153E+2	5.245997E+2
8.497828E+2	5.246146E+2
8.498518E+2	5.246268E+2
8.499213E+2	5.246406E+2
8.499903E+2	5.246537E+2
8.500574E+2	5.246668E+2
8.501287E+2	5.246854E+2
8.502007E+2	5.246988E+2
8.502658E+2	5.247116E+2
8.503314E+2	5.247234E+2
8.503993E+2	5.247375E+2
8.504686E+2	5.247501E+2
8.505346E+2	5.247627E+2
8.506049E+2	5.247749E+2
8.506726E+2	5.247899E+2
8.507432E+2	5.248024E+2
8.508130E+2	5.248161E+2
8.508829E+2	5.248298E+2
8.509520E+2	5.248434E+2
8.510173E+2	5.248548E+2
8.510855E+2	5.248694E+2
8.511529E+2	5.248826E+2
8.512200E+2	5.248950E+2
8.512873E+2	5.249083E+2
8.513586E+2	5.249213E+2
8.514275E+2	5.249371E+2
8.514987E+2	5.249513E+2
8.515705E+2	5.249643E+2
8.516369E+2	5.249779E+2
8.517044E+2	5.249908E+2
8.517719E+2	5.250029E+2
8.518367E+2	5.250167E+2
8.519044E+2	5.250301E+2
8.519718E+2	5.250429E+2
8.520389E+2	5.250565E+2
8.521072E+2	5.250691E+2
8.521748E+2	5.250820E+2
8.522428E+2	5.250961E+2
8.523130E+2	5.251100E+2
8.523800E+2	5.251222E+2
8.524462E+2	5.251353E+2
8.525105E+2	5.251485E+2
8.525802E+2	5.251614E+2
8.526526E+2	5.251757E+2
8.527206E+2	5.251886E+2
8.527882E+2	5.252027E+2
8.528561E+2	5.252165E+2
8.529267E+2	5.252301E+2
8.529962E+2	5.252445E+2
8.530625E+2	5.252571E+2
8.531287E+2	5.252695E+2
8.531949E+2	5.252827E+2
8.532622E+2	5.252949E+2
8.533301E+2	5.253098E+2
8.533974E+2	5.253236E+2
8.534715E+2	5.253379E+2
8.535419E+2	5.253510E+2
8.536080E+2	5.253665E+2
8.536763E+2	5.253786E+2
8.537416E+2	5.253919E+2
8.538093E+2	5.254049E+2
8.538764E+2	5.254175E+2
8.539452E+2	5.254305E+2
8.540140E+2	5.254434E+2
8.540791E+2	5.254586E+2
8.541494E+2	5.254700E+2
8.542180E+2	5.254842E+2
8.542871E+2	5.254974E+2
8.543566E+2	5.255106E+2
8.544260E+2	5.255237E+2
8.544929E+2	5.255380E+2
8.545599E+2	5.255506E+2
8.546280E+2	5.255629E+2
8.546937E+2	5.255767E+2
8.547648E+2	5.255906E+2
8.548332E+2	5.256040E+2
8.549046E+2	5.256186E+2
8.549747E+2	5.256301E+2
8.550426E+2	5.256450E+2
8.551103E+2	5.256577E+2
8.551776E+2	5.256720E+2
8.552458E+2	5.256843E+2
8.553155E+2	5.256975E+2
8.553836E+2	5.257107E+2
8.554543E+2	5.257243E+2
8.555191E+2	5.257394E+2
8.555881E+2	5.257522E+2
8.556575E+2	5.257658E+2
8.557232E+2	5.257784E+2
8.557921E+2	5.257920E+2
8.558595E+2	5.258047E+2
8.559277E+2	5.258179E+2
8.559935E+2	5.258301E+2
8.560610E+2	5.258429E+2
8.561264E+2	5.258570E+2
8.561945E+2	5.258715E+2
8.562653E+2	5.258854E+2
8.563377E+2	5.258987E+2
8.564052E+2	5.259124E+2
8.564702E+2	5.259251E+2
8.565362E+2	5.259367E+2
8.566034E+2	5.259505E+2
8.566717E+2	5.259632E+2
8.567400E+2	5.259767E+2
8.568104E+2	5.259919E+2
8.568769E+2	5.260052E+2
8.569458E+2	5.260182E+2
8.570122E+2	5.260315E+2
8.570826E+2	5.260456E+2
8.571503E+2	5.260612E+2
8.572223E+2	5.260742E+2
8.572877E+2	5.260855E+2
8.573555E+2	5.261007E+2
8.574247E+2	5.261146E+2
8.574909E+2	5.261293E+2
8.575612E+2	5.261438E+2
8.576319E+2	5.261571E+2
8.577011E+2	5.261788E+2
8.577695E+2	5.261927E+2
8.578370E+2	5.262046E+2
8.579035E+2	5.262195E+2
8.579705E+2	5.262329E+2
8.580382E+2	5.262475E+2
8.581079E+2	5.262604E+2
8.581764E+2	5.262735E+2
8.582423E+2	5.262878E+2
8.583109E+2	5.262997E+2
8.583772E+2	5.263137E+2
8.584446E+2	5.263269E+2
8.585126E+2	5.263408E+2
8.585798E+2	5.263546E+2
8.586459E+2	5.263677E+2
8.587139E+2	5.263794E+2
8.587835E+2	5.263940E+2
8.588535E+2	5.264096E+2
8.589226E+2	5.264227E+2
8.589928E+2	5.264358E+2
8.590600E+2	5.264496E+2
8.591269E+2	5.264613E+2
8.591950E+2	5.264758E+2
8.592620E+2	5.264887E+2
8.593296E+2	5.265020E+2
8.594001E+2	5.265157E+2
8.594660E+2	5.265296E+2
8.595346E+2	5.265437E+2
8.596011E+2	5.265552E+2
8.596696E+2	5.265697E+2
8.597406E+2	5.265833E+2
8.598104E+2	5.265972E+2
8.598775E+2	5.266118E+2
8.599448E+2	5.266246E+2
8.600138E+2	5.266384E+2
8.600833E+2	5.266519E+2
8.601529E+2	5.266653E+2
8.602190E+2	5.266779E+2
8.602888E+2	5.266931E+2
8.603562E+2	5.267067E+2
8.604236E+2	5.267190E+2
8.604908E+2	5.267334E+2
8.605596E+2	5.267460E+2
8.606262E+2	5.267615E+2
8.606951E+2	5.267761E+2
8.607635E+2	5.267901E+2
8.608322E+2	5.268042E+2
8.609006E+2	5.268183E+2
8.609720E+2	5.268331E+2
8.610388E+2	5.268462E+2
8.611068E+2	5.268583E+2
8.611745E+2	5.268727E+2
8.612414E+2	5.268854E+2
8.613073E+2	5.268992E+2
8.613755E+2	5.269126E+2
8.614413E+2	5.269254E+2
8.615126E+2	5.269406E+2
8.615829E+2	5.269543E+2
8.616512E+2	5.269679E+2
8.617190E+2	5.269806E+2
8.617888E+2	5.269961E+2
8.618545E+2	5.270082E+2
8.619238E+2	5.270223E+2
8.619887E+2	5.270354E+2
8.620590E+2	5.270499E+2
8.621291E+2	5.270634E+2
8.621997E+2	5.270789E+2
8.622679E+2	5.270919E+2
8.623388E+2	5.271068E+2
8.624068E+2	5.271203E+2
8.624756E+2	5.271340E+2
8.625429E+2	5.271477E+2
8.626113E+2	5.271620E+2
8.626784E+2	5.271763E+2
8.627466E+2	5.271905E+2
8.628133E+2	5.272047E+2
8.628823E+2	5.272197E+2
8.629530E+2	5.272344E+2
8.630219E+2	5.272489E+2
8.630966E+2	5.272724E+2
8.631657E+2	5.272880E+2
8.632335E+2	5.273016E+2
8.633000E+2	5.273142E+2
8.633686E+2	5.273289E+2
8.634375E+2	5.273427E+2
8.635067E+2	5.273567E+2
8.635748E+2	5.273705E+2
8.636429E+2	5.273839E+2
8.637107E+2	5.273968E+2
8.637795E+2	5.274100E+2
8.638471E+2	5.274243E+2
8.639141E+2	5.274388E+2
8.639832E+2	5.274536E+2
8.640524E+2	5.274666E+2
8.641187E+2	5.274799E+2
8.641854E+2	5.274939E+2
8.642534E+2	5.275073E+2
8.643247E+2	5.275239E+2
8.643936E+2	5.275370E+2
8.644622E+2	5.275517E+2
8.645339E+2	5.275647E+2
8.646016E+2	5.275789E+2
8.646710E+2	5.275920E+2
8.647386E+2	5.276061E+2
8.648071E+2	5.276203E+2
8.648752E+2	5.276347E+2
8.649418E+2	5.276474E+2
8.650096E+2	5.276602E+2
8.650772E+2	5.276743E+2
8.651465E+2	5.276884E+2
8.652154E+2	5.277016E+2
8.652866E+2	5.277169E+2
8.653561E+2	5.277292E+2
8.654229E+2	5.277441E+2
8.654894E+2	5.277575E+2
8.655609E+2	5.277711E+2
8.656275E+2	5.277854E+2
8.656957E+2	5.277982E+2
8.657604E+2	5.278121E+2
8.658276E+2	5.278245E+2
8.658999E+2	5.278404E+2
8.659693E+2	5.278542E+2
8.660397E+2	5.278690E+2
8.661049E+2	5.278824E+2
8.661709E+2	5.278973E+2
8.662393E+2	5.279109E+2
8.663090E+2	5.279233E+2
8.663750E+2	5.279377E+2
8.664453E+2	5.279526E+2
8.665132E+2	5.279659E+2
8.665805E+2	5.279805E+2
8.666532E+2	5.279939E+2
8.667210E+2	5.280095E+2
8.667929E+2	5.280239E+2
8.668640E+2	5.280382E+2
8.669297E+2	5.280508E+2
8.669994E+2	5.280646E+2
8.670661E+2	5.280774E+2
8.671322E+2	5.280916E+2
8.672006E+2	5.281062E+2
8.672702E+2	5.281201E+2
8.673379E+2	5.281341E+2
8.674082E+2	5.281482E+2
8.674739E+2	5.281615E+2
8.675411E+2	5.281749E+2
8.676067E+2	5.281879E+2
8.676750E+2	5.282008E+2
8.677441E+2	5.282156E+2
8.678127E+2	5.282302E+2
8.678803E+2	5.282430E+2
8.679493E+2	5.282577E+2
8.680163E+2	5.282703E+2
8.680869E+2	5.282856E+2
8.681548E+2	5.282997E+2
8.682230E+2	5.283122E+2
8.682916E+2	5.283268E+2
8.683599E+2	5.283406E+2
8.684298E+2	5.283545E+2
8.684973E+2	5.283679E+2
8.685651E+2	5.283820E+2
8.686333E+2	5.283959E+2
8.687059E+2	5.284112E+2
8.687738E+2	5.284257E+2
8.688449E+2	5.284394E+2
8.689154E+2	5.284544E+2
8.689845E+2	5.284673E+2
8.690531E+2	5.284816E+2
8.691196E+2	5.284971E+2
8.691878E+2	5.285091E+2
8.692549E+2	5.285228E+2
8.693244E+2	5.285369E+2
8.693924E+2	5.285501E+2
8.694605E+2	5.285634E+2
8.695274E+2	5.285764E+2
8.695935E+2	5.285910E+2
8.696577E+2	5.286042E+2
8.697300E+2	5.286180E+2
8.697966E+2	5.286325E+2
8.698633E+2	5.286464E+2
8.699314E+2	5.286599E+2
8.700004E+2	5.286729E+2
8.700660E+2	5.286886E+2
8.701416E+2	5.287022E+2
8.702093E+2	5.287164E+2
8.702761E+2	5.287298E+2
8.703443E+2	5.287443E+2
8.704108E+2	5.287587E+2
8.704799E+2	5.287710E+2
8.705482E+2	5.287861E+2
8.706178E+2	5.287989E+2
8.706845E+2	5.288129E+2
8.707546E+2	5.288271E+2
8.708233E+2	5.288420E+2
8.708939E+2	5.288564E+2
8.709626E+2	5.288715E+2
8.710275E+2	5.288847E+2
8.710968E+2	5.288971E+2
8.711655E+2	5.289112E+2
8.712323E+2	5.289243E+2
8.712990E+2	5.289391E+2
8.713666E+2	5.289537E+2
8.714362E+2	5.289672E+2
8.715065E+2	5.289828E+2
8.715766E+2	5.289971E+2
8.716431E+2	5.290105E+2
8.717113E+2	5.290234E+2
8.717795E+2	5.290385E+2
8.718468E+2	5.290517E+2
8.719131E+2	5.290651E+2
8.719775E+2	5.290792E+2
8.720484E+2	5.290922E+2
8.721176E+2	5.291050E+2
8.721844E+2	5.291210E+2
8.722541E+2	5.291343E+2
8.723195E+2	5.291480E+2
8.723865E+2	5.291616E+2
8.724539E+2	5.291762E+2
8.725218E+2	5.291902E+2
8.725884E+2	5.292045E+2
8.726558E+2	5.292183E+2
8.727265E+2	5.292328E+2
8.727919E+2	5.292463E+2
8.728621E+2	5.292613E+2
8.729319E+2	5.292742E+2
8.730023E+2	5.292891E+2
8.730694E+2	5.293026E+2
8.731357E+2	5.293173E+2
8.732025E+2	5.293305E+2
8.732715E+2	5.293443E+2
8.733409E+2	5.293590E+2
8.734057E+2	5.293731E+2
8.734775E+2	5.293868E+2
8.735494E+2	5.294027E+2
8.736175E+2	5.294158E+2
8.736864E+2	5.294298E+2
8.737546E+2	5.294433E+2
8.738233E+2	5.294588E+2
8.738910E+2	5.294715E+2
8.739600E+2	5.294858E+2
8.740273E+2	5.294994E+2
8.740973E+2	5.295132E+2
8.741656E+2	5.295280E+2
8.742345E+2	5.295432E+2
8.743069E+2	5.295579E+2
8.743759E+2	5.295710E+2
8.744425E+2	5.295841E+2
8.745110E+2	5.295982E+2
8.745780E+2	5.296151E+2
8.746481E+2	5.296282E+2
8.747146E+2	5.296417E+2
8.747812E+2	5.296558E+2
8.748494E+2	5.296698E+2
8.749207E+2	5.296848E+2
8.749888E+2	5.297005E+2
8.750589E+2	5.297138E+2
8.751267E+2	5.297291E+2
8.751943E+2	5.297437E+2
8.752623E+2	5.297578E+2
8.753318E+2	5.297706E+2
8.753999E+2	5.297866E+2
8.754680E+2	5.298013E+2
8.755348E+2	5.298181E+2
8.756035E+2	5.298323E+2
8.756745E+2	5.298460E+2
8.757442E+2	5.298618E+2
8.758163E+2	5.298758E+2
8.758882E+2	5.298921E+2
8.759550E+2	5.299048E+2
8.760226E+2	5.299181E+2
8.760867E+2	5.299312E+2
8.761525E+2	5.299447E+2
8.762190E+2	5.299581E+2
8.762859E+2	5.299730E+2
8.763543E+2	5.299877E+2
8.764274E+2	5.300020E+2
8.764986E+2	5.300174E+2
8.765649E+2	5.300305E+2
8.766341E+2	5.300454E+2
8.767024E+2	5.300592E+2
8.767713E+2	5.300745E+2
8.768404E+2	5.300881E+2
8.769106E+2	5.301023E+2
8.769806E+2	5.301160E+2
8.770487E+2	5.301305E+2
8.771188E+2	5.301455E+2
8.771862E+2	5.301576E+2
8.772574E+2	5.301725E+2
8.773224E+2	5.301860E+2
8.773883E+2	5.302002E+2
8.774571E+2	5.302135E+2
8.775257E+2	5.302286E+2
8.775934E+2	5.302421E+2
8.776606E+2	5.302557E+2
8.777312E+2	5.302710E+2
8.778001E+2	5.302847E+2
8.778649E+2	5.302987E+2
8.779334E+2	5.303129E+2
8.780037E+2	5.303275E+2
8.780704E+2	5.303412E+2
8.781376E+2	5.303547E+2
8.782056E+2	5.303681E+2
8.782727E+2	5.303819E+2
8.783441E+2	5.303968E+2
8.784155E+2	5.304109E+2
8.784825E+2	5.304266E+2
8.785504E+2	5.304403E+2
8.786194E+2	5.304550E+2
8.786875E+2	5.304745E+2
8.787545E+2	5.304870E+2
8.788238E+2	5.305014E+2
8.788948E+2	5.305161E+2
8.789653E+2	5.305306E+2
8.790303E+2	5.305443E+2
8.790991E+2	5.305584E+2
8.791674E+2	5.305717E+2
8.792366E+2	5.305865E+2
8.793054E+2	5.306023E+2
8.793773E+2	5.306145E+2
8.794458E+2	5.306286E+2
8.795131E+2	5.306416E+2
8.795797E+2	5.306555E+2
8.796471E+2	5.306701E+2
8.797161E+2	5.306847E+2
8.797832E+2	5.306992E+2
8.798491E+2	5.307123E+2
8.799174E+2	5.307261E+2
8.799866E+2	5.307413E+2
8.800547E+2	5.307570E+2
8.801269E+2	5.307702E+2
8.801954E+2	5.307829E+2
8.802642E+2	5.307984E+2
8.803287E+2	5.308114E+2
8.803956E+2	5.308248E+2
8.804631E+2	5.308396E+2
8.805326E+2	5.308548E+2
8.805991E+2	5.308695E+2
8.806681E+2	5.308827E+2
8.807351E+2	5.308967E+2
8.808044E+2	5.309117E+2
8.808714E+2	5.309260E+2
8.809376E+2	5.309397E+2
8.810045E+2	5.309533E+2
8.810710E+2	5.309675E+2
8.811393E+2	5.309824E+2
8.812086E+2	5.309990E+2
8.812756E+2	5.310144E+2
8.813477E+2	5.310277E+2
8.814158E+2	5.310424E+2
8.814855E+2	5.310571E+2
8.815538E+2	5.310704E+2
8.816232E+2	5.310853E+2
8.816897E+2	5.310992E+2
8.817566E+2	5.311123E+2
8.818231E+2	5.311263E+2
8.818917E+2	5.311392E+2
8.819577E+2	5.311543E+2
8.820276E+2	5.311680E+2
8.820971E+2	5.311832E+2
8.821671E+2	5.311970E+2
8.822320E+2	5.312117E+2
8.823001E+2	5.312249E+2
8.823675E+2	5.312392E+2
8.824349E+2	5.312535E+2
8.825030E+2	5.312671E+2
8.825693E+2	5.312817E+2
8.826416E+2	5.312955E+2
8.827115E+2	5.313102E+2
8.827782E+2	5.313255E+2
8.828465E+2	0.000000E+0
8.829130E+2	5.313531E+2
8.829809E+2	5.313685E+2
8.830536E+2	5.313815E+2
8.831193E+2	5.313963E+2
8.831885E+2	5.314108E+2
8.832578E+2	5.314246E+2
8.833249E+2	5.314389E+2
8.833945E+2	5.314538E+2
8.834653E+2	5.314682E+2
8.835324E+2	5.314808E+2
8.835982E+2	5.314953E+2
8.836648E+2	5.315082E+2
8.837324E+2	5.315220E+2
8.837995E+2	5.315370E+2
8.838704E+2	5.315521E+2
8.839389E+2	5.315666E+2
8.840072E+2	5.315804E+2
8.840743E+2	5.315954E+2
8.841429E+2	5.316099E+2
8.842103E+2	5.316236E+2
8.842817E+2	5.316380E+2
8.843512E+2	5.316534E+2
8.844192E+2	5.316673E+2
8.844876E+2	5.316812E+2
8.845563E+2	5.316969E+2
8.846278E+2	5.317117E+2
8.846922E+2	5.317252E+2
8.847635E+2	5.317394E+2
8.848311E+2	5.317540E+2
8.849014E+2	5.317685E+2
8.849676E+2	5.317838E+2
8.850353E+2	5.317976E+2
8.851029E+2	5.318110E+2
8.851723E+2	5.318264E+2
8.852391E+2	5.318401E+2
8.853093E+2	5.318563E+2
8.853801E+2	5.318696E+2
8.854473E+2	5.318838E+2
8.855191E+2	5.318998E+2
8.855870E+2	5.319138E+2
8.856534E+2	5.319316E+2
8.857223E+2	5.319443E+2
8.857907E+2	5.319608E+2
8.858589E+2	5.319730E+2
8.859251E+2	5.319884E+2
8.859906E+2	5.320020E+2
8.860599E+2	5.320169E+2
8.861262E+2	5.320323E+2
8.861948E+2	5.320456E+2
8.862606E+2	5.320600E+2
8.863295E+2	5.320756E+2
8.863998E+2	5.320879E+2
8.864645E+2	5.321020E+2
8.865319E+2	5.321159E+2
8.866003E+2	5.321308E+2
8.866708E+2	5.321463E+2
8.867412E+2	5.321615E+2
8.868117E+2	5.321748E+2
8.868786E+2	5.321890E+2
8.869481E+2	5.322048E+2
8.870180E+2	5.322179E+2
8.870861E+2	5.322325E+2
8.871541E+2	5.322465E+2
8.872186E+2	5.322584E+2
8.872880E+2	5.322747E+2
8.873580E+2	5.322897E+2
8.874300E+2	5.323046E+2
8.874989E+2	5.323202E+2
8.875709E+2	5.323342E+2
8.876420E+2	5.323492E+2
8.877085E+2	5.323634E+2
8.877759E+2	5.323778E+2
8.878421E+2	5.323903E+2
8.879099E+2	5.324054E+2
8.879785E+2	5.324207E+2
8.880469E+2	5.324344E+2
8.881165E+2	5.324483E+2
8.881882E+2	5.324632E+2
8.882540E+2	5.324783E+2
8.883247E+2	5.324922E+2
8.883959E+2	5.325061E+2
8.884614E+2	5.325208E+2
8.885296E+2	5.325348E+2
8.885969E+2	5.325490E+2
8.886622E+2	0.000000E+0
8.887304E+2	5.325770E+2
8.887984E+2	5.325924E+2
8.888679E+2	5.326071E+2
8.889382E+2	5.326213E+2
8.890062E+2	5.326372E+2
8.890775E+2	5.326518E+2
8.891443E+2	5.326672E+2
8.892128E+2	5.326814E+2
8.892786E+2	5.326956E+2
8.893460E+2	5.327088E+2
8.894130E+2	5.327240E+2
8.894812E+2	5.327387E+2
8.895496E+2	5.327534E+2
8.896152E+2	5.327663E+2
8.896841E+2	5.327810E+2
8.897508E+2	5.327959E+2
8.898184E+2	5.328097E+2
8.898856E+2	5.328229E+2
8.899548E+2	5.328373E+2
8.900238E+2	5.328534E+2
8.900922E+2	5.328678E+2
8.901593E+2	5.328823E+2
8.902284E+2	5.328953E+2
8.902944E+2	5.329101E+2
8.903646E+2	5.329254E+2
8.904340E+2	5.329385E+2
8.905031E+2	5.329541E+2
8.905695E+2	5.329686E+2
8.906372E+2	5.329826E+2
8.907041E+2	5.329964E+2
8.907717E+2	5.330100E+2
8.908389E+2	5.330237E+2
8.909079E+2	5.330399E+2
8.909788E+2	5.330549E+2
8.910464E+2	5.330692E+2
8.911156E+2	5.330841E+2
8.911835E+2	5.330982E+2
8.912498E+2	5.331128E+2
8.913187E+2	5.331279E+2
8.913888E+2	5.331420E+2
8.914565E+2	5.331587E+2
8.915243E+2	5.331720E+2
8.915960E+2	5.331895E+2
8.916676E+2	5.332027E+2
8.917391E+2	5.332175E+2
8.918109E+2	5.332327E+2
8.918786E+2	5.332476E+2
8.919502E+2	5.332633E+2
8.920203E+2	5.332780E+2
8.920861E+2	5.332908E+2
8.921513E+2	5.333064E+2
8.922233E+2	5.333210E+2
8.922929E+2	5.333352E+2
8.923597E+2	5.333510E+2
8.924296E+2	5.333658E+2
8.924992E+2	5.333811E+2
8.925674E+2	5.333959E+2
8.926419E+2	5.334105E+2
8.927133E+2	5.334270E+2
8.927816E+2	5.334412E+2
8.928510E+2	5.334531E+2
8.929165E+2	5.334681E+2
8.929844E+2	5.334837E+2
8.930519E+2	5.334974E+2
8.931202E+2	5.335119E+2
8.931885E+2	5.335251E+2
8.932567E+2	5.335401E+2
8.933234E+2	5.335542E+2
8.933919E+2	5.335695E+2
8.934591E+2	5.335833E+2
8.935277E+2	5.335985E+2
8.935951E+2	5.336121E+2
8.936623E+2	5.336252E+2
8.937277E+2	5.336400E+2
8.937960E+2	5.336554E+2
8.938651E+2	5.336702E+2
8.939343E+2	5.336840E+2
8.940033E+2	5.336992E+2
8.940730E+2	5.337137E+2
8.941403E+2	5.337289E+2
8.942087E+2	5.337427E+2
8.942785E+2	5.337583E+2
8.943457E+2	5.337715E+2
8.944162E+2	5.337871E+2
8.944855E+2	5.338015E+2
8.945551E+2	5.338163E+2
8.946215E+2	5.338310E+2
8.946917E+2	5.338464E+2
8.947614E+2	5.338600E+2
8.948300E+2	5.338752E+2
8.948980E+2	5.338886E+2
8.949659E+2	5.339033E+2
8.950340E+2	5.339182E+2
8.951009E+2	5.339325E+2
8.951684E+2	5.339469E+2
8.952345E+2	5.339616E+2
8.953046E+2	5.339755E+2
8.953682E+2	5.339905E+2
8.954376E+2	5.340047E+2
8.955090E+2	5.340212E+2
8.955744E+2	5.340346E+2
8.956430E+2	5.340490E+2
8.957107E+2	5.340639E+2
8.957780E+2	5.340774E+2
8.958437E+2	5.340922E+2
8.959109E+2	5.341061E+2
8.959790E+2	5.341219E+2
8.960451E+2	5.341362E+2
8.961146E+2	5.341494E+2
8.961816E+2	5.341642E+2
8.962487E+2	5.341799E+2
8.963155E+2	5.341946E+2
8.963821E+2	5.342096E+2
8.964483E+2	5.342243E+2
8.965135E+2	5.342382E+2
8.965850E+2	5.342535E+2
8.966557E+2	5.342680E+2
8.967225E+2	5.342849E+2
8.967947E+2	5.342976E+2
8.968636E+2	5.343135E+2
8.969299E+2	5.343275E+2
8.969985E+2	5.343420E+2
8.970669E+2	5.343572E+2
8.971363E+2	5.343713E+2
8.972050E+2	5.343864E+2
8.972745E+2	5.344005E+2
8.973419E+2	5.344170E+2
8.974129E+2	5.344313E+2
8.974801E+2	5.344459E+2
8.975478E+2	5.344606E+2
8.976135E+2	5.344747E+2
8.976820E+2	5.344904E+2
8.977486E+2	5.345048E+2
8.978156E+2	5.345197E+2
8.978831E+2	5.345336E+2
8.979518E+2	5.345499E+2
8.980181E+2	5.345666E+2
8.980885E+2	5.345786E+2
8.981546E+2	5.345941E+2
8.982216E+2	5.346104E+2
8.982895E+2	5.346239E+2
8.983602E+2	5.346390E+2
8.984269E+2	5.346534E+2
8.984963E+2	5.346688E+2
8.985611E+2	5.346835E+2
8.986305E+2	5.346991E+2
8.986969E+2	5.347134E+2
8.987655E+2	5.347288E+2
8.988354E+2	5.347423E+2
8.989030E+2	5.347566E+2
8.989730E+2	5.347718E+2
8.990382E+2	5.347858E+2
8.991083E+2	5.348008E+2
8.991751E+2	5.348148E+2
8.992478E+2	5.348320E+2
8.993146E+2	5.348460E+2
8.993834E+2	5.348608E+2
8.994522E+2	5.348769E+2
8.995193E+2	5.348909E+2
8.995861E+2	5.349054E+2
8.996540E+2	5.349186E+2
8.997186E+2	5.349350E+2
8.997852E+2	5.349494E+2
8.998518E+2	5.349642E+2
8.999213E+2	5.349792E+2
8.999873E+2	5.349941E+2
9.000580E+2	5.350098E+2
9.001288E+2	5.350267E+2
9.001979E+2	5.350420E+2
9.002660E+2	5.350564E+2
9.003323E+2	5.350704E+2
9.003993E+2	5.350863E+2
9.004683E+2	5.351009E+2
9.005391E+2	5.351162E+2
9.006062E+2	0.000000E+0
9.006760E+2	5.351460E+2
9.007442E+2	5.351607E+2
9.008154E+2	5.351769E+2
9.008838E+2	5.351907E+2
9.009519E+2	5.352052E+2
9.010198E+2	5.352196E+2
9.010879E+2	5.352353E+2
9.011566E+2	5.352514E+2
9.012235E+2	5.352658E+2
9.012924E+2	5.352830E+2
9.013585E+2	5.352997E+2
9.014274E+2	5.353129E+2
9.014929E+2	5.353269E+2
9.015599E+2	5.353400E+2
9.016299E+2	5.353568E+2
9.016964E+2	5.353716E+2
9.017656E+2	5.353867E+2
9.018314E+2	5.354018E+2
9.018999E+2	5.354167E+2
9.019685E+2	5.354327E+2
9.020339E+2	5.354464E+2
9.021045E+2	5.354620E+2
9.021746E+2	5.354765E+2
9.022406E+2	5.354911E+2
9.023081E+2	5.355065E+2
9.023781E+2	5.355222E+2
9.024464E+2	5.355375E+2
9.025124E+2	5.355509E+2
9.025845E+2	5.355677E+2
9.026534E+2	5.355806E+2
9.027274E+2	5.355996E+2
9.027933E+2	5.356142E+2
9.028623E+2	5.356313E+2
9.029325E+2	5.356450E+2
9.029996E+2	5.356623E+2
9.030679E+2	5.356763E+2
9.031381E+2	5.356905E+2
9.032063E+2	0.000000E+0
9.032730E+2	5.357217E+2
9.033430E+2	5.357368E+2
9.034158E+2	5.357543E+2
9.034839E+2	5.357703E+2
9.035547E+2	5.357856E+2
9.036211E+2	5.358007E+2
9.036888E+2	5.358161E+2
9.037547E+2	5.358332E+2
9.038215E+2	5.358498E+2
9.038919E+2	5.358636E+2
9.039587E+2	5.358816E+2
9.040273E+2	5.358986E+2
9.040987E+2	5.359170E+2
9.041681E+2	5.359331E+2
9.042364E+2	5.359499E+2
9.043105E+2	5.359668E+2
9.043774E+2	5.359840E+2
9.044437E+2	5.359983E+2
9.045114E+2	5.360149E+2
9.045796E+2	5.360301E+2
9.046442E+2	5.360457E+2
9.047132E+2	5.360602E+2
9.047819E+2	5.360788E+2
9.048529E+2	5.360944E+2
9.049195E+2	5.361120E+2
9.049915E+2	5.361283E+2
9.050598E+2	5.361453E+2
9.051274E+2	5.361691E+2
9.051918E+2	5.361850E+2
9.052605E+2	5.362039E+2
9.053272E+2	5.362181E+2
9.053939E+2	5.362329E+2
9.054653E+2	5.362473E+2
9.055330E+2	5.362672E+2
9.056024E+2	5.362820E+2
9.056710E+2	5.362998E+2
9.057378E+2	5.363155E+2
9.058068E+2	5.363293E+2
9.058746E+2	5.363466E+2
9.059416E+2	5.363626E+2
9.060094E+2	5.363768E+2
9.060781E+2	5.363943E+2
9.061448E+2	5.364074E+2
9.062120E+2	5.364226E+2
9.062793E+2	5.364377E+2
9.063488E+2	5.364541E+2
9.064152E+2	5.364677E+2
9.064813E+2	5.364847E+2
9.065477E+2	5.365034E+2
9.066143E+2	5.365212E+2
9.066848E+2	5.365364E+2
9.067499E+2	5.365504E+2
9.068197E+2	5.365681E+2
9.068895E+2	5.365852E+2
9.069594E+2	5.366025E+2
9.070305E+2	5.366178E+2
9.071004E+2	5.366334E+2
9.071692E+2	5.366484E+2
9.072393E+2	5.366648E+2
9.073079E+2	5.366789E+2
9.073747E+2	5.366947E+2
9.074407E+2	5.367094E+2
9.075125E+2	5.367267E+2
9.075851E+2	5.367424E+2
9.076522E+2	5.367581E+2
9.077245E+2	5.367738E+2
9.077912E+2	5.367882E+2
9.078584E+2	5.368019E+2
9.079263E+2	5.368168E+2
9.079948E+2	5.368343E+2
9.080639E+2	5.368503E+2
9.081324E+2	5.368657E+2
9.081986E+2	5.368796E+2
9.082642E+2	5.368951E+2
9.083340E+2	5.369100E+2
9.084020E+2	5.369261E+2
9.084729E+2	5.369410E+2
9.085421E+2	5.369563E+2
9.086097E+2	5.369706E+2
9.086763E+2	5.369864E+2
9.087414E+2	5.369997E+2
9.088074E+2	5.370145E+2
9.088725E+2	5.370286E+2
9.089405E+2	5.370445E+2
9.090065E+2	5.370601E+2
9.090782E+2	5.370740E+2
9.091450E+2	5.370900E+2
9.092107E+2	5.371040E+2
9.092767E+2	5.371176E+2
9.093429E+2	5.371326E+2
9.094097E+2	5.371530E+2
9.094777E+2	5.371717E+2
9.095451E+2	5.371884E+2
9.096167E+2	5.372044E+2
9.096834E+2	5.372182E+2
9.097502E+2	5.372334E+2
9.098186E+2	5.372481E+2
9.098835E+2	5.372639E+2
9.099522E+2	5.372801E+2
9.100202E+2	5.372975E+2
9.100897E+2	5.373155E+2
9.101603E+2	5.373307E+2
9.102306E+2	5.373451E+2
9.102985E+2	5.373612E+2
9.103686E+2	5.373772E+2
9.104385E+2	5.373928E+2
9.105076E+2	5.374129E+2
9.105751E+2	5.374279E+2
9.106426E+2	5.374467E+2
9.107092E+2	5.374645E+2
9.107759E+2	5.374789E+2
9.108448E+2	5.374939E+2
9.109141E+2	5.375089E+2
9.109846E+2	5.375268E+2
9.110518E+2	5.375409E+2
9.111198E+2	5.375564E+2
9.111864E+2	5.375706E+2
9.112523E+2	5.375862E+2
9.113216E+2	5.376037E+2
9.113905E+2	5.376181E+2
9.114565E+2	5.376333E+2
9.115259E+2	5.376496E+2
9.115940E+2	5.376666E+2
9.116638E+2	5.376819E+2
9.117341E+2	5.377005E+2
9.118071E+2	5.377150E+2
9.118750E+2	5.377301E+2
9.119435E+2	5.377460E+2
9.120084E+2	5.377606E+2
9.120747E+2	5.377754E+2
9.121420E+2	5.377923E+2
9.122098E+2	5.378081E+2
9.122770E+2	5.378218E+2
9.123425E+2	5.378390E+2
9.124129E+2	5.378545E+2
9.124792E+2	5.378715E+2
9.125456E+2	5.378858E+2
9.126115E+2	5.379013E+2
9.126776E+2	5.379176E+2
9.127438E+2	5.379323E+2
9.128096E+2	5.379466E+2
9.128808E+2	5.379624E+2
9.129476E+2	5.379780E+2
9.130168E+2	5.379919E+2
9.130854E+2	5.380068E+2
9.131527E+2	5.380215E+2
9.132189E+2	5.380373E+2
9.132866E+2	5.380535E+2
9.133541E+2	5.380670E+2
9.134231E+2	5.380839E+2
9.134921E+2	5.381032E+2
9.135608E+2	5.381195E+2
9.136308E+2	5.381367E+2
9.137026E+2	5.381541E+2
9.137763E+2	5.381731E+2
9.138458E+2	5.381877E+2
9.139113E+2	5.382040E+2
9.139791E+2	5.382243E+2
9.140466E+2	5.382392E+2
9.141150E+2	5.382556E+2
9.141827E+2	5.382710E+2
9.142546E+2	5.382887E+2
9.143241E+2	5.383071E+2
9.143903E+2	5.383220E+2
9.144624E+2	5.383360E+2
9.145311E+2	5.383525E+2
9.145993E+2	5.383672E+2
9.146708E+2	5.383854E+2
9.147404E+2	5.384090E+2
9.148061E+2	5.384380E+2
9.148728E+2	5.384532E+2
9.149398E+2	5.384685E+2
9.150069E+2	5.384840E+2
9.150809E+2	5.384999E+2
9.151531E+2	5.385159E+2
9.152202E+2	5.385304E+2
9.152904E+2	5.385475E+2
9.153582E+2	5.385620E+2
9.154254E+2	5.385772E+2
9.154911E+2	5.385922E+2
9.155601E+2	5.386079E+2
9.156274E+2	5.386232E+2
9.156979E+2	5.386398E+2
9.157645E+2	5.386558E+2
9.158322E+2	5.386708E+2
9.159000E+2	5.386885E+2
9.159741E+2	5.387037E+2
9.160424E+2	5.387182E+2
9.161122E+2	5.387339E+2
9.161777E+2	5.387517E+2
9.162465E+2	5.387672E+2
9.163126E+2	5.387824E+2
9.163800E+2	5.387980E+2
9.164507E+2	5.388146E+2
9.165222E+2	5.388314E+2
9.165881E+2	5.388466E+2
9.166597E+2	5.388638E+2
9.167310E+2	5.388802E+2
9.168014E+2	5.388967E+2
9.168687E+2	5.389121E+2
9.169345E+2	5.389273E+2
9.170038E+2	5.389426E+2
9.170714E+2	5.389574E+2
9.171364E+2	5.389726E+2
9.172091E+2	5.389890E+2
9.172772E+2	5.390048E+2
9.173456E+2	5.390215E+2
9.174149E+2	5.390365E+2
9.174832E+2	5.390534E+2
9.175522E+2	5.390703E+2
9.176180E+2	5.390842E+2
9.176867E+2	5.391005E+2
9.177564E+2	5.391150E+2
9.178248E+2	5.391318E+2
9.178906E+2	5.391482E+2
9.179610E+2	5.391630E+2
9.180273E+2	5.391773E+2
9.180969E+2	5.391942E+2
9.181678E+2	5.392103E+2
9.182348E+2	5.392250E+2
9.183032E+2	5.392415E+2
9.183706E+2	5.392565E+2
9.184371E+2	5.392723E+2
9.185039E+2	5.392870E+2
9.185724E+2	5.393038E+2
9.186411E+2	5.393201E+2
9.187139E+2	5.393354E+2
9.187824E+2	5.393517E+2
9.188528E+2	5.393682E+2
9.189240E+2	5.393829E+2
9.189915E+2	5.394001E+2
9.190583E+2	5.394145E+2
9.191274E+2	5.394301E+2
9.191960E+2	5.394465E+2
9.192638E+2	5.394610E+2
9.193327E+2	0.000000E+0
9.194055E+2	5.394951E+2
9.194717E+2	5.395112E+2
9.195404E+2	5.395257E+2
9.196081E+2	5.395402E+2
9.196743E+2	0.000000E+0
9.197446E+2	5.395741E+2
9.198133E+2	5.395897E+2
9.198806E+2	5.396041E+2
9.199483E+2	5.396215E+2
9.200172E+2	5.396374E+2
9.200878E+2	5.396544E+2
9.201595E+2	5.396718E+2
9.202278E+2	5.396895E+2
9.202966E+2	5.397061E+2
9.203662E+2	5.397210E+2
9.204381E+2	5.397377E+2
9.205064E+2	5.397533E+2
9.205768E+2	5.397683E+2
9.206430E+2	5.397861E+2
9.207105E+2	5.398005E+2
9.207798E+2	5.398166E+2
9.208466E+2	5.398315E+2
9.209158E+2	5.398479E+2
9.209836E+2	5.398646E+2
9.210544E+2	5.398801E+2
9.211212E+2	5.398959E+2
9.211877E+2	5.399102E+2
9.212557E+2	5.399261E+2
9.213232E+2	5.399426E+2
9.213910E+2	5.399583E+2
9.214603E+2	5.399729E+2
9.215282E+2	5.399890E+2
9.215968E+2	5.400053E+2
9.216656E+2	5.400204E+2
9.217306E+2	5.400361E+2
9.218000E+2	5.400506E+2
9.218689E+2	5.400668E+2
9.219368E+2	5.400820E+2
9.220037E+2	5.400967E+2
9.220698E+2	5.401122E+2
9.221363E+2	5.401276E+2
9.222072E+2	5.401443E+2
9.222742E+2	5.401602E+2
9.223460E+2	5.401752E+2
9.224133E+2	5.401929E+2
9.224815E+2	5.402097E+2
9.225499E+2	5.402237E+2
9.226178E+2	5.402396E+2
9.226868E+2	5.402556E+2
9.227547E+2	5.402710E+2
9.228220E+2	5.402860E+2
9.228911E+2	5.403034E+2
9.229594E+2	5.403197E+2
9.230239E+2	5.403358E+2
9.230934E+2	5.403523E+2
9.231621E+2	5.403663E+2
9.232269E+2	5.403836E+2
9.232956E+2	5.404005E+2
9.233624E+2	5.404142E+2
9.234291E+2	5.404303E+2
9.234986E+2	5.404458E+2
9.235673E+2	5.404634E+2
9.236346E+2	5.404823E+2
9.237064E+2	5.404987E+2
9.237771E+2	5.405163E+2
9.238501E+2	5.405315E+2
9.239180E+2	5.405480E+2
9.239866E+2	5.405655E+2
9.240555E+2	5.405807E+2
9.241249E+2	5.405971E+2
9.241921E+2	5.406127E+2
9.242593E+2	5.406289E+2
9.243306E+2	5.406487E+2
9.244017E+2	5.406665E+2
9.244687E+2	5.406815E+2
9.245396E+2	5.406989E+2
9.246063E+2	5.407132E+2
9.246776E+2	5.407316E+2
9.247437E+2	5.407465E+2
9.248118E+2	5.407625E+2
9.248774E+2	5.407776E+2
9.249438E+2	5.407937E+2
9.250120E+2	5.408120E+2
9.250816E+2	5.408284E+2
9.251524E+2	5.408446E+2
9.252205E+2	5.408604E+2
9.252896E+2	5.408774E+2
9.253588E+2	5.408943E+2
9.254268E+2	5.409085E+2
9.254947E+2	5.409269E+2
9.255665E+2	5.409417E+2
9.256341E+2	5.409590E+2
9.257001E+2	5.409759E+2
9.257675E+2	5.409909E+2
9.258349E+2	5.410091E+2
9.259015E+2	5.410281E+2
9.259735E+2	5.410438E+2
9.260441E+2	5.410602E+2
9.261126E+2	5.410768E+2
9.261816E+2	5.410957E+2
9.262499E+2	5.411102E+2
9.263165E+2	5.411263E+2
9.263852E+2	5.411436E+2
9.264550E+2	5.411606E+2
9.265211E+2	5.411793E+2
9.265928E+2	5.411960E+2
9.266608E+2	5.412129E+2
9.267299E+2	5.412297E+2
9.268021E+2	5.412450E+2
9.268693E+2	5.412608E+2
9.269393E+2	5.412782E+2
9.270076E+2	5.412943E+2
9.270765E+2	5.413109E+2
9.271446E+2	5.413268E+2
9.272104E+2	5.413430E+2
9.272792E+2	5.413638E+2
9.273459E+2	5.413810E+2
9.274156E+2	5.413970E+2
9.274835E+2	5.414132E+2
9.275501E+2	5.414305E+2
9.276189E+2	5.414467E+2
9.276857E+2	5.414631E+2
9.277539E+2	5.414788E+2
9.278207E+2	5.414960E+2
9.278869E+2	5.415116E+2
9.279590E+2	5.415288E+2
9.280267E+2	5.415515E+2
9.280950E+2	5.415688E+2
9.281612E+2	5.415891E+2
9.282281E+2	5.416058E+2
9.282946E+2	5.416276E+2
9.283642E+2	5.416437E+2
9.284317E+2	5.416594E+2
9.284979E+2	5.416761E+2
9.285658E+2	5.416937E+2
9.286370E+2	5.417108E+2
9.287093E+2	5.417281E+2
9.287760E+2	5.417438E+2
9.288451E+2	0.000000E+0
9.289101E+2	5.417737E+2
9.289775E+2	5.418010E+2
9.290454E+2	5.418163E+2
9.291122E+2	5.418315E+2
9.291807E+2	5.418485E+2
9.292500E+2	5.418650E+2
9.293174E+2	5.418815E+2
9.293879E+2	5.418967E+2
9.294539E+2	5.419131E+2
9.295191E+2	5.419673E+2
9.295889E+2	5.419907E+2
9.296550E+2	5.420077E+2
9.297230E+2	5.420305E+2
9.297908E+2	5.420490E+2
9.298597E+2	5.420727E+2
9.299269E+2	5.420949E+2
9.299920E+2	5.421140E+2
9.300625E+2	5.421377E+2
9.301318E+2	5.421575E+2
9.301983E+2	5.421795E+2
9.302686E+2	5.422108E+2
9.303365E+2	5.422294E+2
9.304044E+2	5.422652E+2
9.304698E+2	5.422806E+2
9.305391E+2	5.422977E+2
9.306089E+2	5.423142E+2
9.306789E+2	5.423310E+2
9.307481E+2	5.423473E+2
9.308169E+2	5.423640E+2
9.308836E+2	5.423792E+2
9.309500E+2	5.423959E+2
9.310156E+2	5.424140E+2
9.310837E+2	5.424305E+2
9.311531E+2	5.424474E+2
9.312227E+2	5.424645E+2
9.312936E+2	5.424804E+2
9.313593E+2	5.424976E+2
9.314296E+2	5.425130E+2
9.314962E+2	5.425294E+2
9.315644E+2	5.425458E+2
9.316326E+2	5.425620E+2
9.316987E+2	5.425788E+2
9.317678E+2	5.425954E+2
9.318356E+2	5.426103E+2
9.319064E+2	5.426265E+2
9.319747E+2	5.426432E+2
9.320407E+2	5.426613E+2
9.321107E+2	5.426773E+2
9.321770E+2	5.426933E+2
9.322446E+2	5.427091E+2
9.323128E+2	5.427282E+2
9.323799E+2	5.427431E+2
9.324472E+2	5.427583E+2
9.325128E+2	5.427748E+2
9.325809E+2	5.427925E+2
9.326521E+2	5.428083E+2
9.327263E+2	5.428260E+2
9.327949E+2	5.428432E+2
9.328655E+2	5.428580E+2
9.329299E+2	5.428742E+2
9.330001E+2	5.428901E+2
9.330679E+2	5.429061E+2
9.331349E+2	5.429212E+2
9.332011E+2	5.429383E+2
9.332669E+2	5.429548E+2
9.333371E+2	5.429720E+2
9.334026E+2	5.429933E+2
9.334736E+2	5.430104E+2
9.335400E+2	5.430254E+2
9.336076E+2	5.430420E+2
9.336752E+2	5.430571E+2
9.337410E+2	5.430719E+2
9.338099E+2	5.430896E+2
9.338786E+2	5.431055E+2
9.339476E+2	5.431219E+2
9.340154E+2	5.431388E+2
9.340831E+2	5.431534E+2
9.341556E+2	5.431712E+2
9.342205E+2	5.431858E+2
9.342871E+2	5.432017E+2
9.343534E+2	5.432176E+2
9.344219E+2	5.432336E+2
9.344902E+2	5.432507E+2
9.345566E+2	5.432662E+2
9.346252E+2	5.432826E+2
9.346966E+2	5.432994E+2
9.347715E+2	5.433170E+2
9.348395E+2	5.433345E+2
9.349061E+2	5.433502E+2
9.349756E+2	5.433663E+2
9.350409E+2	5.433830E+2
9.351092E+2	5.433996E+2
9.351778E+2	5.434178E+2
9.352473E+2	5.434352E+2
9.353144E+2	5.434533E+2
9.353821E+2	5.434731E+2
9.354501E+2	5.434903E+2
9.355195E+2	5.435055E+2
9.355845E+2	5.435220E+2
9.356508E+2	5.435365E+2
9.357189E+2	5.435532E+2
9.357855E+2	5.435683E+2
9.358539E+2	5.435850E+2
9.359226E+2	5.436011E+2
9.359901E+2	5.436170E+2
9.360594E+2	5.436333E+2
9.361271E+2	5.436505E+2
9.361988E+2	5.436658E+2
9.362651E+2	5.436814E+2
9.363340E+2	5.436970E+2
9.364016E+2	5.437127E+2
9.364656E+2	5.437290E+2
9.365350E+2	5.437453E+2
9.366004E+2	5.437611E+2
9.366705E+2	5.437785E+2
9.367418E+2	5.437956E+2
9.368109E+2	5.438109E+2
9.368777E+2	5.438270E+2
9.369468E+2	5.438431E+2
9.370135E+2	5.438591E+2
9.370791E+2	5.438743E+2
9.371445E+2	5.438899E+2
9.372124E+2	5.439062E+2
9.372827E+2	5.439220E+2
9.373517E+2	5.439380E+2
9.374179E+2	5.439567E+2
9.374862E+2	5.439712E+2
9.375535E+2	5.439869E+2
9.376205E+2	5.440035E+2
9.376884E+2	5.440183E+2
9.377572E+2	5.440345E+2
9.378224E+2	5.440507E+2
9.378901E+2	5.440659E+2
9.379580E+2	5.440826E+2
9.380283E+2	5.440999E+2
9.380970E+2	5.441169E+2
9.381704E+2	5.441330E+2
9.382374E+2	5.441480E+2
9.383074E+2	5.441647E+2
9.383736E+2	5.441801E+2
9.384409E+2	5.441960E+2
9.385067E+2	5.442124E+2
9.385726E+2	5.442281E+2
9.386422E+2	5.442436E+2
9.387115E+2	5.442627E+2
9.387828E+2	5.442783E+2
9.388490E+2	5.442956E+2
9.389216E+2	5.443128E+2
9.389869E+2	5.443278E+2
9.390546E+2	5.443443E+2
9.391201E+2	5.443596E+2
9.391858E+2	5.443758E+2
9.392531E+2	5.443905E+2
9.393236E+2	5.444090E+2
9.393913E+2	5.444227E+2
9.394586E+2	5.444402E+2
9.395250E+2	5.444554E+2
9.395929E+2	5.444706E+2
9.396596E+2	5.444871E+2
9.397250E+2	5.445041E+2
9.397904E+2	5.445187E+2
9.398574E+2	5.445356E+2
9.399269E+2	5.445521E+2
9.399925E+2	5.445681E+2
9.400635E+2	5.445862E+2
9.401345E+2	5.446022E+2
9.402034E+2	5.446185E+2
9.402691E+2	5.446334E+2
9.403346E+2	5.446491E+2
9.404006E+2	5.446656E+2
9.404692E+2	5.446797E+2
9.405378E+2	5.446958E+2
9.406058E+2	5.447134E+2
9.406771E+2	5.447296E+2
9.407438E+2	5.447469E+2
9.408141E+2	5.447628E+2
9.408807E+2	0.000000E+0
9.409477E+2	5.447955E+2
9.410151E+2	5.448113E+2
9.410829E+2	5.448280E+2
9.411501E+2	5.448443E+2
9.412188E+2	5.448602E+2
9.412849E+2	5.448770E+2
9.413546E+2	5.448924E+2
9.414210E+2	5.449082E+2
9.414870E+2	5.449252E+2
9.415521E+2	5.449403E+2
9.416198E+2	5.449558E+2
9.416868E+2	5.449732E+2
9.417559E+2	5.449892E+2
9.418237E+2	5.450045E+2
9.418884E+2	5.450206E+2
9.419604E+2	5.450383E+2
9.420321E+2	0.000000E+0
9.420977E+2	5.450698E+2
9.421671E+2	5.450872E+2
9.422348E+2	5.451032E+2
9.423043E+2	5.451200E+2
9.423733E+2	5.451353E+2
9.424401E+2	5.451523E+2
9.425086E+2	5.451682E+2
9.425736E+2	5.451860E+2
9.426490E+2	5.452042E+2
9.427226E+2	5.452211E+2
9.427888E+2	5.452370E+2
9.428585E+2	5.452538E+2
9.429245E+2	5.452701E+2
9.429928E+2	5.452871E+2
9.430629E+2	5.453033E+2
9.431301E+2	5.453194E+2
9.431957E+2	5.453342E+2
9.432663E+2	5.453518E+2
9.433372E+2	5.453682E+2
9.434043E+2	5.453862E+2
9.434702E+2	5.454013E+2
9.435348E+2	5.454167E+2
9.436027E+2	5.454334E+2
9.436694E+2	5.454494E+2
9.437340E+2	5.454647E+2
9.438016E+2	5.454802E+2
9.438714E+2	5.454982E+2
9.439426E+2	5.455142E+2
9.440061E+2	5.455300E+2
9.440745E+2	5.455466E+2
9.441414E+2	5.455625E+2
9.442099E+2	5.455795E+2
9.442762E+2	5.455957E+2
9.443447E+2	5.456130E+2
9.444127E+2	5.456291E+2
9.444824E+2	5.456462E+2
9.445477E+2	5.456612E+2
9.446178E+2	5.456777E+2
9.446858E+2	5.456949E+2
9.447531E+2	5.457085E+2
9.448205E+2	5.457259E+2
9.448887E+2	5.457424E+2
9.449550E+2	5.457577E+2
9.450218E+2	5.457745E+2
9.450892E+2	5.457909E+2
9.451572E+2	5.458075E+2
9.452261E+2	5.458258E+2
9.452967E+2	5.458428E+2
9.453651E+2	5.458573E+2
9.454290E+2	5.458746E+2
9.454968E+2	5.458890E+2
9.455647E+2	5.459054E+2
9.456330E+2	5.459237E+2
9.457027E+2	5.459399E+2
9.457702E+2	5.459561E+2
9.458391E+2	5.459734E+2
9.459035E+2	5.459900E+2
9.459754E+2	5.460065E+2
9.460458E+2	5.460238E+2
9.461182E+2	5.460408E+2
9.461872E+2	5.460590E+2
9.462568E+2	5.460764E+2
9.463222E+2	5.460934E+2
9.463906E+2	5.461097E+2
9.464597E+2	5.461256E+2
9.465265E+2	5.461425E+2
9.465937E+2	5.461597E+2
9.466640E+2	5.461771E+2
9.467307E+2	5.461941E+2
9.468024E+2	5.462106E+2
9.468697E+2	5.462283E+2
9.469366E+2	5.462433E+2
9.470051E+2	5.462607E+2
9.470735E+2	5.462778E+2
9.471423E+2	5.462953E+2
9.472135E+2	5.463116E+2
9.472818E+2	5.463291E+2
9.473496E+2	5.463455E+2
9.474209E+2	5.463629E+2
9.474898E+2	5.463802E+2
9.475566E+2	5.463958E+2
9.476224E+2	5.464118E+2
9.476906E+2	5.464283E+2
9.477598E+2	5.464449E+2
9.478275E+2	5.464610E+2
9.478959E+2	5.464778E+2
9.479631E+2	5.464938E+2
9.480311E+2	5.465105E+2
9.480977E+2	5.465288E+2
9.481661E+2	5.465442E+2
9.482314E+2	5.465607E+2
9.483002E+2	5.465783E+2
9.483680E+2	5.465941E+2
9.484346E+2	5.466101E+2
9.485042E+2	5.466275E+2
9.485732E+2	5.466441E+2
9.486417E+2	5.466622E+2
9.487154E+2	5.466799E+2
9.487820E+2	5.466966E+2
9.488522E+2	5.467127E+2
9.489174E+2	5.467289E+2
9.489868E+2	5.467448E+2
9.490552E+2	5.467620E+2
9.491238E+2	5.467778E+2
9.491906E+2	5.467934E+2
9.492609E+2	5.468105E+2
9.493254E+2	5.468278E+2
9.493948E+2	5.468437E+2
9.494640E+2	5.468602E+2
9.495300E+2	5.468769E+2
9.495952E+2	5.468939E+2
9.496641E+2	5.469099E+2
9.497322E+2	5.469261E+2
9.497980E+2	5.469423E+2
9.498635E+2	5.469580E+2
9.499335E+2	5.469754E+2
9.499985E+2	5.469921E+2
9.500674E+2	5.470084E+2
9.501343E+2	5.470248E+2
9.502034E+2	5.470400E+2
9.502684E+2	5.470570E+2
9.503337E+2	5.470724E+2
9.504029E+2	5.470876E+2
9.504685E+2	5.471037E+2
9.505338E+2	5.471203E+2
9.506047E+2	5.471384E+2
9.506724E+2	5.471542E+2
9.507398E+2	5.471710E+2
9.508073E+2	5.471875E+2
9.508743E+2	5.472031E+2
9.509420E+2	5.472197E+2
9.510105E+2	5.472356E+2
9.510783E+2	5.472524E+2
9.511468E+2	5.472689E+2
9.512149E+2	5.472864E+2
9.512835E+2	5.473018E+2
9.513540E+2	5.473192E+2
9.514223E+2	5.473352E+2
9.514896E+2	5.473536E+2
9.515586E+2	5.473689E+2
9.516273E+2	5.473856E+2
9.516935E+2	5.474032E+2
9.517603E+2	5.474173E+2
9.518308E+2	5.474368E+2
9.518976E+2	5.474532E+2
9.519661E+2	5.474693E+2
9.520367E+2	5.474882E+2
9.521038E+2	5.475039E+2
9.521714E+2	5.475226E+2
9.522410E+2	5.475397E+2
9.523083E+2	5.475555E+2
9.523749E+2	5.475717E+2
9.524463E+2	5.475889E+2
9.525176E+2	5.476076E+2
9.525857E+2	5.476271E+2
9.526577E+2	5.476442E+2
9.527257E+2	5.476609E+2
9.527977E+2	5.476782E+2
9.528661E+2	5.476979E+2
9.529352E+2	5.477126E+2
9.530025E+2	5.477292E+2
9.530726E+2	5.477472E+2
9.531392E+2	5.477638E+2
9.532076E+2	5.477789E+2
9.532765E+2	5.477969E+2
9.533451E+2	5.478144E+2
9.534126E+2	5.478318E+2
9.534845E+2	5.478476E+2
9.535502E+2	5.478637E+2
9.536188E+2	5.478817E+2
9.536847E+2	5.478981E+2
9.537528E+2	5.479158E+2
9.538229E+2	5.479321E+2
9.538941E+2	5.479505E+2
9.539605E+2	5.479657E+2
9.540299E+2	5.479834E+2
9.540977E+2	5.480012E+2
9.541645E+2	5.480165E+2
9.542320E+2	5.480315E+2
9.542991E+2	5.480498E+2
9.543673E+2	5.480647E+2
9.544359E+2	5.480819E+2
9.545010E+2	5.480982E+2
9.545699E+2	5.481165E+2
9.546376E+2	5.481316E+2
9.547045E+2	5.481505E+2
9.547772E+2	5.481668E+2
9.548446E+2	5.481846E+2
9.549148E+2	5.482018E+2
9.549842E+2	5.482178E+2
9.550523E+2	5.482349E+2
9.551188E+2	5.482515E+2
9.551851E+2	5.482680E+2
9.552517E+2	5.482832E+2
9.553198E+2	5.482999E+2
9.553864E+2	5.483170E+2
9.554553E+2	5.483357E+2
9.555239E+2	5.483500E+2
9.555917E+2	5.483679E+2
9.556600E+2	5.483839E+2
9.557264E+2	5.484008E+2
9.557952E+2	5.484184E+2
9.558627E+2	5.484341E+2
9.559297E+2	5.484505E+2
9.559983E+2	5.484672E+2
9.560644E+2	5.484842E+2
9.561332E+2	5.485010E+2
9.562003E+2	5.485156E+2
9.562671E+2	5.485328E+2
9.563347E+2	5.485507E+2
9.564037E+2	5.485661E+2
9.564712E+2	5.485846E+2
9.565379E+2	5.486009E+2
9.566076E+2	5.486166E+2
9.566745E+2	5.486353E+2
9.567478E+2	5.486513E+2
9.568135E+2	5.486679E+2
9.568832E+2	5.486851E+2
9.569479E+2	5.487007E+2
9.570171E+2	5.487175E+2
9.570856E+2	5.487347E+2
9.571536E+2	5.487515E+2
9.572236E+2	5.487687E+2
9.572951E+2	5.487860E+2
9.573657E+2	5.488047E+2
9.574337E+2	5.488211E+2
9.575030E+2	5.488378E+2
9.575699E+2	5.488527E+2
9.576374E+2	5.488697E+2
9.577034E+2	5.488861E+2
9.577715E+2	5.489022E+2
9.578407E+2	5.489208E+2
9.579071E+2	5.489363E+2
9.579756E+2	5.489546E+2
9.580462E+2	5.489741E+2
9.581165E+2	5.489902E+2
9.581816E+2	5.490075E+2
9.582542E+2	5.490254E+2
9.583226E+2	5.490417E+2
9.583899E+2	5.490570E+2
9.584562E+2	5.490745E+2
9.585235E+2	5.490915E+2
9.585923E+2	5.491082E+2
9.586607E+2	5.491246E+2
9.587306E+2	5.491426E+2
9.587983E+2	5.491598E+2
9.588680E+2	5.491773E+2
9.589367E+2	5.491935E+2
9.590070E+2	5.492102E+2
9.590744E+2	5.492271E+2
9.591437E+2	5.492435E+2
9.592122E+2	5.492612E+2
9.592803E+2	5.492794E+2
9.593480E+2	5.492948E+2
9.594152E+2	5.493118E+2
9.594820E+2	5.493285E+2
9.595538E+2	5.493475E+2
9.596245E+2	5.493629E+2
9.596939E+2	5.493824E+2
9.597625E+2	5.493977E+2
9.598297E+2	5.494145E+2
9.598980E+2	5.494321E+2
9.599665E+2	5.494489E+2
9.600346E+2	5.494662E+2
9.601049E+2	5.494831E+2
9.601737E+2	5.494995E+2
9.602436E+2	5.495165E+2
9.603098E+2	5.495321E+2
9.603776E+2	5.495498E+2
9.604440E+2	5.495665E+2
9.605137E+2	5.495842E+2
9.605841E+2	5.496011E+2
9.606526E+2	5.496189E+2
9.607211E+2	5.496357E+2
9.607873E+2	5.496531E+2
9.608564E+2	5.496701E+2
9.609264E+2	5.496870E+2
9.609925E+2	5.497046E+2
9.610619E+2	5.497220E+2
9.611340E+2	5.497398E+2
9.612015E+2	5.497571E+2
9.612692E+2	5.497739E+2
9.613380E+2	5.497910E+2
9.614047E+2	5.498070E+2
9.614734E+2	5.498240E+2
9.615421E+2	5.498426E+2
9.616082E+2	5.498580E+2
9.616776E+2	5.498760E+2
9.617489E+2	5.498935E+2
9.618178E+2	5.499119E+2
9.618879E+2	5.499280E+2
9.619547E+2	5.499458E+2
9.620222E+2	5.499643E+2
9.620895E+2	5.499809E+2
9.621573E+2	5.499979E+2
9.622252E+2	5.500141E+2
9.622959E+2	5.500333E+2
9.623613E+2	5.500512E+2
9.624295E+2	5.500679E+2
9.624976E+2	5.500843E+2
9.625664E+2	5.501024E+2
9.626339E+2	5.501198E+2
9.627003E+2	5.501364E+2
9.627667E+2	5.501529E+2
9.628347E+2	5.501719E+2
9.629023E+2	5.501878E+2
9.629698E+2	5.502038E+2
9.630380E+2	5.502227E+2
9.631100E+2	5.502395E+2
9.631780E+2	5.502556E+2
9.632453E+2	5.502734E+2
9.633143E+2	5.502906E+2
9.633809E+2	5.503080E+2
9.634495E+2	5.503244E+2
9.635160E+2	5.503422E+2
9.635858E+2	5.503590E+2
9.636527E+2	5.503782E+2
9.637236E+2	5.503951E+2
9.637932E+2	5.504125E+2
9.638639E+2	5.504302E+2
9.639355E+2	5.504490E+2
9.640053E+2	5.504673E+2
9.640734E+2	5.504843E+2
9.641421E+2	5.505010E+2
9.642097E+2	5.505165E+2
9.642770E+2	5.505344E+2
9.643468E+2	5.505527E+2
9.644162E+2	5.505688E+2
9.644815E+2	5.505870E+2
9.645515E+2	5.506035E+2
9.646181E+2	5.506194E+2
9.646852E+2	5.506380E+2
9.647556E+2	5.506556E+2
9.648234E+2	5.506728E+2
9.648923E+2	5.506897E+2
9.649584E+2	5.507063E+2
9.650253E+2	5.507220E+2
9.650973E+2	5.507408E+2
9.651625E+2	5.507577E+2
9.652333E+2	5.507739E+2
9.652998E+2	5.507915E+2
9.653673E+2	5.508081E+2
9.654349E+2	5.508243E+2
9.655012E+2	5.508416E+2
9.655702E+2	5.508604E+2
9.656387E+2	5.508766E+2
9.657090E+2	5.508946E+2
9.657767E+2	5.509115E+2
9.658461E+2	5.509289E+2
9.659149E+2	5.509464E+2
9.659847E+2	5.509652E+2
9.660508E+2	5.509814E+2
9.661177E+2	5.509980E+2
9.661870E+2	5.510153E+2
9.662556E+2	5.510313E+2
9.663222E+2	5.510487E+2
9.663919E+2	5.510658E+2
9.664573E+2	5.510842E+2
9.665272E+2	5.511012E+2
9.665946E+2	5.511171E+2
9.666638E+2	5.511357E+2
9.667334E+2	5.511519E+2
9.668008E+2	5.511686E+2
9.668668E+2	5.511857E+2
9.669347E+2	5.512016E+2
9.670019E+2	5.512190E+2
9.670683E+2	5.512369E+2
9.671405E+2	5.512546E+2
9.672085E+2	5.512720E+2
9.672791E+2	5.512915E+2
9.673447E+2	5.513067E+2
9.674131E+2	5.513239E+2
9.674814E+2	5.513422E+2
9.675509E+2	5.513584E+2
9.676201E+2	5.513769E+2
9.676863E+2	5.513967E+2
9.677550E+2	5.514163E+2
9.678245E+2	5.514344E+2
9.678934E+2	5.514521E+2
9.679603E+2	5.514702E+2
9.680295E+2	5.514883E+2
9.680989E+2	5.515043E+2
9.681659E+2	5.515220E+2
9.682304E+2	5.515376E+2
9.682981E+2	5.515551E+2
9.683648E+2	5.515727E+2
9.684355E+2	5.515908E+2
9.685055E+2	5.516087E+2
9.685711E+2	5.516247E+2
9.686418E+2	5.516429E+2
9.687123E+2	5.516593E+2
9.687827E+2	5.516788E+2
9.688522E+2	5.516956E+2
9.689179E+2	5.517127E+2
9.689865E+2	5.517293E+2
9.690562E+2	5.517465E+2
9.691239E+2	5.517636E+2
9.691920E+2	5.517801E+2
9.692600E+2	5.517987E+2
9.693285E+2	5.518164E+2
9.693970E+2	5.518340E+2
9.694654E+2	5.518509E+2
9.695323E+2	5.518676E+2
9.696004E+2	5.518857E+2
9.696695E+2	5.519025E+2
9.697385E+2	5.519209E+2
9.698051E+2	5.519374E+2
9.698724E+2	5.519553E+2
9.699413E+2	5.519714E+2
9.700092E+2	5.519903E+2
9.700763E+2	5.520065E+2
9.701436E+2	5.520238E+2
9.702105E+2	5.520404E+2
9.702772E+2	5.520575E+2
9.703449E+2	5.520750E+2
9.704140E+2	5.520930E+2
9.704813E+2	5.521076E+2
9.705490E+2	5.521256E+2
9.706182E+2	5.521429E+2
9.706893E+2	5.521620E+2
9.707558E+2	5.521807E+2
9.708260E+2	5.521972E+2
9.708930E+2	5.522148E+2
9.709613E+2	5.522337E+2
9.710289E+2	5.522524E+2
9.710971E+2	5.522687E+2
9.711652E+2	5.522865E+2
9.712341E+2	5.523041E+2
9.713029E+2	5.523214E+2
9.713698E+2	5.523385E+2
9.714408E+2	5.523573E+2
9.715133E+2	5.523747E+2
9.715801E+2	5.523905E+2
9.716488E+2	5.524096E+2
9.717159E+2	5.524261E+2
9.717807E+2	5.524420E+2
9.718493E+2	5.524604E+2
9.719189E+2	5.524776E+2
9.719859E+2	5.524944E+2
9.720540E+2	5.525109E+2
9.721212E+2	5.525304E+2
9.721894E+2	5.525461E+2
9.722577E+2	5.525643E+2
9.723255E+2	5.525808E+2
9.723943E+2	5.525992E+2
9.724642E+2	5.526172E+2
9.725300E+2	5.526338E+2
9.726001E+2	5.526515E+2
9.726648E+2	5.526687E+2
9.727355E+2	5.526864E+2
9.728044E+2	5.527046E+2
9.728732E+2	5.527218E+2
9.729403E+2	5.527408E+2
9.730097E+2	5.527570E+2
9.730786E+2	5.527744E+2
9.731448E+2	5.527910E+2
9.732126E+2	5.528097E+2
9.732797E+2	5.528276E+2
9.733502E+2	5.528457E+2
9.734176E+2	5.528623E+2
9.734858E+2	5.528813E+2
9.735583E+2	5.528979E+2
9.736249E+2	5.529159E+2
9.736913E+2	5.529332E+2
9.737588E+2	5.529515E+2
9.738279E+2	5.529695E+2
9.739006E+2	5.529877E+2
9.739664E+2	5.530071E+2
9.740302E+2	5.530255E+2
9.741012E+2	5.530422E+2
9.741679E+2	5.530614E+2
9.742364E+2	5.530787E+2
9.743044E+2	5.530971E+2
9.743731E+2	5.531124E+2
9.744426E+2	5.531305E+2
9.745107E+2	5.531499E+2
9.745792E+2	5.531669E+2
9.746470E+2	5.531840E+2
9.747161E+2	5.532015E+2
9.747855E+2	5.532190E+2
9.748539E+2	5.532374E+2
9.749188E+2	5.532556E+2
9.749889E+2	5.532741E+2
9.750552E+2	5.532896E+2
9.751225E+2	5.533084E+2
9.751889E+2	5.533260E+2
9.752568E+2	5.533437E+2
9.753262E+2	5.533609E+2
9.753927E+2	5.533786E+2
9.754614E+2	5.533968E+2
9.755319E+2	5.534139E+2
9.755991E+2	5.534326E+2
9.756696E+2	5.534512E+2
9.757364E+2	5.534684E+2
9.758025E+2	5.534844E+2
9.758697E+2	0.000000E+0
9.759372E+2	5.535197E+2
9.760039E+2	5.535376E+2
9.760687E+2	5.535583E+2
9.761406E+2	5.535774E+2
9.762120E+2	5.535987E+2
9.762802E+2	5.536171E+2
9.763493E+2	5.536349E+2
9.764156E+2	5.536517E+2
9.764818E+2	5.536681E+2
9.765494E+2	5.536869E+2
9.766148E+2	5.537036E+2
9.766803E+2	5.537219E+2
9.767528E+2	5.537402E+2
9.768203E+2	5.537585E+2
9.768903E+2	5.537758E+2
9.769553E+2	5.537916E+2
9.770251E+2	5.538104E+2
9.770935E+2	5.538283E+2
9.771622E+2	5.538459E+2
9.772319E+2	5.538650E+2
9.772984E+2	5.538810E+2
9.773687E+2	5.539007E+2
9.774407E+2	5.539199E+2
9.775080E+2	5.539376E+2
9.775779E+2	5.539570E+2
9.776443E+2	5.539748E+2
9.777123E+2	5.539920E+2
9.777819E+2	5.540091E+2
9.778488E+2	5.540271E+2
9.779150E+2	5.540444E+2
9.779811E+2	5.540609E+2
9.780528E+2	5.540798E+2
9.781224E+2	5.540978E+2
9.781885E+2	5.541164E+2
9.782579E+2	5.541377E+2
9.783225E+2	5.541561E+2
9.783910E+2	5.541750E+2
9.784586E+2	5.541914E+2
9.785229E+2	5.542093E+2
9.785908E+2	5.542258E+2
9.786599E+2	5.542440E+2
9.787304E+2	5.542626E+2
9.788018E+2	5.542808E+2
9.788697E+2	5.542988E+2
9.789390E+2	5.543170E+2
9.790058E+2	5.543341E+2
9.790749E+2	5.543510E+2
9.791435E+2	5.543702E+2
9.792122E+2	5.543869E+2
9.792811E+2	5.544049E+2
9.793496E+2	5.544233E+2
9.794224E+2	5.544419E+2
9.794902E+2	5.544590E+2
9.795573E+2	5.544747E+2
9.796253E+2	5.544908E+2
9.796928E+2	5.545088E+2
9.797578E+2	5.545242E+2
9.798237E+2	5.545404E+2
9.798911E+2	5.545573E+2
9.799582E+2	5.545757E+2
9.800233E+2	5.545941E+2
9.800952E+2	5.546123E+2
9.801609E+2	5.546293E+2
9.802315E+2	5.546498E+2
9.803025E+2	5.546659E+2
9.803674E+2	5.546830E+2
9.804357E+2	5.546999E+2
9.805038E+2	5.547175E+2
9.805697E+2	5.547344E+2
9.806374E+2	5.547534E+2
9.807071E+2	5.547735E+2
9.807737E+2	5.547895E+2
9.808395E+2	5.548094E+2
9.809081E+2	5.548265E+2
9.809775E+2	5.548438E+2
9.810434E+2	5.548603E+2
9.811101E+2	5.548775E+2
9.811770E+2	5.548956E+2
9.812461E+2	5.549146E+2
9.813149E+2	5.549332E+2
9.813851E+2	5.549513E+2
9.814532E+2	5.549694E+2
9.815212E+2	5.549870E+2
9.815898E+2	5.550049E+2
9.816561E+2	5.550229E+2
9.817215E+2	5.550395E+2
9.817892E+2	5.550594E+2
9.818556E+2	5.550763E+2
9.819222E+2	5.550929E+2
9.819896E+2	5.551099E+2
9.820600E+2	5.551299E+2
9.821262E+2	5.551480E+2
9.821964E+2	5.551647E+2
9.822615E+2	5.551818E+2
9.823273E+2	5.551990E+2
9.823954E+2	5.552173E+2
9.824619E+2	5.552356E+2
9.825312E+2	5.552537E+2
9.826027E+2	5.552704E+2
9.826734E+2	5.552896E+2
9.827417E+2	5.553069E+2
9.828094E+2	5.553262E+2
9.828797E+2	5.553431E+2
9.829482E+2	5.553602E+2
9.830165E+2	5.553773E+2
9.830850E+2	5.553955E+2
9.831523E+2	5.554127E+2
9.832194E+2	5.554304E+2
9.832889E+2	5.554492E+2
9.833605E+2	5.554670E+2
9.834305E+2	5.554857E+2
9.834994E+2	5.555028E+2
9.835667E+2	5.555205E+2
9.836366E+2	5.555396E+2
9.837039E+2	5.555574E+2
9.837712E+2	5.555752E+2
9.838398E+2	5.555928E+2
9.839066E+2	5.556091E+2
9.839749E+2	5.556289E+2
9.840439E+2	5.556466E+2
9.841104E+2	5.556653E+2
9.841803E+2	5.556824E+2
9.842505E+2	5.557020E+2
9.843231E+2	5.557202E+2
9.843930E+2	5.557378E+2
9.844614E+2	5.557561E+2
9.845308E+2	5.557764E+2
9.845981E+2	5.557942E+2
9.846643E+2	5.558114E+2
9.847304E+2	5.558286E+2
9.847973E+2	5.558468E+2
9.848643E+2	5.558638E+2
9.849353E+2	5.558835E+2
9.850044E+2	5.559017E+2
9.850764E+2	5.559211E+2
9.851468E+2	5.559397E+2
9.852139E+2	5.559573E+2
9.852823E+2	5.559751E+2
9.853518E+2	5.559938E+2
9.854225E+2	5.560122E+2
9.854904E+2	5.560304E+2
9.855598E+2	5.560482E+2
9.856292E+2	5.560670E+2
9.856990E+2	5.560879E+2
9.857704E+2	5.561054E+2
9.858369E+2	5.561231E+2
9.859061E+2	5.561412E+2
9.859702E+2	5.561596E+2
9.860359E+2	5.561768E+2
9.861049E+2	5.561947E+2
9.861722E+2	5.562122E+2
9.862411E+2	5.562311E+2
9.863128E+2	5.562494E+2
9.863836E+2	5.562689E+2
9.864522E+2	5.562874E+2
9.865240E+2	5.563059E+2
9.865954E+2	5.563240E+2
9.866617E+2	5.563425E+2
9.867292E+2	5.563589E+2
9.867964E+2	5.563775E+2
9.868632E+2	5.563954E+2
9.869294E+2	5.564131E+2
9.869960E+2	5.564304E+2
9.870656E+2	5.564491E+2
9.871325E+2	5.564676E+2
9.871995E+2	5.564861E+2
9.872724E+2	5.565039E+2
9.873397E+2	5.565217E+2
9.874064E+2	5.565396E+2
9.874749E+2	5.565574E+2
9.875415E+2	5.565746E+2
9.876079E+2	5.565926E+2
9.876772E+2	5.566194E+2
9.877447E+2	5.566372E+2
9.878137E+2	5.566570E+2
9.878816E+2	5.566742E+2
9.879484E+2	5.566920E+2
9.880153E+2	5.567095E+2
9.880841E+2	5.567278E+2
9.881523E+2	5.567456E+2
9.882222E+2	5.567636E+2
9.882883E+2	5.567802E+2
9.883578E+2	5.568004E+2
9.884290E+2	5.568197E+2
9.884969E+2	5.568409E+2
9.885677E+2	5.568625E+2
9.886328E+2	5.568816E+2
9.886998E+2	5.568966E+2
9.887663E+2	5.569146E+2
9.888312E+2	5.569344E+2
9.889001E+2	5.569518E+2
9.889680E+2	5.569700E+2
9.890365E+2	5.569873E+2
9.891056E+2	5.570048E+2
9.891718E+2	5.570251E+2
9.892426E+2	5.570416E+2
9.893129E+2	5.570609E+2
9.893807E+2	5.570783E+2
9.894464E+2	5.570952E+2
9.895145E+2	5.571158E+2
9.895849E+2	5.571331E+2
9.896531E+2	5.571523E+2
9.897222E+2	5.571696E+2
9.897888E+2	5.571869E+2
9.898558E+2	5.572067E+2
9.899271E+2	5.572257E+2
9.899982E+2	5.572423E+2
9.900654E+2	5.572609E+2
9.901316E+2	5.572800E+2
9.902027E+2	5.572976E+2
9.902702E+2	5.573147E+2
9.903377E+2	5.573337E+2
9.904064E+2	5.573521E+2
9.904766E+2	5.573708E+2
9.905453E+2	5.573890E+2
9.906137E+2	5.574057E+2
9.906834E+2	5.574252E+2
9.907516E+2	5.574433E+2
9.908193E+2	5.574622E+2
9.908885E+2	5.574795E+2
9.909570E+2	5.574989E+2
9.910266E+2	5.575167E+2
9.910951E+2	5.575352E+2
9.911655E+2	5.575528E+2
9.912344E+2	5.575727E+2
9.912989E+2	5.575901E+2
9.913678E+2	5.576084E+2
9.914377E+2	5.576254E+2
9.915048E+2	5.576426E+2
9.915733E+2	5.576617E+2
9.916396E+2	5.576792E+2
9.917055E+2	5.576961E+2
9.917716E+2	5.577125E+2
9.918381E+2	5.577306E+2
9.919063E+2	5.577499E+2
9.919751E+2	5.577690E+2
9.920464E+2	5.577879E+2
9.921171E+2	5.578063E+2
9.921860E+2	5.578246E+2
9.922539E+2	5.578432E+2
9.923216E+2	5.578592E+2
9.923874E+2	5.578793E+2
9.924548E+2	5.578958E+2
9.925242E+2	5.579163E+2
9.925896E+2	5.579355E+2
9.926634E+2	5.579529E+2
9.927347E+2	5.579728E+2
9.928025E+2	5.579920E+2
9.928704E+2	5.580098E+2
9.929361E+2	5.580287E+2
9.930030E+2	5.580442E+2
9.930720E+2	5.580646E+2
9.931372E+2	5.580811E+2
9.932063E+2	5.581018E+2
9.932751E+2	5.581220E+2
9.933435E+2	5.581447E+2
9.934142E+2	5.581646E+2
9.934861E+2	5.581831E+2
9.935564E+2	5.582026E+2
9.936243E+2	5.582201E+2
9.936930E+2	5.582381E+2
9.937609E+2	5.582574E+2
9.938291E+2	5.582739E+2
9.938956E+2	5.582924E+2
9.939628E+2	5.583108E+2
9.940315E+2	5.583291E+2
9.941028E+2	5.583473E+2
9.941700E+2	5.583671E+2
9.942401E+2	5.583852E+2
9.943057E+2	5.584032E+2
9.943715E+2	5.584210E+2
9.944380E+2	5.584380E+2
9.945048E+2	5.584561E+2
9.945725E+2	5.584741E+2
9.946436E+2	5.584926E+2
9.947117E+2	5.585120E+2
9.947809E+2	5.585336E+2
9.948480E+2	5.585522E+2
9.949178E+2	5.585707E+2
9.949868E+2	5.585878E+2
9.950521E+2	5.586065E+2
9.951201E+2	5.586258E+2
9.951892E+2	5.586444E+2
9.952571E+2	5.586635E+2
9.953267E+2	5.586831E+2
9.953975E+2	5.587022E+2
9.954655E+2	5.587217E+2
9.955358E+2	5.587405E+2
9.956038E+2	5.587580E+2
9.956699E+2	5.587747E+2
9.957350E+2	5.587938E+2
9.958034E+2	5.588113E+2
9.958713E+2	5.588298E+2
9.959385E+2	5.588474E+2
9.960056E+2	5.588656E+2
9.960755E+2	5.588850E+2
9.961472E+2	5.589022E+2
9.962148E+2	5.589220E+2
9.962862E+2	5.589407E+2
9.963554E+2	5.589583E+2
9.964236E+2	5.589776E+2
9.964926E+2	5.589955E+2
9.965609E+2	5.590147E+2
9.966306E+2	5.590322E+2
9.966967E+2	5.590511E+2
9.967656E+2	5.590696E+2
9.968322E+2	5.590868E+2
9.968995E+2	5.591064E+2
9.969690E+2	5.591253E+2
9.970393E+2	5.591438E+2
9.971050E+2	5.591610E+2
9.971726E+2	5.591803E+2
9.972421E+2	5.591979E+2
9.973115E+2	5.592161E+2
9.973773E+2	5.592342E+2
9.974484E+2	5.592532E+2
9.975186E+2	5.592722E+2
9.975851E+2	5.592915E+2
9.976560E+2	5.593104E+2
9.977265E+2	5.593303E+2
9.977964E+2	5.593476E+2
9.978613E+2	5.593654E+2
9.979304E+2	5.593843E+2
9.979984E+2	5.594040E+2
9.980692E+2	5.594218E+2
9.981370E+2	5.594410E+2
9.982051E+2	5.594585E+2
9.982744E+2	5.594791E+2
9.983471E+2	5.594976E+2
9.984128E+2	5.595167E+2
9.984855E+2	5.595363E+2
9.985553E+2	5.595549E+2
9.986238E+2	5.595733E+2
9.986893E+2	5.595938E+2
9.987575E+2	5.596112E+2
9.988253E+2	5.596296E+2
9.988934E+2	5.596491E+2
9.989585E+2	5.596649E+2
9.990280E+2	5.596849E+2
9.990923E+2	5.597042E+2
9.991629E+2	5.597234E+2
9.992303E+2	5.597422E+2
9.992986E+2	5.597606E+2
9.993656E+2	5.597783E+2
9.994330E+2	5.597961E+2
9.994982E+2	5.598151E+2
9.995679E+2	5.598335E+2
9.996339E+2	5.598520E+2
9.997029E+2	5.598710E+2
9.997712E+2	5.598896E+2
9.998421E+2	5.599091E+2
9.999103E+2	5.599267E+2
9.999772E+2	5.599462E+2
1.000044E+3	5.599643E+2
1.000113E+3	5.599831E+2
1.000182E+3	5.600018E+2
1.000250E+3	5.600195E+2
1.000320E+3	5.600398E+2
1.000385E+3	5.600586E+2
1.000455E+3	5.600779E+2
1.000523E+3	5.600958E+2
1.000590E+3	5.601137E+2
1.000658E+3	5.601331E+2
1.000725E+3	5.601512E+2
1.000793E+3	5.601716E+2
1.000859E+3	5.601891E+2
1.000928E+3	5.602085E+2
1.000997E+3	5.602262E+2
1.001066E+3	5.602459E+2
1.001136E+3	5.602644E+2
1.001204E+3	5.602833E+2
1.001271E+3	5.603006E+2
1.001338E+3	5.603198E+2
1.001407E+3	5.603381E+2
1.001475E+3	5.603564E+2
1.001540E+3	5.603756E+2
1.001611E+3	5.603935E+2
1.001677E+3	5.604129E+2
1.001751E+3	5.604324E+2
1.001818E+3	5.604516E+2
1.001889E+3	5.604719E+2
1.001958E+3	5.604894E+2
1.002027E+3	5.605075E+2
1.002094E+3	5.605252E+2
1.002160E+3	5.605436E+2
1.002226E+3	5.605629E+2
1.002297E+3	5.605808E+2
1.002369E+3	5.606013E+2
1.002435E+3	5.606208E+2
1.002506E+3	5.606390E+2
1.002575E+3	5.606579E+2
1.002641E+3	5.606765E+2
1.002709E+3	5.606949E+2
1.002777E+3	5.607134E+2
1.002843E+3	5.607317E+2
1.002913E+3	5.607509E+2
1.002982E+3	5.607694E+2
1.003049E+3	5.607881E+2
1.003117E+3	5.608066E+2
1.003187E+3	5.608263E+2
1.003256E+3	5.608450E+2
1.003324E+3	5.608631E+2
1.003394E+3	5.608826E+2
1.003461E+3	5.609007E+2
1.003529E+3	5.609195E+2
1.003601E+3	5.609384E+2
1.003668E+3	5.609580E+2
1.003734E+3	5.609744E+2
1.003803E+3	5.609941E+2
1.003868E+3	5.610119E+2
1.003937E+3	5.610311E+2
1.004004E+3	5.610485E+2
1.004069E+3	5.610668E+2
1.004137E+3	5.610854E+2
1.004206E+3	5.611033E+2
1.004270E+3	5.611220E+2
1.004341E+3	5.611413E+2
1.004408E+3	5.611591E+2
1.004480E+3	5.611788E+2
1.004551E+3	5.611973E+2
1.004620E+3	5.612169E+2
1.004688E+3	5.612345E+2
1.004757E+3	5.612532E+2
1.004827E+3	5.612733E+2
1.004893E+3	5.612911E+2
1.004960E+3	5.613093E+2
1.005029E+3	5.613241E+2
1.005100E+3	5.613454E+2
1.005171E+3	5.613655E+2
1.005237E+3	5.613831E+2
1.005309E+3	5.614038E+2
1.005380E+3	5.614231E+2
1.005449E+3	5.614418E+2
1.005519E+3	5.614627E+2
1.005586E+3	5.614814E+2
1.005652E+3	5.615006E+2
1.005721E+3	5.615174E+2
1.005789E+3	5.615370E+2
1.005856E+3	5.615556E+2
1.005929E+3	5.615740E+2
1.005999E+3	5.615949E+2
1.006068E+3	5.616144E+2
1.006140E+3	5.616350E+2
1.006208E+3	5.616536E+2
1.006277E+3	5.616734E+2
1.006344E+3	5.616925E+2
1.006412E+3	5.617094E+2
1.006478E+3	5.617278E+2
1.006546E+3	5.617473E+2
1.006614E+3	5.617657E+2
1.006682E+3	5.617850E+2
1.006752E+3	5.618046E+2
1.006817E+3	5.618216E+2
1.006886E+3	5.618401E+2
1.006955E+3	5.618614E+2
1.007022E+3	5.618789E+2
1.007089E+3	5.618969E+2
1.007156E+3	5.619150E+2
1.007224E+3	5.619337E+2
1.007291E+3	5.619517E+2
1.007357E+3	5.619726E+2
1.007429E+3	5.619922E+2
1.007498E+3	5.620108E+2
1.007567E+3	5.620312E+2
1.007635E+3	5.620467E+2
1.007701E+3	5.620662E+2
1.007769E+3	5.620852E+2
1.007836E+3	5.621033E+2
1.007902E+3	5.621216E+2
1.007973E+3	5.621418E+2
1.008041E+3	5.621616E+2
1.008108E+3	5.621805E+2
1.008178E+3	5.622004E+2
1.008248E+3	5.622189E+2
1.008315E+3	5.622370E+2
1.008380E+3	5.622554E+2
1.008449E+3	5.622759E+2
1.008518E+3	5.622940E+2
1.008586E+3	5.623137E+2
1.008655E+3	5.623321E+2
1.008725E+3	5.623502E+2
1.008795E+3	5.623704E+2
1.008862E+3	5.623905E+2
1.008933E+3	5.624092E+2
1.009001E+3	5.624272E+2
1.009068E+3	5.624462E+2
1.009137E+3	5.624649E+2
1.009203E+3	5.624845E+2
1.009273E+3	5.625032E+2
1.009344E+3	5.625231E+2
1.009414E+3	5.625420E+2
1.009480E+3	5.625631E+2
1.009551E+3	5.625820E+2
1.009620E+3	5.626006E+2
1.009685E+3	5.626199E+2
1.009757E+3	5.626389E+2
1.009830E+3	5.626591E+2
1.009899E+3	5.626783E+2
1.009964E+3	5.626981E+2
1.010031E+3	5.627165E+2
1.010103E+3	5.627359E+2
1.010171E+3	5.627541E+2
1.010238E+3	5.627751E+2
1.010308E+3	5.627950E+2
1.010374E+3	5.628128E+2
1.010440E+3	5.628329E+2
1.010512E+3	5.628510E+2
1.010578E+3	5.628693E+2
1.010647E+3	5.628890E+2
1.010718E+3	5.629094E+2
1.010784E+3	5.629271E+2
1.010854E+3	5.629475E+2
1.010922E+3	5.629678E+2
1.010991E+3	5.629862E+2
1.011060E+3	5.630048E+2
1.011127E+3	5.630255E+2
1.011193E+3	5.630427E+2
1.011260E+3	5.630618E+2
1.011326E+3	5.630821E+2
1.011396E+3	5.631001E+2
1.011465E+3	5.631206E+2
1.011532E+3	5.631385E+2
1.011601E+3	5.631577E+2
1.011668E+3	5.631767E+2
1.011734E+3	5.631943E+2
1.011801E+3	5.632145E+2
1.011869E+3	5.632328E+2
1.011940E+3	5.632522E+2
1.012006E+3	5.632711E+2
1.012074E+3	5.632909E+2
1.012144E+3	5.633107E+2
1.012210E+3	5.633298E+2
1.012279E+3	5.633470E+2
1.012348E+3	5.633677E+2
1.012416E+3	5.633885E+2
1.012483E+3	5.634082E+2
1.012549E+3	5.634261E+2
1.012617E+3	5.634457E+2
1.012685E+3	5.634653E+2
1.012751E+3	5.634841E+2
1.012814E+3	5.635034E+2
1.012886E+3	5.635227E+2
1.012956E+3	5.635425E+2
1.013027E+3	5.635624E+2
1.013094E+3	5.635810E+2
1.013163E+3	5.636014E+2
1.013232E+3	5.636201E+2
1.013301E+3	5.636400E+2
1.013370E+3	5.636605E+2
1.013442E+3	5.636798E+2
1.013512E+3	5.637009E+2
1.013581E+3	5.637201E+2
1.013651E+3	5.637395E+2
1.013717E+3	5.637604E+2
1.013784E+3	5.637783E+2
1.013852E+3	5.637988E+2
1.013920E+3	5.638174E+2
1.013986E+3	5.638372E+2
1.014054E+3	5.638555E+2
1.014121E+3	5.638759E+2
1.014191E+3	5.638948E+2
1.014255E+3	5.639130E+2
1.014326E+3	5.639341E+2
1.014395E+3	5.639540E+2
1.014464E+3	5.639728E+2
1.014531E+3	5.639919E+2
1.014596E+3	5.640095E+2
1.014664E+3	5.640299E+2
1.014732E+3	5.640484E+2
1.014797E+3	5.640669E+2
1.014867E+3	5.640856E+2
1.014935E+3	5.641084E+2
1.015006E+3	5.641283E+2
1.015077E+3	5.641482E+2
1.015146E+3	5.641679E+2
1.015215E+3	5.641879E+2
1.015284E+3	5.642088E+2
1.015349E+3	5.642277E+2
1.015420E+3	5.642483E+2
1.015489E+3	5.642682E+2
1.015558E+3	5.642889E+2
1.015626E+3	5.643082E+2
1.015697E+3	5.643262E+2
1.015767E+3	5.643479E+2
1.015837E+3	5.643672E+2
1.015908E+3	5.643850E+2
1.015973E+3	5.644051E+2
1.016041E+3	5.644241E+2
1.016111E+3	5.644448E+2
1.016179E+3	5.644654E+2
1.016248E+3	5.644850E+2
1.016316E+3	5.645038E+2
1.016384E+3	5.645237E+2
1.016455E+3	5.645443E+2
1.016524E+3	5.645615E+2
1.016592E+3	5.645833E+2
1.016661E+3	5.646027E+2
1.016728E+3	5.646214E+2
1.016793E+3	5.646402E+2
1.016860E+3	5.646584E+2
1.016928E+3	5.646784E+2
1.016995E+3	5.646968E+2
1.017065E+3	5.647163E+2
1.017132E+3	5.647364E+2
1.017201E+3	5.647545E+2
1.017269E+3	5.647750E+2
1.017334E+3	5.647935E+2
1.017402E+3	5.648127E+2
1.017470E+3	5.648303E+2
1.017537E+3	5.648504E+2
1.017607E+3	5.648703E+2
1.017675E+3	5.648893E+2
1.017746E+3	5.649116E+2
1.017817E+3	5.649323E+2
1.017887E+3	5.649525E+2
1.017956E+3	5.649721E+2
1.018025E+3	5.649927E+2
1.018091E+3	5.650121E+2
1.018158E+3	5.650358E+2
1.018223E+3	5.650576E+2
1.018290E+3	5.650757E+2
1.018359E+3	5.650948E+2
1.018426E+3	5.651165E+2
1.018499E+3	5.651372E+2
1.018567E+3	5.651562E+2
1.018636E+3	5.651759E+2
1.018705E+3	5.651951E+2
1.018772E+3	5.652147E+2
1.018840E+3	5.652339E+2
1.018911E+3	5.652526E+2
1.018976E+3	5.652721E+2
1.019042E+3	5.652933E+2
1.019113E+3	5.653139E+2
1.019184E+3	5.653328E+2
1.019251E+3	5.653536E+2
1.019325E+3	5.653743E+2
1.019395E+3	5.653932E+2
1.019462E+3	5.654126E+2
1.019531E+3	5.654336E+2
1.019601E+3	5.654525E+2
1.019669E+3	5.654729E+2
1.019738E+3	5.654922E+2
1.019804E+3	5.655126E+2
1.019875E+3	5.655337E+2
1.019944E+3	5.655549E+2
1.020011E+3	5.655739E+2
1.020081E+3	5.655935E+2
1.020149E+3	5.656123E+2
1.020217E+3	5.656320E+2
1.020285E+3	5.656501E+2
1.020349E+3	5.656683E+2
1.020416E+3	5.656889E+2
1.020485E+3	5.657092E+2
1.020556E+3	5.657286E+2
1.020626E+3	5.657496E+2
1.020695E+3	5.657701E+2
1.020761E+3	5.657886E+2
1.020830E+3	5.658080E+2
1.020896E+3	5.658272E+2
1.020964E+3	5.658486E+2
1.021033E+3	5.658740E+2
1.021099E+3	5.658933E+2
1.021168E+3	5.659124E+2
1.021239E+3	5.659336E+2
1.021310E+3	5.659539E+2
1.021380E+3	5.659752E+2
1.021451E+3	5.659957E+2
1.021520E+3	5.660142E+2
1.021589E+3	5.660340E+2
1.021656E+3	5.660526E+2
1.021723E+3	5.660726E+2
1.021789E+3	5.660915E+2
1.021858E+3	5.661104E+2
1.021925E+3	5.661305E+2
1.021993E+3	5.661503E+2
1.022058E+3	5.661709E+2
1.022125E+3	5.661921E+2
1.022193E+3	5.662119E+2
1.022262E+3	5.662346E+2
1.022331E+3	5.662557E+2
1.022397E+3	5.662753E+2
1.022465E+3	5.662943E+2
1.022532E+3	5.663155E+2
1.022602E+3	5.663359E+2
1.022668E+3	5.663566E+2
1.022740E+3	5.663757E+2
1.022808E+3	5.663959E+2
1.022878E+3	5.664162E+2
1.022948E+3	5.664354E+2
1.023018E+3	5.664555E+2
1.023084E+3	5.664752E+2
1.023150E+3	5.664949E+2
1.023217E+3	5.665114E+2
1.023283E+3	5.665319E+2
1.023351E+3	5.665512E+2
1.023419E+3	5.665721E+2
1.023494E+3	5.665927E+2
1.023564E+3	5.666136E+2
1.023633E+3	5.666336E+2
1.023701E+3	5.666517E+2
1.023768E+3	5.666718E+2
1.023835E+3	5.666922E+2
1.023906E+3	5.667118E+2
1.023973E+3	5.667312E+2
1.024038E+3	5.667503E+2
1.024109E+3	5.667698E+2
1.024174E+3	5.667911E+2
1.024243E+3	5.668104E+2
1.024310E+3	0.000000E+0
1.024377E+3	5.668482E+2
1.024441E+3	5.668676E+2
1.024509E+3	5.668866E+2
1.024575E+3	5.669082E+2
1.024645E+3	5.669305E+2
1.024713E+3	5.669512E+2
1.024787E+3	5.669700E+2
1.024853E+3	5.669919E+2
1.024921E+3	5.670097E+2
1.024989E+3	5.670307E+2
1.025059E+3	5.670510E+2
1.025127E+3	5.670718E+2
1.025196E+3	5.670912E+2
1.025265E+3	5.671109E+2
1.025332E+3	5.671293E+2
1.025401E+3	5.671498E+2
1.025466E+3	5.671712E+2
1.025537E+3	5.671900E+2
1.025603E+3	5.672097E+2
1.025670E+3	5.672288E+2
1.025737E+3	5.672482E+2
1.025806E+3	5.672684E+2
1.025873E+3	5.672888E+2
1.025938E+3	5.673087E+2
1.026007E+3	5.673313E+2
1.026079E+3	5.673519E+2
1.026147E+3	5.673733E+2
1.026219E+3	5.673937E+2
1.026291E+3	5.674147E+2
1.026360E+3	5.674340E+2
1.026426E+3	5.674556E+2
1.026494E+3	5.674760E+2
1.026562E+3	5.674958E+2
1.026630E+3	5.675161E+2
1.026698E+3	5.675370E+2
1.026767E+3	5.675556E+2
1.026832E+3	5.675740E+2
1.026904E+3	5.675957E+2
1.026969E+3	5.676145E+2
1.027038E+3	5.676347E+2
1.027105E+3	5.676536E+2
1.027172E+3	5.676741E+2
1.027244E+3	5.676954E+2
1.027311E+3	5.677131E+2
1.027379E+3	5.677325E+2
1.027449E+3	5.677545E+2
1.027517E+3	5.677739E+2
1.027584E+3	5.677967E+2
1.027655E+3	5.678149E+2
1.027720E+3	5.678343E+2
1.027792E+3	5.678547E+2
1.027861E+3	5.678737E+2
1.027927E+3	5.678953E+2
1.027995E+3	5.679191E+2
1.028059E+3	5.679426E+2
1.028126E+3	5.679650E+2
1.028195E+3	5.680036E+2
1.028264E+3	5.680247E+2
1.028332E+3	5.680477E+2
1.028401E+3	5.680680E+2
1.028469E+3	5.680870E+2
1.028534E+3	5.681073E+2
1.028601E+3	5.681259E+2
1.028666E+3	5.681455E+2
1.028733E+3	5.681647E+2
1.028798E+3	5.681844E+2
1.028869E+3	5.682040E+2
1.028934E+3	5.682243E+2
1.029004E+3	5.682439E+2
1.029070E+3	5.682633E+2
1.029138E+3	5.682829E+2
1.029206E+3	5.683058E+2
1.029274E+3	5.683254E+2
1.029341E+3	5.683456E+2
1.029410E+3	5.683650E+2
1.029478E+3	5.683860E+2
1.029548E+3	5.684078E+2
1.029618E+3	5.684278E+2
1.029687E+3	5.684469E+2
1.029755E+3	5.684668E+2
1.029821E+3	5.684873E+2
1.029889E+3	5.685052E+2
1.029954E+3	5.685261E+2
1.030024E+3	5.685480E+2
1.030097E+3	5.685690E+2
1.030167E+3	5.685891E+2
1.030237E+3	5.686115E+2
1.030303E+3	5.686308E+2
1.030375E+3	5.686522E+2
1.030442E+3	5.686708E+2
1.030508E+3	5.686907E+2
1.030578E+3	5.687113E+2
1.030647E+3	5.687312E+2
1.030715E+3	5.687519E+2
1.030784E+3	5.687709E+2
1.030853E+3	5.687917E+2
1.030923E+3	5.688113E+2
1.030993E+3	5.688318E+2
1.031057E+3	5.688524E+2
1.031127E+3	5.688718E+2
1.031192E+3	5.688907E+2
1.031262E+3	5.689101E+2
1.031329E+3	5.689311E+2
1.031397E+3	5.689509E+2
1.031464E+3	5.689685E+2
1.031532E+3	5.689894E+2
1.031597E+3	5.690097E+2
1.031670E+3	5.690306E+2
1.031742E+3	5.690515E+2
1.031811E+3	5.690736E+2
1.031882E+3	5.690930E+2
1.031949E+3	5.691134E+2
1.032018E+3	5.691345E+2
1.032087E+3	5.691534E+2
1.032157E+3	5.691737E+2
1.032225E+3	5.691953E+2
1.032292E+3	5.692152E+2
1.032361E+3	5.692351E+2
1.032425E+3	5.692532E+2
1.032493E+3	5.692745E+2
1.032560E+3	5.692951E+2
1.032626E+3	5.693146E+2
1.032693E+3	5.693341E+2
1.032761E+3	5.693551E+2
1.032826E+3	5.693739E+2
1.032892E+3	5.693944E+2
1.032960E+3	5.694131E+2
1.033026E+3	5.694337E+2
1.033096E+3	5.694564E+2
1.033166E+3	5.694751E+2
1.033233E+3	5.694951E+2
1.033301E+3	5.695164E+2
1.033368E+3	5.695356E+2
1.033436E+3	5.695555E+2
1.033506E+3	5.695763E+2
1.033574E+3	5.695970E+2
1.033642E+3	5.696193E+2
1.033717E+3	5.696415E+2
1.033783E+3	5.696620E+2
1.033853E+3	5.696819E+2
1.033919E+3	5.697000E+2
1.033988E+3	5.697227E+2
1.034056E+3	5.697439E+2
1.034123E+3	5.697630E+2
1.034190E+3	5.697833E+2
1.034260E+3	5.698056E+2
1.034330E+3	5.698252E+2
1.034400E+3	5.698483E+2
1.034468E+3	5.698687E+2
1.034537E+3	5.698909E+2
1.034604E+3	5.699113E+2
1.034671E+3	5.699321E+2
1.034739E+3	5.699539E+2
1.034807E+3	5.699719E+2
1.034872E+3	5.699919E+2
1.034940E+3	5.700139E+2
1.035009E+3	5.700336E+2
1.035076E+3	5.700557E+2
1.035150E+3	5.700761E+2
1.035220E+3	5.700964E+2
1.035289E+3	5.701180E+2
1.035357E+3	5.701388E+2
1.035423E+3	5.701610E+2
1.035493E+3	5.701819E+2
1.035562E+3	5.702073E+2
1.035630E+3	5.702355E+2
1.035700E+3	5.702567E+2
1.035768E+3	5.702749E+2
1.035840E+3	5.702978E+2
1.035909E+3	5.703181E+2
1.035979E+3	5.703382E+2
1.036048E+3	5.703581E+2
1.036113E+3	5.703775E+2
1.036179E+3	5.703972E+2
1.036246E+3	5.704173E+2
1.036314E+3	5.704382E+2
1.036383E+3	5.704606E+2
1.036452E+3	5.704802E+2
1.036521E+3	5.705017E+2
1.036589E+3	5.705216E+2
1.036656E+3	5.705422E+2
1.036725E+3	5.705611E+2
1.036791E+3	5.705825E+2
1.036858E+3	5.706022E+2
1.036923E+3	5.706213E+2
1.036991E+3	5.706427E+2
1.037060E+3	5.706631E+2
1.037125E+3	5.706835E+2
1.037194E+3	5.707044E+2
1.037264E+3	5.707250E+2
1.037329E+3	5.707444E+2
1.037396E+3	5.707654E+2
1.037462E+3	5.707855E+2
1.037529E+3	5.708046E+2
1.037599E+3	5.708261E+2
1.037669E+3	5.708471E+2
1.037738E+3	5.708674E+2
1.037807E+3	5.708892E+2
1.037875E+3	5.709094E+2
1.037945E+3	5.709284E+2
1.038013E+3	5.709503E+2
1.038080E+3	5.709707E+2
1.038148E+3	5.709921E+2
1.038215E+3	5.710121E+2
1.038285E+3	5.710338E+2
1.038352E+3	5.710541E+2
1.038424E+3	5.710750E+2
1.038490E+3	5.710952E+2
1.038559E+3	5.711156E+2
1.038624E+3	5.711362E+2
1.038695E+3	5.711566E+2
1.038765E+3	5.711774E+2
1.038835E+3	5.711973E+2
1.038900E+3	5.712176E+2
1.038968E+3	5.712375E+2
1.039036E+3	5.712598E+2
1.039105E+3	5.712794E+2
1.039173E+3	5.712997E+2
1.039238E+3	5.713200E+2
1.039305E+3	5.713395E+2
1.039373E+3	5.713598E+2
1.039441E+3	5.713805E+2
1.039506E+3	5.713998E+2
1.039576E+3	5.714212E+2
1.039647E+3	5.714417E+2
1.039718E+3	5.714628E+2
1.039785E+3	5.714836E+2
1.039856E+3	5.715049E+2
1.039925E+3	5.715257E+2
1.039993E+3	5.715467E+2
1.040064E+3	5.715687E+2
1.040135E+3	5.715896E+2
1.040202E+3	5.716090E+2
1.040270E+3	5.716293E+2
1.040337E+3	5.716486E+2
1.040405E+3	5.716708E+2
1.040473E+3	5.716892E+2
1.040541E+3	5.717105E+2
1.040610E+3	5.717324E+2
1.040679E+3	5.717532E+2
1.040747E+3	5.717735E+2
1.040819E+3	5.717950E+2
1.040887E+3	5.718157E+2
1.040954E+3	5.718362E+2
1.041021E+3	5.718572E+2
1.041090E+3	5.718777E+2
1.041157E+3	5.718970E+2
1.041226E+3	5.719173E+2
1.041291E+3	5.719393E+2
1.041362E+3	5.719602E+2
1.041434E+3	5.719803E+2
1.041503E+3	5.720021E+2
1.041571E+3	5.720218E+2
1.041638E+3	5.720421E+2
1.041705E+3	5.720620E+2
1.041773E+3	5.720820E+2
1.041842E+3	5.721032E+2
1.041910E+3	5.721229E+2
1.041981E+3	5.721454E+2
1.042049E+3	5.721659E+2
1.042116E+3	5.721877E+2
1.042188E+3	5.722080E+2
1.042257E+3	5.722283E+2
1.042323E+3	5.722486E+2
1.042390E+3	5.722683E+2
1.042457E+3	5.722879E+2
1.042525E+3	5.723107E+2
1.042596E+3	5.723309E+2
1.042664E+3	5.723515E+2
1.042735E+3	5.723722E+2
1.042805E+3	5.723932E+2
1.042872E+3	5.724147E+2
1.042941E+3	5.724351E+2
1.043010E+3	5.724543E+2
1.043075E+3	5.724751E+2
1.043145E+3	5.724981E+2
1.043212E+3	5.725192E+2
1.043284E+3	5.725408E+2
1.043353E+3	5.725613E+2
1.043422E+3	5.725823E+2
1.043490E+3	5.726038E+2
1.043557E+3	5.726249E+2
1.043626E+3	5.726457E+2
1.043695E+3	5.726662E+2
1.043763E+3	5.726870E+2
1.043832E+3	5.727081E+2
1.043901E+3	5.727290E+2
1.043971E+3	5.727503E+2
1.044039E+3	5.727735E+2
1.044105E+3	5.727945E+2
1.044176E+3	5.728167E+2
1.044244E+3	5.728378E+2
1.044310E+3	5.728579E+2
1.044379E+3	5.728781E+2
1.044446E+3	5.729008E+2
1.044515E+3	5.729308E+2
1.044582E+3	5.729524E+2
1.044650E+3	5.729736E+2
1.044717E+3	5.729942E+2
1.044784E+3	5.730149E+2
1.044853E+3	5.730361E+2
1.044922E+3	5.730573E+2
1.044989E+3	5.730802E+2
1.045058E+3	5.731015E+2
1.045128E+3	5.731227E+2
1.045196E+3	5.731445E+2
1.045264E+3	5.731642E+2
1.045332E+3	5.731841E+2
1.045400E+3	5.732069E+2
1.045470E+3	5.732290E+2
1.045541E+3	5.732504E+2
1.045612E+3	5.732735E+2
1.045681E+3	5.732945E+2
1.045752E+3	5.733165E+2
1.045822E+3	5.733375E+2
1.045893E+3	5.733592E+2
1.045958E+3	5.733809E+2
1.046027E+3	5.734041E+2
1.046095E+3	5.734240E+2
1.046162E+3	5.734453E+2
1.046232E+3	5.734667E+2
1.046302E+3	5.734885E+2
1.046369E+3	5.735109E+2
1.046441E+3	5.735334E+2
1.046511E+3	5.735530E+2
1.046579E+3	5.735749E+2
1.046645E+3	5.735953E+2
1.046712E+3	5.736162E+2
1.046779E+3	5.736395E+2
1.046845E+3	5.736595E+2
1.046912E+3	5.736813E+2
1.046979E+3	5.737015E+2
1.047046E+3	5.737237E+2
1.047117E+3	5.737448E+2
1.047187E+3	5.737665E+2
1.047256E+3	5.737871E+2
1.047325E+3	5.738083E+2
1.047392E+3	5.738292E+2
1.047459E+3	5.738494E+2
1.047526E+3	5.738699E+2
1.047597E+3	5.738925E+2
1.047666E+3	5.739128E+2
1.047739E+3	5.739353E+2
1.047808E+3	5.739589E+2
1.047876E+3	5.739803E+2
1.047947E+3	5.740009E+2
1.048017E+3	5.740210E+2
1.048083E+3	5.740422E+2
1.048151E+3	5.740644E+2
1.048221E+3	5.740859E+2
1.048287E+3	5.741046E+2
1.048354E+3	5.741263E+2
1.048425E+3	5.741469E+2
1.048492E+3	5.741690E+2
1.048562E+3	5.741906E+2
1.048631E+3	5.742110E+2
1.048698E+3	5.742318E+2
1.048764E+3	5.742521E+2
1.048831E+3	5.742728E+2
1.048900E+3	5.742957E+2
1.048968E+3	5.743159E+2
1.049035E+3	5.743368E+2
1.049106E+3	5.743579E+2
1.049176E+3	5.743804E+2
1.049246E+3	5.744039E+2
1.049317E+3	5.744277E+2
1.049383E+3	5.744479E+2
1.049452E+3	5.744683E+2
1.049520E+3	5.744911E+2
1.049587E+3	5.745119E+2
1.049654E+3	5.745308E+2
1.049721E+3	5.745511E+2
1.049790E+3	5.745741E+2
1.049859E+3	5.745942E+2
1.049925E+3	5.746167E+2
1.049998E+3	5.746396E+2
1.050068E+3	5.746599E+2
1.050138E+3	5.746819E+2
1.050204E+3	5.747037E+2
1.050274E+3	5.747235E+2
1.050340E+3	5.747444E+2
1.050405E+3	5.747644E+2
1.050474E+3	5.747870E+2
1.050541E+3	5.748069E+2
1.050611E+3	5.748293E+2
1.050680E+3	5.748505E+2
1.050747E+3	5.748711E+2
1.050815E+3	5.748917E+2
1.050885E+3	5.749137E+2
1.050951E+3	5.749336E+2
1.051018E+3	5.749544E+2
1.051085E+3	5.749759E+2
1.051152E+3	5.749962E+2
1.051223E+3	5.750178E+2
1.051292E+3	5.750402E+2
1.051362E+3	5.750594E+2
1.051430E+3	5.750832E+2
1.051499E+3	5.751030E+2
1.051565E+3	5.751255E+2
1.051634E+3	5.751461E+2
1.051703E+3	5.751669E+2
1.051771E+3	5.751893E+2
1.051841E+3	5.752102E+2
1.051907E+3	5.752315E+2
1.051979E+3	5.752529E+2
1.052044E+3	5.752764E+2
1.052116E+3	5.752979E+2
1.052183E+3	5.753189E+2
1.052253E+3	5.753387E+2
1.052322E+3	5.753608E+2
1.052391E+3	5.753814E+2
1.052458E+3	5.754026E+2
1.052523E+3	5.754233E+2
1.052593E+3	5.754459E+2
1.052659E+3	5.754657E+2
1.052731E+3	5.754885E+2
1.052798E+3	5.755110E+2
1.052871E+3	5.755328E+2
1.052939E+3	5.755542E+2
1.053009E+3	5.755751E+2
1.053075E+3	5.755942E+2
1.053141E+3	5.756180E+2
1.053208E+3	5.756384E+2
1.053278E+3	5.756610E+2
1.053348E+3	5.756820E+2
1.053415E+3	5.757061E+2
1.053489E+3	5.757274E+2
1.053558E+3	5.757496E+2
1.053626E+3	5.757708E+2
1.053693E+3	5.757923E+2
1.053759E+3	5.758128E+2
1.053825E+3	5.758345E+2
1.053893E+3	5.758544E+2
1.053961E+3	5.758758E+2
1.054028E+3	5.758987E+2
1.054094E+3	5.759212E+2
1.054165E+3	5.759439E+2
1.054234E+3	5.759639E+2
1.054303E+3	5.759862E+2
1.054371E+3	5.760058E+2
1.054439E+3	5.760286E+2
1.054505E+3	5.760499E+2
1.054573E+3	5.760707E+2
1.054644E+3	5.760927E+2
1.054709E+3	5.761148E+2
1.054782E+3	5.761381E+2
1.054852E+3	5.761619E+2
1.054920E+3	5.761826E+2
1.054992E+3	5.762050E+2
1.055058E+3	5.762274E+2
1.055125E+3	5.762469E+2
1.055191E+3	5.762694E+2
1.055260E+3	5.762906E+2
1.055329E+3	5.763099E+2
1.055399E+3	5.763414E+2
1.055472E+3	5.763647E+2
1.055540E+3	5.763863E+2
1.055611E+3	5.764090E+2
1.055679E+3	5.764280E+2
1.055746E+3	5.764499E+2
1.055814E+3	5.764712E+2
1.055879E+3	5.764922E+2
1.055947E+3	5.765142E+2
1.056015E+3	5.765347E+2
1.056083E+3	5.765562E+2
1.056152E+3	5.765792E+2
1.056218E+3	5.765998E+2
1.056289E+3	5.766221E+2
1.056358E+3	5.766431E+2
1.056425E+3	5.766645E+2
1.056492E+3	5.766854E+2
1.056557E+3	5.767092E+2
1.056624E+3	5.767285E+2
1.056693E+3	5.767505E+2
1.056761E+3	5.767725E+2
1.056831E+3	5.767973E+2
1.056899E+3	5.768187E+2
1.056967E+3	5.768431E+2
1.057033E+3	5.768636E+2
1.057102E+3	5.768854E+2
1.057171E+3	5.769078E+2
1.057242E+3	5.769297E+2
1.057312E+3	5.769513E+2
1.057380E+3	5.769740E+2
1.057447E+3	5.769953E+2
1.057516E+3	5.770157E+2
1.057584E+3	5.770395E+2
1.057658E+3	5.770640E+2
1.057728E+3	5.770864E+2
1.057795E+3	5.771066E+2
1.057863E+3	5.771285E+2
1.057932E+3	5.771502E+2
1.057999E+3	5.771738E+2
1.058070E+3	5.771965E+2
1.058137E+3	5.772180E+2
1.058207E+3	5.772405E+2
1.058276E+3	5.772620E+2
1.058342E+3	5.772831E+2
1.058411E+3	5.773056E+2
1.058479E+3	5.773269E+2
1.058545E+3	5.773486E+2
1.058612E+3	5.773681E+2
1.058681E+3	5.773910E+2
1.058748E+3	5.774135E+2
1.058816E+3	5.774337E+2
1.058884E+3	5.774578E+2
1.058955E+3	5.774790E+2
1.059026E+3	5.775018E+2
1.059092E+3	5.775240E+2
1.059161E+3	5.775444E+2
1.059228E+3	5.775682E+2
1.059297E+3	5.775906E+2
1.059368E+3	5.776130E+2
1.059436E+3	5.776360E+2
1.059504E+3	5.776569E+2
1.059573E+3	5.776788E+2
1.059643E+3	5.777004E+2
1.059709E+3	5.777249E+2
1.059781E+3	5.777470E+2
1.059848E+3	5.777716E+2
1.059917E+3	5.777920E+2
1.059984E+3	5.778137E+2
1.060052E+3	5.778382E+2
1.060118E+3	5.778634E+2
1.060187E+3	5.778838E+2
1.060254E+3	5.779059E+2
1.060324E+3	5.779276E+2
1.060391E+3	5.779499E+2
1.060463E+3	5.779725E+2
1.060532E+3	5.779950E+2
1.060601E+3	5.780151E+2
1.060669E+3	5.780376E+2
1.060735E+3	5.780588E+2
1.060803E+3	5.780808E+2
1.060872E+3	5.781014E+2
1.060939E+3	5.781246E+2
1.061009E+3	5.781466E+2
1.061078E+3	5.781679E+2
1.061147E+3	5.781911E+2
1.061217E+3	5.782135E+2
1.061288E+3	5.782350E+2
1.061357E+3	5.782570E+2
1.061426E+3	5.782780E+2
1.061495E+3	5.783015E+2
1.061563E+3	5.783215E+2
1.061630E+3	5.783429E+2
1.061700E+3	5.783660E+2
1.061768E+3	5.783889E+2
1.061838E+3	5.784100E+2
1.061907E+3	5.784325E+2
1.061974E+3	5.784553E+2
1.062046E+3	5.784784E+2
1.062115E+3	5.784983E+2
1.062183E+3	5.785196E+2
1.062253E+3	5.785422E+2
1.062321E+3	5.785636E+2
1.062388E+3	5.785854E+2
1.062455E+3	5.786069E+2
1.062525E+3	5.786309E+2
1.062597E+3	5.786529E+2
1.062665E+3	5.786755E+2
1.062736E+3	5.786968E+2
1.062803E+3	5.787202E+2
1.062874E+3	5.787419E+2
1.062942E+3	5.787616E+2
1.063010E+3	5.787845E+2
1.063078E+3	5.788063E+2
1.063147E+3	5.788292E+2
1.063214E+3	5.788502E+2
1.063281E+3	5.788718E+2
1.063352E+3	5.788928E+2
1.063419E+3	5.789148E+2
1.063488E+3	5.789360E+2
1.063560E+3	5.789591E+2
1.063627E+3	5.789800E+2
1.063695E+3	5.790014E+2
1.063764E+3	5.790240E+2
1.063833E+3	5.790470E+2
1.063904E+3	5.790688E+2
1.063972E+3	5.790907E+2
1.064038E+3	5.791104E+2
1.064108E+3	5.791343E+2
1.064178E+3	0.000000E+0
1.064245E+3	5.791802E+2
1.064319E+3	5.792020E+2
1.064386E+3	5.792232E+2
1.064452E+3	5.792447E+2
1.064521E+3	5.792664E+2
1.064588E+3	5.792874E+2
1.064654E+3	5.793090E+2
1.064725E+3	5.793320E+2
1.064791E+3	5.793539E+2
1.064862E+3	5.793774E+2
1.064926E+3	5.793996E+2
1.064996E+3	5.794214E+2
1.065064E+3	5.794451E+2
1.065131E+3	5.794661E+2
1.065199E+3	5.794892E+2
1.065269E+3	5.795123E+2
1.065337E+3	5.795344E+2
1.065404E+3	5.795549E+2
1.065470E+3	5.795791E+2
1.065539E+3	5.796006E+2
1.065609E+3	5.796246E+2
1.065677E+3	5.796452E+2
1.065742E+3	5.796664E+2
1.065811E+3	5.796877E+2
1.065878E+3	5.797104E+2
1.065947E+3	5.797341E+2
1.066015E+3	5.797555E+2
1.066084E+3	5.797783E+2
1.066156E+3	5.798013E+2
1.066225E+3	5.798234E+2
1.066293E+3	5.798472E+2
1.066362E+3	5.798677E+2
1.066430E+3	5.798909E+2
1.066495E+3	5.799130E+2
1.066564E+3	5.799344E+2
1.066633E+3	5.799582E+2
1.066698E+3	5.799790E+2
1.066767E+3	5.800022E+2
1.066838E+3	5.800238E+2
1.066906E+3	5.800444E+2
1.066973E+3	5.800686E+2
1.067043E+3	5.800910E+2
1.067111E+3	5.801122E+2
1.067177E+3	5.801358E+2
1.067247E+3	5.801569E+2
1.067314E+3	5.801767E+2
1.067383E+3	5.801999E+2
1.067453E+3	5.802231E+2
1.067519E+3	5.802435E+2
1.067588E+3	5.802680E+2
1.067660E+3	5.802889E+2
1.067729E+3	5.803133E+2
1.067799E+3	5.803366E+2
1.067870E+3	5.803589E+2
1.067938E+3	5.803807E+2
1.068006E+3	5.804049E+2
1.068076E+3	5.804249E+2
1.068143E+3	5.804473E+2
1.068210E+3	5.804701E+2
1.068281E+3	5.804938E+2
1.068351E+3	5.805159E+2
1.068417E+3	5.805383E+2
1.068486E+3	5.805595E+2
1.068554E+3	5.805818E+2
1.068622E+3	5.806032E+2
1.068688E+3	5.806242E+2
1.068754E+3	5.806464E+2
1.068821E+3	5.806682E+2
1.068889E+3	5.806893E+2
1.068958E+3	5.807121E+2
1.069025E+3	5.807339E+2
1.069093E+3	5.807571E+2
1.069163E+3	5.807774E+2
1.069228E+3	5.808001E+2
1.069296E+3	5.808214E+2
1.069365E+3	5.808438E+2
1.069432E+3	5.808649E+2
1.069500E+3	5.808880E+2
1.069569E+3	5.809114E+2
1.069637E+3	5.809334E+2
1.069705E+3	5.809539E+2
1.069770E+3	5.809773E+2
1.069837E+3	5.809976E+2
1.069905E+3	5.810201E+2
1.069974E+3	5.810418E+2
1.070044E+3	5.810648E+2
1.070112E+3	5.810879E+2
1.070179E+3	5.811095E+2
1.070250E+3	5.811325E+2
1.070316E+3	5.811575E+2
1.070386E+3	5.811784E+2
1.070455E+3	5.811998E+2
1.070523E+3	5.812230E+2
1.070590E+3	5.812452E+2
1.070656E+3	5.812662E+2
1.070723E+3	5.812875E+2
1.070787E+3	5.813078E+2
1.070855E+3	5.813302E+2
1.070924E+3	5.813532E+2
1.070989E+3	5.813763E+2
1.071060E+3	5.813993E+2
1.071125E+3	5.814224E+2
1.071193E+3	5.814455E+2
1.071261E+3	5.814663E+2
1.071331E+3	5.814891E+2
1.071397E+3	5.815112E+2
1.071468E+3	5.815351E+2
1.071537E+3	5.815576E+2
1.071606E+3	5.815802E+2
1.071678E+3	5.816039E+2
1.071749E+3	5.816272E+2
1.071819E+3	5.816511E+2
1.071887E+3	5.816715E+2
1.071955E+3	5.816941E+2
1.072022E+3	5.817166E+2
1.072091E+3	5.817447E+2
1.072159E+3	5.817671E+2
1.072227E+3	5.817893E+2
1.072294E+3	5.818126E+2
1.072363E+3	5.818359E+2
1.072434E+3	5.818580E+2
1.072504E+3	5.818813E+2
1.072570E+3	5.819055E+2
1.072637E+3	5.819269E+2
1.072703E+3	5.819489E+2
1.072770E+3	5.819706E+2
1.072837E+3	5.819952E+2
1.072905E+3	5.820152E+2
1.072973E+3	5.820382E+2
1.073043E+3	5.820609E+2
1.073110E+3	5.820852E+2
1.073179E+3	5.821062E+2
1.073247E+3	5.821287E+2
1.073317E+3	5.821518E+2
1.073384E+3	5.821735E+2
1.073449E+3	5.821943E+2
1.073517E+3	5.822173E+2
1.073583E+3	5.822386E+2
1.073648E+3	5.822613E+2
1.073721E+3	5.822849E+2
1.073791E+3	5.823086E+2
1.073861E+3	5.823295E+2
1.073927E+3	5.823519E+2
1.073994E+3	5.823738E+2
1.074065E+3	5.823967E+2
1.074131E+3	5.824178E+2
1.074198E+3	5.824417E+2
1.074269E+3	5.824646E+2
1.074335E+3	5.824883E+2
1.074405E+3	5.825111E+2
1.074477E+3	5.825345E+2
1.074548E+3	5.825573E+2
1.074617E+3	5.825801E+2
1.074684E+3	5.826041E+2
1.074754E+3	5.826254E+2
1.074822E+3	5.826480E+2
1.074887E+3	5.826697E+2
1.074954E+3	5.826921E+2
1.075022E+3	5.827153E+2
1.075093E+3	5.827383E+2
1.075161E+3	5.827607E+2
1.075230E+3	5.827824E+2
1.075299E+3	5.828061E+2
1.075364E+3	5.828275E+2
1.075433E+3	5.828502E+2
1.075501E+3	5.828730E+2
1.075566E+3	5.828946E+2
1.075634E+3	5.829179E+2
1.075704E+3	5.829423E+2
1.075777E+3	5.829655E+2
1.075849E+3	5.829891E+2
1.075915E+3	5.830140E+2
1.075987E+3	5.830360E+2
1.076055E+3	5.830603E+2
1.076123E+3	5.830821E+2
1.076187E+3	5.831042E+2
1.076256E+3	5.831262E+2
1.076322E+3	5.831486E+2
1.076391E+3	5.831711E+2
1.076460E+3	5.831947E+2
1.076528E+3	5.832171E+2
1.076594E+3	5.832376E+2
1.076659E+3	5.832604E+2
1.076725E+3	5.832815E+2
1.076794E+3	5.833053E+2
1.076860E+3	5.833269E+2
1.076930E+3	5.833491E+2
1.076998E+3	5.833734E+2
1.077066E+3	5.833946E+2
1.077133E+3	5.834193E+2
1.077202E+3	5.834405E+2
1.077272E+3	5.834634E+2
1.077338E+3	5.834862E+2
1.077404E+3	5.835077E+2
1.077472E+3	5.835321E+2
1.077540E+3	5.835545E+2
1.077609E+3	5.835838E+2
1.077677E+3	5.836051E+2
1.077745E+3	5.836278E+2
1.077815E+3	5.836503E+2
1.077880E+3	5.836744E+2
1.077950E+3	5.836967E+2
1.078018E+3	5.837198E+2
1.078087E+3	5.837444E+2
1.078154E+3	5.837659E+2
1.078222E+3	5.837894E+2
1.078289E+3	5.838131E+2
1.078356E+3	5.838343E+2
1.078422E+3	5.838573E+2
1.078493E+3	5.838816E+2
1.078562E+3	5.839061E+2
1.078629E+3	5.839325E+2
1.078697E+3	5.839598E+2
1.078763E+3	5.839818E+2
1.078829E+3	5.840044E+2
1.078897E+3	5.840304E+2
1.078965E+3	5.840561E+2
1.079034E+3	5.840800E+2
1.079100E+3	5.841020E+2
1.079171E+3	5.841251E+2
1.079236E+3	5.841534E+2
1.079306E+3	5.841771E+2
1.079375E+3	5.841997E+2
1.079443E+3	5.842228E+2
1.079512E+3	5.842455E+2
1.079580E+3	5.842659E+2
1.079650E+3	5.842909E+2
1.079716E+3	5.843144E+2
1.079786E+3	5.843370E+2
1.079853E+3	5.843608E+2
1.079924E+3	5.843835E+2
1.079993E+3	5.844068E+2
1.080060E+3	5.844294E+2
1.080126E+3	5.844505E+2
1.080195E+3	5.844732E+2
1.080262E+3	5.844956E+2
1.080332E+3	5.845189E+2
1.080401E+3	5.845426E+2
1.080471E+3	5.845663E+2
1.080541E+3	5.845910E+2
1.080611E+3	5.846123E+2
1.080680E+3	5.846363E+2
1.080750E+3	5.846618E+2
1.080818E+3	5.846859E+2
1.080886E+3	5.847086E+2
1.080954E+3	5.847318E+2
1.081020E+3	5.847533E+2
1.081088E+3	5.847767E+2
1.081156E+3	5.848007E+2
1.081225E+3	5.848228E+2
1.081293E+3	5.848460E+2
1.081360E+3	5.848693E+2
1.081428E+3	5.848908E+2
1.081493E+3	5.849140E+2
1.081561E+3	5.849356E+2
1.081628E+3	5.849588E+2
1.081695E+3	5.849811E+2
1.081764E+3	5.850060E+2
1.081835E+3	5.850298E+2
1.081901E+3	5.850521E+2
1.081972E+3	5.850745E+2
1.082039E+3	5.850975E+2
1.082106E+3	5.851197E+2
1.082173E+3	5.851445E+2
1.082245E+3	5.851664E+2
1.082312E+3	5.851890E+2
1.082381E+3	5.852129E+2
1.082452E+3	5.852373E+2
1.082519E+3	5.852611E+2
1.082589E+3	5.852829E+2
1.082659E+3	5.853060E+2
1.082724E+3	5.853293E+2
1.082792E+3	5.853533E+2
1.082858E+3	5.853762E+2
1.082924E+3	5.853991E+2
1.082992E+3	5.854239E+2
1.083060E+3	5.854461E+2
1.083131E+3	5.854687E+2
1.083197E+3	5.854928E+2
1.083268E+3	5.855165E+2
1.083335E+3	5.855423E+2
1.083401E+3	5.855653E+2
1.083468E+3	5.855877E+2
1.083536E+3	5.856112E+2
1.083602E+3	5.856341E+2
1.083671E+3	5.856570E+2
1.083738E+3	5.856809E+2
1.083808E+3	5.857042E+2
1.083875E+3	5.857281E+2
1.083944E+3	5.857500E+2
1.084010E+3	5.857729E+2
1.084077E+3	5.857968E+2
1.084144E+3	5.858188E+2
1.084212E+3	5.858416E+2
1.084282E+3	5.858646E+2
1.084352E+3	5.858895E+2
1.084419E+3	5.859123E+2
1.084488E+3	5.859351E+2
1.084560E+3	5.859597E+2
1.084629E+3	5.859819E+2
1.084694E+3	5.860057E+2
1.084766E+3	5.860284E+2
1.084836E+3	5.860517E+2
1.084903E+3	5.860745E+2
1.084970E+3	5.860962E+2
1.085037E+3	5.861205E+2
1.085109E+3	5.861444E+2
1.085176E+3	5.861691E+2
1.085246E+3	5.861931E+2
1.085316E+3	5.862174E+2
1.085381E+3	5.862392E+2
1.085448E+3	5.862618E+2
1.085514E+3	5.862840E+2
1.085582E+3	5.863073E+2
1.085651E+3	5.863307E+2
1.085720E+3	5.863536E+2
1.085790E+3	5.863770E+2
1.085861E+3	5.864035E+2
1.085931E+3	5.864283E+2
1.086003E+3	5.864509E+2
1.086074E+3	5.864748E+2
1.086143E+3	5.864980E+2
1.086215E+3	5.865229E+2
1.086283E+3	5.865461E+2
1.086351E+3	5.865680E+2
1.086417E+3	5.865934E+2
1.086486E+3	5.866151E+2
1.086554E+3	5.866394E+2
1.086622E+3	5.866643E+2
1.086692E+3	5.866890E+2
1.086761E+3	5.867122E+2
1.086834E+3	5.867376E+2
1.086903E+3	5.867617E+2
1.086972E+3	5.867848E+2
1.087040E+3	5.868075E+2
1.087108E+3	5.868316E+2
1.087173E+3	5.868536E+2
1.087240E+3	5.868773E+2
1.087311E+3	5.869013E+2
1.087377E+3	5.869235E+2
1.087447E+3	5.869473E+2
1.087518E+3	5.869728E+2
1.087584E+3	5.869945E+2
1.087650E+3	5.870193E+2
1.087718E+3	5.870482E+2
1.087788E+3	5.870755E+2
1.087855E+3	5.870984E+2
1.087921E+3	5.871211E+2
1.087989E+3	5.871440E+2
1.088058E+3	5.871683E+2
1.088123E+3	5.871902E+2
1.088196E+3	5.872146E+2
1.088263E+3	5.872373E+2
1.088329E+3	5.872585E+2
1.088394E+3	5.872826E+2
1.088461E+3	5.873052E+2
1.088530E+3	5.873288E+2
1.088599E+3	5.873512E+2
1.088666E+3	5.873757E+2
1.088741E+3	5.874003E+2
1.088808E+3	5.874231E+2
1.088878E+3	5.874460E+2
1.088945E+3	5.874701E+2
1.089013E+3	5.874955E+2
1.089082E+3	5.875208E+2
1.089151E+3	5.875456E+2
1.089220E+3	5.875679E+2
1.089287E+3	5.875905E+2
1.089357E+3	5.876155E+2
1.089430E+3	5.876402E+2
1.089497E+3	5.876639E+2
1.089564E+3	5.876868E+2
1.089632E+3	5.877087E+2
1.089700E+3	5.877344E+2
1.089768E+3	5.877585E+2
1.089838E+3	5.877814E+2
1.089903E+3	5.878032E+2
1.089973E+3	5.878283E+2
1.090041E+3	5.878519E+2
1.090111E+3	5.878757E+2
1.090177E+3	5.879007E+2
1.090245E+3	5.879237E+2
1.090315E+3	5.879466E+2
1.090382E+3	5.879703E+2
1.090451E+3	5.879939E+2
1.090519E+3	5.880171E+2
1.090586E+3	5.880411E+2
1.090656E+3	5.880661E+2
1.090725E+3	5.880890E+2
1.090793E+3	5.881140E+2
1.090860E+3	5.881379E+2
1.090924E+3	5.881605E+2
1.090994E+3	5.881832E+2
1.091061E+3	5.882122E+2
1.091129E+3	5.882392E+2
1.091196E+3	5.882613E+2
1.091264E+3	5.882850E+2
1.091329E+3	5.883093E+2
1.091400E+3	5.883345E+2
1.091466E+3	5.883567E+2
1.091536E+3	5.883820E+2
1.091603E+3	5.884076E+2
1.091672E+3	5.884310E+2
1.091741E+3	5.884555E+2
1.091810E+3	5.884785E+2
1.091879E+3	5.885026E+2
1.091947E+3	5.885249E+2
1.092015E+3	5.885493E+2
1.092084E+3	5.885735E+2
1.092148E+3	5.885963E+2
1.092215E+3	5.886201E+2
1.092284E+3	5.886428E+2
1.092353E+3	5.886664E+2
1.092419E+3	5.886912E+2
1.092488E+3	5.887146E+2
1.092556E+3	5.887378E+2
1.092624E+3	5.887617E+2
1.092693E+3	5.887846E+2
1.092760E+3	5.888088E+2
1.092828E+3	5.888333E+2
1.092895E+3	5.888583E+2
1.092966E+3	5.888838E+2
1.093034E+3	5.889075E+2
1.093100E+3	5.889321E+2
1.093167E+3	5.889557E+2
1.093233E+3	5.889777E+2
1.093300E+3	5.890020E+2
1.093369E+3	5.890262E+2
1.093435E+3	5.890516E+2
1.093509E+3	5.890758E+2
1.093577E+3	5.891008E+2
1.093645E+3	5.891233E+2
1.093712E+3	5.891471E+2
1.093779E+3	5.891708E+2
1.093846E+3	5.891932E+2
1.093913E+3	5.892165E+2
1.093983E+3	5.892403E+2
1.094053E+3	5.892659E+2
1.094121E+3	5.892880E+2
1.094188E+3	5.893136E+2
1.094259E+3	5.893372E+2
1.094326E+3	5.893615E+2
1.094396E+3	5.893861E+2
1.094464E+3	5.894097E+2
1.094530E+3	5.894322E+2
1.094599E+3	5.894568E+2
1.094668E+3	5.894796E+2
1.094737E+3	5.895038E+2
1.094808E+3	5.895288E+2
1.094878E+3	5.895528E+2
1.094944E+3	5.895772E+2
1.095015E+3	5.896005E+2
1.095083E+3	5.896233E+2
1.095147E+3	5.896455E+2
1.095216E+3	5.896684E+2
1.095282E+3	5.896919E+2
1.095350E+3	5.897151E+2
1.095417E+3	5.897375E+2
1.095483E+3	5.897618E+2
1.095552E+3	5.897868E+2
1.095622E+3	5.898123E+2
1.095693E+3	5.898338E+2
1.095762E+3	5.898573E+2
1.095828E+3	5.898812E+2
1.095896E+3	5.899049E+2
1.095964E+3	5.899288E+2
1.096030E+3	5.899518E+2
1.096099E+3	5.899760E+2
1.096165E+3	5.900001E+2
1.096236E+3	5.900264E+2
1.096306E+3	5.900491E+2
1.096375E+3	5.900734E+2
1.096444E+3	5.900980E+2
1.096511E+3	5.901202E+2
1.096578E+3	5.901453E+2
1.096644E+3	5.901670E+2
1.096715E+3	5.901931E+2
1.096783E+3	5.902172E+2
1.096851E+3	5.902393E+2
1.096919E+3	5.902663E+2
1.096990E+3	5.902897E+2
1.097055E+3	5.903116E+2
1.097122E+3	5.903370E+2
1.097190E+3	5.903617E+2
1.097261E+3	5.903871E+2
1.097328E+3	5.904093E+2
1.097394E+3	5.904324E+2
1.097463E+3	5.904580E+2
1.097528E+3	5.904814E+2
1.097600E+3	5.905068E+2
1.097671E+3	5.905298E+2
1.097738E+3	5.905539E+2
1.097807E+3	5.905780E+2
1.097873E+3	5.906021E+2
1.097939E+3	5.906247E+2
1.098006E+3	5.906471E+2
1.098072E+3	5.906697E+2
1.098141E+3	5.906964E+2
1.098209E+3	5.907206E+2
1.098280E+3	5.907475E+2
1.098352E+3	5.907707E+2
1.098421E+3	5.907962E+2
1.098487E+3	5.908197E+2
1.098556E+3	5.908430E+2
1.098624E+3	5.908660E+2
1.098691E+3	5.908901E+2
1.098759E+3	5.909134E+2
1.098826E+3	5.909373E+2
1.098896E+3	5.909616E+2
1.098964E+3	5.909862E+2
1.099035E+3	5.910117E+2
1.099107E+3	5.910371E+2
1.099175E+3	5.910602E+2
1.099245E+3	5.910849E+2
1.099313E+3	5.911085E+2
1.099380E+3	5.911332E+2
1.099449E+3	5.911576E+2
1.099518E+3	5.911824E+2
1.099587E+3	5.912061E+2
1.099654E+3	5.912309E+2
1.099725E+3	5.912551E+2
1.099794E+3	5.912809E+2
1.099861E+3	5.913046E+2
1.099929E+3	5.913274E+2
1.099996E+3	5.913496E+2
1.100060E+3	5.913741E+2
1.100127E+3	5.913965E+2
1.100193E+3	5.914204E+2
1.100262E+3	5.914454E+2
1.100331E+3	5.914714E+2
1.100399E+3	5.914957E+2
1.100470E+3	5.915191E+2
1.100540E+3	5.915451E+2
1.100607E+3	5.915683E+2
1.100674E+3	0.000000E+0
1.100740E+3	5.916177E+2
1.100807E+3	5.916421E+2
1.100876E+3	5.916651E+2
1.100943E+3	5.916902E+2
1.101013E+3	5.917143E+2
1.101078E+3	5.917386E+2
1.101146E+3	5.917609E+2
1.101214E+3	5.917872E+2
1.101284E+3	5.918130E+2
1.101354E+3	5.918372E+2
1.101421E+3	5.918603E+2
1.101489E+3	5.918852E+2
1.101559E+3	5.919090E+2
1.101629E+3	5.919346E+2
1.101698E+3	5.919615E+2
1.101770E+3	5.919857E+2
1.101837E+3	5.920092E+2
1.101905E+3	5.920334E+2
1.101974E+3	5.920574E+2
1.102042E+3	5.920828E+2
1.102108E+3	5.921064E+2
1.102177E+3	5.921314E+2
1.102245E+3	5.921597E+2
1.102315E+3	5.921850E+2
1.102384E+3	5.922117E+2
1.102448E+3	5.922403E+2
1.102521E+3	5.922650E+2
1.102589E+3	5.922900E+2
1.102657E+3	5.923160E+2
1.102725E+3	5.923386E+2
1.102794E+3	5.923623E+2
1.102862E+3	5.923867E+2
1.102930E+3	5.924115E+2
1.102999E+3	5.924346E+2
1.103068E+3	5.924604E+2
1.103139E+3	5.924865E+2
1.103208E+3	5.925114E+2
1.103280E+3	5.925367E+2
1.103349E+3	5.925609E+2
1.103417E+3	5.925841E+2
1.103483E+3	5.926071E+2
1.103547E+3	5.926313E+2
1.103614E+3	5.926548E+2
1.103684E+3	5.926784E+2
1.103751E+3	5.927018E+2
1.103819E+3	5.927264E+2
1.103889E+3	5.927535E+2
1.103958E+3	5.927771E+2
1.104027E+3	5.928010E+2
1.104095E+3	5.928258E+2
1.104163E+3	5.928500E+2
1.104231E+3	5.928736E+2
1.104298E+3	5.928971E+2
1.104364E+3	5.929216E+2
1.104435E+3	5.929459E+2
1.104503E+3	5.929717E+2
1.104573E+3	5.929960E+2
1.104641E+3	5.930206E+2
1.104710E+3	5.930444E+2
1.104779E+3	5.930691E+2
1.104846E+3	5.930925E+2
1.104914E+3	5.931184E+2
1.104981E+3	5.931407E+2
1.105050E+3	5.931663E+2
1.105116E+3	5.931881E+2
1.105186E+3	5.932153E+2
1.105256E+3	5.932410E+2
1.105326E+3	5.932635E+2
1.105393E+3	5.932873E+2
1.105461E+3	5.933147E+2
1.105531E+3	5.933387E+2
1.105602E+3	5.933629E+2
1.105669E+3	5.933882E+2
1.105738E+3	5.934138E+2
1.105807E+3	5.934389E+2
1.105873E+3	5.934617E+2
1.105946E+3	5.934882E+2
1.106013E+3	5.935130E+2
1.106082E+3	5.935375E+2
1.106153E+3	5.935615E+2
1.106223E+3	5.935875E+2
1.106290E+3	5.936123E+2
1.106360E+3	5.936399E+2
1.106427E+3	5.936626E+2
1.106492E+3	5.936872E+2
1.106560E+3	5.937107E+2
1.106625E+3	5.937378E+2
1.106696E+3	5.937628E+2
1.106766E+3	5.937899E+2
1.106838E+3	5.938151E+2
1.106906E+3	5.938457E+2
1.106973E+3	5.938689E+2
1.107041E+3	5.938951E+2
1.107110E+3	5.939214E+2
1.107174E+3	5.939441E+2
1.107240E+3	5.939682E+2
1.107311E+3	5.939937E+2
1.107380E+3	5.940203E+2
1.107452E+3	5.940451E+2
1.107522E+3	5.940698E+2
1.107588E+3	5.940937E+2
1.107656E+3	5.941183E+2
1.107722E+3	5.941429E+2
1.107789E+3	5.941662E+2
1.107858E+3	5.941923E+2
1.107924E+3	5.942157E+2
1.107992E+3	5.942408E+2
1.108059E+3	5.942652E+2
1.108128E+3	5.942902E+2
1.108196E+3	5.943130E+2
1.108266E+3	5.943375E+2
1.108333E+3	5.943629E+2
1.108402E+3	5.943875E+2
1.108470E+3	5.944124E+2
1.108537E+3	5.944363E+2
1.108607E+3	0.000000E+0
1.108673E+3	5.944872E+2
1.108745E+3	5.945116E+2
1.108811E+3	5.945368E+2
1.108881E+3	5.945618E+2
1.108948E+3	5.945858E+2
1.109015E+3	5.946101E+2
1.109082E+3	5.946350E+2
1.109151E+3	5.946566E+2
1.109220E+3	5.946811E+2
1.109288E+3	5.947049E+2
1.109358E+3	5.947295E+2
1.109426E+3	5.947552E+2
1.109496E+3	5.947829E+2
1.109562E+3	5.948065E+2
1.109629E+3	5.948293E+2
1.109696E+3	5.948556E+2
1.109763E+3	5.948806E+2
1.109830E+3	5.949027E+2
1.109897E+3	5.949279E+2
1.109964E+3	5.949536E+2
1.110032E+3	5.949783E+2
1.110097E+3	5.950046E+2
1.110170E+3	5.950299E+2
1.110239E+3	5.950528E+2
1.110304E+3	5.950766E+2
1.110373E+3	5.951035E+2
1.110442E+3	5.951279E+2
1.110510E+3	5.951536E+2
1.110578E+3	5.951759E+2
1.110647E+3	5.952015E+2
1.110714E+3	5.952256E+2
1.110785E+3	5.952521E+2
1.110854E+3	5.952773E+2
1.110922E+3	5.953012E+2
1.110990E+3	5.953258E+2
1.111056E+3	5.953503E+2
1.111125E+3	5.953763E+2
1.111194E+3	5.954013E+2
1.111263E+3	5.954288E+2
1.111331E+3	5.954518E+2
1.111401E+3	5.954780E+2
1.111467E+3	5.955031E+2
1.111536E+3	5.955269E+2
1.111603E+3	5.955510E+2
1.111671E+3	5.955767E+2
1.111737E+3	5.956000E+2
1.111805E+3	5.956276E+2
1.111873E+3	5.956535E+2
1.111941E+3	5.956776E+2
1.112009E+3	5.957035E+2
1.112079E+3	5.957269E+2
1.112146E+3	5.957536E+2
1.112215E+3	5.957809E+2
1.112286E+3	5.958045E+2
1.112355E+3	5.958336E+2
1.112425E+3	5.958582E+2
1.112493E+3	5.958817E+2
1.112558E+3	5.959057E+2
1.112626E+3	5.959305E+2
1.112695E+3	5.959582E+2
1.112764E+3	5.959833E+2
1.112834E+3	5.960057E+2
1.112902E+3	5.960321E+2
1.112971E+3	5.960549E+2
1.113038E+3	5.960803E+2
1.113105E+3	5.961045E+2
1.113174E+3	5.961308E+2
1.113242E+3	5.961570E+2
1.113310E+3	5.961816E+2
1.113378E+3	5.962077E+2
1.113448E+3	5.962331E+2
1.113516E+3	5.962588E+2
1.113586E+3	5.962819E+2
1.113652E+3	5.963062E+2
1.113719E+3	5.963315E+2
1.113787E+3	5.963569E+2
1.113854E+3	5.963802E+2
1.113925E+3	5.964077E+2
1.113992E+3	5.964310E+2
1.114057E+3	5.964568E+2
1.114126E+3	5.964823E+2
1.114194E+3	5.965075E+2
1.114265E+3	5.965330E+2
1.114334E+3	5.965575E+2
1.114401E+3	5.965818E+2
1.114470E+3	5.966070E+2
1.114537E+3	5.966301E+2
1.114604E+3	5.966579E+2
1.114674E+3	5.966830E+2
1.114744E+3	5.967085E+2
1.114809E+3	5.967321E+2
1.114881E+3	5.967587E+2
1.114949E+3	5.967857E+2
1.115018E+3	5.968109E+2
1.115087E+3	5.968368E+2
1.115156E+3	5.968628E+2
1.115224E+3	0.000000E+0
1.115292E+3	5.969125E+2
1.115358E+3	5.969376E+2
1.115425E+3	5.969682E+2
1.115494E+3	5.969931E+2
1.115558E+3	5.970187E+2
1.115629E+3	5.970447E+2
1.115699E+3	5.970683E+2
1.115768E+3	5.970955E+2
1.115835E+3	5.971184E+2
1.115899E+3	5.971434E+2
1.115967E+3	5.971687E+2
1.116034E+3	5.971906E+2
1.116100E+3	5.972158E+2
1.116170E+3	5.972384E+2
1.116236E+3	5.972724E+2
1.116305E+3	5.972977E+2
1.116378E+3	5.973248E+2
1.116445E+3	5.973516E+2
1.116512E+3	5.973748E+2
1.116577E+3	5.973992E+2
1.116645E+3	5.974238E+2
1.116715E+3	5.974516E+2
1.116782E+3	5.974748E+2
1.116852E+3	5.975001E+2
1.116920E+3	5.975295E+2
1.116990E+3	5.975542E+2
1.117057E+3	5.975791E+2
1.117126E+3	5.976058E+2
1.117192E+3	5.976323E+2
1.117263E+3	5.976577E+2
1.117328E+3	5.976837E+2
1.117397E+3	5.977115E+2
1.117468E+3	5.977398E+2
1.117536E+3	5.977668E+2
1.117608E+3	5.977940E+2
1.117683E+3	5.978204E+2
1.117748E+3	5.978459E+2
1.117819E+3	5.978720E+2
1.117888E+3	5.978981E+2
1.117954E+3	5.979216E+2
1.118022E+3	5.979461E+2
1.118093E+3	5.979730E+2
1.118161E+3	5.979997E+2
1.118230E+3	5.980265E+2
1.118299E+3	5.980513E+2
1.118369E+3	5.980762E+2
1.118437E+3	5.981030E+2
1.118511E+3	5.981298E+2
1.118582E+3	5.981564E+2
1.118650E+3	5.981825E+2
1.118718E+3	5.982081E+2
1.118785E+3	5.982325E+2
1.118853E+3	5.982603E+2
1.118921E+3	5.982821E+2
1.118987E+3	5.983119E+2
1.119053E+3	0.000000E+0
1.119121E+3	5.983618E+2
1.119187E+3	5.983858E+2
1.119255E+3	5.984084E+2
1.119323E+3	5.984365E+2
1.119388E+3	5.984633E+2
1.119455E+3	5.984891E+2
1.119523E+3	5.985157E+2
1.119592E+3	5.985408E+2
1.119660E+3	5.985687E+2
1.119732E+3	5.985957E+2
1.119806E+3	5.986242E+2
1.119875E+3	5.986511E+2
1.119944E+3	5.986771E+2
1.120012E+3	5.987024E+2
1.120081E+3	5.987272E+2
1.120149E+3	5.987539E+2
1.120219E+3	5.987795E+2
1.120288E+3	5.988061E+2
1.120354E+3	5.988303E+2
1.120422E+3	5.988610E+2
1.120494E+3	5.988872E+2
1.120561E+3	5.989123E+2
1.120631E+3	5.989393E+2
1.120696E+3	5.989667E+2
1.120764E+3	5.989927E+2
1.120830E+3	5.990131E+2
1.120898E+3	5.990392E+2
1.120966E+3	5.990685E+2
1.121032E+3	5.990925E+2
1.121100E+3	5.991171E+2
1.121169E+3	5.991432E+2
1.121236E+3	5.991675E+2
1.121306E+3	5.991921E+2
1.121374E+3	5.992184E+2
1.121439E+3	5.992442E+2
1.121508E+3	5.992710E+2
1.121575E+3	5.992953E+2
1.121644E+3	5.993198E+2
1.121715E+3	5.993466E+2
1.121784E+3	5.993719E+2
1.121853E+3	5.993991E+2
1.121919E+3	5.994234E+2
1.121989E+3	5.994500E+2
1.122056E+3	5.994736E+2
1.122125E+3	5.994972E+2
1.122192E+3	5.995229E+2
1.122264E+3	5.995514E+2
1.122332E+3	5.995746E+2
1.122400E+3	5.995994E+2
1.122470E+3	0.000000E+0
1.122536E+3	5.996517E+2
1.122607E+3	5.996796E+2
1.122680E+3	5.997062E+2
1.122748E+3	5.997334E+2
1.122817E+3	5.997562E+2
1.122883E+3	5.997807E+2
1.122951E+3	5.998042E+2
1.123020E+3	5.998317E+2
1.123092E+3	5.998583E+2
1.123160E+3	5.998836E+2
1.123229E+3	5.999098E+2
1.123300E+3	5.999360E+2
1.123367E+3	5.999633E+2
1.123438E+3	5.999906E+2
1.123512E+3	6.000165E+2
1.123581E+3	6.000419E+2
1.123648E+3	6.000682E+2
1.123716E+3	6.000930E+2
1.123782E+3	6.001192E+2
1.123850E+3	6.001446E+2
1.123918E+3	6.001708E+2
1.123986E+3	6.001980E+2
1.124055E+3	6.002253E+2
1.124124E+3	6.002511E+2
1.124192E+3	6.002769E+2
1.124262E+3	6.003039E+2
1.124332E+3	6.003300E+2
1.124400E+3	6.003577E+2
1.124468E+3	6.003839E+2
1.124538E+3	6.004092E+2
1.124605E+3	6.004354E+2
1.124672E+3	6.004633E+2
1.124742E+3	6.004897E+2
1.124809E+3	6.005157E+2
1.124880E+3	6.005438E+2
1.124946E+3	6.005775E+2
1.125017E+3	6.006074E+2
1.125086E+3	6.006334E+2
1.125155E+3	6.006600E+2
1.125221E+3	6.006848E+2
1.125289E+3	6.007110E+2
1.125356E+3	6.007356E+2
1.125423E+3	6.007611E+2
1.125493E+3	6.007886E+2
1.125560E+3	6.008151E+2
1.125628E+3	6.008410E+2
1.125697E+3	6.008658E+2
1.125768E+3	6.008926E+2
1.125835E+3	6.009185E+2
1.125903E+3	6.009431E+2
1.125972E+3	6.009680E+2
1.126038E+3	6.009935E+2
1.126105E+3	6.010195E+2
1.126174E+3	6.010463E+2
1.126245E+3	6.010719E+2
1.126315E+3	6.011003E+2
1.126384E+3	6.011248E+2
1.126452E+3	6.011510E+2
1.126520E+3	6.011761E+2
1.126589E+3	6.012033E+2
1.126654E+3	6.012267E+2
1.126722E+3	6.012538E+2
1.126791E+3	6.012811E+2
1.126859E+3	6.013078E+2
1.126926E+3	6.013330E+2
1.126994E+3	6.013610E+2
1.127066E+3	6.013870E+2
1.127136E+3	6.014128E+2
1.127204E+3	6.014380E+2
1.127269E+3	6.014615E+2
1.127335E+3	6.014876E+2
1.127403E+3	6.015133E+2
1.127469E+3	6.015396E+2
1.127538E+3	6.015651E+2
1.127606E+3	6.015935E+2
1.127681E+3	6.016212E+2
1.127747E+3	6.016465E+2
1.127818E+3	6.016732E+2
1.127888E+3	6.017016E+2
1.127955E+3	6.017259E+2
1.128021E+3	6.017521E+2
1.128091E+3	6.017779E+2
1.128160E+3	6.018067E+2
1.128227E+3	6.018370E+2
1.128297E+3	6.018645E+2
1.128370E+3	6.018917E+2
1.128437E+3	6.019197E+2
1.128509E+3	6.019453E+2
1.128580E+3	6.019712E+2
1.128646E+3	6.019980E+2
1.128716E+3	6.020257E+2
1.128785E+3	6.020524E+2
1.128853E+3	6.020793E+2
1.128921E+3	6.021041E+2
1.128987E+3	6.021293E+2
1.129054E+3	6.021564E+2
1.129126E+3	6.021842E+2
1.129195E+3	6.022157E+2
1.129260E+3	6.022397E+2
1.129331E+3	6.022670E+2
1.129399E+3	6.022961E+2
1.129468E+3	6.023225E+2
1.129536E+3	6.023472E+2
1.129605E+3	6.023729E+2
1.129671E+3	6.023984E+2
1.129741E+3	6.024264E+2
1.129807E+3	6.024519E+2
1.129878E+3	6.024797E+2
1.129945E+3	6.025073E+2
1.130015E+3	6.025326E+2
1.130080E+3	6.025574E+2
1.130147E+3	6.025825E+2
1.130215E+3	6.026101E+2
1.130283E+3	6.026377E+2
1.130352E+3	6.026652E+2
1.130421E+3	6.026933E+2
1.130488E+3	6.027200E+2
1.130560E+3	6.027494E+2
1.130626E+3	6.027750E+2
1.130693E+3	6.028025E+2
1.130762E+3	6.028273E+2
1.130830E+3	6.028554E+2
1.130898E+3	6.028806E+2
1.130966E+3	6.029079E+2
1.131036E+3	6.029363E+2
1.131104E+3	6.029652E+2
1.131173E+3	6.029975E+2
1.131246E+3	6.030257E+2
1.131311E+3	6.030521E+2
1.131382E+3	6.030808E+2
1.131450E+3	6.031082E+2
1.131518E+3	6.031354E+2
1.131585E+3	6.031613E+2
1.131652E+3	6.031875E+2
1.131718E+3	6.032138E+2
1.131785E+3	6.032466E+2
1.131854E+3	6.032805E+2
1.131920E+3	6.033099E+2
1.131990E+3	6.033370E+2
1.132059E+3	6.033617E+2
1.132127E+3	6.033885E+2
1.132193E+3	6.034163E+2
1.132263E+3	6.034427E+2
1.132331E+3	6.034691E+2
1.132400E+3	6.034974E+2
1.132469E+3	6.035279E+2
1.132534E+3	6.035533E+2
1.132603E+3	6.035817E+2
1.132671E+3	6.036087E+2
1.132739E+3	6.036359E+2
1.132807E+3	6.036641E+2
1.132874E+3	6.036921E+2
1.132943E+3	6.037198E+2
1.133012E+3	6.037463E+2
1.133081E+3	6.037729E+2
1.133146E+3	6.037994E+2
1.133216E+3	6.038292E+2
1.133285E+3	6.038552E+2
1.133355E+3	6.038829E+2
1.133421E+3	6.039082E+2
1.133487E+3	6.039334E+2
1.133553E+3	6.039611E+2
1.133620E+3	6.039868E+2
1.133688E+3	6.040131E+2
1.133756E+3	6.040393E+2
1.133825E+3	6.040673E+2
1.133895E+3	6.040945E+2
1.133962E+3	6.041230E+2
1.134034E+3	6.041498E+2
1.134102E+3	6.041778E+2
1.134170E+3	6.042013E+2
1.134237E+3	6.042290E+2
1.134304E+3	6.042557E+2
1.134373E+3	6.042839E+2
1.134440E+3	6.043092E+2
1.134510E+3	6.043356E+2
1.134575E+3	6.043624E+2
1.134643E+3	6.043903E+2
1.134713E+3	6.044187E+2
1.134779E+3	6.044450E+2
1.134848E+3	6.044724E+2
1.134916E+3	6.044993E+2
1.134985E+3	6.045267E+2
1.135051E+3	6.045519E+2
1.135120E+3	6.045813E+2
1.135188E+3	6.046096E+2
1.135256E+3	6.046362E+2
1.135324E+3	6.046628E+2
1.135391E+3	6.046884E+2
1.135457E+3	6.047144E+2
1.135523E+3	6.047408E+2
1.135590E+3	6.047670E+2
1.135656E+3	6.047929E+2
1.135726E+3	6.048220E+2
1.135799E+3	6.048541E+2
1.135868E+3	6.048823E+2
1.135936E+3	6.049132E+2
1.136010E+3	6.049410E+2
1.136082E+3	6.049694E+2
1.136150E+3	6.049984E+2
1.136218E+3	6.050255E+2
1.136286E+3	6.050541E+2
1.136353E+3	6.050810E+2
1.136419E+3	6.051129E+2
1.136489E+3	6.051421E+2
1.136557E+3	6.051739E+2
1.136623E+3	6.052026E+2
1.136692E+3	6.052327E+2
1.136758E+3	6.052693E+2
1.136825E+3	6.053106E+2
1.136894E+3	6.053387E+2
1.136964E+3	6.053656E+2
1.137031E+3	6.053932E+2
1.137096E+3	6.054185E+2
1.137165E+3	6.054484E+2
1.137232E+3	6.054775E+2
1.137300E+3	6.054913E+2
1.137372E+3	6.055225E+2
1.137440E+3	6.055566E+2
1.137506E+3	6.055887E+2
1.137574E+3	6.056201E+2
1.137638E+3	6.056470E+2
1.137706E+3	6.056745E+2
1.137774E+3	6.057012E+2
1.137845E+3	6.057295E+2
1.137915E+3	6.057564E+2
1.137982E+3	6.057867E+2
1.138051E+3	6.058135E+2
1.138121E+3	6.058398E+2
1.138189E+3	6.058671E+2
1.138259E+3	6.058950E+2
1.138325E+3	6.059228E+2
1.138396E+3	6.059488E+2
1.138466E+3	6.059774E+2
1.138534E+3	6.060144E+2
1.138601E+3	6.060408E+2
1.138671E+3	6.060694E+2
1.138740E+3	6.060974E+2
1.138810E+3	6.061231E+2
1.138881E+3	6.061516E+2
1.138949E+3	6.061778E+2
1.139018E+3	6.062074E+2
1.139086E+3	6.062340E+2
1.139156E+3	6.062614E+2
1.139223E+3	6.062882E+2
1.139290E+3	6.063140E+2
1.139359E+3	6.063430E+2
1.139427E+3	6.063700E+2
1.139498E+3	6.063982E+2
1.139569E+3	6.064264E+2
1.139636E+3	6.064530E+2
1.139702E+3	6.064800E+2
1.139772E+3	6.065069E+2
1.139839E+3	6.065338E+2
1.139907E+3	6.065636E+2
1.139973E+3	6.065915E+2
1.140042E+3	6.066187E+2
1.140115E+3	6.066479E+2
1.140183E+3	6.066758E+2
1.140253E+3	6.067020E+2
1.140317E+3	6.067289E+2
1.140387E+3	6.067561E+2
1.140455E+3	6.067839E+2
1.140522E+3	6.068101E+2
1.140589E+3	6.068367E+2
1.140658E+3	6.068657E+2
1.140730E+3	6.068927E+2
1.140798E+3	6.069197E+2
1.140869E+3	6.069475E+2
1.140937E+3	6.069792E+2
1.141006E+3	6.070041E+2
1.141074E+3	6.070319E+2
1.141142E+3	6.070593E+2
1.141208E+3	6.070859E+2
1.141276E+3	6.071136E+2
1.141346E+3	6.071413E+2
1.141414E+3	6.071704E+2
1.141482E+3	6.071967E+2
1.141549E+3	6.072252E+2
1.141619E+3	6.072529E+2
1.141685E+3	6.072818E+2
1.141752E+3	6.073110E+2
1.141821E+3	6.073399E+2
1.141889E+3	6.073662E+2
1.141959E+3	6.073942E+2
1.142025E+3	6.074203E+2
1.142094E+3	6.074480E+2
1.142163E+3	6.074760E+2
1.142230E+3	6.075041E+2
1.142302E+3	6.075348E+2
1.142373E+3	6.075627E+2
1.142440E+3	6.075893E+2
1.142506E+3	6.076165E+2
1.142572E+3	6.076438E+2
1.142640E+3	6.076722E+2
1.142709E+3	6.076995E+2
1.142779E+3	6.077302E+2
1.142847E+3	6.077582E+2
1.142916E+3	6.077866E+2
1.142985E+3	6.078150E+2
1.143055E+3	6.078426E+2
1.143123E+3	6.078748E+2
1.143189E+3	6.079014E+2
1.143256E+3	6.079282E+2
1.143322E+3	6.079549E+2
1.143388E+3	6.079823E+2
1.143459E+3	6.080103E+2
1.143526E+3	6.080389E+2
1.143595E+3	6.080667E+2
1.143662E+3	6.080933E+2
1.143728E+3	6.081201E+2
1.143796E+3	6.081475E+2
1.143863E+3	6.081751E+2
1.143932E+3	6.082021E+2
1.144002E+3	6.082301E+2
1.144070E+3	6.082585E+2
1.144137E+3	6.082916E+2
1.144208E+3	6.083183E+2
1.144273E+3	6.083465E+2
1.144342E+3	6.083745E+2
1.144408E+3	6.084009E+2
1.144475E+3	6.084293E+2
1.144540E+3	6.084564E+2
1.144608E+3	6.084833E+2
1.144675E+3	6.085115E+2
1.144743E+3	6.085404E+2
1.144814E+3	6.085685E+2
1.144879E+3	6.085951E+2
1.144945E+3	6.086231E+2
1.145016E+3	6.086529E+2
1.145083E+3	6.086808E+2
1.145151E+3	6.087086E+2
1.145220E+3	6.087374E+2
1.145287E+3	6.087690E+2
1.145357E+3	6.088030E+2
1.145428E+3	6.088372E+2
1.145502E+3	6.088674E+2
1.145567E+3	6.088990E+2
1.145638E+3	6.089405E+2
1.145702E+3	6.089851E+2
1.145770E+3	6.090124E+2
1.145836E+3	6.090397E+2
1.145902E+3	6.090659E+2
1.145971E+3	6.090939E+2
1.146039E+3	6.091223E+2
1.146107E+3	6.091511E+2
1.146176E+3	6.091832E+2
1.146247E+3	6.092130E+2
1.146316E+3	6.092430E+2
1.146382E+3	6.092713E+2
1.146449E+3	6.093043E+2
1.146514E+3	6.093333E+2
1.146580E+3	6.093644E+2
1.146648E+3	6.094096E+2
1.146717E+3	6.094384E+2
1.146788E+3	6.094672E+2
1.146858E+3	6.094960E+2
1.146925E+3	6.095233E+2
1.146992E+3	6.095520E+2
1.147062E+3	6.095798E+2
1.147128E+3	6.096055E+2
1.147194E+3	6.096343E+2
1.147262E+3	6.096630E+2
1.147328E+3	6.096868E+2
1.147396E+3	6.097161E+2
1.147462E+3	6.097449E+2
1.147531E+3	6.097727E+2
1.147598E+3	6.097975E+2
1.147664E+3	6.098257E+2
1.147732E+3	6.098548E+2
1.147799E+3	6.098822E+2
1.147865E+3	6.099082E+2
1.147932E+3	6.099368E+2
1.148001E+3	6.099666E+2
1.148069E+3	6.099946E+2
1.148138E+3	6.100226E+2
1.148205E+3	6.100491E+2
1.148274E+3	6.100769E+2
1.148342E+3	6.101053E+2
1.148407E+3	6.101327E+2
1.148476E+3	6.101616E+2
1.148545E+3	6.101897E+2
1.148615E+3	6.102178E+2
1.148682E+3	6.102463E+2
1.148754E+3	6.102770E+2
1.148824E+3	6.103042E+2
1.148892E+3	6.103333E+2
1.148961E+3	6.103610E+2
1.149029E+3	6.103882E+2
1.149097E+3	6.104158E+2
1.149163E+3	6.104457E+2
1.149230E+3	6.104771E+2
1.149299E+3	6.105068E+2
1.149367E+3	6.105361E+2
1.149433E+3	6.105672E+2
1.149504E+3	6.105954E+2
1.149571E+3	6.106227E+2
1.149638E+3	6.106499E+2
1.149704E+3	6.106770E+2
1.149773E+3	6.107052E+2
1.149841E+3	6.107321E+2
1.149907E+3	6.107592E+2
1.149973E+3	6.107860E+2
1.150042E+3	6.108137E+2
1.150109E+3	6.108433E+2
1.150181E+3	6.108734E+2
1.150251E+3	6.109009E+2
1.150318E+3	6.109302E+2
1.150385E+3	6.109563E+2
1.150453E+3	6.109852E+2
1.150521E+3	6.110134E+2
1.150589E+3	6.110422E+2
1.150658E+3	6.110722E+2
1.150725E+3	6.111011E+2
1.150798E+3	6.111319E+2
1.150868E+3	6.111620E+2
1.150940E+3	6.111940E+2
1.151013E+3	6.112231E+2
1.151081E+3	6.112509E+2
1.151146E+3	6.112801E+2
1.151213E+3	6.113073E+2
1.151278E+3	6.113358E+2
1.151346E+3	6.113659E+2
1.151415E+3	6.113948E+2
1.151482E+3	6.114226E+2
1.151551E+3	6.114530E+2
1.151620E+3	6.114789E+2
1.151686E+3	6.115054E+2
1.151755E+3	6.115364E+2
1.151822E+3	6.115650E+2
1.151890E+3	6.115930E+2
1.151959E+3	6.116209E+2
1.152026E+3	6.116483E+2
1.152094E+3	6.116773E+2
1.152163E+3	6.117076E+2
1.152231E+3	6.117367E+2
1.152299E+3	6.117631E+2
1.152367E+3	6.117918E+2
1.152432E+3	6.118191E+2
1.152500E+3	6.118463E+2
1.152565E+3	6.118714E+2
1.152633E+3	6.119007E+2
1.152700E+3	6.119308E+2
1.152769E+3	6.119574E+2
1.152842E+3	6.119879E+2
1.152910E+3	6.120179E+2
1.152979E+3	6.120488E+2
1.153048E+3	6.120756E+2
1.153115E+3	6.121045E+2
1.153180E+3	6.121310E+2
1.153247E+3	6.121607E+2
1.153311E+3	6.121887E+2
1.153377E+3	6.122192E+2
1.153443E+3	6.122504E+2
1.153514E+3	6.122773E+2
1.153584E+3	6.123101E+2
1.153650E+3	6.123375E+2
1.153715E+3	6.123686E+2
1.153783E+3	6.123964E+2
1.153851E+3	6.124251E+2
1.153919E+3	6.124537E+2
1.153988E+3	6.124821E+2
1.154057E+3	6.125109E+2
1.154123E+3	6.125420E+2
1.154194E+3	6.125799E+2
1.154261E+3	6.126143E+2
1.154329E+3	6.126708E+2
1.154396E+3	6.127060E+2
1.154465E+3	6.127367E+2
1.154536E+3	6.127666E+2
1.154602E+3	6.127916E+2
1.154673E+3	6.128232E+2
1.154740E+3	6.128520E+2
1.154815E+3	6.128810E+2
1.154881E+3	6.129101E+2
1.154951E+3	6.129397E+2
1.155018E+3	6.129680E+2
1.155085E+3	6.129955E+2
1.155153E+3	0.000000E+0
1.155221E+3	6.130518E+2
1.155285E+3	6.130794E+2
1.155355E+3	6.131088E+2
1.155425E+3	6.131378E+2
1.155491E+3	6.131678E+2
1.155564E+3	6.131976E+2
1.155634E+3	6.132263E+2
1.155699E+3	6.132546E+2
1.155768E+3	6.132831E+2
1.155836E+3	6.133140E+2
1.155905E+3	6.133440E+2
1.155974E+3	6.133723E+2
1.156042E+3	6.133994E+2
1.156110E+3	6.134277E+2
1.156181E+3	6.134570E+2
1.156250E+3	6.134874E+2
1.156320E+3	6.135173E+2
1.156387E+3	6.135449E+2
1.156455E+3	6.135737E+2
1.156525E+3	6.136041E+2
1.156593E+3	6.136333E+2
1.156661E+3	6.136624E+2
1.156729E+3	6.136918E+2
1.156796E+3	6.137199E+2
1.156863E+3	6.137470E+2
1.156932E+3	6.137757E+2
1.157001E+3	6.138060E+2
1.157071E+3	6.138342E+2
1.157139E+3	6.138621E+2
1.157205E+3	6.138934E+2
1.157277E+3	6.139206E+2
1.157345E+3	6.139515E+2
1.157412E+3	6.139788E+2
1.157479E+3	6.140057E+2
1.157548E+3	6.140350E+2
1.157617E+3	6.140658E+2
1.157687E+3	6.140942E+2
1.157753E+3	6.141226E+2
1.157820E+3	6.141493E+2
1.157886E+3	6.141788E+2
1.157954E+3	6.142049E+2
1.158022E+3	6.142356E+2
1.158089E+3	6.142636E+2
1.158157E+3	6.142941E+2
1.158225E+3	6.143243E+2
1.158295E+3	6.143521E+2
1.158366E+3	6.143789E+2
1.158434E+3	6.144091E+2
1.158503E+3	6.144394E+2
1.158570E+3	6.144671E+2
1.158639E+3	6.144968E+2
1.158705E+3	6.145246E+2
1.158771E+3	6.145533E+2
1.158838E+3	6.145814E+2
1.158907E+3	6.146110E+2
1.158973E+3	6.146423E+2
1.159042E+3	6.146701E+2
1.159110E+3	6.147006E+2
1.159178E+3	6.147311E+2
1.159246E+3	6.147598E+2
1.159314E+3	6.147883E+2
1.159383E+3	6.148174E+2
1.159451E+3	6.148460E+2
1.159521E+3	6.148787E+2
1.159588E+3	6.149084E+2
1.159658E+3	6.149378E+2
1.159728E+3	6.149663E+2
1.159796E+3	6.149950E+2
1.159863E+3	6.150232E+2
1.159931E+3	6.150534E+2
1.159999E+3	6.150828E+2
1.160065E+3	6.151103E+2
1.160134E+3	6.151390E+2
1.160203E+3	6.151677E+2
1.160272E+3	6.151987E+2
1.160339E+3	6.152287E+2
1.160409E+3	6.152571E+2
1.160474E+3	6.152859E+2
1.160543E+3	6.153185E+2
1.160615E+3	6.153548E+2
1.160681E+3	6.153831E+2
1.160749E+3	6.154129E+2
1.160818E+3	6.154410E+2
1.160885E+3	6.154688E+2
1.160955E+3	6.154997E+2
1.161022E+3	6.155300E+2
1.161092E+3	6.155581E+2
1.161159E+3	6.155865E+2
1.161223E+3	6.156144E+2
1.161290E+3	6.156428E+2
1.161358E+3	6.156730E+2
1.161425E+3	6.156998E+2
1.161493E+3	6.157296E+2
1.161561E+3	6.157589E+2
1.161630E+3	6.157871E+2
1.161698E+3	6.158161E+2
1.161766E+3	6.158456E+2
1.161837E+3	6.158752E+2
1.161907E+3	6.159050E+2
1.161975E+3	6.159342E+2
1.162044E+3	6.159633E+2
1.162114E+3	6.159930E+2
1.162182E+3	6.160225E+2
1.162253E+3	6.160531E+2
1.162323E+3	6.160822E+2
1.162389E+3	6.161124E+2
1.162460E+3	6.161425E+2
1.162528E+3	6.161728E+2
1.162596E+3	6.162001E+2
1.162661E+3	6.162327E+2
1.162730E+3	6.162632E+2
1.162799E+3	6.162936E+2
1.162866E+3	6.163212E+2
1.162931E+3	6.163502E+2
1.163002E+3	6.163800E+2
1.163067E+3	6.164081E+2
1.163138E+3	6.164408E+2
1.163206E+3	6.164711E+2
1.163273E+3	6.165006E+2
1.163341E+3	6.165279E+2
1.163409E+3	6.165590E+2
1.163477E+3	6.165898E+2
1.163544E+3	6.166201E+2
1.163612E+3	6.166496E+2
1.163680E+3	6.166792E+2
1.163754E+3	6.167102E+2
1.163824E+3	6.167404E+2
1.163895E+3	6.167704E+2
1.163966E+3	6.167999E+2
1.164030E+3	6.168278E+2
1.164099E+3	6.168576E+2
1.164166E+3	6.168874E+2
1.164233E+3	6.169155E+2
1.164301E+3	6.169450E+2
1.164372E+3	6.169764E+2
1.164444E+3	6.170079E+2
1.164511E+3	6.170358E+2
1.164580E+3	6.170642E+2
1.164647E+3	6.170946E+2
1.164714E+3	6.171237E+2
1.164782E+3	6.171527E+2
1.164852E+3	6.171829E+2
1.164918E+3	6.172116E+2
1.164985E+3	6.172421E+2
1.165052E+3	6.172713E+2
1.165124E+3	6.173043E+2
1.165191E+3	6.173353E+2
1.165261E+3	6.173752E+2
1.165334E+3	6.174059E+2
1.165400E+3	6.174347E+2
1.165466E+3	6.174652E+2
1.165533E+3	6.174934E+2
1.165601E+3	6.175241E+2
1.165668E+3	6.175526E+2
1.165735E+3	6.175824E+2
1.165805E+3	6.176112E+2
1.165875E+3	6.176412E+2
1.165942E+3	6.176717E+2
1.166014E+3	6.177021E+2
1.166082E+3	6.177337E+2
1.166151E+3	6.177612E+2
1.166219E+3	6.177896E+2
1.166285E+3	6.178194E+2
1.166354E+3	6.178502E+2
1.166419E+3	6.178778E+2
1.166491E+3	6.179104E+2
1.166557E+3	6.179400E+2
1.166628E+3	6.179720E+2
1.166696E+3	6.180003E+2
1.166762E+3	6.180288E+2
1.166830E+3	6.180609E+2
1.166896E+3	6.180896E+2
1.166963E+3	6.181186E+2
1.167028E+3	6.181471E+2
1.167097E+3	6.181764E+2
1.167168E+3	6.182072E+2
1.167234E+3	6.182378E+2
1.167304E+3	6.182681E+2
1.167370E+3	6.182963E+2
1.167437E+3	6.183250E+2
1.167504E+3	6.183559E+2
1.167572E+3	6.183841E+2
1.167640E+3	6.184139E+2
1.167708E+3	6.184440E+2
1.167773E+3	6.184733E+2
1.167841E+3	0.000000E+0
1.167909E+3	6.185345E+2
1.167977E+3	6.185623E+2
1.168046E+3	6.185941E+2
1.168114E+3	6.186234E+2
1.168178E+3	6.186534E+2
1.168245E+3	6.186818E+2
1.168311E+3	6.187103E+2
1.168379E+3	6.187392E+2
1.168447E+3	6.187721E+2
1.168520E+3	6.188024E+2
1.168589E+3	6.188327E+2
1.168657E+3	6.188630E+2
1.168724E+3	6.188925E+2
1.168793E+3	6.189232E+2
1.168859E+3	6.189526E+2
1.168929E+3	6.189833E+2
1.168995E+3	6.190135E+2
1.169062E+3	6.190497E+2
1.169132E+3	6.190837E+2
1.169198E+3	6.191180E+2
1.169269E+3	6.191564E+2
1.169340E+3	6.191851E+2
1.169407E+3	6.192192E+2
1.169476E+3	6.192490E+2
1.169544E+3	0.000000E+0
1.169614E+3	6.193098E+2
1.169682E+3	6.193401E+2
1.169751E+3	6.193704E+2
1.169819E+3	6.194001E+2
1.169888E+3	6.194320E+2
1.169956E+3	6.194620E+2
1.170025E+3	6.194941E+2
1.170092E+3	6.195214E+2
1.170161E+3	6.195558E+2
1.170230E+3	6.195845E+2
1.170300E+3	6.196165E+2
1.170368E+3	6.196474E+2
1.170438E+3	6.196771E+2
1.170509E+3	6.197092E+2
1.170575E+3	6.197386E+2
1.170645E+3	6.197693E+2
1.170712E+3	6.197984E+2
1.170780E+3	6.198287E+2
1.170847E+3	6.198596E+2
1.170917E+3	6.198907E+2
1.170985E+3	6.199206E+2
1.171051E+3	6.199506E+2
1.171120E+3	6.199825E+2
1.171190E+3	6.200135E+2
1.171259E+3	6.200439E+2
1.171326E+3	6.200757E+2
1.171397E+3	6.201056E+2
1.171463E+3	6.201354E+2
1.171531E+3	6.201649E+2
1.171600E+3	6.201992E+2
1.171667E+3	6.202281E+2
1.171732E+3	6.202562E+2
1.171800E+3	6.202862E+2
1.171867E+3	6.203187E+2
1.171940E+3	6.203502E+2
1.172008E+3	6.203808E+2
1.172078E+3	6.204131E+2
1.172145E+3	6.204430E+2
1.172213E+3	6.204718E+2
1.172279E+3	6.205026E+2
1.172346E+3	6.205339E+2
1.172414E+3	6.205644E+2
1.172481E+3	6.205983E+2
1.172551E+3	6.206299E+2
1.172617E+3	6.206623E+2
1.172690E+3	6.206950E+2
1.172759E+3	6.207266E+2
1.172829E+3	6.207589E+2
1.172900E+3	6.207896E+2
1.172967E+3	6.208186E+2
1.173032E+3	6.208484E+2
1.173102E+3	6.208795E+2
1.173170E+3	6.209092E+2
1.173239E+3	6.209400E+2
1.173310E+3	6.209730E+2
1.173380E+3	6.210016E+2
1.173447E+3	6.210343E+2
1.173517E+3	6.210639E+2
1.173586E+3	6.210965E+2
1.173653E+3	6.211249E+2
1.173721E+3	6.211564E+2
1.173791E+3	6.211871E+2
1.173858E+3	0.000000E+0
1.173927E+3	6.212486E+2
1.173996E+3	6.212796E+2
1.174063E+3	6.213099E+2
1.174131E+3	6.213385E+2
1.174197E+3	6.213708E+2
1.174268E+3	6.214028E+2
1.174340E+3	6.214338E+2
1.174407E+3	6.214631E+2
1.174473E+3	6.214926E+2
1.174541E+3	6.215232E+2
1.174608E+3	6.215546E+2
1.174678E+3	6.215839E+2
1.174747E+3	6.216157E+2
1.174815E+3	6.216452E+2
1.174886E+3	6.216776E+2
1.174954E+3	6.217080E+2
1.175021E+3	6.217391E+2
1.175089E+3	6.217701E+2
1.175159E+3	6.218014E+2
1.175227E+3	6.218332E+2
1.175294E+3	6.218628E+2
1.175362E+3	6.218932E+2
1.175431E+3	6.219245E+2
1.175499E+3	6.219548E+2
1.175566E+3	6.219874E+2
1.175637E+3	6.220184E+2
1.175706E+3	6.220509E+2
1.175774E+3	6.220812E+2
1.175839E+3	6.221126E+2
1.175908E+3	6.221423E+2
1.175976E+3	6.221708E+2
1.176041E+3	6.222019E+2
1.176109E+3	6.222339E+2
1.176179E+3	6.222638E+2
1.176247E+3	6.222968E+2
1.176317E+3	6.223277E+2
1.176385E+3	6.223592E+2
1.176453E+3	6.223887E+2
1.176520E+3	6.224199E+2
1.176589E+3	6.224517E+2
1.176658E+3	6.224830E+2
1.176726E+3	6.225140E+2
1.176795E+3	6.225458E+2
1.176864E+3	6.225772E+2
1.176935E+3	6.226089E+2
1.177003E+3	6.226406E+2
1.177071E+3	6.226720E+2
1.177137E+3	6.227018E+2
1.177204E+3	6.227335E+2
1.177275E+3	6.227639E+2
1.177343E+3	6.227959E+2
1.177411E+3	6.228270E+2
1.177478E+3	6.228583E+2
1.177550E+3	6.228904E+2
1.177617E+3	6.229236E+2
1.177691E+3	6.229556E+2
1.177758E+3	6.229880E+2
1.177826E+3	6.230185E+2
1.177892E+3	6.230487E+2
1.177958E+3	6.230796E+2
1.178024E+3	6.231096E+2
1.178091E+3	6.231392E+2
1.178161E+3	6.231711E+2
1.178229E+3	6.232025E+2
1.178297E+3	6.232361E+2
1.178366E+3	6.232658E+2
1.178436E+3	6.232956E+2
1.178504E+3	6.233281E+2
1.178572E+3	6.233593E+2
1.178641E+3	6.233912E+2
1.178708E+3	6.234226E+2
1.178776E+3	6.234533E+2
1.178845E+3	6.234859E+2
1.178915E+3	6.235168E+2
1.178983E+3	6.235504E+2
1.179052E+3	6.235825E+2
1.179123E+3	6.236155E+2
1.179194E+3	6.236459E+2
1.179261E+3	6.236769E+2
1.179327E+3	6.237096E+2
1.179396E+3	6.237428E+2
1.179465E+3	6.237741E+2
1.179532E+3	6.238045E+2
1.179600E+3	6.238377E+2
1.179667E+3	6.238694E+2
1.179738E+3	6.239038E+2
1.179806E+3	6.239367E+2
1.179877E+3	6.239691E+2
1.179947E+3	6.239996E+2
1.180014E+3	6.240320E+2
1.180082E+3	6.240646E+2
1.180150E+3	6.240974E+2
1.180217E+3	6.241344E+2
1.180285E+3	6.241670E+2
1.180356E+3	6.242028E+2
1.180426E+3	6.242350E+2
1.180494E+3	6.242683E+2
1.180566E+3	6.243025E+2
1.180640E+3	6.243348E+2
1.180707E+3	6.243678E+2
1.180774E+3	6.244041E+2
1.180843E+3	6.244443E+2
1.180909E+3	6.244948E+2
1.180974E+3	6.245275E+2
1.181043E+3	6.245590E+2
1.181111E+3	6.245904E+2
1.181181E+3	6.246239E+2
1.181248E+3	6.246534E+2
1.181316E+3	6.246867E+2
1.181386E+3	6.247210E+2
1.181455E+3	6.247516E+2
1.181522E+3	6.247837E+2
1.181589E+3	6.248136E+2
1.181657E+3	6.248455E+2
1.181727E+3	6.248804E+2
1.181794E+3	6.249091E+2
1.181861E+3	6.249418E+2
1.181932E+3	6.249755E+2
1.181998E+3	6.250084E+2
1.182069E+3	6.250380E+2
1.182136E+3	6.250706E+2
1.182207E+3	6.251042E+2
1.182275E+3	6.251343E+2
1.182340E+3	6.251654E+2
1.182407E+3	6.251961E+2
1.182477E+3	6.252293E+2
1.182547E+3	6.252651E+2
1.182620E+3	6.252975E+2
1.182690E+3	6.253321E+2
1.182760E+3	6.253637E+2
1.182829E+3	6.253955E+2
1.182897E+3	6.254277E+2
1.182966E+3	6.254541E+2
1.183033E+3	6.254938E+2
1.183104E+3	6.255259E+2
1.183170E+3	6.255559E+2
1.183236E+3	6.255887E+2
1.183305E+3	6.256202E+2
1.183370E+3	6.256517E+2
1.183441E+3	6.256862E+2
1.183513E+3	6.257185E+2
1.183580E+3	6.257496E+2
1.183646E+3	6.257794E+2
1.183714E+3	6.258134E+2
1.183782E+3	6.258433E+2
1.183849E+3	6.258744E+2
1.183916E+3	6.259057E+2
1.183986E+3	6.259374E+2
1.184055E+3	6.259696E+2
1.184122E+3	6.260034E+2
1.184194E+3	6.260359E+2
1.184266E+3	6.260686E+2
1.184333E+3	6.261028E+2
1.184402E+3	6.261340E+2
1.184471E+3	6.261646E+2
1.184537E+3	6.261960E+2
1.184606E+3	6.262284E+2
1.184673E+3	6.262598E+2
1.184740E+3	6.262901E+2
1.184814E+3	6.263243E+2
1.184880E+3	6.263568E+2
1.184951E+3	6.263895E+2
1.185023E+3	6.264244E+2
1.185090E+3	6.264567E+2
1.185156E+3	6.264871E+2
1.185224E+3	6.265207E+2
1.185292E+3	6.265522E+2
1.185361E+3	6.265849E+2
1.185431E+3	6.266174E+2
1.185496E+3	6.266495E+2
1.185567E+3	6.266836E+2
1.185638E+3	6.267141E+2
1.185705E+3	6.267475E+2
1.185773E+3	6.267804E+2
1.185840E+3	6.268119E+2
1.185907E+3	6.268435E+2
1.185974E+3	6.268761E+2
1.186041E+3	6.269063E+2
1.186108E+3	6.269408E+2
1.186176E+3	6.269773E+2
1.186247E+3	6.270101E+2
1.186317E+3	6.270449E+2
1.186384E+3	6.270750E+2
1.186452E+3	6.271073E+2
1.186518E+3	6.271404E+2
1.186586E+3	6.271729E+2
1.186655E+3	6.272071E+2
1.186723E+3	6.272377E+2
1.186789E+3	6.272697E+2
1.186858E+3	6.273049E+2
1.186926E+3	6.273387E+2
1.186994E+3	6.273746E+2
1.187064E+3	6.274063E+2
1.187131E+3	6.274384E+2
1.187197E+3	6.274698E+2
1.187268E+3	6.275036E+2
1.187338E+3	6.275395E+2
1.187406E+3	6.275728E+2
1.187475E+3	6.276063E+2
1.187545E+3	6.276397E+2
1.187613E+3	6.276743E+2
1.187686E+3	6.277070E+2
1.187752E+3	6.277457E+2
1.187824E+3	6.277803E+2
1.187894E+3	6.278105E+2
1.187960E+3	6.278424E+2
1.188027E+3	6.278757E+2
1.188094E+3	6.279078E+2
1.188163E+3	6.279407E+2
1.188233E+3	6.279738E+2
1.188301E+3	6.280079E+2
1.188370E+3	6.280412E+2
1.188440E+3	6.280736E+2
1.188507E+3	6.281050E+2
1.188575E+3	6.281367E+2
1.188641E+3	6.281677E+2
1.188708E+3	6.281976E+2
1.188773E+3	6.282318E+2
1.188840E+3	6.282642E+2
1.188909E+3	6.282965E+2
1.188977E+3	6.283281E+2
1.189045E+3	6.283628E+2
1.189114E+3	6.283966E+2
1.189180E+3	6.284287E+2
1.189247E+3	6.284614E+2
1.189313E+3	6.284943E+2
1.189382E+3	6.285271E+2
1.189448E+3	6.285607E+2
1.189518E+3	6.285968E+2
1.189585E+3	6.286315E+2
1.189652E+3	6.286632E+2
1.189723E+3	6.286971E+2
1.189792E+3	6.287308E+2
1.189862E+3	0.000000E+0
1.189929E+3	6.287960E+2
1.189996E+3	6.288284E+2
1.190065E+3	6.288620E+2
1.190132E+3	6.288939E+2
1.190199E+3	6.289281E+2
1.190267E+3	6.289606E+2
1.190336E+3	6.289976E+2
1.190404E+3	0.000000E+0
1.190472E+3	6.290633E+2
1.190541E+3	6.291007E+2
1.190612E+3	6.291726E+2
1.190678E+3	6.292046E+2
1.190746E+3	6.292395E+2
1.190813E+3	6.292709E+2
1.190879E+3	6.293031E+2
1.190948E+3	6.293371E+2
1.191018E+3	6.293698E+2
1.191084E+3	6.294007E+2
1.191154E+3	6.294367E+2
1.191221E+3	6.294674E+2
1.191287E+3	6.294996E+2
1.191351E+3	6.295317E+2
1.191418E+3	6.295643E+2
1.191491E+3	6.295998E+2
1.191559E+3	6.296323E+2
1.191628E+3	6.296682E+2
1.191698E+3	6.296994E+2
1.191764E+3	6.297325E+2
1.191833E+3	6.297655E+2
1.191900E+3	6.297976E+2
1.191964E+3	6.298307E+2
1.192032E+3	6.298643E+2
1.192098E+3	6.298968E+2
1.192166E+3	6.299290E+2
1.192232E+3	6.299634E+2
1.192304E+3	6.299982E+2
1.192370E+3	6.300290E+2
1.192438E+3	6.300650E+2
1.192503E+3	6.300969E+2
1.192568E+3	6.301280E+2
1.192637E+3	6.301630E+2
1.192707E+3	6.301952E+2
1.192774E+3	6.302296E+2
1.192843E+3	6.302623E+2
1.192911E+3	6.302978E+2
1.192982E+3	6.303329E+2
1.193051E+3	6.303699E+2
1.193117E+3	6.304025E+2
1.193186E+3	6.304377E+2
1.193253E+3	6.304694E+2
1.193320E+3	6.305020E+2
1.193389E+3	6.305367E+2
1.193462E+3	6.305716E+2
1.193530E+3	6.306063E+2
1.193601E+3	6.306387E+2
1.193671E+3	6.306743E+2
1.193736E+3	6.307087E+2
1.193806E+3	6.307409E+2
1.193875E+3	6.307769E+2
1.193942E+3	6.308085E+2
1.194008E+3	6.308407E+2
1.194075E+3	6.308759E+2
1.194143E+3	6.309083E+2
1.194215E+3	6.309451E+2
1.194288E+3	6.309799E+2
1.194356E+3	6.310154E+2
1.194427E+3	6.310505E+2
1.194495E+3	6.310847E+2
1.194563E+3	6.311214E+2
1.194629E+3	6.311541E+2
1.194699E+3	6.311897E+2
1.194764E+3	6.312219E+2
1.194833E+3	6.312573E+2
1.194901E+3	6.312907E+2
1.194970E+3	6.313262E+2
1.195041E+3	6.313619E+2
1.195110E+3	6.314008E+2
1.195184E+3	6.314363E+2
1.195254E+3	6.314726E+2
1.195321E+3	6.315053E+2
1.195389E+3	6.315399E+2
1.195454E+3	6.315735E+2
1.195523E+3	6.316082E+2
1.195590E+3	6.316420E+2
1.195657E+3	6.316768E+2
1.195725E+3	6.317127E+2
1.195798E+3	6.317470E+2
1.195865E+3	6.317837E+2
1.195935E+3	6.318187E+2
1.196003E+3	6.318565E+2
1.196071E+3	6.318907E+2
1.196141E+3	6.319297E+2
1.196207E+3	6.319689E+2
1.196273E+3	6.320035E+2
1.196342E+3	6.320386E+2
1.196410E+3	6.320751E+2
1.196482E+3	6.321097E+2
1.196551E+3	6.321433E+2
1.196619E+3	6.321781E+2
1.196688E+3	6.322132E+2
1.196754E+3	6.322719E+2
1.196823E+3	6.323075E+2
1.196888E+3	6.323432E+2
1.196955E+3	6.323757E+2
1.197023E+3	6.324112E+2
1.197093E+3	6.324443E+2
1.197161E+3	6.324822E+2
1.197230E+3	6.325167E+2
1.197297E+3	6.325510E+2
1.197363E+3	6.325855E+2
1.197431E+3	6.326182E+2
1.197499E+3	6.326540E+2
1.197568E+3	6.326907E+2
1.197636E+3	6.327261E+2
1.197707E+3	6.327613E+2
1.197776E+3	6.327979E+2
1.197840E+3	6.328311E+2
1.197912E+3	6.328642E+2
1.197984E+3	6.329030E+2
1.198053E+3	6.329377E+2
1.198121E+3	6.329718E+2
1.198190E+3	6.330076E+2
1.198259E+3	6.330418E+2
1.198327E+3	6.330745E+2
1.198394E+3	6.331111E+2
1.198466E+3	6.331457E+2
1.198533E+3	6.331810E+2
1.198601E+3	6.332160E+2
1.198672E+3	6.332459E+2
1.198739E+3	6.332830E+2
1.198805E+3	6.333159E+2
1.198874E+3	6.333525E+2
1.198939E+3	6.333840E+2
1.199009E+3	6.334188E+2
1.199074E+3	6.334535E+2
1.199144E+3	6.334874E+2
1.199212E+3	6.335222E+2
1.199280E+3	6.335593E+2
1.199353E+3	6.335938E+2
1.199424E+3	6.336289E+2
1.199493E+3	6.336653E+2
1.199562E+3	6.337005E+2
1.199627E+3	6.337358E+2
1.199696E+3	6.337702E+2
1.199762E+3	6.338039E+2
1.199829E+3	6.338383E+2
1.199897E+3	6.338736E+2
1.199966E+3	6.339086E+2
1.200034E+3	6.339448E+2
1.200103E+3	6.339788E+2
1.200173E+3	6.340131E+2
1.200240E+3	6.340490E+2
1.200309E+3	6.340845E+2
1.200378E+3	6.341194E+2
1.200445E+3	6.341522E+2
1.200510E+3	6.341882E+2
1.200579E+3	6.342232E+2
1.200645E+3	6.342576E+2
1.200716E+3	6.342954E+2
1.200784E+3	6.343305E+2
1.200852E+3	6.343638E+2
1.200920E+3	6.344009E+2
1.200989E+3	6.344390E+2
1.201055E+3	6.344828E+2
1.201125E+3	6.345186E+2
1.201192E+3	6.345570E+2
1.201259E+3	6.345938E+2
1.201331E+3	6.346304E+2
1.201399E+3	6.346657E+2
1.201468E+3	6.346995E+2
1.201534E+3	6.347347E+2
1.201599E+3	6.347697E+2
1.201668E+3	6.348066E+2
1.201736E+3	6.348446E+2
1.201804E+3	6.348808E+2
1.201870E+3	6.349146E+2
1.201939E+3	6.349496E+2
1.202007E+3	6.349843E+2
1.202075E+3	6.350215E+2
1.202147E+3	0.000000E+0
1.202215E+3	6.350967E+2
1.202282E+3	6.351316E+2
1.202349E+3	0.000000E+0
1.202415E+3	6.352002E+2
1.202482E+3	6.352365E+2
1.202550E+3	6.352727E+2
1.202616E+3	6.353113E+2
1.202687E+3	6.353475E+2
1.202759E+3	6.353847E+2
1.202828E+3	6.354211E+2
1.202896E+3	6.354596E+2
1.202965E+3	6.354952E+2
1.203036E+3	6.355351E+2
1.203104E+3	6.355675E+2
1.203172E+3	6.356114E+2
1.203240E+3	6.356629E+2
1.203308E+3	6.356994E+2
1.203379E+3	6.357364E+2
1.203447E+3	6.357740E+2
1.203516E+3	6.358108E+2
1.203582E+3	6.358427E+2
1.203649E+3	6.358778E+2
1.203715E+3	6.359127E+2
1.203783E+3	6.359483E+2
1.203847E+3	6.359823E+2
1.203916E+3	6.360190E+2
1.203985E+3	6.360534E+2
1.204055E+3	6.360897E+2
1.204121E+3	6.361248E+2
1.204191E+3	6.361615E+2
1.204263E+3	6.361989E+2
1.204331E+3	6.362368E+2
1.204401E+3	6.362723E+2
1.204467E+3	6.363057E+2
1.204534E+3	6.363417E+2
1.204601E+3	6.363776E+2
1.204670E+3	6.364112E+2
1.204736E+3	6.364482E+2
1.204807E+3	6.364840E+2
1.204873E+3	6.365184E+2
1.204944E+3	6.365563E+2
1.205012E+3	6.365910E+2
1.205080E+3	6.366263E+2
1.205146E+3	0.000000E+0
1.205212E+3	6.366964E+2
1.205279E+3	6.367300E+2
1.205349E+3	6.367678E+2
1.205418E+3	6.368070E+2
1.205488E+3	6.368427E+2
1.205555E+3	6.368804E+2
1.205625E+3	6.369172E+2
1.205692E+3	6.369538E+2
1.205760E+3	6.369872E+2
1.205828E+3	6.370228E+2
1.205898E+3	6.370588E+2
1.205965E+3	6.370946E+2
1.206036E+3	6.371334E+2
1.206105E+3	6.371786E+2
1.206172E+3	0.000000E+0
1.206243E+3	6.372533E+2
1.206314E+3	6.372917E+2
1.206386E+3	6.373289E+2
1.206452E+3	6.373623E+2
1.206518E+3	6.373979E+2
1.206584E+3	6.374324E+2
1.206652E+3	6.374697E+2
1.206721E+3	6.375071E+2
1.206787E+3	6.375408E+2
1.206856E+3	6.375781E+2
1.206923E+3	6.376137E+2
1.206993E+3	6.376508E+2
1.207059E+3	6.376864E+2
1.207129E+3	6.377239E+2
1.207195E+3	6.377619E+2
1.207266E+3	6.377978E+2
1.207334E+3	6.378352E+2
1.207402E+3	6.378713E+2
1.207473E+3	6.379092E+2
1.207542E+3	6.379464E+2
1.207609E+3	6.379850E+2
1.207682E+3	6.380224E+2
1.207750E+3	6.380613E+2
1.207819E+3	6.380953E+2
1.207886E+3	6.381315E+2
1.207952E+3	6.381691E+2
1.208020E+3	6.382067E+2
1.208086E+3	6.382428E+2
1.208153E+3	6.382810E+2
1.208225E+3	6.383210E+2
1.208293E+3	6.383598E+2
1.208364E+3	6.383964E+2
1.208434E+3	6.384368E+2
1.208503E+3	6.384730E+2
1.208571E+3	6.385100E+2
1.208641E+3	6.385464E+2
1.208707E+3	6.385807E+2
1.208775E+3	6.386177E+2
1.208841E+3	6.386522E+2
1.208910E+3	6.386896E+2
1.208982E+3	6.387284E+2
1.209048E+3	6.387658E+2
1.209118E+3	6.388030E+2
1.209185E+3	6.388388E+2
1.209252E+3	6.388728E+2
1.209321E+3	6.389105E+2
1.209390E+3	6.389466E+2
1.209456E+3	6.389851E+2
1.209527E+3	6.390257E+2
1.209598E+3	6.390663E+2
1.209663E+3	6.391046E+2
1.209732E+3	6.391403E+2
1.209801E+3	6.391767E+2
1.209868E+3	6.392127E+2
1.209935E+3	6.392490E+2
1.210003E+3	6.392840E+2
1.210069E+3	6.393193E+2
1.210135E+3	6.393561E+2
1.210202E+3	6.393927E+2
1.210269E+3	6.394312E+2
1.210339E+3	6.394677E+2
1.210410E+3	6.395058E+2
1.210478E+3	6.395409E+2
1.210543E+3	6.395782E+2
1.210613E+3	6.396145E+2
1.210681E+3	6.396504E+2
1.210747E+3	6.396866E+2
1.210812E+3	6.397222E+2
1.210882E+3	6.397609E+2
1.210953E+3	6.397995E+2
1.211021E+3	6.398389E+2
1.211090E+3	6.398738E+2
1.211158E+3	6.399131E+2
1.211228E+3	6.399493E+2
1.211296E+3	6.399870E+2
1.211366E+3	6.400244E+2
1.211435E+3	6.400608E+2
1.211503E+3	6.400994E+2
1.211574E+3	6.401375E+2
1.211641E+3	6.401782E+2
1.211712E+3	6.402169E+2
1.211787E+3	6.402575E+2
1.211853E+3	6.402956E+2
1.211922E+3	6.403362E+2
1.211991E+3	6.403723E+2
1.212059E+3	6.404115E+2
1.212128E+3	6.404491E+2
1.212194E+3	6.404869E+2
1.212264E+3	6.405240E+2
1.212331E+3	6.405630E+2
1.212400E+3	6.406022E+2
1.212469E+3	6.406472E+2
1.212541E+3	6.406849E+2
1.212609E+3	6.407230E+2
1.212672E+3	6.407580E+2
1.212737E+3	6.407955E+2
1.212806E+3	6.408334E+2
1.212875E+3	6.408719E+2
1.212942E+3	6.409092E+2
1.213009E+3	6.409459E+2
1.213078E+3	6.409868E+2
1.213145E+3	6.410241E+2
1.213215E+3	6.410609E+2
1.213282E+3	6.410962E+2
1.213350E+3	6.411369E+2
1.213419E+3	6.411739E+2
1.213490E+3	6.412137E+2
1.213556E+3	6.412497E+2
1.213621E+3	6.412877E+2
1.213687E+3	6.413269E+2
1.213757E+3	6.413664E+2
1.213826E+3	6.414070E+2
1.213898E+3	6.414463E+2
1.213969E+3	6.414853E+2
1.214036E+3	6.415226E+2
1.214102E+3	6.415600E+2
1.214167E+3	6.415972E+2
1.214234E+3	6.416372E+2
1.214301E+3	6.416746E+2
1.214369E+3	6.417123E+2
1.214438E+3	6.417545E+2
1.214509E+3	6.417929E+2
1.214575E+3	6.418283E+2
1.214645E+3	6.418687E+2
1.214712E+3	6.419048E+2
1.214780E+3	6.419435E+2
1.214845E+3	6.419822E+2
1.214912E+3	6.420200E+2
1.214980E+3	6.420601E+2
1.215050E+3	6.420970E+2
1.215116E+3	6.421371E+2
1.215190E+3	6.421761E+2
1.215259E+3	6.422134E+2
1.215326E+3	6.422509E+2
1.215395E+3	6.422881E+2
1.215462E+3	6.423279E+2
1.215529E+3	6.423640E+2
1.215598E+3	6.424027E+2
1.215666E+3	6.424410E+2
1.215737E+3	6.424805E+2
1.215804E+3	6.425179E+2
1.215870E+3	6.425585E+2
1.215942E+3	6.426002E+2
1.216013E+3	6.426386E+2
1.216081E+3	6.426776E+2
1.216149E+3	6.427150E+2
1.216214E+3	6.427518E+2
1.216283E+3	6.427922E+2
1.216353E+3	6.428318E+2
1.216422E+3	6.428702E+2
1.216492E+3	6.429086E+2
1.216561E+3	0.000000E+0
1.216632E+3	6.429869E+2
1.216699E+3	6.430262E+2
1.216769E+3	6.430641E+2
1.216835E+3	6.431016E+2
1.216902E+3	6.431397E+2
1.216967E+3	6.431768E+2
1.217036E+3	6.432148E+2
1.217102E+3	6.432559E+2
1.217172E+3	6.432961E+2
1.217239E+3	6.433350E+2
1.217311E+3	6.433734E+2
1.217377E+3	6.434118E+2
1.217446E+3	6.434511E+2
1.217514E+3	6.434895E+2
1.217583E+3	6.435338E+2
1.217652E+3	6.435733E+2
1.217721E+3	6.436138E+2
1.217790E+3	6.436530E+2
1.217857E+3	6.436927E+2
1.217924E+3	6.437283E+2
1.217990E+3	6.437672E+2
1.218058E+3	6.438138E+2
1.218127E+3	6.438533E+2
1.218196E+3	6.438946E+2
1.218264E+3	6.439338E+2
1.218330E+3	6.439702E+2
1.218398E+3	6.440093E+2
1.218469E+3	6.440477E+2
1.218539E+3	6.440890E+2
1.218605E+3	6.441278E+2
1.218677E+3	6.441672E+2
1.218745E+3	6.442062E+2
1.218814E+3	6.442468E+2
1.218883E+3	6.442836E+2
1.218947E+3	6.443196E+2
1.219016E+3	6.443580E+2
1.219084E+3	6.443976E+2
1.219150E+3	6.444353E+2
1.219219E+3	6.444755E+2
1.219289E+3	6.445152E+2
1.219357E+3	6.445546E+2
1.219427E+3	6.445934E+2
1.219495E+3	6.446381E+2
1.219563E+3	6.446772E+2
1.219631E+3	6.447155E+2
1.219698E+3	6.447542E+2
1.219766E+3	6.447956E+2
1.219833E+3	6.448324E+2
1.219900E+3	6.448711E+2
1.219968E+3	6.449098E+2
1.220036E+3	6.449524E+2
1.220107E+3	6.449959E+2
1.220181E+3	6.450380E+2
1.220251E+3	6.450780E+2
1.220319E+3	6.451180E+2
1.220387E+3	6.451577E+2
1.220453E+3	6.451960E+2
1.220521E+3	6.452370E+2
1.220590E+3	6.452767E+2
1.220659E+3	6.453174E+2
1.220726E+3	6.453576E+2
1.220800E+3	6.453998E+2
1.220866E+3	6.454392E+2
1.220936E+3	6.454823E+2
1.221005E+3	6.455191E+2
1.221074E+3	6.455596E+2
1.221141E+3	6.456000E+2
1.221208E+3	6.456401E+2
1.221276E+3	6.456801E+2
1.221342E+3	6.457185E+2
1.221411E+3	6.457600E+2
1.221478E+3	6.458010E+2
1.221548E+3	6.458429E+2
1.221617E+3	6.458831E+2
1.221684E+3	6.459225E+2
1.221752E+3	6.459621E+2
1.221821E+3	6.460031E+2
1.221890E+3	6.460424E+2
1.221960E+3	6.460829E+2
1.222026E+3	6.461211E+2
1.222094E+3	6.461612E+2
1.222165E+3	6.462038E+2
1.222232E+3	6.462429E+2
1.222301E+3	6.462826E+2
1.222369E+3	6.463222E+2
1.222435E+3	6.463602E+2
1.222502E+3	6.464011E+2
1.222570E+3	6.464439E+2
1.222639E+3	6.464853E+2
1.222708E+3	6.465261E+2
1.222776E+3	6.465659E+2
1.222844E+3	6.466052E+2
1.222909E+3	6.466482E+2
1.222979E+3	6.466901E+2
1.223049E+3	6.467378E+2
1.223117E+3	6.467761E+2
1.223182E+3	6.468170E+2
1.223248E+3	6.468569E+2
1.223316E+3	6.468966E+2
1.223383E+3	6.469370E+2
1.223452E+3	6.469801E+2
1.223524E+3	6.470223E+2
1.223598E+3	6.470663E+2
1.223667E+3	6.471082E+2
1.223734E+3	6.471482E+2
1.223801E+3	6.471910E+2
1.223870E+3	6.472395E+2
1.223942E+3	6.472832E+2
1.224009E+3	6.473249E+2
1.224076E+3	6.473771E+2
1.224144E+3	6.474195E+2
1.224213E+3	6.474624E+2
1.224282E+3	6.475075E+2
1.224355E+3	6.475519E+2
1.224427E+3	6.476058E+2
1.224493E+3	6.476470E+2
1.224559E+3	6.476870E+2
1.224628E+3	6.477319E+2
1.224695E+3	6.477704E+2
1.224763E+3	6.478135E+2
1.224829E+3	6.478544E+2
1.224897E+3	6.478939E+2
1.224967E+3	6.479429E+2
1.225032E+3	6.479839E+2
1.225102E+3	6.480227E+2
1.225171E+3	6.480658E+2
1.225237E+3	6.481069E+2
1.225303E+3	6.481474E+2
1.225372E+3	6.481880E+2
1.225439E+3	6.482276E+2
1.225506E+3	6.482704E+2
1.225574E+3	6.483139E+2
1.225646E+3	6.483595E+2
1.225714E+3	6.484032E+2
1.225781E+3	6.484473E+2
1.225849E+3	6.484853E+2
1.225917E+3	6.485256E+2
1.225983E+3	6.485689E+2
1.226047E+3	6.486080E+2
1.226117E+3	6.486493E+2
1.226188E+3	6.486934E+2
1.226258E+3	6.487376E+2
1.226326E+3	6.487839E+2
1.226397E+3	6.488250E+2
1.226466E+3	6.488681E+2
1.226535E+3	6.489085E+2
1.226603E+3	6.489521E+2
1.226671E+3	6.489941E+2
1.226738E+3	6.490367E+2
1.226806E+3	6.490789E+2
1.226871E+3	6.491193E+2
1.226940E+3	6.491610E+2
1.227008E+3	6.492031E+2
1.227078E+3	6.492469E+2
1.227146E+3	6.492893E+2
1.227215E+3	6.493320E+2
1.227285E+3	6.493760E+2
1.227351E+3	6.494164E+2
1.227419E+3	6.494579E+2
1.227488E+3	6.495034E+2
1.227558E+3	6.495448E+2
1.227623E+3	6.495905E+2
1.227697E+3	6.496330E+2
1.227767E+3	6.496753E+2
1.227837E+3	6.497199E+2
1.227909E+3	6.497631E+2
1.227979E+3	6.498030E+2
1.228047E+3	6.498465E+2
1.228114E+3	6.498860E+2
1.228180E+3	6.499273E+2
1.228248E+3	6.499679E+2
1.228315E+3	6.500114E+2
1.228384E+3	6.500552E+2
1.228456E+3	6.501026E+2
1.228526E+3	6.501424E+2
1.228595E+3	6.501845E+2
1.228663E+3	6.502282E+2
1.228730E+3	6.502699E+2
1.228798E+3	6.503137E+2
1.228865E+3	6.503556E+2
1.228935E+3	6.503978E+2
1.229000E+3	6.504405E+2
1.229066E+3	6.504825E+2
1.229134E+3	6.505231E+2
1.229202E+3	6.505668E+2
1.229272E+3	6.506276E+2
1.229343E+3	6.506692E+2
1.229410E+3	6.507132E+2
1.229477E+3	6.507576E+2
1.229544E+3	6.507999E+2
1.229612E+3	6.508440E+2
1.229681E+3	6.508927E+2
1.229750E+3	6.509368E+2
1.229819E+3	6.509807E+2
1.229885E+3	0.000000E+0
1.229954E+3	6.510660E+2
1.230022E+3	6.511075E+2
1.230088E+3	6.511500E+2
1.230157E+3	6.511934E+2
1.230226E+3	6.512370E+2
1.230294E+3	6.512858E+2
1.230360E+3	6.513278E+2
1.230430E+3	6.513778E+2
1.230496E+3	6.514216E+2
1.230568E+3	6.514656E+2
1.230637E+3	6.515073E+2
1.230706E+3	6.515512E+2
1.230773E+3	6.515953E+2
1.230840E+3	6.516386E+2
1.230907E+3	6.516818E+2
1.230976E+3	6.517285E+2
1.231044E+3	6.517725E+2
1.231113E+3	6.518153E+2
1.231183E+3	6.518594E+2
1.231250E+3	6.519064E+2
1.231323E+3	6.519530E+2
1.231393E+3	6.520075E+2
1.231461E+3	6.520501E+2
1.231528E+3	6.520918E+2
1.231595E+3	6.521364E+2
1.231663E+3	6.521835E+2
1.231735E+3	6.522273E+2
1.231804E+3	6.522716E+2
1.231873E+3	6.523195E+2
1.231944E+3	6.523622E+2
1.232016E+3	6.524080E+2
1.232083E+3	6.524513E+2
1.232152E+3	6.524932E+2
1.232220E+3	6.525373E+2
1.232288E+3	6.525793E+2
1.232354E+3	6.526215E+2
1.232419E+3	6.526645E+2
1.232486E+3	6.527102E+2
1.232555E+3	6.527522E+2
1.232620E+3	6.527974E+2
1.232694E+3	6.528416E+2
1.232763E+3	6.528864E+2
1.232830E+3	6.529283E+2
1.232898E+3	6.529712E+2
1.232966E+3	6.530170E+2
1.233031E+3	6.530593E+2
1.233096E+3	6.531010E+2
1.233161E+3	6.531434E+2
1.233230E+3	6.531880E+2
1.233297E+3	6.532340E+2
1.233364E+3	6.532784E+2
1.233434E+3	6.533229E+2
1.233500E+3	6.533671E+2
1.233567E+3	6.534115E+2
1.233634E+3	6.534588E+2
1.233702E+3	6.535023E+2
1.233767E+3	6.535464E+2
1.233834E+3	6.535885E+2
1.233900E+3	6.536328E+2
1.233968E+3	6.536786E+2
1.234035E+3	6.537211E+2
1.234103E+3	6.537644E+2
1.234169E+3	6.538098E+2
1.234237E+3	6.538554E+2
1.234304E+3	6.539012E+2
1.234371E+3	6.539475E+2
1.234439E+3	6.539948E+2
1.234506E+3	6.540429E+2
1.234574E+3	6.540883E+2
1.234643E+3	6.541326E+2
1.234710E+3	6.541785E+2
1.234778E+3	6.542215E+2
1.234846E+3	6.542701E+2
1.234914E+3	6.543213E+2
1.234982E+3	6.543655E+2
1.235048E+3	6.544095E+2
1.235118E+3	6.544565E+2
1.235185E+3	6.545041E+2
1.235257E+3	6.545568E+2
1.235324E+3	6.546035E+2
1.235393E+3	6.546472E+2
1.235460E+3	6.546921E+2
1.235528E+3	6.547368E+2
1.235594E+3	6.547798E+2
1.235664E+3	6.548288E+2
1.235734E+3	6.548745E+2
1.235804E+3	6.549213E+2
1.235875E+3	6.549691E+2
1.235944E+3	6.550156E+2
1.236015E+3	6.550624E+2
1.236083E+3	6.551063E+2
1.236151E+3	6.551500E+2
1.236220E+3	6.551989E+2
1.236287E+3	6.552417E+2
1.236355E+3	6.552891E+2
1.236422E+3	6.553317E+2
1.236492E+3	6.553813E+2
1.236561E+3	6.554268E+2
1.236628E+3	6.554746E+2
1.236696E+3	6.555193E+2
1.236766E+3	6.555687E+2
1.236837E+3	6.556172E+2
1.236906E+3	6.556614E+2
1.236975E+3	6.557086E+2
1.237042E+3	6.557553E+2
1.237109E+3	6.558047E+2
1.237179E+3	6.558588E+2
1.237249E+3	6.559171E+2
1.237318E+3	6.559615E+2
1.237385E+3	6.560112E+2
1.237455E+3	6.560562E+2
1.237520E+3	6.561035E+2
1.237589E+3	6.561509E+2
1.237657E+3	6.561937E+2
1.237722E+3	6.562383E+2
1.237789E+3	6.562836E+2
1.237856E+3	6.563278E+2
1.237925E+3	6.563727E+2
1.237995E+3	6.564216E+2
1.238063E+3	6.564684E+2
1.238135E+3	6.565180E+2
1.238204E+3	6.565619E+2
1.238272E+3	6.566114E+2
1.238339E+3	6.566570E+2
1.238408E+3	6.567034E+2
1.238476E+3	6.567485E+2
1.238543E+3	6.567949E+2
1.238614E+3	6.568430E+2
1.238684E+3	6.568904E+2
1.238752E+3	6.569366E+2
1.238818E+3	6.569859E+2
1.238890E+3	6.570337E+2
1.238958E+3	6.570811E+2
1.239026E+3	6.571255E+2
1.239096E+3	6.571728E+2
1.239161E+3	6.572183E+2
1.239230E+3	6.572758E+2
1.239298E+3	6.573216E+2
1.239367E+3	6.573708E+2
1.239440E+3	6.574225E+2
1.239509E+3	6.574730E+2
1.239578E+3	6.575194E+2
1.239646E+3	6.575674E+2
1.239715E+3	6.576153E+2
1.239782E+3	6.576621E+2
1.239851E+3	6.577102E+2
1.239916E+3	6.577554E+2
1.239986E+3	6.578083E+2
1.240054E+3	6.578580E+2
1.240122E+3	6.579047E+2
1.240191E+3	6.579553E+2
1.240261E+3	6.580119E+2
1.240332E+3	6.580607E+2
1.240402E+3	6.581074E+2
1.240470E+3	6.581550E+2
1.240537E+3	6.582024E+2
1.240606E+3	6.582496E+2
1.240673E+3	6.582983E+2
1.240740E+3	6.583444E+2
1.240809E+3	6.583948E+2
1.240879E+3	6.584426E+2
1.240950E+3	6.584927E+2
1.241016E+3	6.585411E+2
1.241086E+3	6.585914E+2
1.241156E+3	6.586398E+2
1.241224E+3	6.586924E+2
1.241292E+3	6.587396E+2
1.241359E+3	6.587880E+2
1.241427E+3	6.588359E+2
1.241495E+3	6.588859E+2
1.241563E+3	6.589367E+2
1.241634E+3	6.589872E+2
1.241703E+3	6.590370E+2
1.241776E+3	6.590891E+2
1.241844E+3	6.591390E+2
1.241912E+3	6.591900E+2
1.241982E+3	6.592376E+2
1.242050E+3	6.592880E+2
1.242118E+3	6.593392E+2
1.242187E+3	6.593916E+2
1.242257E+3	6.594406E+2
1.242324E+3	6.594916E+2
1.242397E+3	6.595443E+2
1.242467E+3	6.595938E+2
1.242535E+3	6.596486E+2
1.242608E+3	6.596994E+2
1.242677E+3	6.597492E+2
1.242747E+3	6.598021E+2
1.242814E+3	6.598521E+2
1.242883E+3	6.599013E+2
1.242951E+3	6.599486E+2
1.243018E+3	6.599983E+2
1.243084E+3	6.600433E+2
1.243152E+3	6.600954E+2
1.243221E+3	6.601432E+2
1.243289E+3	6.601974E+2
1.243359E+3	6.602477E+2
1.243424E+3	6.602965E+2
1.243490E+3	6.603482E+2
1.243559E+3	6.604118E+2
1.243626E+3	6.604641E+2
1.243695E+3	6.605131E+2
1.243763E+3	6.605603E+2
1.243829E+3	6.606140E+2
1.243898E+3	6.606657E+2
1.243968E+3	6.607247E+2
1.244041E+3	6.607776E+2
1.244108E+3	6.608253E+2
1.244175E+3	6.608750E+2
1.244242E+3	6.609242E+2
1.244309E+3	6.609765E+2
1.244375E+3	6.610244E+2
1.244441E+3	6.610747E+2
1.244511E+3	6.611237E+2
1.244578E+3	6.611741E+2
1.244648E+3	6.612278E+2
1.244717E+3	6.612771E+2
1.244785E+3	6.613256E+2
1.244852E+3	6.613758E+2
1.244920E+3	6.614264E+2
1.244984E+3	6.614732E+2
1.245050E+3	6.615183E+2
1.245117E+3	6.615691E+2
1.245187E+3	6.616179E+2
1.245256E+3	6.616729E+2
1.245327E+3	6.617254E+2
1.245397E+3	6.617764E+2
1.245467E+3	6.618276E+2
1.245537E+3	6.618823E+2
1.245607E+3	6.619342E+2
1.245676E+3	6.619868E+2
1.245744E+3	6.620412E+2
1.245811E+3	6.620933E+2
1.245880E+3	6.621525E+2
1.245947E+3	6.622085E+2
1.246013E+3	6.622583E+2
1.246080E+3	6.623109E+2
1.246151E+3	6.623624E+2
1.246219E+3	6.624127E+2
1.246285E+3	6.624608E+2
1.246355E+3	6.625159E+2
1.246426E+3	6.625646E+2
1.246492E+3	6.626142E+2
1.246559E+3	6.626641E+2
1.246629E+3	6.627159E+2
1.246696E+3	6.627656E+2
1.246770E+3	6.628179E+2
1.246838E+3	6.628697E+2
1.246909E+3	6.629202E+2
1.246973E+3	6.629680E+2
1.247043E+3	6.630188E+2
1.247109E+3	6.630673E+2
1.247175E+3	6.631297E+2
1.247243E+3	6.631830E+2
1.247315E+3	6.632343E+2
1.247384E+3	6.632873E+2
1.247454E+3	6.633417E+2
1.247524E+3	6.633967E+2
1.247591E+3	6.634485E+2
1.247656E+3	6.634986E+2
1.247723E+3	6.635495E+2
1.247792E+3	6.636040E+2
1.247860E+3	6.636677E+2
1.247926E+3	6.637190E+2
1.247994E+3	6.637682E+2
1.248065E+3	6.638213E+2
1.248133E+3	6.638760E+2
1.248202E+3	6.639277E+2
1.248272E+3	6.639758E+2
1.248339E+3	6.640261E+2
1.248407E+3	6.640814E+2
1.248474E+3	6.641363E+2
1.248540E+3	6.641899E+2
1.248608E+3	6.642443E+2
1.248677E+3	6.642992E+2
1.248744E+3	6.643499E+2
1.248813E+3	6.644036E+2
1.248877E+3	6.644562E+2
1.248948E+3	6.645064E+2
1.249015E+3	6.645604E+2
1.249084E+3	6.646122E+2
1.249154E+3	6.646635E+2
1.249222E+3	6.647183E+2
1.249290E+3	6.647687E+2
1.249358E+3	6.648238E+2
1.249427E+3	6.648770E+2
1.249492E+3	6.649344E+2
1.249561E+3	6.649885E+2
1.249630E+3	6.650481E+2
1.249697E+3	6.651170E+2
1.249768E+3	6.651693E+2
1.249836E+3	6.652262E+2
1.249905E+3	6.652801E+2
1.249974E+3	6.653335E+2
1.250040E+3	6.653889E+2
1.250114E+3	6.654488E+2
1.250185E+3	6.655051E+2
1.250249E+3	6.655598E+2
1.250320E+3	6.656141E+2
1.250389E+3	6.656656E+2
1.250455E+3	6.657241E+2
1.250522E+3	6.657822E+2
1.250592E+3	0.000000E+0
1.250660E+3	6.658899E+2
1.250728E+3	6.659461E+2
1.250797E+3	6.659992E+2
1.250864E+3	6.660523E+2
1.250935E+3	6.661117E+2
1.251002E+3	6.661677E+2
1.251071E+3	6.662259E+2
1.251137E+3	6.662821E+2
1.251205E+3	6.663361E+2
1.251269E+3	6.663918E+2
1.251338E+3	6.664453E+2
1.251407E+3	6.665044E+2
1.251477E+3	6.665625E+2
1.251545E+3	6.666184E+2
1.251615E+3	6.666779E+2
1.251690E+3	6.667402E+2
1.251757E+3	6.667985E+2
1.251829E+3	6.668564E+2
1.251900E+3	6.669118E+2
1.251967E+3	6.669665E+2
1.252032E+3	6.670280E+2
1.252098E+3	6.670823E+2
1.252167E+3	6.671383E+2
1.252236E+3	6.671975E+2
1.252305E+3	6.672516E+2
1.252371E+3	6.673114E+2
1.252441E+3	6.673891E+2
1.252511E+3	6.674414E+2
1.252577E+3	6.674954E+2
1.252643E+3	6.675510E+2
1.252711E+3	6.676058E+2
1.252777E+3	6.676623E+2
1.252843E+3	6.677234E+2
1.252908E+3	6.677809E+2
1.252978E+3	6.678369E+2
1.253044E+3	6.678951E+2
1.253112E+3	6.679514E+2
1.253178E+3	6.680052E+2
1.253247E+3	6.680611E+2
1.253314E+3	6.681160E+2
1.253383E+3	6.681742E+2
1.253452E+3	6.682290E+2
1.253521E+3	6.682858E+2
1.253588E+3	6.683432E+2
1.253655E+3	6.684025E+2
1.253727E+3	6.684644E+2
1.253797E+3	6.685181E+2
1.253864E+3	6.685736E+2
1.253933E+3	6.686354E+2
1.253999E+3	6.687161E+2
1.254067E+3	6.687731E+2
1.254136E+3	6.688293E+2
1.254203E+3	6.688873E+2
1.254276E+3	6.689504E+2
1.254343E+3	6.690071E+2
1.254413E+3	6.690676E+2
1.254483E+3	6.691272E+2
1.254553E+3	6.691855E+2
1.254621E+3	6.692407E+2
1.254690E+3	6.693038E+2
1.254758E+3	6.693606E+2
1.254827E+3	6.694184E+2
1.254893E+3	6.694760E+2
1.254961E+3	6.695355E+2
1.255031E+3	6.695936E+2
1.255098E+3	6.696600E+2
1.255171E+3	6.697245E+2
1.255239E+3	6.697804E+2
1.255303E+3	6.698365E+2
1.255370E+3	6.698956E+2
1.255441E+3	6.699550E+2
1.255507E+3	6.700107E+2
1.255573E+3	6.700666E+2
1.255643E+3	6.701290E+2
1.255708E+3	6.701856E+2
1.255780E+3	6.702458E+2
1.255845E+3	6.703060E+2
1.255914E+3	6.703629E+2
1.255981E+3	6.704192E+2
1.256047E+3	6.704832E+2
1.256114E+3	6.705425E+2
1.256182E+3	6.706015E+2
1.256251E+3	6.706657E+2
1.256322E+3	6.707321E+2
1.256389E+3	6.707890E+2
1.256460E+3	6.708508E+2
1.256529E+3	6.709101E+2
1.256597E+3	6.709720E+2
1.256667E+3	6.710331E+2
1.256735E+3	6.710966E+2
1.256803E+3	6.711560E+2
1.256869E+3	6.712132E+2
1.256934E+3	6.712756E+2
1.257002E+3	6.713385E+2
1.257074E+3	6.714072E+2
1.257146E+3	6.714774E+2
1.257212E+3	6.715394E+2
1.257283E+3	6.716031E+2
1.257357E+3	6.716635E+2
1.257424E+3	6.717246E+2
1.257492E+3	6.717864E+2
1.257561E+3	6.718476E+2
1.257628E+3	6.719085E+2
1.257695E+3	6.719658E+2
1.257762E+3	6.720220E+2
1.257831E+3	6.720868E+2
1.257901E+3	6.721483E+2
1.257969E+3	6.722100E+2
1.258041E+3	6.722716E+2
1.258112E+3	6.723303E+2
1.258180E+3	6.723962E+2
1.258250E+3	6.724584E+2
1.258318E+3	6.725171E+2
1.258386E+3	6.725786E+2
1.258454E+3	6.726398E+2
1.258521E+3	6.726949E+2
1.258590E+3	6.727588E+2
1.258658E+3	6.728179E+2
1.258730E+3	6.728804E+2
1.258797E+3	6.729408E+2
1.258864E+3	6.730070E+2
1.258933E+3	6.730763E+2
1.259002E+3	6.731385E+2
1.259069E+3	6.732015E+2
1.259139E+3	6.732661E+2
1.259206E+3	6.733254E+2
1.259275E+3	6.733860E+2
1.259344E+3	6.734497E+2
1.259412E+3	6.735158E+2
1.259482E+3	6.735774E+2
1.259551E+3	6.736419E+2
1.259617E+3	6.736983E+2
1.259685E+3	6.737591E+2
1.259753E+3	6.738170E+2
1.259819E+3	6.738800E+2
1.259885E+3	6.739426E+2
1.259951E+3	6.740034E+2
1.260019E+3	6.740634E+2
1.260086E+3	6.741281E+2
1.260157E+3	6.741888E+2
1.260224E+3	6.742516E+2
1.260290E+3	6.743140E+2
1.260357E+3	6.743781E+2
1.260424E+3	6.744405E+2
1.260490E+3	6.745034E+2
1.260560E+3	6.745666E+2
1.260628E+3	6.746332E+2
1.260700E+3	6.747002E+2
1.260767E+3	6.747633E+2
1.260836E+3	6.748282E+2
1.260905E+3	6.748898E+2
1.260973E+3	6.749823E+2
1.261040E+3	6.750529E+2
1.261105E+3	6.751147E+2
1.261173E+3	6.751757E+2
1.261242E+3	6.752429E+2
1.261312E+3	6.753172E+2
1.261380E+3	6.753866E+2
1.261451E+3	6.754581E+2
1.261518E+3	6.755178E+2
1.261587E+3	6.755844E+2
1.261654E+3	6.756522E+2
1.261722E+3	6.757277E+2
1.261789E+3	6.758977E+2
1.261854E+3	6.759604E+2
1.261923E+3	6.760271E+2
1.261993E+3	6.760949E+2
1.262063E+3	6.761615E+2
1.262130E+3	6.762283E+2
1.262199E+3	6.762924E+2
1.262266E+3	6.763527E+2
1.262334E+3	6.764181E+2
1.262403E+3	6.764909E+2
1.262469E+3	6.765525E+2
1.262536E+3	6.766268E+2
1.262605E+3	6.766973E+2
1.262670E+3	6.767665E+2
1.262741E+3	6.768296E+2
1.262810E+3	6.769081E+2
1.262882E+3	6.769753E+2
1.262951E+3	6.770414E+2
1.263019E+3	6.771058E+2
1.263088E+3	6.771737E+2
1.263156E+3	6.772362E+2
1.263221E+3	6.772975E+2
1.263289E+3	6.773681E+2
1.263361E+3	6.774381E+2
1.263433E+3	6.775069E+2
1.263502E+3	6.775812E+2
1.263571E+3	6.776515E+2
1.263638E+3	6.777323E+2
1.263705E+3	6.778049E+2
1.263772E+3	6.778691E+2
1.263839E+3	6.779369E+2
1.263907E+3	6.780063E+2
1.263974E+3	6.780701E+2
1.264041E+3	6.781382E+2
1.264112E+3	6.782103E+2
1.264177E+3	6.782796E+2
1.264248E+3	6.783560E+2
1.264319E+3	6.784264E+2
1.264387E+3	6.784984E+2
1.264453E+3	6.785685E+2
1.264518E+3	6.786354E+2
1.264587E+3	6.787117E+2
1.264655E+3	6.787819E+2
1.264725E+3	6.788632E+2
1.264795E+3	6.789372E+2
1.264865E+3	6.790064E+2
1.264934E+3	6.790730E+2
1.265005E+3	6.791427E+2
1.265075E+3	6.792102E+2
1.265140E+3	6.792762E+2
1.265208E+3	6.793430E+2
1.265275E+3	6.794172E+2
1.265344E+3	6.794921E+2
1.265410E+3	6.795569E+2
1.265481E+3	6.796214E+2
1.265549E+3	6.796961E+2
1.265619E+3	6.797675E+2
1.265684E+3	6.798346E+2
1.265753E+3	6.799072E+2
1.265821E+3	6.799779E+2
1.265891E+3	6.800490E+2
1.265957E+3	6.801183E+2
1.266024E+3	6.801875E+2
1.266093E+3	6.802656E+2
1.266161E+3	6.803366E+2
1.266228E+3	6.804353E+2
1.266298E+3	6.805081E+2
1.266369E+3	6.805788E+2
1.266432E+3	6.806430E+2
1.266500E+3	6.807307E+2
1.266569E+3	6.808022E+2
1.266637E+3	6.808775E+2
1.266704E+3	6.809502E+2
1.266771E+3	6.810165E+2
1.266840E+3	6.810897E+2
1.266911E+3	6.811673E+2
1.266978E+3	6.812375E+2
1.267051E+3	6.813202E+2
1.267118E+3	6.813980E+2
1.267188E+3	6.814748E+2
1.267256E+3	6.815457E+2
1.267325E+3	6.816159E+2
1.267394E+3	6.816844E+2
1.267461E+3	6.817701E+2
1.267529E+3	6.818401E+2
1.267596E+3	6.819202E+2
1.267669E+3	6.819984E+2
1.267743E+3	6.820731E+2
1.267812E+3	6.821476E+2
1.267883E+3	6.822301E+2
1.267955E+3	6.823090E+2
1.268024E+3	6.823935E+2
1.268094E+3	6.824719E+2
1.268159E+3	6.825455E+2
1.268228E+3	0.000000E+0
1.268298E+3	6.826917E+2
1.268366E+3	6.827644E+2
1.268437E+3	6.828367E+2
1.268503E+3	6.829112E+2
1.268575E+3	6.829869E+2
1.268641E+3	6.830651E+2
1.268707E+3	6.831350E+2
1.268777E+3	6.832111E+2
1.268848E+3	6.833010E+2
1.268916E+3	6.833799E+2
1.268983E+3	6.834531E+2
1.269054E+3	6.835274E+2
1.269121E+3	6.836086E+2
1.269191E+3	6.837183E+2
1.269258E+3	6.838068E+2
1.269329E+3	6.838852E+2
1.269399E+3	6.839567E+2
1.269466E+3	6.840296E+2
1.269533E+3	6.841049E+2
1.269601E+3	6.841813E+2
1.269665E+3	6.842562E+2
1.269734E+3	6.843377E+2
1.269804E+3	6.844163E+2
1.269871E+3	6.844861E+2
1.269940E+3	6.845588E+2
1.270005E+3	6.846354E+2
1.270074E+3	6.847096E+2
1.270142E+3	6.847816E+2
1.270212E+3	6.848519E+2
1.270280E+3	6.849252E+2
1.270349E+3	6.849933E+2
1.270417E+3	6.850886E+2
1.270483E+3	6.851654E+2
1.270555E+3	6.852392E+2
1.270623E+3	6.853156E+2
1.270694E+3	6.853921E+2
1.270759E+3	6.854833E+2
1.270830E+3	6.855671E+2
1.270897E+3	6.856412E+2
1.270964E+3	6.857158E+2
1.271032E+3	6.858250E+2
1.271101E+3	6.859204E+2
1.271168E+3	6.859925E+2
1.271237E+3	6.860692E+2
1.271307E+3	6.861502E+2
1.271373E+3	6.862291E+2
1.271444E+3	6.863035E+2
1.271516E+3	6.863768E+2
1.271583E+3	6.864578E+2
1.271651E+3	6.865344E+2
1.271720E+3	6.866229E+2
1.271790E+3	6.867014E+2
1.271857E+3	6.867688E+2
1.271924E+3	6.868560E+2
1.271992E+3	6.869313E+2
1.272063E+3	6.870379E+2
1.272129E+3	6.871306E+2
1.272200E+3	6.872096E+2
1.272267E+3	6.873037E+2
1.272332E+3	6.873977E+2
1.272400E+3	6.874766E+2
1.272468E+3	6.875572E+2
1.272536E+3	6.876473E+2
1.272605E+3	6.877272E+2
1.272678E+3	6.878145E+2
1.272748E+3	6.878914E+2
1.272817E+3	6.879887E+2
1.272883E+3	6.880778E+2
1.272952E+3	6.881764E+2
1.273021E+3	6.882532E+2
1.273090E+3	6.883367E+2
1.273157E+3	6.884080E+2
1.273222E+3	6.884783E+2
1.273290E+3	6.885519E+2
1.273357E+3	6.886317E+2
1.273426E+3	6.887304E+2
1.273496E+3	6.888323E+2
1.273566E+3	6.889076E+2
1.273633E+3	6.889896E+2
1.273700E+3	6.890704E+2
1.273768E+3	6.891558E+2
1.273834E+3	6.892384E+2
1.273900E+3	6.893169E+2
1.273967E+3	6.894076E+2
1.274036E+3	6.894869E+2
1.274103E+3	6.895706E+2
1.274172E+3	6.896553E+2
1.274239E+3	6.897332E+2
1.274308E+3	6.898068E+2
1.274374E+3	6.898979E+2
1.274444E+3	6.899842E+2
1.274509E+3	6.901011E+2
1.274576E+3	6.902055E+2
1.274646E+3	6.902894E+2
1.274716E+3	6.903888E+2
1.274789E+3	6.904863E+2
1.274854E+3	6.906424E+2
1.274925E+3	6.907307E+2
1.274997E+3	6.908102E+2
1.275064E+3	6.908841E+2
1.275129E+3	6.909616E+2
1.275198E+3	6.910554E+2
1.275264E+3	6.911532E+2
1.275331E+3	6.912335E+2
1.275400E+3	6.913405E+2
1.275466E+3	6.914319E+2
1.275535E+3	6.915239E+2
1.275600E+3	6.916061E+2
1.275667E+3	6.917171E+2
1.275734E+3	6.918020E+2
1.275801E+3	6.918888E+2
1.275867E+3	6.919692E+2
1.275932E+3	6.921427E+2
1.276001E+3	6.922239E+2
1.276069E+3	6.923228E+2
1.276137E+3	6.924301E+2
1.276202E+3	6.925567E+2
1.276271E+3	6.926413E+2
1.276339E+3	6.927228E+2
1.276408E+3	6.928629E+2
1.276477E+3	6.929465E+2
1.276546E+3	6.930303E+2
1.276616E+3	6.931141E+2
1.276684E+3	6.931988E+2
1.276758E+3	6.932871E+2
1.276827E+3	6.933898E+2
1.276896E+3	6.934827E+2
1.276965E+3	6.935631E+2
1.277032E+3	6.936535E+2
1.277100E+3	6.937628E+2
1.277166E+3	6.938682E+2
1.277234E+3	6.939618E+2
1.277301E+3	6.940551E+2
1.277371E+3	6.941417E+2
1.277438E+3	6.942336E+2
1.277508E+3	6.943180E+2
1.277579E+3	6.944103E+2
1.277647E+3	6.945352E+2
1.277712E+3	6.946172E+2
1.277782E+3	6.947061E+2
1.277850E+3	6.948159E+2
1.277916E+3	6.948961E+2
1.277983E+3	6.949951E+2
1.278054E+3	6.950916E+2
1.278122E+3	6.951871E+2
1.278191E+3	6.952811E+2
1.278262E+3	6.953703E+2
1.278329E+3	6.954702E+2
1.278397E+3	6.955676E+2
1.278465E+3	6.956518E+2
1.278530E+3	6.957435E+2
1.278597E+3	6.958279E+2
1.278668E+3	6.959226E+2
1.278734E+3	6.960038E+2
1.278804E+3	6.960901E+2
1.278871E+3	6.961825E+2
1.278941E+3	6.962714E+2
1.279011E+3	6.963545E+2
1.279080E+3	6.964436E+2
1.279145E+3	6.965224E+2
1.279211E+3	6.966149E+2
1.279279E+3	6.966993E+2
1.279348E+3	6.967816E+2
1.279419E+3	6.968871E+2
1.279489E+3	6.969721E+2
1.279559E+3	6.970565E+2
1.279625E+3	6.971345E+2
1.279694E+3	6.972322E+2
1.279761E+3	6.973191E+2
1.279830E+3	6.974165E+2
1.279899E+3	6.975111E+2
1.279968E+3	6.976458E+2
1.280037E+3	6.977758E+2
1.280103E+3	6.978722E+2
1.280171E+3	6.979637E+2
1.280239E+3	6.980563E+2
1.280309E+3	6.981465E+2
1.280379E+3	6.982397E+2
1.280446E+3	6.983276E+2
1.280513E+3	6.984209E+2
1.280585E+3	6.985108E+2
1.280652E+3	6.986072E+2
1.280718E+3	6.986959E+2
1.280786E+3	6.988092E+2
1.280856E+3	6.989065E+2
1.280928E+3	6.990194E+2
1.280998E+3	6.991125E+2
1.281064E+3	6.991955E+2
1.281141E+3	6.993019E+2
1.281213E+3	6.993960E+2
1.281280E+3	6.994928E+2
1.281349E+3	6.995882E+2
1.281419E+3	6.996980E+2
1.281488E+3	6.997919E+2
1.281554E+3	6.999028E+2
1.281621E+3	6.999873E+2
1.281691E+3	7.000843E+2
1.281762E+3	7.001777E+2
1.281829E+3	7.002682E+2
1.281896E+3	7.003565E+2
1.281967E+3	7.004528E+2
1.282031E+3	7.005346E+2
1.282097E+3	7.006199E+2
1.282163E+3	7.007011E+2
1.282230E+3	7.007876E+2
1.282301E+3	7.008985E+2
1.282371E+3	7.010000E+2
1.282439E+3	7.011045E+2
1.282510E+3	7.011965E+2
1.282577E+3	7.012823E+2
1.282645E+3	7.013672E+2
1.282712E+3	7.014557E+2
1.282779E+3	7.015401E+2
1.282846E+3	7.016303E+2
1.282912E+3	7.017180E+2
1.282980E+3	7.018193E+2
1.283047E+3	7.019104E+2
1.283114E+3	7.020493E+2
1.283182E+3	7.021852E+2
1.283249E+3	7.022843E+2
1.283318E+3	7.024110E+2
1.283386E+3	7.025043E+2
1.283456E+3	7.026024E+2
1.283524E+3	7.026994E+2
1.283592E+3	7.027933E+2
1.283660E+3	7.029370E+2
1.283729E+3	7.030976E+2
1.283801E+3	7.032102E+2
1.283866E+3	7.033116E+2
1.283935E+3	7.036377E+2
1.284003E+3	7.037336E+2
1.284068E+3	7.038369E+2
1.284136E+3	7.040916E+2
1.284203E+3	7.041933E+2
1.284271E+3	7.042969E+2
1.284342E+3	7.043973E+2
1.284412E+3	7.045110E+2
1.284479E+3	7.046188E+2
1.284546E+3	7.047281E+2
1.284615E+3	7.048495E+2
1.284685E+3	7.049500E+2
1.284755E+3	7.050653E+2
1.284821E+3	7.051939E+2
1.284891E+3	7.053081E+2
1.284959E+3	7.054143E+2
1.285027E+3	7.055238E+2
1.285099E+3	7.056819E+2
1.285162E+3	7.057759E+2
1.285231E+3	7.058751E+2
1.285296E+3	7.059721E+2
1.285364E+3	7.060727E+2
1.285430E+3	7.061727E+2
1.285498E+3	7.062827E+2
1.285565E+3	7.063826E+2
1.285633E+3	7.064882E+2
1.285700E+3	7.066653E+2
1.285771E+3	7.067759E+2
1.285836E+3	7.068708E+2
1.285908E+3	7.069690E+2
1.285976E+3	7.070682E+2
1.286045E+3	7.071705E+2
1.286112E+3	7.073899E+2
1.286178E+3	7.075162E+2
1.286247E+3	7.076191E+2
1.286315E+3	7.077375E+2
1.286386E+3	7.079692E+2
1.286452E+3	7.080829E+2
1.286521E+3	7.081934E+2
1.286587E+3	7.082996E+2
1.286652E+3	7.084724E+2
1.286720E+3	7.085663E+2
1.286789E+3	7.086801E+2
1.286854E+3	7.087769E+2
1.286922E+3	7.088811E+2
1.286993E+3	7.089743E+2
1.287062E+3	7.090877E+2
1.287131E+3	7.091857E+2
1.287198E+3	7.092800E+2
1.287266E+3	7.093843E+2
1.287334E+3	7.094965E+2
1.287404E+3	7.096028E+2
1.287471E+3	7.097036E+2
1.287538E+3	7.098212E+2
1.287607E+3	7.099358E+2
1.287676E+3	7.100485E+2
1.287745E+3	7.102473E+2
1.287816E+3	7.103547E+2
1.287881E+3	7.104672E+2
1.287950E+3	7.105670E+2
1.288018E+3	7.106765E+2
1.288084E+3	7.108035E+2
1.288151E+3	7.109134E+2
1.288218E+3	7.110307E+2
1.288286E+3	7.111523E+2
1.288358E+3	7.112868E+2
1.288427E+3	7.114281E+2
1.288496E+3	7.115895E+2
1.288566E+3	7.116969E+2
1.288636E+3	7.118038E+2
1.288705E+3	7.119157E+2
1.288770E+3	7.120161E+2
1.288840E+3	7.121246E+2
1.288909E+3	7.122354E+2
1.288977E+3	7.123466E+2
1.289045E+3	7.125387E+2
1.289114E+3	7.127108E+2
1.289185E+3	7.128290E+2
1.289252E+3	7.129393E+2
1.289324E+3	7.130997E+2
1.289394E+3	7.132145E+2
1.289462E+3	7.133262E+2
1.289528E+3	7.134291E+2
1.289595E+3	7.135281E+2
1.289663E+3	7.136404E+2
1.289732E+3	7.137765E+2
1.289798E+3	7.138848E+2
1.289867E+3	7.140144E+2
1.289937E+3	7.141318E+2
1.290007E+3	7.142560E+2
1.290078E+3	7.143957E+2
1.290152E+3	7.146357E+2
1.290221E+3	7.147491E+2
1.290289E+3	7.148679E+2
1.290359E+3	7.149891E+2
1.290427E+3	7.151025E+2
1.290496E+3	7.152116E+2
1.290566E+3	7.153206E+2
1.290635E+3	7.154514E+2
1.290703E+3	7.155724E+2
1.290774E+3	7.156907E+2
1.290840E+3	7.158041E+2
1.290910E+3	7.159189E+2
1.290981E+3	7.160335E+2
1.291050E+3	7.161343E+2
1.291119E+3	7.162431E+2
1.291186E+3	7.163567E+2
1.291252E+3	7.164770E+2
1.291318E+3	7.165811E+2
1.291387E+3	7.167208E+2
1.291454E+3	7.168415E+2
1.291527E+3	7.169772E+2
1.291597E+3	7.170930E+2
1.291661E+3	7.172267E+2
1.291729E+3	7.173398E+2
1.291797E+3	7.174665E+2
1.291864E+3	7.175976E+2
1.291933E+3	7.177100E+2
1.291999E+3	7.178231E+2
1.292067E+3	7.179435E+2
1.292137E+3	7.180933E+2
1.292205E+3	7.182121E+2
1.292274E+3	7.183376E+2
1.292345E+3	7.184550E+2
1.292413E+3	7.185935E+2
1.292480E+3	7.188682E+2
1.292548E+3	7.189821E+2
1.292614E+3	7.190875E+2
1.292683E+3	7.192016E+2
1.292748E+3	7.193064E+2
1.292817E+3	7.194302E+2
1.292884E+3	7.195395E+2
1.292953E+3	7.196788E+2
1.293021E+3	7.197913E+2
1.293089E+3	7.199097E+2
1.293157E+3	7.200338E+2
1.293225E+3	7.201515E+2
1.293293E+3	7.202702E+2
1.293361E+3	7.203811E+2
1.293429E+3	7.205022E+2
1.293495E+3	7.206417E+2
1.293566E+3	7.207509E+2
1.293633E+3	7.208720E+2
1.293699E+3	7.209830E+2
1.293766E+3	7.211042E+2
1.293833E+3	7.212568E+2
1.293905E+3	7.213849E+2
1.293975E+3	7.215182E+2
1.294041E+3	7.216418E+2
1.294109E+3	7.217869E+2
1.294176E+3	7.219301E+2
1.294248E+3	7.220971E+2
1.294319E+3	7.222198E+2
1.294387E+3	7.223733E+2
1.294456E+3	7.225660E+2
1.294524E+3	7.226955E+2
1.294591E+3	7.228114E+2
1.294658E+3	7.230657E+2
1.294727E+3	7.231956E+2
1.294792E+3	7.233222E+2
1.294862E+3	7.234439E+2
1.294929E+3	7.235841E+2
1.294998E+3	7.237118E+2
1.295065E+3	7.238365E+2
1.295133E+3	7.240173E+2
1.295201E+3	7.241431E+2
1.295270E+3	7.242669E+2
1.295338E+3	7.243876E+2
1.295406E+3	7.245147E+2
1.295476E+3	7.246704E+2
1.295544E+3	7.248091E+2
1.295613E+3	7.249203E+2
1.295681E+3	7.250481E+2
1.295748E+3	7.251718E+2
1.295814E+3	7.253002E+2
1.295883E+3	7.254273E+2
1.295953E+3	7.255584E+2
1.296020E+3	7.257035E+2
1.296087E+3	7.258241E+2
1.296155E+3	7.259448E+2
1.296223E+3	7.260764E+2
1.296294E+3	7.262087E+2
1.296361E+3	7.263361E+2
1.296427E+3	7.265011E+2
1.296496E+3	7.266988E+2
1.296563E+3	7.268209E+2
1.296630E+3	7.269397E+2
1.296698E+3	7.270945E+2
1.296768E+3	7.272160E+2
1.296839E+3	7.273680E+2
1.296909E+3	7.275110E+2
1.296977E+3	7.277017E+2
1.297047E+3	7.278859E+2
1.297112E+3	7.280227E+2
1.297180E+3	7.282022E+2
1.297248E+3	7.283304E+2
1.297317E+3	7.284662E+2
1.297382E+3	7.286134E+2
1.297455E+3	7.287409E+2
1.297524E+3	7.289071E+2
1.297592E+3	7.290976E+2
1.297662E+3	7.292898E+2
1.297730E+3	7.294304E+2
1.297797E+3	7.295872E+2
1.297865E+3	7.297233E+2
1.297930E+3	7.298686E+2
1.297998E+3	7.300050E+2
1.298064E+3	7.301487E+2
1.298132E+3	7.303368E+2
1.298203E+3	7.304801E+2
1.298271E+3	7.306040E+2
1.298339E+3	7.307450E+2
1.298407E+3	7.308798E+2
1.298476E+3	7.310223E+2
1.298544E+3	7.311547E+2
1.298610E+3	7.312856E+2
1.298675E+3	7.314411E+2
1.298744E+3	7.315762E+2
1.298811E+3	7.317067E+2
1.298881E+3	7.318533E+2
1.298948E+3	7.320277E+2
1.299017E+3	7.321713E+2
1.299085E+3	7.322993E+2
1.299154E+3	7.324378E+2
1.299221E+3	7.325700E+2
1.299289E+3	7.327188E+2
1.299358E+3	7.328943E+2
1.299425E+3	7.330340E+2
1.299495E+3	7.331777E+2
1.299565E+3	7.333876E+2
1.299637E+3	7.335379E+2
1.299704E+3	7.336714E+2
1.299771E+3	7.338243E+2
1.299839E+3	7.339622E+2
1.299906E+3	7.341017E+2
1.299974E+3	7.342492E+2
1.300045E+3	7.344037E+2
1.300112E+3	7.345680E+2
1.300181E+3	7.347126E+2
1.300252E+3	7.348476E+2
1.300319E+3	7.349966E+2
1.300389E+3	7.351488E+2
1.300456E+3	7.353270E+2
1.300521E+3	7.354774E+2
1.300591E+3	7.356265E+2
1.300657E+3	7.357705E+2
1.300725E+3	7.359279E+2
1.300792E+3	7.361294E+2
1.300861E+3	7.362764E+2
1.300932E+3	7.364294E+2
1.300997E+3	7.365731E+2
1.301066E+3	7.367425E+2
1.301133E+3	7.368947E+2
1.301201E+3	7.370521E+2
1.301270E+3	7.372032E+2
1.301335E+3	7.373468E+2
1.301400E+3	7.375061E+2
1.301472E+3	7.376632E+2
1.301541E+3	7.378200E+2
1.301610E+3	7.380505E+2
1.301680E+3	7.382148E+2
1.301744E+3	7.383652E+2
1.301813E+3	7.385059E+2
1.301882E+3	7.386530E+2
1.301951E+3	7.388565E+2
1.302017E+3	7.390100E+2
1.302085E+3	7.391705E+2
1.302156E+3	7.393255E+2
1.302227E+3	7.394894E+2
1.302293E+3	7.396772E+2
1.302362E+3	7.398240E+2
1.302428E+3	7.400064E+2
1.302497E+3	7.401692E+2
1.302565E+3	7.403259E+2
1.302634E+3	7.405111E+2
1.302702E+3	7.407022E+2
1.302769E+3	7.409532E+2
1.302836E+3	7.410901E+2
1.302905E+3	7.412352E+2
1.302972E+3	7.413915E+2
1.303041E+3	7.415306E+2
1.303108E+3	7.416870E+2
1.303176E+3	7.418417E+2
1.303242E+3	7.420067E+2
1.303306E+3	7.421777E+2
1.303376E+3	7.423335E+2
1.303447E+3	7.425211E+2
1.303517E+3	7.426851E+2
1.303585E+3	7.428414E+2
1.303657E+3	7.430356E+2
1.303728E+3	7.431965E+2
1.303800E+3	7.433565E+2
1.303868E+3	7.435093E+2
1.303936E+3	7.437188E+2
1.304003E+3	7.439121E+2
1.304071E+3	7.440866E+2
1.304136E+3	7.442587E+2
1.304205E+3	7.444553E+2
1.304275E+3	7.446506E+2
1.304340E+3	7.448094E+2
1.304410E+3	7.450463E+2
1.304478E+3	7.452411E+2
1.304546E+3	7.454569E+2
1.304614E+3	7.456437E+2
1.304679E+3	7.458163E+2
1.304748E+3	7.459886E+2
1.304815E+3	7.461750E+2
1.304881E+3	7.464076E+2
1.304951E+3	7.465910E+2
1.305019E+3	7.467989E+2
1.305087E+3	7.470100E+2
1.305157E+3	7.472053E+2
1.305222E+3	7.474060E+2
1.305290E+3	7.475703E+2
1.305358E+3	7.477474E+2
1.305423E+3	7.479642E+2
1.305493E+3	7.482052E+2
1.305559E+3	7.484598E+2
1.305630E+3	7.486585E+2
1.305697E+3	7.488318E+2
1.305763E+3	7.489884E+2
1.305831E+3	7.491886E+2
1.305899E+3	7.493718E+2
1.305968E+3	7.495633E+2
1.306034E+3	7.497227E+2
1.306098E+3	7.498890E+2
1.306169E+3	7.500758E+2
1.306234E+3	7.502222E+2
1.306304E+3	7.504312E+2
1.306370E+3	7.505932E+2
1.306436E+3	7.508314E+2
1.306502E+3	7.510387E+2
1.306571E+3	7.512092E+2
1.306640E+3	7.513984E+2
1.306710E+3	7.519301E+2
1.306778E+3	7.521058E+2
1.306847E+3	7.523280E+2
1.306915E+3	7.525319E+2
1.306986E+3	7.527668E+2
1.307054E+3	7.530999E+2
1.307120E+3	7.533190E+2
1.307190E+3	7.535322E+2
1.307261E+3	7.537380E+2
1.307328E+3	7.540155E+2
1.307396E+3	7.541857E+2
1.307468E+3	7.543855E+2
1.307540E+3	7.545797E+2
1.307605E+3	7.547910E+2
1.307679E+3	7.550923E+2
1.307751E+3	7.553015E+2
1.307821E+3	7.554858E+2
1.307890E+3	7.557058E+2
1.307958E+3	7.558753E+2
1.308025E+3	7.560546E+2
1.308095E+3	7.562651E+2
1.308162E+3	7.564436E+2
1.308228E+3	7.567042E+2
1.308298E+3	7.569434E+2
1.308367E+3	7.571479E+2
1.308435E+3	7.573535E+2
1.308503E+3	7.575756E+2
1.308573E+3	7.577512E+2
1.308638E+3	7.579452E+2
1.308706E+3	7.581406E+2
1.308771E+3	7.583262E+2
1.308840E+3	7.585078E+2
1.308908E+3	7.586958E+2
1.308979E+3	7.589076E+2
1.309047E+3	7.591464E+2
1.309115E+3	7.594160E+2
1.309186E+3	7.598571E+2
1.309256E+3	7.601887E+2
1.309323E+3	7.604711E+2
1.309390E+3	7.606935E+2
1.309459E+3	7.608886E+2
1.309527E+3	7.610923E+2
1.309595E+3	7.613018E+2
1.309666E+3	7.615113E+2
1.309733E+3	7.617108E+2
1.309804E+3	7.619725E+2
1.309872E+3	7.622444E+2
1.309941E+3	7.624932E+2
1.310007E+3	7.627283E+2
1.310074E+3	7.629768E+2
1.310140E+3	7.632669E+2
1.310208E+3	7.634989E+2
1.310277E+3	7.637367E+2
1.310347E+3	7.639701E+2
1.310414E+3	7.643199E+2
1.310484E+3	7.647541E+2
1.310554E+3	7.649691E+2
1.310623E+3	7.652313E+2
1.310691E+3	7.654618E+2
1.310756E+3	7.657270E+2
1.310823E+3	7.660410E+2
1.310890E+3	7.662222E+2
1.310958E+3	7.664015E+2
1.311026E+3	7.666163E+2
1.311097E+3	7.668966E+2
1.311164E+3	7.671312E+2
1.311234E+3	7.675229E+2
1.311302E+3	7.677251E+2
1.311368E+3	7.679687E+2
1.311439E+3	7.682497E+2
1.311507E+3	7.684750E+2
1.311572E+3	7.687228E+2
1.311643E+3	7.690081E+2
1.311710E+3	7.692082E+2
1.311783E+3	7.694533E+2
1.311855E+3	7.696798E+2
1.311923E+3	7.699704E+2
1.311994E+3	7.702003E+2
1.312059E+3	7.703897E+2
1.312128E+3	7.705976E+2
1.312194E+3	7.708322E+2
1.312263E+3	7.710465E+2
1.312331E+3	7.713129E+2
1.312402E+3	7.715254E+2
1.312473E+3	7.717956E+2
1.312541E+3	7.720863E+2
1.312612E+3	7.723487E+2
1.312687E+3	7.726963E+2
1.312757E+3	7.735384E+2
1.312825E+3	7.738093E+2
1.312895E+3	7.740660E+2
1.312963E+3	7.742798E+2
1.313030E+3	7.745263E+2
1.313101E+3	7.747740E+2
1.313168E+3	7.750063E+2
1.313237E+3	7.752750E+2
1.313309E+3	7.755565E+2
1.313379E+3	7.758047E+2
1.313447E+3	7.761317E+2
1.313521E+3	7.763470E+2
1.313589E+3	7.765893E+2
1.313657E+3	7.768412E+2
1.313724E+3	7.771895E+2
1.313792E+3	7.774249E+2
1.313857E+3	7.777527E+2
1.313924E+3	7.779973E+2
1.313992E+3	7.782284E+2
1.314062E+3	7.784859E+2
1.314133E+3	7.788302E+2
1.314201E+3	7.792075E+2
1.314273E+3	7.794828E+2
1.314343E+3	7.797467E+2
1.314409E+3	7.801039E+2
1.314478E+3	7.803594E+2
1.314545E+3	7.806726E+2
1.314614E+3	7.809558E+2
1.314683E+3	7.811988E+2
1.314751E+3	7.814057E+2
1.314820E+3	7.816333E+2
1.314890E+3	7.818842E+2
1.314956E+3	7.821584E+2
1.315027E+3	7.824571E+2
1.315094E+3	7.827799E+2
1.315161E+3	7.830661E+2
1.315227E+3	7.833791E+2
1.315296E+3	7.836254E+2
1.315365E+3	7.838905E+2
1.315433E+3	7.842491E+2
1.315500E+3	7.844899E+2
1.315570E+3	7.847629E+2
1.315639E+3	7.850725E+2
1.315706E+3	7.855281E+2
1.315775E+3	7.857822E+2
1.315841E+3	7.860099E+2
1.315907E+3	7.863244E+2
1.315977E+3	7.870612E+2
1.316043E+3	7.873911E+2
1.316114E+3	7.878130E+2
1.316182E+3	7.890731E+2
1.316249E+3	7.894960E+2
1.316318E+3	7.897697E+2
1.316385E+3	7.900777E+2
1.316454E+3	7.903513E+2
1.316521E+3	7.905972E+2
1.316588E+3	7.908990E+2
1.316655E+3	7.911199E+2
1.316723E+3	7.914187E+2
1.316787E+3	7.917183E+2
1.316854E+3	7.922191E+2
1.316923E+3	7.925264E+2
1.316994E+3	7.927872E+2
1.317065E+3	7.931084E+2
1.317132E+3	7.934267E+2
1.317200E+3	7.937671E+2
1.317271E+3	7.941538E+2
1.317338E+3	7.944564E+2
1.317405E+3	7.948469E+2
1.317477E+3	7.953259E+2
1.317549E+3	7.956259E+2
1.317617E+3	7.960052E+2
1.317689E+3	7.964278E+2
1.317755E+3	7.968489E+2
1.317827E+3	7.971372E+2
1.317894E+3	7.974224E+2
1.317963E+3	7.979457E+2
1.318031E+3	7.982347E+2
1.318101E+3	7.985857E+2
1.318166E+3	7.989252E+2
1.318233E+3	7.993045E+2
1.318300E+3	7.996486E+2
1.318369E+3	7.999021E+2
1.318439E+3	8.001556E+2
1.318505E+3	8.004777E+2
1.318572E+3	8.007153E+2
1.318638E+3	8.009902E+2
1.318706E+3	8.013473E+2
1.318772E+3	8.016338E+2
1.318840E+3	8.021166E+2
1.318911E+3	8.024444E+2
1.318982E+3	8.027675E+2
1.319050E+3	8.031331E+2
1.319120E+3	8.035474E+2
1.319186E+3	8.038186E+2
1.319255E+3	8.041812E+2
1.319322E+3	8.045696E+2
1.319393E+3	8.050533E+2
1.319460E+3	8.054920E+2
1.319530E+3	8.058553E+2
1.319599E+3	8.062493E+2
1.319664E+3	8.065071E+2
1.319736E+3	8.068438E+2
1.319804E+3	8.071481E+2
1.319875E+3	8.074821E+2
1.319947E+3	8.083345E+2
1.320013E+3	8.086246E+2
1.320079E+3	8.091663E+2
1.320146E+3	8.094319E+2
1.320213E+3	8.097115E+2
1.320279E+3	8.099950E+2
1.320345E+3	8.103145E+2
1.320416E+3	8.106041E+2
1.320485E+3	8.110007E+2
1.320555E+3	0.000000E+0
1.320621E+3	8.118051E+2
1.320688E+3	8.125006E+2
1.320758E+3	8.129190E+2
1.320825E+3	8.134163E+2
1.320893E+3	8.138229E+2
1.320960E+3	8.141412E+2
1.321029E+3	8.144274E+2
1.321097E+3	8.147925E+2
1.321168E+3	8.151074E+2
1.321238E+3	8.155190E+2
1.321304E+3	8.159634E+2
1.321372E+3	8.167568E+2
1.321443E+3	8.171750E+2
1.321510E+3	8.175409E+2
1.321578E+3	8.178416E+2
1.321647E+3	8.182129E+2
1.321719E+3	8.185220E+2
1.321784E+3	8.188453E+2
1.321855E+3	8.194329E+2
1.321920E+3	8.198306E+2
1.321989E+3	8.201670E+2
1.322057E+3	8.206495E+2
1.322124E+3	8.214283E+2
1.322193E+3	8.217993E+2
1.322259E+3	8.220367E+2
1.322327E+3	8.223200E+2
1.322396E+3	8.226984E+2
1.322465E+3	8.232659E+2
1.322532E+3	8.237481E+2
1.322602E+3	8.241018E+2
1.322667E+3	8.244930E+2
1.322736E+3	8.248784E+2
1.322803E+3	8.253165E+2
1.322870E+3	8.255663E+2
1.322938E+3	8.258579E+2
1.323007E+3	8.263266E+2
1.323076E+3	8.266594E+2
1.323141E+3	8.270877E+2
1.323212E+3	8.275349E+2
1.323280E+3	8.278203E+2
1.323346E+3	8.281574E+2
1.323414E+3	8.285234E+2
1.323483E+3	8.289168E+2
1.323550E+3	8.293053E+2
1.323616E+3	8.296323E+2
1.323687E+3	8.303098E+2
1.323756E+3	8.311102E+2
1.323826E+3	8.315066E+2
1.323893E+3	8.318449E+2
1.323965E+3	8.321747E+2
1.324036E+3	8.325671E+2
1.324104E+3	8.333674E+2
1.324174E+3	8.336742E+2
1.324240E+3	8.341499E+2
1.324308E+3	8.344742E+2
1.324376E+3	8.347756E+2
1.324445E+3	8.353356E+2
1.324509E+3	8.357506E+2
1.324576E+3	8.361311E+2
1.324645E+3	8.363964E+2
1.324715E+3	8.367097E+2
1.324781E+3	8.370507E+2
1.324847E+3	8.376173E+2
1.324916E+3	8.381786E+2
1.324984E+3	8.387410E+2
1.325054E+3	8.391418E+2
1.325126E+3	8.396212E+2
1.325196E+3	8.404607E+2
1.325266E+3	8.416123E+2
1.325336E+3	8.423827E+2
1.325407E+3	8.429481E+2
1.325475E+3	8.432876E+2
1.325543E+3	8.437624E+2
1.325613E+3	8.441558E+2
1.325678E+3	8.445142E+2
1.325747E+3	8.448447E+2
1.325815E+3	8.456163E+2
1.325883E+3	8.461874E+2
1.325952E+3	8.465418E+2
1.326016E+3	8.478915E+2
1.326088E+3	8.508740E+2
1.326157E+3	8.515534E+2
1.326223E+3	8.518572E+2
1.326291E+3	8.521427E+2
1.326359E+3	8.526299E+2
1.326426E+3	8.532146E+2
1.326492E+3	8.537193E+2
1.326561E+3	8.540946E+2
1.326627E+3	8.547549E+2
1.326697E+3	8.555070E+2
1.326766E+3	8.570470E+2
1.326836E+3	8.582652E+2
1.326902E+3	8.587509E+2
1.326968E+3	8.590510E+2
1.327037E+3	8.594053E+2
1.327106E+3	8.599195E+2
1.327173E+3	8.602385E+2
1.327242E+3	8.606279E+2
1.327306E+3	8.610537E+2
1.327376E+3	8.613969E+2
1.327443E+3	8.617935E+2
1.327509E+3	8.625189E+2
1.327577E+3	8.640860E+2
1.327646E+3	8.643955E+2
1.327715E+3	8.647721E+2
1.327783E+3	8.650971E+2
1.327849E+3	8.656079E+2
1.327918E+3	8.662612E+2
1.327986E+3	8.665696E+2
1.328054E+3	8.669545E+2
1.328119E+3	8.675586E+2
1.328188E+3	8.681813E+2
1.328257E+3	8.688514E+2
1.328324E+3	8.693376E+2
1.328393E+3	8.699261E+2
1.328462E+3	8.704584E+2
1.328532E+3	8.709024E+2
1.328599E+3	8.714791E+2
1.328669E+3	8.720684E+2
1.328738E+3	8.724515E+2
1.328809E+3	8.728242E+2
1.328880E+3	8.733983E+2
1.328948E+3	0.000000E+0
1.329015E+3	8.759417E+2
1.329084E+3	8.762537E+2
1.329152E+3	8.768730E+2
1.329221E+3	8.772958E+2
1.329290E+3	8.781411E+2
1.329357E+3	8.786507E+2
1.329426E+3	8.791641E+2
1.329497E+3	8.795853E+2
1.329565E+3	8.800916E+2
1.329636E+3	8.808226E+2
1.329702E+3	8.812022E+2
1.329771E+3	8.816812E+2
1.329837E+3	8.819700E+2
1.329902E+3	8.823531E+2
1.329969E+3	8.828143E+2
1.330040E+3	8.832646E+2
1.330108E+3	8.837223E+2
1.330176E+3	8.840830E+2
1.330245E+3	8.848597E+2
1.330311E+3	8.853838E+2
1.330377E+3	8.866507E+2
1.330441E+3	8.870847E+2
1.330507E+3	8.877781E+2
1.330575E+3	8.890610E+2
1.330641E+3	8.901554E+2
1.330710E+3	8.906864E+2
1.330777E+3	8.912201E+2
1.330843E+3	8.917996E+2
1.330910E+3	8.921709E+2
1.330978E+3	8.929298E+2
1.331047E+3	8.932856E+2
1.331115E+3	8.936941E+2
1.331184E+3	8.939787E+2
1.331254E+3	8.946133E+2
1.331321E+3	8.949624E+2
1.331389E+3	8.952605E+2
1.331454E+3	8.956863E+2
1.331522E+3	8.962405E+2
1.331588E+3	8.966928E+2
1.331656E+3	8.974355E+2
1.331723E+3	9.000752E+2
1.331790E+3	9.005145E+2
1.331856E+3	9.008668E+2
1.331925E+3	9.013497E+2
1.331991E+3	9.021957E+2
1.332060E+3	9.029033E+2
1.332128E+3	9.033336E+2
1.332194E+3	9.044787E+2
1.332265E+3	9.053993E+2
1.332331E+3	9.059269E+2
1.332398E+3	9.065592E+2
1.332467E+3	9.071710E+2
1.332532E+3	9.076096E+2
1.332603E+3	9.079482E+2
1.332670E+3	9.083681E+2
1.332739E+3	9.088036E+2
1.332807E+3	9.095507E+2
1.332873E+3	9.105535E+2
1.332938E+3	9.111802E+2
1.333005E+3	9.114877E+2
1.333074E+3	9.118686E+2
1.333145E+3	9.123895E+2
1.333213E+3	9.128367E+2
1.333284E+3	9.139730E+2
1.333349E+3	9.146659E+2
1.333415E+3	9.151006E+2
1.333483E+3	9.153860E+2
1.333553E+3	9.159854E+2
1.333621E+3	9.163989E+2
1.333690E+3	9.166607E+2
1.333756E+3	9.169977E+2
1.333827E+3	9.175024E+2
1.333892E+3	9.184193E+2
1.333964E+3	9.189604E+2
1.334034E+3	9.193182E+2
1.334103E+3	9.200662E+2
1.334169E+3	9.208335E+2
1.334236E+3	9.212683E+2
1.334303E+3	9.219226E+2
1.334369E+3	9.226981E+2
1.334439E+3	9.230147E+2
1.334505E+3	9.233013E+2
1.334573E+3	9.236147E+2
1.334644E+3	9.242740E+2
1.334715E+3	9.247568E+2
1.334784E+3	9.251223E+2
1.334852E+3	9.256591E+2
1.334918E+3	9.260340E+2
1.334983E+3	9.265716E+2
1.335052E+3	9.269127E+2
1.335119E+3	9.272825E+2
1.335191E+3	9.286528E+2
1.335258E+3	9.292256E+2
1.335328E+3	9.296789E+2
1.335398E+3	9.301831E+2
1.335465E+3	9.306169E+2
1.335534E+3	9.314203E+2
1.335604E+3	9.320942E+2
1.335674E+3	9.327725E+2
1.335743E+3	9.345364E+2
1.335812E+3	9.371426E+2
1.335880E+3	9.382938E+2
1.335947E+3	9.385928E+2
1.336017E+3	9.389324E+2
1.336084E+3	9.392341E+2
1.336154E+3	9.395370E+2
1.336225E+3	9.398213E+2
1.336293E+3	9.401871E+2
1.336360E+3	9.411489E+2
1.336429E+3	9.424430E+2
1.336496E+3	9.428440E+2
1.336564E+3	9.458657E+2
1.336632E+3	9.464294E+2
1.336698E+3	9.468207E+2
1.336773E+3	9.473581E+2
1.336841E+3	9.477647E+2
1.336910E+3	9.480443E+2
1.336979E+3	9.483371E+2
1.337046E+3	9.487857E+2
1.337111E+3	9.497849E+2
1.337179E+3	9.503183E+2
1.337245E+3	9.506823E+2
1.337314E+3	9.509582E+2
1.337380E+3	9.513063E+2
1.337449E+3	9.517397E+2
1.337516E+3	9.521740E+2
1.337582E+3	9.524687E+2
1.337649E+3	9.530614E+2
1.337718E+3	9.535753E+2
1.337787E+3	9.541012E+2
1.337855E+3	9.545282E+2
1.337921E+3	9.550398E+2
1.337990E+3	9.601044E+2
1.338058E+3	9.606065E+2
1.338127E+3	9.617900E+2
1.338198E+3	9.620895E+2
1.338266E+3	9.625935E+2
1.338334E+3	9.632077E+2
1.338399E+3	9.647207E+2
1.338467E+3	9.651790E+2
1.338534E+3	9.657705E+2
1.338604E+3	9.665214E+2
1.338670E+3	9.699605E+2
1.338742E+3	9.715662E+2
1.338809E+3	9.719178E+2
1.338882E+3	9.726582E+2
1.338955E+3	9.741610E+2
1.339025E+3	9.744787E+2
1.339091E+3	9.748045E+2
1.339160E+3	9.753272E+2
1.339225E+3	9.760879E+2
1.339294E+3	9.771260E+2
1.339364E+3	9.776033E+2
1.339432E+3	9.780739E+2
1.339498E+3	9.783975E+2
1.339563E+3	9.786674E+2
1.339627E+3	9.789484E+2
1.339695E+3	9.792014E+2
1.339762E+3	9.794615E+2
1.339825E+3	9.809167E+2
1.339891E+3	9.812175E+2
1.339960E+3	9.817105E+2
1.340027E+3	9.821267E+2
1.340094E+3	9.826915E+2
1.340160E+3	9.833613E+2
1.340226E+3	9.837329E+2
1.340292E+3	9.842137E+2
1.340359E+3	9.846658E+2
1.340428E+3	9.855617E+2
1.340496E+3	9.861452E+2
1.340562E+3	9.867217E+2
1.340632E+3	9.878795E+2
1.340702E+3	9.883674E+2
1.340770E+3	9.886684E+2
1.340839E+3	9.892088E+2
1.340907E+3	9.894821E+2
1.340969E+3	9.898622E+2
1.341035E+3	9.901594E+2
1.341105E+3	9.905444E+2
1.341172E+3	9.909496E+2
1.341240E+3	9.913475E+2
1.341309E+3	9.916700E+2
1.341378E+3	9.921916E+2
1.341443E+3	9.928322E+2
1.341510E+3	9.933245E+2
1.341578E+3	9.939101E+2
1.341647E+3	9.944904E+2
1.341718E+3	9.948418E+2
1.341786E+3	9.951907E+2
1.341855E+3	9.958959E+2
1.341925E+3	9.962748E+2
1.341995E+3	9.966274E+2
1.342065E+3	9.970763E+2
1.342133E+3	9.977791E+2
1.342201E+3	1.000981E+3
1.342272E+3	1.001265E+3
1.342336E+3	1.001573E+3
1.342401E+3	1.002560E+3
1.342469E+3	1.002844E+3
1.342535E+3	1.003524E+3
1.342603E+3	1.003871E+3
1.342672E+3	1.004393E+3
1.342739E+3	1.005262E+3
1.342808E+3	1.005749E+3
1.342875E+3	1.005953E+3
1.342941E+3	1.006564E+3
1.343008E+3	1.006828E+3
1.343075E+3	1.007222E+3
1.343144E+3	1.007570E+3
1.343211E+3	1.009028E+3
1.343280E+3	1.009380E+3
1.343349E+3	1.010143E+3
1.343418E+3	1.010419E+3
1.343484E+3	1.010710E+3
1.343548E+3	1.011289E+3
1.343618E+3	1.011831E+3
1.343687E+3	1.012753E+3
1.343754E+3	1.013522E+3
1.343822E+3	1.013896E+3
1.343886E+3	1.014281E+3
1.343957E+3	1.015470E+3
1.344024E+3	1.016468E+3
1.344090E+3	1.016988E+3
1.344156E+3	1.019137E+3
1.344222E+3	1.019513E+3
1.344291E+3	1.020241E+3
1.344361E+3	1.020863E+3
1.344427E+3	1.023866E+3
1.344495E+3	1.024356E+3
1.344563E+3	1.024665E+3
1.344632E+3	1.024912E+3
1.344699E+3	1.025194E+3
1.344766E+3	1.026940E+3
1.344832E+3	1.027245E+3
1.344900E+3	1.028255E+3
1.344969E+3	1.031140E+3
1.345036E+3	1.032126E+3
1.345104E+3	1.032206E+3
1.345175E+3	1.032600E+3
1.345244E+3	1.032794E+3
1.345310E+3	1.034857E+3
1.345376E+3	1.035212E+3
1.345444E+3	1.035809E+3
1.345511E+3	1.036291E+3
1.345579E+3	1.036300E+3
1.345645E+3	1.037021E+3
1.345711E+3	1.037188E+3
1.345776E+3	1.037809E+3
1.345843E+3	1.040445E+3
1.345912E+3	1.042932E+3
1.345980E+3	1.042524E+3
1.346048E+3	1.042790E+3
1.346117E+3	1.046900E+3
1.346183E+3	1.047166E+3
1.346252E+3	1.048794E+3
1.346319E+3	1.050532E+3
1.346387E+3	1.050769E+3
1.346452E+3	1.051001E+3
1.346518E+3	1.051281E+3
1.346587E+3	1.051511E+3
1.346654E+3	1.051744E+3
1.346722E+3	1.051966E+3
1.346789E+3	1.052218E+3
1.346857E+3	1.052607E+3
1.346928E+3	1.053500E+3
1.346993E+3	1.054453E+3
1.347063E+3	1.054886E+3
1.347129E+3	1.057599E+3
1.347195E+3	1.058271E+3
1.347262E+3	1.060530E+3
1.347329E+3	1.060844E+3
1.347397E+3	1.061101E+3
1.347464E+3	1.061741E+3
1.347532E+3	1.062081E+3
1.347601E+3	1.062633E+3
1.347667E+3	1.070149E+3
1.347735E+3	1.070428E+3
1.347803E+3	1.070844E+3
1.347870E+3	1.071122E+3
1.347939E+3	1.071420E+3
1.348008E+3	1.071618E+3
1.348075E+3	1.071956E+3
1.348144E+3	1.072227E+3
1.348209E+3	1.072402E+3
1.348278E+3	1.073104E+3
1.348347E+3	1.073366E+3
1.348416E+3	1.073619E+3
1.348483E+3	1.073802E+3
1.348549E+3	1.074040E+3
1.348619E+3	1.074385E+3
1.348689E+3	1.074659E+3
1.348755E+3	1.074881E+3
1.348824E+3	1.075225E+3
1.348891E+3	1.075630E+3
1.348962E+3	1.076027E+3
1.349032E+3	1.076243E+3
1.349102E+3	1.076464E+3
1.349167E+3	1.076795E+3
1.349236E+3	1.077051E+3
1.349303E+3	1.077453E+3
1.349369E+3	1.077731E+3
1.349438E+3	1.077951E+3
1.349505E+3	1.078198E+3
1.349574E+3	1.078496E+3
1.349639E+3	1.079687E+3
1.349708E+3	1.079976E+3
1.349773E+3	1.080284E+3
1.349843E+3	1.080569E+3
1.349909E+3	1.080857E+3
1.349977E+3	1.081081E+3
1.350042E+3	1.081457E+3
1.350112E+3	1.081957E+3
1.350180E+3	1.082341E+3
1.350251E+3	1.082720E+3
1.350318E+3	1.083070E+3
1.350384E+3	1.083353E+3
1.350448E+3	1.083708E+3
1.350515E+3	1.084221E+3
1.350582E+3	1.084722E+3
1.350652E+3	1.085148E+3
1.350723E+3	1.085821E+3
1.350792E+3	1.086146E+3
1.350859E+3	1.086370E+3
1.350927E+3	1.087018E+3
1.350997E+3	1.087365E+3
1.351061E+3	1.087664E+3
1.351128E+3	1.088214E+3
1.351197E+3	1.088597E+3
1.351266E+3	1.089052E+3
1.351334E+3	1.089469E+3
1.351406E+3	1.089858E+3
1.351479E+3	1.095452E+3
1.351549E+3	1.095692E+3
1.351619E+3	1.096415E+3
1.351686E+3	1.096720E+3
1.351753E+3	1.097337E+3
1.351823E+3	1.097896E+3
1.351892E+3	1.098259E+3
1.351959E+3	1.098901E+3
1.352028E+3	1.099159E+3
1.352095E+3	1.099516E+3
1.352161E+3	1.101949E+3
1.352229E+3	1.102269E+3
1.352297E+3	1.102526E+3
1.352364E+3	1.102909E+3
1.352433E+3	1.103111E+3
1.352501E+3	1.103365E+3
1.352568E+3	1.103864E+3
1.352635E+3	1.104247E+3
1.352701E+3	1.104636E+3
1.352768E+3	1.105163E+3
1.352836E+3	1.105438E+3
1.352903E+3	1.106298E+3
1.352972E+3	1.106721E+3
1.353043E+3	1.107020E+3
1.353109E+3	1.107304E+3
1.353176E+3	1.107628E+3
1.353244E+3	1.108214E+3
1.353312E+3	1.108590E+3
1.353380E+3	1.109042E+3
1.353449E+3	1.109649E+3
1.353515E+3	1.110645E+3
1.353585E+3	1.110882E+3
1.353651E+3	1.111138E+3
1.353717E+3	1.111412E+3
1.353786E+3	1.111649E+3
1.353851E+3	1.112089E+3
1.353921E+3	1.112392E+3
1.353987E+3	1.112644E+3
1.354054E+3	1.113184E+3
1.354124E+3	1.117648E+3
1.354191E+3	1.117961E+3
1.354261E+3	1.119575E+3
1.354330E+3	1.120769E+3
1.354398E+3	1.120248E+3
1.354463E+3	1.121719E+3
1.354532E+3	1.121469E+3
1.354600E+3	1.122923E+3
1.354666E+3	1.121524E+3
1.354737E+3	1.122096E+3
1.354807E+3	1.124093E+3
1.354877E+3	1.122884E+3
1.354943E+3	1.125743E+3
1.355012E+3	1.122473E+3
1.355082E+3	1.124418E+3
1.355152E+3	1.124332E+3
1.355219E+3	1.124659E+3
1.355286E+3	1.124049E+3
1.355355E+3	1.124034E+3
1.355422E+3	1.134751E+3
1.355490E+3	1.135293E+3
1.355558E+3	1.135664E+3
1.355630E+3	1.135875E+3
1.355698E+3	1.136181E+3
1.355764E+3	1.136553E+3
1.355829E+3	1.136962E+3
1.355895E+3	1.137401E+3
1.355964E+3	1.138013E+3
1.356033E+3	1.138647E+3
1.356100E+3	1.138984E+3
1.356169E+3	1.139865E+3
1.356236E+3	1.140320E+3
1.356306E+3	1.140762E+3
1.356378E+3	1.141523E+3
1.356446E+3	1.142111E+3
1.356514E+3	1.144461E+3
1.356583E+3	1.145272E+3
1.356650E+3	1.145643E+3
1.356718E+3	1.146101E+3
1.356787E+3	1.147552E+3
1.356856E+3	1.148206E+3
1.356924E+3	1.148531E+3
1.356990E+3	1.148907E+3
1.357060E+3	1.149216E+3
1.357131E+3	1.149542E+3
1.357201E+3	1.149915E+3
1.357269E+3	1.150389E+3
1.357335E+3	1.151509E+3
1.357404E+3	1.152031E+3
1.357470E+3	1.152813E+3
1.357538E+3	1.153269E+3
1.357607E+3	1.153814E+3
1.357677E+3	1.154172E+3
1.357748E+3	1.154560E+3
1.357819E+3	1.155009E+3
1.357889E+3	1.155617E+3
1.357958E+3	1.156318E+3
1.358027E+3	1.157335E+3
1.358094E+3	1.157932E+3
1.358161E+3	1.158455E+3
1.358231E+3	1.159029E+3
1.358298E+3	1.159891E+3
1.358367E+3	1.160534E+3
1.358439E+3	1.160821E+3
1.358503E+3	1.161104E+3
1.358575E+3	1.162269E+3
1.358644E+3	1.162948E+3
1.358711E+3	1.163279E+3
1.358778E+3	1.164002E+3
1.358848E+3	1.165342E+3
1.358918E+3	1.165596E+3
1.358983E+3	1.165908E+3
1.359048E+3	1.166153E+3
1.359117E+3	1.166482E+3
1.359184E+3	1.166787E+3
1.359254E+3	1.167225E+3
1.359320E+3	1.167509E+3
1.359388E+3	1.167999E+3
1.359455E+3	1.168304E+3
1.359521E+3	1.168739E+3
1.359588E+3	1.169370E+3
1.359660E+3	1.171475E+3
1.359728E+3	1.172434E+3
1.359800E+3	1.172800E+3
1.359872E+3	1.173159E+3
1.359939E+3	1.173765E+3
1.360010E+3	1.174558E+3
1.360079E+3	1.175222E+3
1.360148E+3	1.175734E+3
1.360217E+3	1.176094E+3
1.360284E+3	1.176500E+3
1.360352E+3	1.177415E+3
1.360419E+3	1.178050E+3
1.360487E+3	1.178677E+3
1.360555E+3	1.179558E+3
1.360625E+3	1.179908E+3
1.360693E+3	1.180744E+3
1.360760E+3	1.181687E+3
1.360829E+3	1.182501E+3
1.360897E+3	1.182864E+3
1.360966E+3	1.183406E+3
1.361035E+3	1.184504E+3
1.361103E+3	1.185416E+3
1.361173E+3	1.185727E+3
1.361243E+3	1.186157E+3
1.361312E+3	1.186652E+3
1.361381E+3	1.187096E+3
1.361453E+3	1.187594E+3
1.361522E+3	1.188462E+3
1.361590E+3	1.188995E+3
1.361659E+3	1.189725E+3
1.361727E+3	1.190623E+3
1.361792E+3	1.192039E+3
1.361860E+3	1.192531E+3
1.361930E+3	1.193297E+3
1.361997E+3	1.194163E+3
1.362065E+3	1.195248E+3
1.362132E+3	1.196375E+3
1.362202E+3	1.196837E+3
1.362271E+3	1.197235E+3
1.362338E+3	1.197529E+3
1.362406E+3	1.198030E+3
1.362475E+3	1.198616E+3
1.362542E+3	1.199112E+3
1.362633E+3	1.199719E+3
1.362702E+3	1.200620E+3
1.362770E+3	1.205245E+3
1.362838E+3	1.205583E+3
1.362907E+3	1.205959E+3
1.362976E+3	1.206503E+3
1.363042E+3	1.207564E+3
1.363111E+3	1.208097E+3
1.363178E+3	1.208399E+3
1.363244E+3	1.208740E+3
1.363311E+3	1.209238E+3
1.363378E+3	1.210329E+3
1.363446E+3	1.211235E+3
1.363516E+3	1.213423E+3
1.363582E+3	1.214155E+3
1.363654E+3	1.214727E+3
1.363721E+3	1.218545E+3
1.363793E+3	1.219663E+3
1.363865E+3	1.220248E+3
1.363933E+3	1.223216E+3
1.364001E+3	1.223600E+3
1.364069E+3	1.224283E+3
1.364137E+3	1.224717E+3
1.364206E+3	1.225046E+3
1.364275E+3	1.225369E+3
1.364345E+3	1.225775E+3
1.364410E+3	1.226334E+3
1.364482E+3	1.227613E+3
1.364550E+3	1.228108E+3
1.364617E+3	1.228532E+3
1.364685E+3	1.229026E+3
1.364756E+3	1.229492E+3
1.364823E+3	1.231471E+3
1.364891E+3	1.232456E+3
1.364960E+3	1.233245E+3
1.365025E+3	1.233553E+3
1.365097E+3	1.235504E+3
1.365164E+3	1.237068E+3
1.365236E+3	1.237453E+3
1.365307E+3	1.237910E+3
1.365374E+3	1.238756E+3
1.365443E+3	1.239466E+3
1.365508E+3	1.240336E+3
1.365576E+3	1.248018E+3
1.365642E+3	1.248580E+3
1.365708E+3	1.248962E+3
1.365780E+3	1.249987E+3
1.365846E+3	1.250653E+3
1.365917E+3	1.251289E+3
1.365989E+3	1.251893E+3
1.366054E+3	1.252574E+3
1.366123E+3	1.255077E+3
1.366190E+3	1.256152E+3
1.366255E+3	1.256685E+3
1.366325E+3	1.258550E+3
1.366396E+3	1.259660E+3
1.366463E+3	1.260020E+3
1.366533E+3	1.261229E+3
1.366605E+3	1.262295E+3
1.366672E+3	1.262739E+3
1.366740E+3	1.263122E+3
1.366809E+3	1.263608E+3
1.366878E+3	1.264043E+3
1.366947E+3	1.264904E+3
1.367015E+3	1.269744E+3
1.367084E+3	1.272906E+3
1.367152E+3	1.273494E+3
1.367223E+3	1.274100E+3
1.367292E+3	1.277163E+3
1.367361E+3	1.277768E+3
1.367432E+3	1.278827E+3
1.367498E+3	1.279486E+3
1.367564E+3	1.279881E+3
1.367630E+3	1.280554E+3
1.367698E+3	1.281150E+3
1.367767E+3	1.281795E+3
1.367836E+3	1.283245E+3
1.367905E+3	1.284714E+3
1.367976E+3	1.286752E+3
1.368044E+3	1.287183E+3
1.368115E+3	1.287615E+3
1.368187E+3	1.288363E+3
1.368253E+3	1.288862E+3
1.368319E+3	1.289976E+3
1.368385E+3	1.290981E+3
1.368454E+3	1.291846E+3
1.368521E+3	1.292241E+3
1.368590E+3	1.292853E+3
1.368655E+3	1.293620E+3
1.368727E+3	1.294448E+3
1.368793E+3	1.300180E+3
1.368860E+3	1.301131E+3
1.368927E+3	1.301567E+3
1.368993E+3	1.302450E+3
1.369058E+3	1.303242E+3
1.369122E+3	1.303704E+3
1.369191E+3	1.304469E+3
1.369256E+3	1.306161E+3
1.369326E+3	1.310013E+3
1.369391E+3	1.310535E+3
1.369460E+3	1.311915E+3
1.369528E+3	1.312599E+3
1.369598E+3	1.312997E+3
1.369664E+3	1.313514E+3
1.369736E+3	1.314141E+3
1.369805E+3	1.317022E+3
1.369875E+3	1.319628E+3
1.369943E+3	1.321047E+3
1.370012E+3	1.334752E+3
1.370083E+3	1.335297E+3
1.370154E+3	1.335897E+3
1.370221E+3	1.336385E+3
1.370288E+3	1.337367E+3
1.370356E+3	1.338250E+3
1.370423E+3	1.348089E+3
1.370494E+3	1.350016E+3
1.370560E+3	1.351202E+3
1.370628E+3	1.352926E+3
1.370698E+3	1.353833E+3
1.370767E+3	1.354476E+3
1.370839E+3	1.355207E+3
1.370910E+3	1.355832E+3
1.370977E+3	1.356913E+3
1.371044E+3	1.357597E+3
1.371113E+3	1.358338E+3
1.371181E+3	1.359942E+3
1.371249E+3	1.365032E+3
1.371317E+3	1.365949E+3
1.371383E+3	1.366761E+3
1.371454E+3	1.367259E+3
1.371522E+3	1.367990E+3
1.371592E+3	1.369349E+3
1.371662E+3	1.370522E+3
1.371730E+3	1.372123E+3
1.371798E+3	1.379782E+3
1.371867E+3	1.382538E+3
1.371933E+3	1.383679E+3
1.372001E+3	1.384631E+3
1.372072E+3	1.385764E+3
1.372141E+3	1.388703E+3
1.372206E+3	1.389767E+3
1.372277E+3	1.390581E+3
1.372344E+3	1.391720E+3
1.372411E+3	1.392363E+3
1.372479E+3	1.393076E+3
1.372548E+3	1.393947E+3
1.372616E+3	1.394570E+3
1.372684E+3	1.396069E+3
1.372753E+3	1.397276E+3
1.372821E+3	1.402879E+3
1.372889E+3	1.403805E+3
1.372959E+3	1.404600E+3
1.373028E+3	1.408614E+3
1.373093E+3	1.410164E+3
1.373159E+3	1.412277E+3
1.373227E+3	1.412792E+3
1.373295E+3	1.413298E+3
1.373365E+3	1.414590E+3
1.373432E+3	1.415223E+3
1.373502E+3	1.416103E+3
1.373572E+3	1.416704E+3
1.373639E+3	1.418352E+3
1.373705E+3	1.420193E+3
1.373772E+3	1.420873E+3
1.373839E+3	1.421458E+3
1.373903E+3	1.422095E+3
1.373974E+3	1.423241E+3
1.374043E+3	1.427655E+3
1.374109E+3	1.429326E+3
1.374178E+3	1.429990E+3
1.374248E+3	1.430786E+3
1.374317E+3	1.432155E+3
1.374385E+3	1.433427E+3
1.374451E+3	1.434987E+3
1.374521E+3	1.436601E+3
1.374587E+3	1.455704E+3
1.374657E+3	1.462072E+3
1.374723E+3	1.463329E+3
1.374794E+3	1.466149E+3
1.374863E+3	1.466728E+3
1.374933E+3	1.468280E+3
1.375000E+3	1.469928E+3
1.375068E+3	1.471658E+3
1.375135E+3	1.474414E+3
1.375204E+3	1.475493E+3
1.375272E+3	1.477270E+3
1.375341E+3	1.479218E+3
1.375411E+3	1.485617E+3
1.375479E+3	1.487109E+3
1.375549E+3	1.488131E+3
1.375617E+3	1.489202E+3
1.375685E+3	1.489820E+3
1.375751E+3	1.490476E+3
1.375819E+3	1.491121E+3
1.375885E+3	1.494043E+3
1.375950E+3	1.494827E+3
1.376017E+3	1.495537E+3
1.376086E+3	1.496344E+3
1.376157E+3	1.497323E+3
1.376226E+3	1.498435E+3
1.376293E+3	1.499751E+3
1.376361E+3	1.500552E+3
1.376428E+3	1.501689E+3
1.376494E+3	1.503217E+3
1.376562E+3	1.504730E+3
1.376633E+3	1.505699E+3
1.376700E+3	1.506838E+3
1.376771E+3	1.507946E+3
1.376838E+3	1.510103E+3
1.376907E+3	1.514408E+3
1.376974E+3	1.530402E+3
1.377040E+3	1.532978E+3
1.377109E+3	1.534931E+3
1.377177E+3	1.536362E+3
1.377245E+3	1.537262E+3
1.377313E+3	1.538345E+3
1.377383E+3	1.539297E+3
1.377453E+3	1.540759E+3
1.377524E+3	1.542978E+3
1.377593E+3	1.544032E+3
1.377659E+3	1.545061E+3
1.377727E+3	1.578081E+3
1.377794E+3	1.579460E+3
1.377862E+3	1.582850E+3
1.377928E+3	1.583899E+3
1.377995E+3	1.585210E+3
1.378065E+3	1.588613E+3
1.378132E+3	1.596934E+3
1.378200E+3	1.598330E+3
1.378266E+3	1.599367E+3
1.378332E+3	1.601042E+3
1.378398E+3	1.602300E+3
1.378467E+3	1.603820E+3
1.378536E+3	1.605848E+3
1.378603E+3	1.606730E+3
1.378674E+3	1.607643E+3
1.378744E+3	1.608527E+3
1.378809E+3	1.609466E+3
1.378878E+3	1.610166E+3
1.378947E+3	1.610836E+3
1.379016E+3	1.611784E+3
1.379084E+3	1.612940E+3
1.379152E+3	1.614128E+3
1.379220E+3	1.615251E+3
1.379288E+3	1.616988E+3
1.379359E+3	1.617869E+3
1.379427E+3	1.618855E+3
1.379492E+3	1.620381E+3
1.379563E+3	1.621202E+3
1.379632E+3	1.622070E+3
1.379700E+3	1.623187E+3
1.379769E+3	1.624209E+3
1.379834E+3	1.625214E+3
1.379902E+3	1.626561E+3
1.379971E+3	1.629209E+3
1.380037E+3	1.630868E+3
1.380109E+3	1.632105E+3
1.380179E+3	1.634026E+3
1.380249E+3	1.637790E+3
1.380318E+3	1.641027E+3
1.380387E+3	1.644260E+3
1.380455E+3	1.646750E+3
1.380521E+3	1.653475E+3
1.380588E+3	1.656409E+3
1.380658E+3	1.709320E+3
1.380728E+3	1.714323E+3
1.380798E+3	1.716385E+3
1.380867E+3	1.717567E+3
1.380935E+3	1.719877E+3
1.381005E+3	1.721344E+3
1.381071E+3	1.722172E+3
1.381139E+3	1.722920E+3
1.381208E+3	1.725294E+3
1.381274E+3	1.726595E+3
1.381339E+3	1.727847E+3
1.381408E+3	1.729079E+3
1.381474E+3	1.731198E+3
1.381545E+3	1.733997E+3
1.381616E+3	1.736227E+3
1.381682E+3	1.738226E+3
1.381751E+3	1.739505E+3
1.381819E+3	1.740604E+3
1.381884E+3	1.742214E+3
1.381951E+3	1.743703E+3
1.382018E+3	0.000000E+0
1.382088E+3	1.746424E+3
1.382157E+3	1.748387E+3
1.382226E+3	1.749771E+3
1.382296E+3	1.751376E+3
1.382363E+3	1.752485E+3
1.382431E+3	1.753490E+3
1.382500E+3	1.755010E+3
1.382566E+3	1.756346E+3
1.382630E+3	1.757739E+3
1.382699E+3	1.759105E+3
1.382768E+3	1.759986E+3
1.382840E+3	1.761311E+3
1.382908E+3	1.762583E+3
1.382974E+3	1.766226E+3
1.383043E+3	1.768291E+3
1.383111E+3	1.769684E+3
1.383179E+3	1.780666E+3
1.383246E+3	1.781780E+3
1.383314E+3	1.783228E+3
1.383383E+3	1.786164E+3
1.383456E+3	1.787991E+3
1.383525E+3	1.792119E+3
1.383592E+3	1.795956E+3
1.383660E+3	1.807449E+3
1.383728E+3	1.836730E+3
1.383794E+3	1.838328E+3
1.383860E+3	1.839289E+3
1.383928E+3	1.841161E+3
1.383997E+3	1.843158E+3
1.384066E+3	1.844581E+3
1.384135E+3	1.846970E+3
1.384203E+3	1.852911E+3
1.384272E+3	1.857632E+3
1.384342E+3	1.860799E+3
1.384408E+3	1.864360E+3
1.384474E+3	1.867912E+3
1.384542E+3	1.870670E+3
1.384608E+3	1.872074E+3
1.384677E+3	1.874489E+3
1.384744E+3	1.886002E+3
1.384811E+3	1.893680E+3
1.384880E+3	1.898505E+3
1.384946E+3	1.901888E+3
1.385015E+3	1.906014E+3
1.385083E+3	1.909277E+3
1.385150E+3	1.912712E+3
1.385219E+3	1.913803E+3
1.385287E+3	1.914961E+3
1.385355E+3	1.918666E+3
1.385424E+3	1.922213E+3
1.385498E+3	1.924802E+3
1.385567E+3	1.927478E+3
1.385634E+3	1.928743E+3
1.385704E+3	1.931484E+3
1.385771E+3	1.933555E+3
1.385839E+3	1.937172E+3
1.385906E+3	1.940259E+3
1.385975E+3	1.942117E+3
1.386044E+3	1.946600E+3
1.386112E+3	1.952757E+3
1.386182E+3	1.960370E+3
1.386252E+3	0.000000E+0
1.386320E+3	1.980089E+3
1.386386E+3	1.983399E+3
1.386456E+3	1.991983E+3
1.386525E+3	1.993955E+3
1.386592E+3	1.995462E+3
1.386663E+3	1.997135E+3
1.386732E+3	1.999125E+3
1.386799E+3	2.001761E+3
1.386864E+3	2.004352E+3
1.386934E+3	2.006809E+3
1.387004E+3	2.012548E+3
1.387068E+3	2.021338E+3
1.387137E+3	2.025468E+3
1.387205E+3	2.121157E+3
1.387270E+3	2.127463E+3
1.387339E+3	2.130171E+3
1.387406E+3	2.134838E+3
1.387473E+3	0.000000E+0
1.387538E+3	2.139186E+3
1.387610E+3	2.148560E+3
1.387676E+3	2.160848E+3
1.387746E+3	2.164488E+3
1.387816E+3	2.167363E+3
1.387885E+3	2.171336E+3
1.387954E+3	2.174431E+3
1.388020E+3	2.180135E+3
1.388091E+3	2.192395E+3
1.388156E+3	2.194595E+3
1.388223E+3	2.207773E+3
1.388294E+3	2.227685E+3
1.388357E+3	2.232543E+3
1.388428E+3	2.234783E+3
1.388499E+3	2.236339E+3
1.388568E+3	2.238629E+3
1.388635E+3	2.239536E+3
1.388702E+3	2.240758E+3
1.388774E+3	2.242285E+3
1.388840E+3	2.244237E+3
1.388908E+3	2.248933E+3
1.388975E+3	2.264321E+3
1.389047E+3	2.269143E+3
1.389117E+3	2.270540E+3
1.389185E+3	2.291971E+3
1.389255E+3	2.301577E+3
1.389321E+3	2.303896E+3
1.389387E+3	2.305550E+3
1.389455E+3	2.306690E+3
1.389521E+3	2.307800E+3
1.389590E+3	2.309590E+3
1.389659E+3	2.311196E+3
1.389725E+3	2.312496E+3
1.389798E+3	2.314045E+3
1.389866E+3	2.315060E+3
1.389936E+3	2.316389E+3
1.390001E+3	2.318245E+3
1.390068E+3	2.323162E+3
1.390135E+3	2.327201E+3
1.390202E+3	2.328917E+3
1.390270E+3	2.334114E+3
1.390339E+3	2.347757E+3
1.390406E+3	2.350006E+3
1.390475E+3	2.353807E+3
1.390545E+3	2.370560E+3
1.390611E+3	2.390162E+3
1.390679E+3	2.404806E+3
1.390747E+3	2.409312E+3
1.390814E+3	2.414340E+3
1.390883E+3	2.416262E+3
1.390950E+3	2.418647E+3
1.391020E+3	2.421388E+3
1.391092E+3	2.423127E+3
1.391159E+3	2.427047E+3
1.391225E+3	2.429447E+3
1.391293E+3	2.448177E+3
1.391361E+3	2.537762E+3
1.391431E+3	2.538763E+3
1.391498E+3	2.539998E+3
1.391564E+3	2.544426E+3
1.391632E+3	2.546257E+3
1.391698E+3	2.547575E+3
1.391772E+3	2.553787E+3
1.391841E+3	2.555288E+3
1.391910E+3	2.557271E+3
1.391982E+3	2.558294E+3
1.392050E+3	2.559574E+3
1.392119E+3	2.568436E+3
1.392187E+3	2.569695E+3
1.392252E+3	2.576440E+3
1.392318E+3	2.580934E+3
1.392387E+3	2.620991E+3
1.392453E+3	2.622430E+3
1.392522E+3	2.623277E+3
1.392591E+3	2.624116E+3
1.392659E+3	2.631038E+3
1.392728E+3	2.638765E+3
1.392797E+3	2.639424E+3
1.392865E+3	2.640873E+3
1.392933E+3	2.642334E+3
1.393000E+3	2.643308E+3
1.393067E+3	2.644240E+3
1.393134E+3	2.646197E+3
1.393205E+3	2.647247E+3
1.393275E+3	2.648004E+3
1.393342E+3	2.649164E+3
1.393409E+3	2.650966E+3
1.393478E+3	2.651689E+3
1.393547E+3	2.681018E+3
1.393614E+3	2.682341E+3
1.393683E+3	2.689089E+3
1.393748E+3	2.690400E+3
1.393817E+3	2.691363E+3
1.393884E+3	2.692083E+3
1.393955E+3	2.692964E+3
1.394023E+3	2.693939E+3
1.394094E+3	2.732045E+3
1.394164E+3	2.733223E+3
1.394231E+3	2.734905E+3
1.394299E+3	2.736147E+3
1.394364E+3	2.736871E+3
1.394434E+3	2.737807E+3
1.394499E+3	2.738678E+3
1.394568E+3	2.739729E+3
1.394638E+3	2.740793E+3
1.394707E+3	2.741879E+3
1.394775E+3	2.743230E+3
1.394843E+3	2.767598E+3
1.394908E+3	2.768636E+3
1.394978E+3	2.769933E+3
1.395044E+3	2.772249E+3
1.395113E+3	2.773400E+3
1.395183E+3	2.774018E+3
1.395251E+3	2.774949E+3
1.395319E+3	2.775725E+3
1.395388E+3	2.776720E+3
1.395456E+3	2.777669E+3
1.395524E+3	2.778778E+3
1.395590E+3	2.779751E+3
1.395656E+3	2.780697E+3
1.395724E+3	2.781684E+3
1.395790E+3	2.786050E+3
1.395859E+3	0.000000E+0
1.395927E+3	2.788042E+3
1.395998E+3	2.788906E+3
1.396063E+3	2.789677E+3
1.396130E+3	2.790431E+3
1.396199E+3	2.791158E+3
1.396264E+3	2.791999E+3
1.396333E+3	2.792777E+3
1.396403E+3	2.793710E+3
1.396469E+3	2.794793E+3
1.396537E+3	2.796341E+3
1.396604E+3	2.797413E+3
1.396672E+3	2.798936E+3
1.396738E+3	2.799901E+3
1.396807E+3	2.800731E+3
1.396876E+3	2.801590E+3
1.396945E+3	2.802547E+3
1.397014E+3	2.804066E+3
1.397081E+3	2.805075E+3
1.397149E+3	2.806158E+3
1.397216E+3	2.807055E+3
1.397286E+3	2.808006E+3
1.397358E+3	2.808879E+3
1.397426E+3	2.810156E+3
1.397492E+3	2.811128E+3
1.397559E+3	2.812132E+3
1.397627E+3	2.813529E+3
1.397695E+3	2.818498E+3
1.397762E+3	2.819810E+3
1.397831E+3	2.821707E+3
1.397897E+3	2.823469E+3
1.397967E+3	2.826229E+3
1.398039E+3	2.827505E+3
1.398109E+3	2.828318E+3
1.398177E+3	2.829569E+3
1.398244E+3	2.831546E+3
1.398311E+3	2.833184E+3
1.398379E+3	2.834170E+3
1.398449E+3	2.835509E+3
1.398518E+3	2.836610E+3
1.398587E+3	2.837608E+3
1.398659E+3	2.838742E+3
1.398727E+3	2.856705E+3
1.398797E+3	2.858457E+3
1.398866E+3	2.860089E+3
1.398930E+3	2.861898E+3
1.398999E+3	2.863786E+3
1.399067E+3	2.865430E+3
1.399135E+3	2.867182E+3
1.399202E+3	2.868468E+3
1.399273E+3	2.870169E+3
1.399340E+3	2.873094E+3
1.399413E+3	2.874376E+3
1.399483E+3	2.876058E+3
1.399552E+3	2.877737E+3
1.399619E+3	2.879120E+3
1.399690E+3	2.880414E+3
1.399758E+3	2.881896E+3
1.399826E+3	2.883162E+3
1.399895E+3	2.884933E+3
1.399964E+3	2.888125E+3
1.400032E+3	2.889450E+3
1.400104E+3	2.890711E+3
1.400172E+3	2.891807E+3
1.400244E+3	2.893300E+3
1.400314E+3	2.896128E+3
1.400380E+3	2.897732E+3
1.400446E+3	2.899227E+3
1.400513E+3	2.900377E+3
1.400578E+3	2.901775E+3
1.400645E+3	2.903106E+3
1.400715E+3	2.904427E+3
1.400786E+3	2.906320E+3
1.400853E+3	2.907677E+3
1.400921E+3	2.908759E+3
1.400989E+3	2.909763E+3
1.401055E+3	2.911160E+3
1.401120E+3	2.912430E+3
1.401188E+3	2.914392E+3
1.401255E+3	2.916419E+3
1.401325E+3	2.918313E+3
1.401391E+3	2.923574E+3
1.401463E+3	2.924944E+3
1.401534E+3	2.930291E+3
1.401603E+3	2.931727E+3
1.401672E+3	2.935462E+3
1.401741E+3	2.936854E+3
1.401809E+3	2.938651E+3
1.401878E+3	2.941629E+3
1.401948E+3	2.951266E+3
1.402015E+3	2.952352E+3
1.402081E+3	2.953482E+3
1.402148E+3	2.954983E+3
1.402216E+3	2.957996E+3
1.402284E+3	2.959895E+3
1.402350E+3	2.961771E+3
1.402416E+3	2.962777E+3
1.402483E+3	2.964241E+3
1.402549E+3	2.966734E+3
1.402618E+3	2.968991E+3
1.402688E+3	2.971404E+3
1.402757E+3	2.974828E+3
1.402828E+3	2.976050E+3
1.402898E+3	2.977726E+3
1.402966E+3	2.979716E+3
1.403032E+3	2.980719E+3
1.403099E+3	2.981966E+3
1.403167E+3	2.984545E+3
1.403234E+3	2.987738E+3
1.403301E+3	2.988830E+3
1.403371E+3	2.990240E+3
1.403436E+3	2.992055E+3
1.403506E+3	2.994073E+3
1.403575E+3	2.995672E+3
1.403644E+3	2.997457E+3
1.403713E+3	2.999116E+3
1.403778E+3	3.000863E+3
1.403845E+3	3.002327E+3
1.403915E+3	3.004658E+3
1.403984E+3	3.009928E+3
1.404054E+3	3.011218E+3
1.404124E+3	3.013110E+3
1.404195E+3	3.016822E+3
1.404262E+3	3.019293E+3
1.404335E+3	3.021143E+3
1.404409E+3	3.026756E+3
1.404474E+3	3.032741E+3
1.404542E+3	3.035976E+3
1.404610E+3	3.037661E+3
1.404679E+3	3.040385E+3
1.404744E+3	3.042328E+3
1.404814E+3	3.044225E+3
1.404883E+3	3.045980E+3
1.404950E+3	3.048023E+3
1.405019E+3	3.050860E+3
1.405090E+3	3.053285E+3
1.405164E+3	3.055466E+3
1.405236E+3	3.057344E+3
1.405304E+3	3.060484E+3
1.405373E+3	3.063894E+3
1.405441E+3	3.065242E+3
1.405508E+3	3.067186E+3
1.405578E+3	3.071598E+3
1.405646E+3	3.073355E+3
1.405718E+3	3.075203E+3
1.405787E+3	3.077375E+3
1.405856E+3	3.079594E+3
1.405922E+3	3.080892E+3
1.405992E+3	3.082774E+3
1.406060E+3	3.085355E+3
1.406127E+3	3.087960E+3
1.406194E+3	3.090107E+3
1.406261E+3	3.091536E+3
1.406329E+3	3.093981E+3
1.406400E+3	3.097200E+3
1.406465E+3	3.098804E+3
1.406533E+3	3.102630E+3
1.406601E+3	3.106519E+3
1.406666E+3	3.108789E+3
1.406735E+3	3.110119E+3
1.406801E+3	3.112111E+3
1.406870E+3	3.114290E+3
1.406938E+3	3.116496E+3
1.407009E+3	3.119207E+3
1.407080E+3	3.120535E+3
1.407150E+3	3.123711E+3
1.407218E+3	3.126256E+3
1.407286E+3	3.133480E+3
1.407353E+3	3.135153E+3
1.407420E+3	3.137864E+3
1.407487E+3	3.140163E+3
1.407555E+3	3.142761E+3
1.407623E+3	3.145209E+3
1.407692E+3	3.146675E+3
1.407760E+3	3.150675E+3
1.407829E+3	3.152643E+3
1.407896E+3	3.155788E+3
1.407965E+3	3.161711E+3
1.408035E+3	3.163336E+3
1.408102E+3	3.165747E+3
1.408168E+3	3.170595E+3
1.408235E+3	3.172667E+3
1.408300E+3	3.174625E+3
1.408370E+3	3.177989E+3
1.408437E+3	3.180443E+3
1.408512E+3	3.182799E+3
1.408583E+3	3.193197E+3
1.408651E+3	3.198130E+3
1.408716E+3	3.201431E+3
1.408783E+3	3.204209E+3
1.408851E+3	3.207700E+3
1.408920E+3	3.210752E+3
1.408986E+3	3.216832E+3
1.409053E+3	3.222621E+3
1.409122E+3	3.227349E+3
1.409189E+3	3.231354E+3
1.409260E+3	3.236318E+3
1.409333E+3	3.239691E+3
1.409402E+3	3.241378E+3
1.409469E+3	3.243277E+3
1.409539E+3	3.247344E+3
1.409608E+3	3.255840E+3
1.409675E+3	3.260183E+3
1.409743E+3	3.266354E+3
1.409813E+3	3.270274E+3
1.409882E+3	3.290549E+3
1.409951E+3	3.301766E+3
1.410019E+3	3.304482E+3
1.410091E+3	3.313507E+3
1.410160E+3	3.316262E+3
1.410229E+3	3.318918E+3
1.410296E+3	3.321630E+3
1.410363E+3	3.326476E+3
1.410428E+3	3.332315E+3
1.410495E+3	3.335273E+3
1.410564E+3	3.338568E+3
1.410630E+3	3.341621E+3
1.410700E+3	3.352406E+3
1.410766E+3	3.356887E+3
1.410833E+3	3.375322E+3
1.410900E+3	3.383025E+3
1.410966E+3	3.388329E+3
1.411034E+3	3.408419E+3
1.411101E+3	3.414039E+3
1.411168E+3	3.417067E+3
1.411235E+3	3.420441E+3
1.411302E+3	3.423929E+3
1.411367E+3	3.434997E+3
1.411434E+3	3.444916E+3
1.411499E+3	3.450597E+3
1.411564E+3	3.481663E+3
1.411632E+3	3.491254E+3
1.411698E+3	3.495337E+3
1.411770E+3	3.501320E+3
1.411837E+3	3.506798E+3
1.411904E+3	3.542973E+3
1.411970E+3	3.547490E+3
1.412034E+3	3.561818E+3
1.412102E+3	3.584192E+3
1.412170E+3	3.596319E+3
1.412237E+3	3.610331E+3
1.412304E+3	3.616711E+3
1.412370E+3	3.626093E+3
1.412436E+3	3.631019E+3
1.412502E+3	3.635278E+3
1.412568E+3	3.638483E+3
1.412636E+3	3.642038E+3
1.412707E+3	3.679687E+3
1.412774E+3	3.691542E+3
1.412841E+3	3.699734E+3
1.412909E+3	3.704449E+3
1.412976E+3	3.707877E+3
1.413047E+3	3.711403E+3
1.413118E+3	3.716217E+3
1.413185E+3	3.720439E+3
1.413251E+3	3.725523E+3
1.413317E+3	3.732057E+3
1.413383E+3	3.736802E+3
1.413452E+3	3.741658E+3
1.413521E+3	3.747729E+3
1.413589E+3	3.777326E+3
1.413659E+3	3.782320E+3
1.413729E+3	3.795308E+3
1.413797E+3	3.801543E+3
1.413866E+3	3.807758E+3
1.413933E+3	3.835243E+3
1.413998E+3	3.841727E+3
1.414067E+3	3.857145E+3
1.414136E+3	3.939636E+3
1.414203E+3	3.946881E+3
1.414273E+3	4.015833E+3
1.414342E+3	4.026866E+3
1.414412E+3	4.030600E+3
1.414480E+3	4.035906E+3
1.414546E+3	4.041062E+3
1.414613E+3	4.047231E+3
1.414681E+3	4.051965E+3
1.414747E+3	4.058372E+3
1.414817E+3	4.070367E+3
1.414884E+3	4.081897E+3
1.414954E+3	4.095824E+3
1.415022E+3	4.119577E+3
1.415091E+3	4.130420E+3
1.415158E+3	4.211198E+3
1.415224E+3	4.227311E+3
1.415292E+3	4.281627E+3
1.415359E+3	4.459286E+3
1.415428E+3	4.462781E+3
1.415496E+3	4.469245E+3
1.415565E+3	4.479955E+3
1.415634E+3	4.597334E+3
1.415706E+3	4.602280E+3
1.415774E+3	4.608110E+3
1.415843E+3	4.618349E+3
1.415911E+3	4.623837E+3
1.415977E+3	4.637667E+3
1.416044E+3	4.641837E+3
1.416111E+3	0.000000E+0
1.416179E+3	4.664518E+3
1.416247E+3	4.922785E+3
1.416317E+3	4.932847E+3
1.416386E+3	4.947953E+3
1.416456E+3	4.986708E+3
1.416522E+3	5.522370E+3
1.416590E+3	5.827849E+3
1.416655E+3	5.837634E+3
1.416722E+3	5.851401E+3
1.416787E+3	5.861358E+3
1.416854E+3	5.871617E+3
1.416922E+3	5.883774E+3
1.416990E+3	5.895519E+3
1.417060E+3	5.904146E+3
1.417126E+3	5.916827E+3
1.417195E+3	5.937661E+3
1.417262E+3	5.962718E+3
1.417328E+3	5.971983E+3
1.417396E+3	5.985148E+3
1.417465E+3	5.992295E+3
1.417536E+3	5.999892E+3
1.417604E+3	6.009907E+3
1.417674E+3	6.054817E+3
1.417744E+3	6.135296E+3
1.417814E+3	6.151198E+3
1.417884E+3	6.164430E+3
1.417952E+3	6.318678E+3
1.418021E+3	6.332774E+3
1.418090E+3	6.367706E+3
1.418158E+3	6.449384E+3
1.418226E+3	6.496456E+3
1.418296E+3	6.506205E+3
1.418363E+3	6.523949E+3
1.418429E+3	6.540035E+3
1.418497E+3	6.848447E+3
1.418564E+3	6.877497E+3
1.418630E+3	6.911944E+3
1.418697E+3	7.149033E+3
1.418763E+3	7.172368E+3
1.418831E+3	7.266712E+3
1.418898E+3	7.372564E+3
1.418968E+3	7.423352E+3
1.419033E+3	7.454810E+3
1.419103E+3	7.490415E+3
1.419171E+3	7.510545E+3
1.419237E+3	7.567231E+3
1.419305E+3	7.577942E+3
1.419372E+3	7.597543E+3
1.419441E+3	7.663808E+3
1.419512E+3	7.679696E+3
1.419584E+3	7.731328E+3
1.419653E+3	7.754497E+3
1.419723E+3	7.763229E+3
1.419790E+3	7.775457E+3
1.419860E+3	7.786934E+3
1.419927E+3	7.804291E+3
1.419995E+3	7.829386E+3
1.420062E+3	7.972298E+3
1.420131E+3	7.989992E+3
1.420200E+3	8.006039E+3
1.420271E+3	8.153881E+3
1.420339E+3	8.220925E+3
1.420405E+3	8.308191E+3
1.420473E+3	8.348900E+3
1.420542E+3	8.449503E+3
1.420611E+3	8.459171E+3
1.420680E+3	8.491687E+3
1.420749E+3	9.678195E+3
1.420818E+3	9.702895E+3
1.420884E+3	9.751616E+3
1.420953E+3	9.770654E+3
1.421023E+3	1.016275E+4
1.421091E+3	1.017918E+4
1.421159E+3	1.030634E+4
1.421230E+3	1.031963E+4
1.421302E+3	1.053055E+4
1.421372E+3	1.057848E+4
1.421440E+3	1.059242E+4
1.421506E+3	1.060833E+4
1.421574E+3	1.067995E+4
1.421642E+3	1.069149E+4
1.421709E+3	1.071142E+4
1.421781E+3	1.073302E+4
1.421850E+3	1.078358E+4
1.421918E+3	1.081587E+4
1.421987E+3	1.146054E+4
1.422056E+3	1.175398E+4
1.422124E+3	1.191028E+4
1.422191E+3	1.193092E+4
1.422261E+3	1.195726E+4
1.422326E+3	1.452064E+4
1.422403E+3	1.452938E+4
1.422472E+3	1.456271E+4
1.422540E+3	1.457239E+4
1.422607E+3	1.459504E+4
1.422681E+3	1.462173E+4
1.422751E+3	1.464959E+4
1.422823E+3	1.467031E+4
1.422890E+3	1.467743E+4
1.422957E+3	1.472199E+4
1.423025E+3	1.482422E+4
1.423097E+3	2.649028E+4
1.423165E+3	2.648868E+4
1.423236E+3	2.649335E+4
1.423303E+3	2.649080E+4
1.423372E+3	2.650068E+4
1.423440E+3	2.649844E+4
1.423512E+3	2.649663E+4
1.423581E+3	2.649946E+4
1.423649E+3	2.650575E+4
1.423719E+3	2.651038E+4
1.423786E+3	2.652226E+4
1.423854E+3	2.652115E+4
1.423925E+3	2.651754E+4
1.423994E+3	2.652792E+4
1.424063E+3	2.653267E+4
1.424131E+3	2.652996E+4
1.424201E+3	2.653716E+4
1.424269E+3	2.653454E+4
1.424341E+3	2.653835E+4
1.424411E+3	2.653940E+4
1.424478E+3	2.654746E+4
1.424545E+3	2.655364E+4
1.424612E+3	2.654747E+4
1.424679E+3	2.655435E+4
1.424748E+3	2.655764E+4
1.424816E+3	2.656551E+4
1.424884E+3	2.656562E+4
1.424953E+3	2.656829E+4
1.425022E+3	2.676632E+4
1.425093E+3	2.676684E+4
1.425161E+3	2.675533E+4
1.425228E+3	2.676136E+4
1.425298E+3	2.676019E+4
1.425365E+3	2.677042E+4
1.425433E+3	2.676336E+4
1.425497E+3	2.676717E+4
1.425568E+3	2.677481E+4
1.425635E+3	2.677647E+4
1.425708E+3	2.677545E+4
1.425776E+3	2.677798E+4
1.425846E+3	2.677742E+4
1.425914E+3	2.678258E+4
1.425981E+3	2.678161E+4
1.426045E+3	2.678778E+4
1.426114E+3	2.678983E+4
1.426184E+3	2.678524E+4
1.426253E+3	2.678167E+4
1.426321E+3	2.679301E+4
1.426391E+3	2.679740E+4
1.426460E+3	2.680006E+4
1.426525E+3	2.680073E+4
1.426594E+3	2.680909E+4
1.426661E+3	2.681939E+4
1.426729E+3	2.682243E+4
1.426798E+3	2.682860E+4
1.426866E+3	2.683760E+4
1.426932E+3	2.683903E+4
1.427002E+3	2.683632E+4
1.427069E+3	2.684476E+4
1.427138E+3	2.685126E+4
1.427205E+3	2.685109E+4
1.427272E+3	2.685581E+4
1.427339E+3	2.685520E+4
1.427404E+3	2.686035E+4
1.427474E+3	2.685930E+4
1.427543E+3	2.685574E+4
1.427610E+3	2.686337E+4
1.427683E+3	2.686818E+4
1.427757E+3	2.686905E+4
1.427826E+3	2.687483E+4
1.427897E+3	2.686901E+4
1.427968E+3	2.687559E+4
1.428040E+3	2.687541E+4
1.428108E+3	2.688034E+4
1.428172E+3	2.688708E+4
1.428240E+3	2.689037E+4
1.428306E+3	2.688835E+4
1.428375E+3	2.689682E+4
1.428441E+3	2.689142E+4
1.428512E+3	2.690325E+4
1.428581E+3	2.689345E+4
1.428650E+3	2.690267E+4
1.428718E+3	2.690976E+4
1.428787E+3	2.691260E+4
1.428853E+3	2.691579E+4
1.428921E+3	2.692267E+4
1.428987E+3	2.691657E+4
1.429057E+3	2.692211E+4
1.429128E+3	2.691814E+4
1.429199E+3	2.692507E+4
1.429268E+3	2.693463E+4
1.429340E+3	2.693098E+4
1.429409E+3	2.693632E+4
1.429477E+3	2.695371E+4
1.429547E+3	2.695200E+4
1.429615E+3	2.695457E+4
1.429683E+3	2.696670E+4
1.429749E+3	2.696360E+4
1.429814E+3	2.699000E+4
1.429883E+3	2.699148E+4
1.429953E+3	2.698563E+4
1.430019E+3	2.699045E+4
1.430086E+3	2.699497E+4
1.430154E+3	2.700087E+4
1.430222E+3	2.699929E+4
1.430291E+3	2.699373E+4
1.430357E+3	2.699898E+4
1.430426E+3	2.699508E+4
1.430497E+3	2.700347E+4
1.430563E+3	2.700085E+4
1.430635E+3	2.700030E+4
1.430706E+3	2.701284E+4
1.430775E+3	2.702058E+4
1.430845E+3	2.701647E+4
1.430911E+3	2.702201E+4
1.430977E+3	2.703530E+4
1.431044E+3	2.703023E+4
1.431111E+3	2.703523E+4
1.431179E+3	2.702801E+4
1.431247E+3	2.703437E+4
1.431313E+3	2.703797E+4
1.431381E+3	2.703418E+4
1.431451E+3	2.704100E+4
1.431518E+3	2.704468E+4
1.431584E+3	2.703823E+4
1.431651E+3	2.703725E+4
1.431719E+3	2.703101E+4
1.431788E+3	2.703611E+4
1.431856E+3	2.704711E+4
1.431926E+3	2.705236E+4
1.431991E+3	2.705504E+4
1.432062E+3	2.705843E+4
1.432134E+3	2.706049E+4
1.432205E+3	2.706040E+4
1.432271E+3	2.705465E+4
1.432339E+3	2.705843E+4
1.432404E+3	2.706099E+4
1.432471E+3	2.706919E+4
1.432541E+3	2.706434E+4
1.432609E+3	2.706864E+4
1.432679E+3	2.707060E+4
1.432752E+3	2.707433E+4
1.432820E+3	2.707138E+4
1.432888E+3	2.707178E+4
1.432957E+3	2.707699E+4
1.433028E+3	2.707434E+4
1.433096E+3	2.707482E+4
1.433163E+3	2.708975E+4
1.433233E+3	2.708812E+4
1.433300E+3	2.709390E+4
1.433369E+3	2.708106E+4
1.433437E+3	2.709664E+4
1.433509E+3	2.709059E+4
1.433578E+3	2.708794E+4
1.433643E+3	2.710298E+4
1.433711E+3	2.710544E+4
1.433776E+3	2.710627E+4
1.433844E+3	2.710259E+4
1.433912E+3	2.710209E+4
1.433980E+3	2.710105E+4
1.434051E+3	2.710836E+4
1.434123E+3	2.710858E+4
1.434192E+3	2.711033E+4
1.434260E+3	2.710845E+4
1.434327E+3	2.710883E+4
1.434395E+3	2.711313E+4
1.434464E+3	2.710569E+4
1.434532E+3	2.711565E+4
1.434599E+3	2.711318E+4
1.434668E+3	2.712010E+4
1.434735E+3	2.712609E+4
1.434806E+3	2.712426E+4
1.434875E+3	2.713347E+4
1.434946E+3	2.714560E+4
1.435014E+3	2.714116E+4
1.435084E+3	2.714016E+4
1.435152E+3	2.714578E+4
1.435222E+3	2.714240E+4
1.435287E+3	2.714541E+4
1.435355E+3	2.714816E+4
1.435422E+3	2.715035E+4
1.435489E+3	2.714719E+4
1.435558E+3	2.715204E+4
1.435627E+3	2.715495E+4
1.435695E+3	2.716281E+4
1.435760E+3	2.715683E+4
1.435829E+3	2.716208E+4
1.435896E+3	2.716095E+4
1.435966E+3	2.717064E+4
1.436034E+3	2.716820E+4
1.436103E+3	2.716452E+4
1.436172E+3	2.716617E+4
1.436240E+3	2.717122E+4
1.436312E+3	2.717193E+4
1.436382E+3	2.718055E+4
1.436447E+3	2.717254E+4
1.436516E+3	2.717811E+4
1.436584E+3	2.717960E+4
1.436652E+3	2.718218E+4
1.436719E+3	2.718063E+4
1.436785E+3	2.718577E+4
1.436851E+3	2.718878E+4
1.436922E+3	2.718305E+4
1.436989E+3	2.718861E+4
1.437058E+3	2.719467E+4
1.437131E+3	2.719458E+4
1.437201E+3	2.719526E+4
1.437265E+3	2.720014E+4
1.437335E+3	2.720284E+4
1.437404E+3	2.720699E+4
1.437471E+3	2.721340E+4
1.437540E+3	2.721048E+4
1.437606E+3	2.721579E+4
1.437675E+3	2.721626E+4
1.437744E+3	2.722191E+4
1.437813E+3	2.721903E+4
1.437880E+3	2.722079E+4
1.437948E+3	2.722516E+4
1.438018E+3	2.723108E+4
1.438088E+3	2.723097E+4
1.438154E+3	2.721929E+4
1.438220E+3	2.723527E+4
1.438289E+3	2.723256E+4
1.438355E+3	2.723305E+4
1.438425E+3	2.722925E+4
1.438494E+3	2.723083E+4
1.438561E+3	2.722850E+4
1.438629E+3	2.723407E+4
1.438697E+3	2.724193E+4
1.438764E+3	2.725703E+4
1.438831E+3	2.724621E+4
1.438901E+3	2.724162E+4
1.438970E+3	2.724571E+4
1.439038E+3	2.724763E+4
1.439104E+3	2.725056E+4
1.439174E+3	2.725105E+4
1.439239E+3	2.725912E+4
1.439307E+3	2.726011E+4
1.439375E+3	2.726552E+4
1.439440E+3	2.726017E+4
1.439509E+3	2.727058E+4
1.439578E+3	2.726776E+4
1.439646E+3	2.726899E+4
1.439718E+3	2.727629E+4
1.439789E+3	2.727171E+4
1.439858E+3	2.726642E+4
1.439925E+3	2.727986E+4
1.439993E+3	2.727876E+4
1.440060E+3	2.728812E+4
1.440128E+3	2.729091E+4
1.440196E+3	2.728932E+4
1.440265E+3	2.729403E+4
1.440335E+3	2.728858E+4
1.440401E+3	2.729697E+4
1.440468E+3	2.729034E+4
1.440537E+3	2.728936E+4
1.440605E+3	2.730238E+4
1.440675E+3	2.730352E+4
1.440742E+3	2.729796E+4
1.440808E+3	2.729863E+4
1.440876E+3	2.729987E+4
1.440945E+3	2.730376E+4
1.441011E+3	2.730675E+4
1.441080E+3	2.731062E+4
1.441146E+3	2.735633E+4
1.441218E+3	2.742741E+4
1.441285E+3	2.742112E+4
1.441354E+3	2.742804E+4
1.441424E+3	2.742466E+4
1.441493E+3	2.742475E+4
1.441561E+3	2.742507E+4
1.441627E+3	2.743070E+4
1.441697E+3	2.743671E+4
1.441767E+3	2.743776E+4
1.441830E+3	2.743646E+4
1.441900E+3	2.744285E+4
1.441969E+3	2.744008E+4
1.442038E+3	2.745257E+4
1.442107E+3	2.745946E+4
1.442174E+3	2.745844E+4
1.442243E+3	2.746783E+4
1.442310E+3	2.746654E+4
1.442379E+3	2.746806E+4
1.442449E+3	2.747496E+4
1.442518E+3	2.746495E+4
1.442587E+3	2.747523E+4
1.442655E+3	2.747772E+4
1.442722E+3	2.749563E+4
1.442789E+3	2.749387E+4
1.442857E+3	2.749831E+4
1.442923E+3	2.748878E+4
1.442989E+3	2.749284E+4
1.443060E+3	2.749527E+4
1.443129E+3	2.749322E+4
1.443197E+3	2.750121E+4
1.443266E+3	2.750189E+4
1.443333E+3	2.751602E+4
1.443400E+3	2.750294E+4
1.443467E+3	2.751168E+4
1.443532E+3	2.753337E+4
1.443602E+3	2.753718E+4
1.443671E+3	2.752641E+4
1.443740E+3	2.753244E+4
1.443807E+3	2.753594E+4
1.443876E+3	2.752953E+4
1.443945E+3	2.754264E+4
1.444012E+3	2.754755E+4
1.444079E+3	2.756085E+4
1.444149E+3	2.754960E+4
1.444217E+3	2.756213E+4
1.444284E+3	2.755514E+4
1.444353E+3	2.755906E+4
1.444420E+3	2.756970E+4
1.444488E+3	2.757385E+4
1.444559E+3	2.757185E+4
1.444628E+3	2.757326E+4
1.444694E+3	2.758001E+4
1.444766E+3	2.756806E+4
1.444837E+3	2.758196E+4
1.444907E+3	2.758626E+4
1.444973E+3	2.759250E+4
1.445040E+3	2.760227E+4
1.445111E+3	2.760157E+4
1.445181E+3	2.760816E+4
1.445249E+3	2.761356E+4
1.445319E+3	2.760973E+4
1.445391E+3	2.760907E+4
1.445459E+3	2.761958E+4
1.445527E+3	2.762615E+4
1.445597E+3	2.761810E+4
1.445665E+3	2.761751E+4
1.445732E+3	2.762973E+4
1.445801E+3	2.764644E+4
1.445868E+3	2.764219E+4
1.445939E+3	2.763366E+4
1.446008E+3	2.762376E+4
1.446075E+3	2.763029E+4
1.446146E+3	2.763608E+4
1.446214E+3	2.765009E+4
1.446281E+3	2.765341E+4
1.446348E+3	2.765760E+4
1.446416E+3	2.765283E+4
1.446483E+3	2.765737E+4
1.446552E+3	2.765920E+4
1.446619E+3	2.767177E+4
1.446691E+3	2.767914E+4
1.446761E+3	2.767434E+4
1.446834E+3	2.767304E+4
1.446903E+3	2.766693E+4
1.446970E+3	2.767186E+4
1.447038E+3	2.766763E+4
1.447105E+3	2.767438E+4
1.447176E+3	2.766386E+4
1.447242E+3	2.767504E+4
1.447310E+3	2.767717E+4
1.447377E+3	2.767881E+4
1.447446E+3	2.768949E+4
1.447514E+3	2.767938E+4
1.447583E+3	2.767867E+4
1.447650E+3	2.768848E+4
1.447715E+3	2.768577E+4
1.447784E+3	2.768613E+4
1.447851E+3	2.769585E+4
1.447917E+3	2.769614E+4
1.447985E+3	2.769551E+4
1.448052E+3	2.769388E+4
1.448124E+3	2.771046E+4
1.448195E+3	2.771715E+4
1.448262E+3	2.772614E+4
1.448330E+3	2.772903E+4
1.448399E+3	2.773129E+4
1.448468E+3	2.773969E+4
1.448536E+3	2.774961E+4
1.448601E+3	2.776069E+4
1.448667E+3	2.776384E+4
1.448739E+3	2.775697E+4
1.448805E+3	2.775828E+4
1.448876E+3	2.775856E+4
1.448945E+3	2.776562E+4
1.449013E+3	2.777943E+4
1.449081E+3	2.778249E+4
1.449150E+3	2.779193E+4
1.449214E+3	2.780005E+4
1.449285E+3	2.782187E+4
1.449350E+3	2.782220E+4
1.449420E+3	2.782463E+4
1.449488E+3	2.783097E+4
1.449557E+3	2.782688E+4
1.449625E+3	2.782913E+4
1.449693E+3	2.782272E+4
1.449759E+3	2.781861E+4
1.449824E+3	2.782123E+4
1.449892E+3	2.782972E+4
1.449961E+3	2.783319E+4
1.450025E+3	2.783573E+4
1.450096E+3	2.783986E+4
1.450166E+3	2.783183E+4
1.450232E+3	2.784843E+4
1.450299E+3	2.784409E+4
1.450365E+3	2.784871E+4
1.450432E+3	2.784568E+4
1.450500E+3	2.785453E+4
1.450567E+3	2.786345E+4
1.450637E+3	2.786430E+4
1.450708E+3	2.786499E+4
1.450774E+3	2.788336E+4
1.450842E+3	2.788373E+4
1.450909E+3	2.788100E+4
1.450976E+3	2.788681E+4
1.451043E+3	2.790240E+4
1.451111E+3	2.789590E+4
1.451180E+3	2.790414E+4
1.451250E+3	2.789841E+4
1.451318E+3	2.790216E+4
1.451389E+3	2.790228E+4
1.451458E+3	2.791369E+4
1.451523E+3	0.000000E+0
1.451593E+3	2.791045E+4
1.451661E+3	2.791340E+4
1.451728E+3	2.792790E+4
1.451797E+3	2.792726E+4
1.451865E+3	2.793869E+4
1.451933E+3	2.792797E+4
1.452002E+3	2.793917E+4
1.452070E+3	2.793567E+4
1.452136E+3	2.795110E+4
1.452204E+3	2.794742E+4
1.452268E+3	2.795694E+4
1.452336E+3	2.796378E+4
1.452403E+3	2.796650E+4
1.452470E+3	2.796717E+4
1.452541E+3	2.797009E+4
1.452608E+3	2.797592E+4
1.452680E+3	2.797682E+4
1.452749E+3	2.798015E+4
1.452817E+3	2.797553E+4
1.452886E+3	2.798893E+4
1.452953E+3	2.798261E+4
1.453022E+3	2.798820E+4
1.453092E+3	2.799470E+4
1.453158E+3	2.799438E+4
1.453226E+3	2.800105E+4
1.453293E+3	2.800830E+4
1.453360E+3	2.801773E+4
1.453430E+3	2.802004E+4
1.453496E+3	2.801595E+4
1.453563E+3	2.802598E+4
1.453630E+3	2.801882E+4
1.453697E+3	2.803109E+4
1.453764E+3	2.803246E+4
1.453832E+3	2.803276E+4
1.453901E+3	2.803535E+4
1.453967E+3	2.803860E+4
1.454039E+3	2.803662E+4
1.454107E+3	2.804337E+4
1.454175E+3	2.803843E+4
1.454242E+3	2.804533E+4
1.454309E+3	2.804559E+4
1.454377E+3	2.804470E+4
1.454446E+3	2.805331E+4
1.454516E+3	2.805824E+4
1.454582E+3	2.806070E+4
1.454649E+3	2.806342E+4
1.454717E+3	2.806801E+4
1.454786E+3	2.807134E+4
1.454852E+3	2.807040E+4
1.454917E+3	2.808186E+4
1.454985E+3	2.808217E+4
1.455053E+3	2.809581E+4
1.455121E+3	2.810385E+4
1.455188E+3	2.811451E+4
1.455255E+3	2.813199E+4
1.455325E+3	2.812014E+4
1.455396E+3	2.812846E+4
1.455465E+3	2.813816E+4
1.455530E+3	2.813136E+4
1.455600E+3	2.813534E+4
1.455669E+3	2.813900E+4
1.455738E+3	2.814590E+4
1.455807E+3	2.815219E+4
1.455874E+3	2.815284E+4
1.455945E+3	2.815543E+4
1.456017E+3	2.815499E+4
1.456085E+3	2.815513E+4
1.456157E+3	2.815974E+4
1.456227E+3	2.816336E+4
1.456297E+3	2.817242E+4
1.456368E+3	2.818274E+4
1.456435E+3	2.818769E+4
1.456504E+3	2.819667E+4
1.456572E+3	2.820461E+4
1.456639E+3	2.819531E+4
1.456709E+3	2.820745E+4
1.456777E+3	2.819804E+4
1.456842E+3	2.821562E+4
1.456913E+3	2.822791E+4
1.456984E+3	2.822439E+4
1.457051E+3	2.821929E+4
1.457120E+3	2.822625E+4
1.457188E+3	2.823226E+4
1.457259E+3	2.823925E+4
1.457326E+3	2.823450E+4
1.457393E+3	2.823629E+4
1.457463E+3	2.824265E+4
1.457529E+3	2.824519E+4
1.457598E+3	2.825107E+4
1.457664E+3	2.825656E+4
1.457730E+3	2.825615E+4
1.457798E+3	2.826934E+4
1.457866E+3	2.827321E+4
1.457932E+3	2.827096E+4
1.457999E+3	2.827871E+4
1.458070E+3	2.827836E+4
1.458139E+3	2.829399E+4
1.458210E+3	2.830832E+4
1.458280E+3	2.829934E+4
1.458351E+3	2.830415E+4
1.458418E+3	2.830188E+4
1.458485E+3	2.830993E+4
1.458552E+3	2.830434E+4
1.458616E+3	2.831822E+4
1.458683E+3	2.831595E+4
1.458750E+3	2.830937E+4
1.458820E+3	2.831506E+4
1.458885E+3	2.832923E+4
1.458955E+3	2.833126E+4
1.459025E+3	2.834168E+4
1.459091E+3	2.834305E+4
1.459160E+3	2.835110E+4
1.459228E+3	2.835566E+4
1.459297E+3	2.836242E+4
1.459366E+3	2.837435E+4
1.459435E+3	2.836585E+4
1.459501E+3	2.836753E+4
1.459571E+3	2.837954E+4
1.459637E+3	2.837937E+4
1.459706E+3	2.838133E+4
1.459775E+3	2.838150E+4
1.459843E+3	2.839253E+4
1.459910E+3	2.839488E+4
1.459979E+3	2.839964E+4
1.460047E+3	2.840820E+4
1.460118E+3	2.841360E+4
1.460189E+3	2.841618E+4
1.460257E+3	2.841213E+4
1.460328E+3	2.842476E+4
1.460398E+3	2.841991E+4
1.460468E+3	2.842719E+4
1.460538E+3	2.843425E+4
1.460603E+3	2.844794E+4
1.460672E+3	2.845530E+4
1.460740E+3	2.845202E+4
1.460810E+3	2.845511E+4
1.460877E+3	2.845050E+4
1.460945E+3	2.846141E+4
1.461012E+3	2.846385E+4
1.461080E+3	2.847512E+4
1.461150E+3	2.847042E+4
1.461214E+3	2.848089E+4
1.461284E+3	2.848583E+4
1.461352E+3	2.849170E+4
1.461420E+3	2.849499E+4
1.461485E+3	2.849777E+4
1.461555E+3	2.850285E+4
1.461625E+3	2.850754E+4
1.461696E+3	2.852143E+4
1.461766E+3	2.851547E+4
1.461836E+3	2.852223E+4
1.461901E+3	2.852720E+4
1.461973E+3	2.853630E+4
1.462037E+3	2.853495E+4
1.462105E+3	2.854831E+4
1.462173E+3	2.855171E+4
1.462243E+3	2.854324E+4
1.462312E+3	2.855576E+4
1.462378E+3	2.855263E+4
1.462448E+3	2.858352E+4
1.462515E+3	2.858123E+4
1.462581E+3	2.858990E+4
1.462648E+3	2.859276E+4
1.462713E+3	2.860609E+4
1.462781E+3	2.860714E+4
1.462847E+3	2.861267E+4
1.462914E+3	2.861934E+4
1.462984E+3	2.862466E+4
1.463053E+3	2.860663E+4
1.463121E+3	2.862046E+4
1.463189E+3	2.862700E+4
1.463254E+3	2.862976E+4
1.463323E+3	2.864559E+4
1.463391E+3	2.865134E+4
1.463460E+3	2.864644E+4
1.463530E+3	2.864974E+4
1.463596E+3	2.866688E+4
1.463666E+3	2.867153E+4
1.463735E+3	2.869253E+4
1.463807E+3	2.870361E+4
1.463877E+3	2.871510E+4
1.463943E+3	2.871473E+4
1.464010E+3	2.871335E+4
1.464076E+3	0.000000E+0
1.464143E+3	2.873844E+4
1.464210E+3	2.873561E+4
1.464282E+3	2.875319E+4
1.464348E+3	2.876439E+4
1.464418E+3	2.876588E+4
1.464484E+3	2.877791E+4
1.464551E+3	2.877802E+4
1.464620E+3	2.879973E+4
1.464690E+3	2.880524E+4
1.464760E+3	2.881585E+4
1.464829E+3	2.884140E+4
1.464896E+3	2.888309E+4
1.464965E+3	2.894493E+4
1.465034E+3	2.953666E+4
1.465103E+3	2.953992E+4
1.465174E+3	2.954906E+4
1.465242E+3	2.954875E+4
1.465310E+3	2.955754E+4
1.465376E+3	2.956424E+4
1.465447E+3	2.954917E+4
1.465516E+3	2.955808E+4
1.465580E+3	2.956520E+4
1.465648E+3	2.957513E+4
1.465717E+3	2.957540E+4
1.465790E+3	2.958003E+4
1.465855E+3	2.960612E+4
1.465926E+3	2.959318E+4
1.465999E+3	2.959462E+4
1.466063E+3	2.959988E+4
1.466132E+3	2.960642E+4
1.466200E+3	2.962099E+4
1.466267E+3	2.961984E+4
1.466333E+3	2.962373E+4
1.466404E+3	2.962831E+4
1.466474E+3	2.965262E+4
1.466543E+3	2.965338E+4
1.466614E+3	2.965933E+4
1.466684E+3	2.965506E+4
1.466752E+3	2.967280E+4
1.466818E+3	2.968450E+4
1.466886E+3	2.968834E+4
1.466953E+3	2.969166E+4
1.467020E+3	2.970370E+4
1.467087E+3	2.971456E+4
1.467159E+3	2.971918E+4
1.467230E+3	2.972533E+4
1.467297E+3	2.974834E+4
1.467369E+3	2.975176E+4
1.467436E+3	2.975065E+4
1.467502E+3	2.976109E+4
1.467570E+3	2.975815E+4
1.467639E+3	2.976052E+4
1.467708E+3	2.978089E+4
1.467775E+3	2.977176E+4
1.467843E+3	2.978985E+4
1.467915E+3	2.978670E+4
1.467983E+3	2.978627E+4
1.468051E+3	2.979415E+4
1.468121E+3	2.981578E+4
1.468187E+3	2.981575E+4
1.468255E+3	2.981473E+4
1.468322E+3	2.983341E+4
1.468390E+3	2.983490E+4
1.468460E+3	2.986235E+4
1.468529E+3	2.987948E+4
1.468598E+3	2.986845E+4
1.468663E+3	2.987879E+4
1.468728E+3	2.988328E+4
1.468794E+3	2.989648E+4
1.468861E+3	2.988926E+4
1.468931E+3	2.990398E+4
1.468998E+3	2.990638E+4
1.469064E+3	2.992696E+4
1.469132E+3	2.992552E+4
1.469201E+3	2.992654E+4
1.469268E+3	2.994679E+4
1.469341E+3	2.994722E+4
1.469409E+3	2.996951E+4
1.469476E+3	2.997699E+4
1.469546E+3	2.998492E+4
1.469612E+3	2.999095E+4
1.469679E+3	2.997837E+4
1.469747E+3	2.998851E+4
1.469815E+3	2.998869E+4
1.469886E+3	3.000429E+4
1.469951E+3	3.003420E+4
1.470023E+3	3.005045E+4
1.470093E+3	3.005256E+4
1.470158E+3	3.006116E+4
1.470227E+3	3.007113E+4
1.470293E+3	3.006226E+4
1.470360E+3	3.008138E+4
1.470428E+3	3.008330E+4
1.470497E+3	3.008431E+4
1.470566E+3	3.008353E+4
1.470636E+3	3.011544E+4
1.470704E+3	3.011760E+4
1.470771E+3	3.014296E+4
1.470842E+3	3.017393E+4
1.470910E+3	3.017147E+4
1.470979E+3	3.016971E+4
1.471046E+3	3.016709E+4
1.471111E+3	3.018170E+4
1.471180E+3	3.019997E+4
1.471250E+3	3.020338E+4
1.471316E+3	3.022571E+4
1.471384E+3	3.023796E+4
1.471452E+3	3.022883E+4
1.471518E+3	3.023396E+4
1.471585E+3	3.025240E+4
1.471654E+3	3.026359E+4
1.471723E+3	3.026465E+4
1.471791E+3	3.028059E+4
1.471860E+3	3.030495E+4
1.471928E+3	3.032713E+4
1.471993E+3	3.034671E+4
1.472062E+3	3.038285E+4
1.472130E+3	3.039847E+4
1.472195E+3	3.038983E+4
1.472264E+3	3.040283E+4
1.472333E+3	3.040357E+4
1.472400E+3	3.040908E+4
1.472470E+3	3.043092E+4
1.472539E+3	3.041672E+4
1.472608E+3	3.045803E+4
1.472682E+3	3.046111E+4
1.472753E+3	3.045380E+4
1.472818E+3	3.046405E+4
1.472889E+3	3.046804E+4
1.472957E+3	3.048322E+4
1.473024E+3	3.049337E+4
1.473094E+3	3.050624E+4
1.473164E+3	3.051937E+4
1.473230E+3	3.050962E+4
1.473301E+3	3.050738E+4
1.473373E+3	3.053655E+4
1.473439E+3	3.053835E+4
1.473512E+3	3.055868E+4
1.473583E+3	3.056076E+4
1.473654E+3	3.059507E+4
1.473719E+3	3.059944E+4
1.473785E+3	3.060198E+4
1.473853E+3	3.061727E+4
1.473923E+3	3.063083E+4
1.473992E+3	3.063340E+4
1.474059E+3	3.065231E+4
1.474125E+3	3.067639E+4
1.474193E+3	3.067491E+4
1.474264E+3	3.070678E+4
1.474336E+3	3.072603E+4
1.474405E+3	3.073172E+4
1.474474E+3	3.077325E+4
1.474541E+3	3.078695E+4
1.474606E+3	3.079022E+4
1.474673E+3	3.080559E+4
1.474743E+3	3.082054E+4
1.474810E+3	3.082637E+4
1.474880E+3	3.083080E+4
1.474947E+3	3.084094E+4
1.475015E+3	3.085143E+4
1.475081E+3	3.085311E+4
1.475150E+3	3.090364E+4
1.475217E+3	3.090052E+4
1.475284E+3	3.094317E+4
1.475353E+3	3.095960E+4
1.475424E+3	3.097202E+4
1.475495E+3	3.099204E+4
1.475563E+3	3.099360E+4
1.475631E+3	3.100593E+4
1.475698E+3	3.104075E+4
1.475766E+3	3.103699E+4
1.475833E+3	3.103652E+4
1.475899E+3	3.106478E+4
1.475966E+3	3.108122E+4
1.476032E+3	3.109603E+4
1.476100E+3	3.112784E+4
1.476171E+3	3.116477E+4
1.476239E+3	3.111290E+4
1.476307E+3	3.114282E+4
1.476374E+3	3.115071E+4
1.476441E+3	3.115934E+4
1.476511E+3	3.120794E+4
1.476580E+3	3.120747E+4
1.476647E+3	3.121408E+4
1.476718E+3	0.000000E+0
1.476787E+3	3.123992E+4
1.476855E+3	3.124972E+4
1.476924E+3	3.126847E+4
1.476995E+3	3.123628E+4
1.477066E+3	3.130122E+4
1.477137E+3	3.130581E+4
1.477210E+3	3.133002E+4
1.477277E+3	3.132250E+4
1.477344E+3	3.132857E+4
1.477410E+3	3.137036E+4
1.477480E+3	3.137933E+4
1.477549E+3	3.140133E+4
1.477618E+3	3.143574E+4
1.477685E+3	3.144224E+4
1.477754E+3	3.144553E+4
1.477822E+3	3.146311E+4
1.477891E+3	3.147478E+4
1.477959E+3	3.154578E+4
1.478028E+3	3.157695E+4
1.478097E+3	3.159428E+4
1.478163E+3	3.159374E+4
1.478231E+3	3.161938E+4
1.478301E+3	3.164002E+4
1.478367E+3	3.164632E+4
1.478437E+3	3.167279E+4
1.478513E+3	3.171754E+4
1.478582E+3	3.183688E+4
1.478648E+3	3.183176E+4
1.478712E+3	3.182855E+4
1.478781E+3	3.186500E+4
1.478846E+3	3.192145E+4
1.478914E+3	3.196287E+4
1.478982E+3	3.198355E+4
1.479050E+3	3.202138E+4
1.479116E+3	3.205986E+4
1.479186E+3	3.207103E+4
1.479253E+3	3.210415E+4
1.479320E+3	3.208233E+4
1.479387E+3	3.214526E+4
1.479453E+3	3.215119E+4
1.479518E+3	3.220454E+4
1.479591E+3	3.224896E+4
1.479659E+3	3.222473E+4
1.479731E+3	3.224895E+4
1.479804E+3	3.229095E+4
1.479871E+3	3.238355E+4
1.479943E+3	3.243234E+4
1.480009E+3	3.241916E+4
1.480077E+3	3.249377E+4
1.480143E+3	3.253611E+4
1.480211E+3	3.255065E+4
1.480279E+3	3.256553E+4
1.480348E+3	3.265025E+4
1.480415E+3	3.277589E+4
1.480486E+3	3.285543E+4
1.480557E+3	3.289578E+4
1.480624E+3	3.292590E+4
1.480690E+3	3.292582E+4
1.480757E+3	3.303960E+4
1.480824E+3	3.314615E+4
1.480895E+3	3.327310E+4
1.480959E+3	3.328403E+4
1.481029E+3	3.346329E+4
1.481099E+3	3.344909E+4
1.481169E+3	3.354480E+4
1.481241E+3	3.380759E+4
1.481309E+3	4.150735E+4
1.481379E+3	3.515008E+4
1.481444E+3	4.658716E+4
1.481510E+3	3.929702E+4
1.481577E+3	3.614068E+4
1.481645E+3	3.577770E+4
1.481714E+3	3.778681E+4
1.481784E+3	3.798496E+4
1.481849E+3	5.238345E+4
1.481918E+3	4.099566E+4
1.481990E+3	4.850307E+4
1.482055E+3	3.670498E+4
1.482123E+3	3.670544E+4
1.482190E+3	3.840065E+4
1.482257E+3	4.369206E+4
1.482326E+3	3.974922E+4
1.482394E+3	4.495510E+4
1.482461E+3	6.066478E+4
1.482531E+3	4.766087E+4
1.482597E+3	3.362670E+4
1.482663E+3	3.402614E+4
1.482728E+3	3.458613E+4
1.482798E+3	3.482584E+4
1.482864E+3	5.126129E+4
1.482933E+3	4.703771E+4
1.482999E+3	4.907980E+4
1.483065E+3	4.742820E+4
1.483136E+3	4.887965E+4
1.483208E+3	5.990145E+4
1.483280E+3	4.791789E+4
1.483347E+3	3.661240E+4
1.483414E+3	3.563724E+4
1.483479E+3	3.562827E+4
1.483548E+3	3.541233E+4
1.483616E+3	3.550435E+4
1.483686E+3	3.560783E+4
1.483754E+3	3.558898E+4
1.483824E+3	3.563529E+4
1.483889E+3	3.581422E+4
1.483959E+3	3.612372E+4
1.484028E+3	3.609384E+4
1.484097E+3	3.662049E+4
1.484164E+3	3.572853E+4
1.484232E+3	3.682419E+4
1.484298E+3	3.729873E+4
1.484366E+3	3.767879E+4
1.484435E+3	3.744273E+4
1.484504E+3	3.814748E+4
1.484573E+3	3.792220E+4
1.484640E+3	3.939403E+4
1.484710E+3	3.946055E+4
1.484778E+3	3.952579E+4
1.484844E+3	3.921402E+4
1.484911E+3	3.950882E+4
1.484976E+3	3.946854E+4
1.485045E+3	4.014683E+4
1.485118E+3	3.980413E+4
1.485184E+3	4.116014E+4
1.485254E+3	4.059300E+4
1.485322E+3	4.097306E+4
1.485390E+3	3.855002E+4
1.485456E+3	4.095103E+4
1.485525E+3	4.102074E+4
1.485594E+3	4.868181E+4
1.485663E+3	5.413617E+4
1.485731E+3	5.408606E+4
1.485801E+3	4.521104E+4
1.485867E+3	3.617031E+4
1.485935E+3	3.513480E+4
1.486009E+3	3.504511E+4
1.486074E+3	3.518154E+4
1.486142E+3	3.501733E+4
1.486209E+3	3.511601E+4
1.486277E+3	3.515397E+4
1.486347E+3	3.518081E+4
1.486416E+3	3.522115E+4
1.486482E+3	3.534491E+4
1.486553E+3	3.529445E+4
1.486621E+3	3.537526E+4
1.486688E+3	3.538073E+4
1.486754E+3	3.562257E+4
1.486821E+3	3.563878E+4
1.486889E+3	3.565465E+4
1.486957E+3	3.575127E+4
1.487027E+3	3.574361E+4
1.487096E+3	3.583122E+4
1.487166E+3	3.589905E+4
1.487233E+3	3.595598E+4
1.487305E+3	3.606885E+4
1.487374E+3	3.607907E+4
1.487440E+3	3.606937E+4
1.487508E+3	3.613634E+4
1.487578E+3	3.611547E+4
1.487647E+3	3.613265E+4
1.487718E+3	3.627502E+4
1.487784E+3	3.628558E+4
1.487851E+3	3.637150E+4
1.487924E+3	3.634633E+4
1.487994E+3	3.639046E+4
1.488059E+3	3.646494E+4
1.488128E+3	3.645922E+4
1.488194E+3	3.648987E+4
1.488264E+3	3.666449E+4
1.488330E+3	3.676195E+4
1.488396E+3	3.684884E+4
1.488463E+3	3.700038E+4
1.488532E+3	3.699315E+4
1.488601E+3	3.698511E+4
1.488670E+3	3.701536E+4
1.488735E+3	3.710134E+4
1.488807E+3	3.715319E+4
1.488876E+3	3.732899E+4
1.488946E+3	3.725693E+4
1.489013E+3	3.734714E+4
1.489082E+3	3.738452E+4
1.489149E+3	3.738878E+4
1.489217E+3	3.754383E+4
1.489288E+3	3.834809E+4
1.489356E+3	3.809029E+4
1.489423E+3	3.804277E+4
1.489491E+3	3.800588E+4
1.489557E+3	3.787328E+4
1.489625E+3	3.788603E+4
1.489692E+3	3.794178E+4
1.489758E+3	3.822642E+4
1.489826E+3	3.839319E+4
1.489893E+3	3.891033E+4
1.489962E+3	3.857795E+4
1.490030E+3	3.870653E+4
1.490102E+3	3.848597E+4
1.490167E+3	3.922925E+4
1.490237E+3	3.870148E+4
1.490306E+3	3.867756E+4
1.490374E+3	3.953044E+4
1.490443E+3	3.897755E+4
1.490512E+3	4.184768E+4
1.490581E+3	3.925302E+4
1.490647E+3	3.853875E+4
1.490719E+3	3.855223E+4
1.490785E+3	3.875304E+4
1.490854E+3	3.888648E+4
1.490922E+3	3.895730E+4
1.490990E+3	3.873641E+4
1.491057E+3	3.882134E+4
1.491126E+3	3.866955E+4
1.491195E+3	3.950403E+4
1.491266E+3	3.970060E+4
1.491337E+3	3.990637E+4
1.491403E+3	4.019709E+4
1.491472E+3	0.000000E+0
1.491537E+3	4.030929E+4
1.491606E+3	5.126895E+4
1.491671E+3	4.133035E+4
1.491741E+3	4.013808E+4
1.491810E+3	3.930457E+4
1.491879E+3	3.940749E+4
1.491947E+3	3.890045E+4
1.492017E+3	3.867127E+4
1.492083E+3	3.884938E+4
1.492153E+3	3.911174E+4
1.492223E+3	3.912694E+4
1.492290E+3	3.916373E+4
1.492355E+3	3.990846E+4
1.492423E+3	4.032356E+4
1.492488E+3	4.022059E+4
1.492556E+3	3.982844E+4
1.492630E+3	3.992227E+4
1.492698E+3	4.013305E+4
1.492771E+3	4.005801E+4
1.492837E+3	4.113330E+4
1.492907E+3	4.186857E+4
1.492977E+3	6.328138E+4
1.493046E+3	5.214528E+4
1.493114E+3	4.001664E+4
1.493182E+3	3.973517E+4
1.493248E+3	3.977206E+4
1.493314E+3	3.965533E+4
1.493384E+3	3.975184E+4
1.493451E+3	3.962265E+4
1.493524E+3	3.959750E+4
1.493592E+3	3.970296E+4
1.493661E+3	3.981103E+4
1.493728E+3	3.985644E+4
1.493794E+3	3.989686E+4
1.493861E+3	3.989330E+4
1.493932E+3	3.995734E+4
1.493996E+3	4.001546E+4
1.494066E+3	3.998070E+4
1.494136E+3	4.021458E+4
1.494203E+3	4.021659E+4
1.494273E+3	4.047688E+4
1.494339E+3	4.070543E+4
1.494405E+3	4.121366E+4
1.494473E+3	4.619187E+4
1.494542E+3	4.098729E+4
1.494609E+3	4.116531E+4
1.494676E+3	4.059176E+4
1.494742E+3	4.041899E+4
1.494815E+3	4.041505E+4
1.494884E+3	4.049099E+4
1.494954E+3	4.047475E+4
1.495021E+3	4.059535E+4
1.495091E+3	4.067827E+4
1.495157E+3	4.068283E+4
1.495223E+3	4.077310E+4
1.495288E+3	4.076921E+4
1.495357E+3	4.086896E+4
1.495423E+3	4.084168E+4
1.495493E+3	4.098995E+4
1.495562E+3	4.124864E+4
1.495629E+3	4.208966E+4
1.495697E+3	4.984505E+4
1.495765E+3	4.118853E+4
1.495835E+3	4.100570E+4
1.495907E+3	4.106556E+4
1.495974E+3	4.106913E+4
1.496042E+3	4.215374E+4
1.496110E+3	4.193247E+4
1.496176E+3	4.209000E+4
1.496244E+3	4.187253E+4
1.496312E+3	4.873321E+4
1.496378E+3	4.220263E+4
1.496448E+3	4.168801E+4
1.496514E+3	4.152645E+4
1.496580E+3	4.150047E+4
1.496650E+3	4.168284E+4
1.496718E+3	4.185392E+4
1.496791E+3	4.254459E+4
1.496861E+3	4.258096E+4
1.496930E+3	4.839410E+4
1.497001E+3	5.106901E+4
1.497068E+3	4.601833E+4
1.497138E+3	4.480078E+4
1.497204E+3	4.256711E+4
1.497273E+3	4.197900E+4
1.497340E+3	4.189412E+4
1.497410E+3	4.198272E+4
1.497481E+3	4.230414E+4
1.497551E+3	4.239542E+4
1.497622E+3	4.263335E+4
1.497695E+3	4.280978E+4
1.497759E+3	4.310120E+4
1.497831E+3	4.284595E+4
1.497901E+3	4.356433E+4
1.497969E+3	4.445368E+4
1.498038E+3	6.144141E+4
1.498107E+3	4.258053E+4
1.498174E+3	4.267159E+4
1.498242E+3	4.260645E+4
1.498311E+3	4.253308E+4
1.498379E+3	4.261402E+4
1.498448E+3	4.268187E+4
1.498519E+3	4.286531E+4
1.498586E+3	4.288381E+4
1.498653E+3	4.298314E+4
1.498719E+3	4.303144E+4
1.498784E+3	4.301328E+4
1.498852E+3	4.320522E+4
1.498920E+3	4.334425E+4
1.498987E+3	4.363215E+4
1.499051E+3	4.377182E+4
1.499121E+3	4.404227E+4
1.499190E+3	5.035337E+4
1.499259E+3	4.661815E+4
1.499328E+3	4.352618E+4
1.499393E+3	4.350040E+4
1.499462E+3	4.556363E+4
1.499531E+3	4.593872E+4
1.499600E+3	5.675675E+4
1.499667E+3	5.392689E+4
1.499738E+3	4.691813E+4
1.499809E+3	4.395743E+4
1.499878E+3	4.387172E+4
1.499948E+3	4.392028E+4
1.500016E+3	4.395266E+4
1.500082E+3	4.403294E+4
1.500151E+3	4.407113E+4
1.500220E+3	4.424515E+4
1.500286E+3	4.435674E+4
1.500356E+3	4.439750E+4
1.500424E+3	4.438749E+4
1.500495E+3	4.451756E+4
1.500565E+3	4.455628E+4
1.500636E+3	4.463592E+4
1.500705E+3	4.463782E+4
1.500773E+3	4.486522E+4
1.500840E+3	4.570047E+4
1.500907E+3	4.539629E+4
1.500974E+3	4.554273E+4
1.501041E+3	4.585755E+4
1.501110E+3	4.593843E+4
1.501175E+3	4.581260E+4
1.501243E+3	4.594583E+4
1.501310E+3	4.607270E+4
1.501378E+3	4.630626E+4
1.501450E+3	4.639894E+4
1.501516E+3	5.006169E+4
1.501581E+3	4.613885E+4
1.501651E+3	4.729099E+4
1.501720E+3	4.780525E+4
1.501789E+3	4.868202E+4
1.501861E+3	4.779222E+4
1.501928E+3	4.825963E+4
1.501996E+3	4.831322E+4
1.502067E+3	4.840681E+4
1.502134E+3	4.840840E+4
1.502202E+3	4.853017E+4
1.502272E+3	4.800227E+4
1.502339E+3	5.221511E+4
1.502405E+3	5.251835E+4
1.502471E+3	5.319424E+4
1.502540E+3	5.375957E+4
1.502613E+3	5.398665E+4
1.502679E+3	5.341921E+4
1.502747E+3	5.364783E+4
1.502816E+3	5.358717E+4
1.502883E+3	6.563840E+4
1.502948E+3	7.291364E+4
1.503014E+3	5.858642E+4
1.503086E+3	6.230181E+4
1.503156E+3	6.215923E+4
1.503226E+3	6.003974E+4
1.503297E+3	6.131741E+4
1.503368E+3	1.665292E+5
1.503451E+3	1.768312E+5
1.503529E+3	1.883256E+5
1.503606E+3	2.050940E+5
1.503681E+3	2.172482E+5
1.503760E+3	3.158778E+5
1.503839E+3	3.196471E+5
1.503914E+3	3.527281E+5
1.503992E+3	3.726691E+5
1.504068E+3	4.203206E+5
1.504146E+3	4.361552E+5
1.504224E+3	3.778190E+5
1.504303E+3	3.828922E+5
1.504380E+3	4.036560E+5
1.504457E+3	3.782163E+5
1.504534E+3	3.873984E+5
1.504614E+3	4.198364E+5
1.504691E+3	5.123850E+5
1.504769E+3	5.393530E+5
1.504844E+3	4.357660E+5
1.504921E+3	4.608548E+5
1.504998E+3	4.684734E+5
1.505074E+3	4.783309E+5
1.505150E+3	5.969491E+5
1.505225E+3	5.630231E+5
1.505301E+3	5.471331E+5
1.505377E+3	5.562177E+5
1.505455E+3	6.266468E+5
1.505532E+3	6.106149E+5
1.505606E+3	5.524683E+5
1.505681E+3	2.015277E+5
1.505756E+3	2.509688E+5
1.505831E+3	2.493752E+5
1.505908E+3	2.816043E+5
1.505983E+3	2.742983E+5
1.506059E+3	3.008627E+5
1.506134E+3	4.482133E+5
1.506209E+3	5.023739E+5
1.506285E+3	5.043656E+5
1.506362E+3	6.708715E+5
1.506438E+3	5.690350E+5
1.506514E+3	5.237367E+5
1.506589E+3	6.191080E+5
1.506665E+3	5.724316E+5
1.506741E+3	6.391876E+5
1.506817E+3	7.002402E+5
1.506894E+3	7.184708E+5
1.506969E+3	7.533187E+5
1.507046E+3	1.233684E+5
1.507122E+3	1.365626E+5
1.507198E+3	1.373209E+5
1.507275E+3	1.356445E+5
1.507353E+3	1.354317E+5
1.507428E+3	1.303732E+5
1.507506E+3	1.295861E+5
1.507581E+3	1.437985E+5
1.507656E+3	1.487532E+5
1.507731E+3	1.662336E+5
1.507807E+3	1.616700E+5
1.507885E+3	1.585658E+5
1.507960E+3	1.580908E+5
1.508040E+3	1.614473E+5
1.508116E+3	1.517577E+5
1.508193E+3	1.792484E+5
1.508270E+3	1.615320E+5
1.508346E+3	1.669231E+5
1.508423E+3	2.243071E+5
1.508500E+3	2.972234E+5
1.508574E+3	3.162658E+5
1.508649E+3	3.103241E+5
1.508726E+3	3.374412E+5
1.508800E+3	3.492794E+5
1.508876E+3	3.970156E+5
1.508953E+3	4.155781E+5
1.509028E+3	4.224582E+5
1.509107E+3	4.413247E+5
1.509182E+3	5.550976E+5
1.509258E+3	6.216968E+5
1.509336E+3	5.904943E+5
1.509410E+3	6.740463E+5
1.509485E+3	7.182610E+5
1.509560E+3	7.969074E+5
1.509637E+3	1.087103E+6
1.509716E+3	4.858319E+6
1.509946E+3	6.340936E+6
1.510155E+3	6.469813E+6
1.510365E+3	7.541294E+6
1.510574E+3	8.228583E+6
1.510782E+3	9.017387E+6
1.510992E+3	8.620704E+6
1.511201E+3	9.453596E+6
1.511411E+3	6.132428E+6
1.511791E+3	6.447719E+6
1.511999E+3	9.623169E+6
1.512209E+3	8.751201E+6
1.512416E+3	8.044494E+6
1.512627E+3	8.610806E+6
1.512840E+3	6.440728E+6
1.513047E+3	6.657976E+6
1.513254E+3	6.797477E+6
1.513462E+3	9.302434E+6
1.513670E+3	8.452169E+6
1.513877E+3	9.932675E+6
1.514087E+3	8.860751E+6
1.514298E+3	1.021548E+7
1.514505E+3	1.036147E+7
1.514714E+3	1.089982E+9
1.515124E+3	9.900000E+37
1.515512E+3	9.900000E+37
1.515895E+3	9.900000E+37
1.516279E+3	9.900000E+37
1.516660E+3	9.900000E+37
1.517053E+3	9.900000E+37
1.517435E+3	9.900000E+37
1.517820E+3	9.900000E+37
1.518215E+3	9.900000E+37
1.518602E+3	9.900000E+37
1.518995E+3	9.900000E+37
1.519375E+3	9.900000E+37
1.519757E+3	9.900000E+37
1.520140E+3	9.900000E+37
1.520537E+3	9.900000E+37
1.520920E+3	9.900000E+37
1.521316E+3	9.900000E+37
1.521702E+3	9.900000E+37
1.522099E+3	9.900000E+37
1.522480E+3	9.900000E+37
1.522873E+3	9.900000E+37
1.523256E+3	9.900000E+37
1.523637E+3	9.900000E+37
1.524023E+3	9.900000E+37
1.524418E+3	9.900000E+37
1.524804E+3	9.900000E+37
1.525197E+3	9.900000E+37
1.525581E+3	9.900000E+37
1.525963E+3	9.900000E+37
1.526356E+3	9.900000E+37
1.526741E+3	9.900000E+37
1.527141E+3	9.900000E+37
1.527539E+3	9.900000E+37
1.527924E+3	9.900000E+37
1.528318E+3	9.900000E+37
1.528700E+3	9.900000E+37
1.529085E+3	9.900000E+37
1.529481E+3	9.900000E+37
1.529863E+3	9.900000E+37
1.530256E+3	9.900000E+37
1.530638E+3	9.900000E+37
1.531021E+3	9.900000E+37
1.531401E+3	9.900000E+37
1.531783E+3	9.900000E+37
1.532165E+3	9.900000E+37
1.532561E+3	9.900000E+37
1.532960E+3	9.900000E+37
1.533346E+3	9.900000E+37
1.533739E+3	9.900000E+37
1.534121E+3	9.900000E+37
1.534504E+3	9.900000E+37
1.534901E+3	9.900000E+37
1.535289E+3	9.900000E+37
1.535679E+3	9.900000E+37
1.536061E+3	9.900000E+37
1.536445E+3	9.900000E+37
1.536843E+3	9.900000E+37
1.537227E+3	9.900000E+37
1.537617E+3	9.900000E+37
1.538000E+3	9.900000E+37
1.538384E+3	9.900000E+37
1.538783E+3	9.900000E+37
1.539167E+3	9.900000E+37
1.539563E+3	9.900000E+37
1.539947E+3	9.900000E+37
1.540340E+3	9.900000E+37
1.540727E+3	9.900000E+37
1.541110E+3	9.900000E+37
1.541501E+3	9.900000E+37
1.541884E+3	9.900000E+37
1.542267E+3	9.900000E+37
1.542660E+3	9.900000E+37
1.543042E+3	9.900000E+37
1.543424E+3	9.900000E+37
1.543807E+3	9.900000E+37
1.544206E+3	9.900000E+37
1.544588E+3	9.900000E+37
1.544986E+3	9.900000E+37
1.545370E+3	9.900000E+37
1.545763E+3	9.900000E+37
1.546145E+3	9.900000E+37
1.546528E+3	9.900000E+37
1.546926E+3	9.900000E+37
1.547309E+3	9.900000E+37
1.547707E+3	9.900000E+37
1.548087E+3	9.900000E+37
1.548471E+3	9.900000E+37
1.548866E+3	9.900000E+37
1.549267E+3	9.900000E+37
1.549650E+3	9.900000E+37
1.550043E+3	9.900000E+37
1.550426E+3	9.900000E+37
1.550810E+3	9.900000E+37
1.551193E+3	9.900000E+37
1.551588E+3	9.900000E+37
1.551968E+3	9.900000E+37
1.552367E+3	9.900000E+37
1.552748E+3	9.900000E+37
1.553133E+3	9.900000E+37
1.553525E+3	9.900000E+37
1.553908E+3	9.900000E+37
1.554291E+3	9.900000E+37
1.554687E+3	9.900000E+37
1.555069E+3	9.900000E+37
1.555449E+3	9.900000E+37
1.555849E+3	9.900000E+37
1.556231E+3	9.900000E+37
1.556630E+3	9.900000E+37
1.557011E+3	9.900000E+37
1.557393E+3	9.900000E+37
1.557790E+3	9.900000E+37
1.558176E+3	9.900000E+37
1.558567E+3	9.900000E+37
1.558951E+3	9.900000E+37
1.559334E+3	9.900000E+37
1.559726E+3	9.900000E+37
1.560110E+3	9.900000E+37
1.560491E+3	9.900000E+37
1.560874E+3	9.900000E+37
1.561270E+3	9.900000E+37
1.561653E+3	9.900000E+37
1.562049E+3	9.900000E+37
1.562430E+3	9.900000E+37
1.562814E+3	9.900000E+37
1.563211E+3	9.900000E+37
1.563593E+3	9.900000E+37
1.563988E+3	9.900000E+37
1.564372E+3	9.900000E+37
1.564768E+3	9.900000E+37
1.565150E+3	9.900000E+37
1.565535E+3	9.900000E+37
1.565927E+3	9.900000E+37
1.566309E+3	9.900000E+37
1.566691E+3	9.900000E+37
1.567090E+3	9.900000E+37
1.567473E+3	9.900000E+37
1.567872E+3	9.900000E+37
1.568268E+3	9.900000E+37
1.568651E+3	9.900000E+37
1.569049E+3	9.900000E+37
1.569431E+3	9.900000E+37
1.569815E+3	9.900000E+37
1.570212E+3	9.900000E+37
1.570592E+3	9.900000E+37
1.570985E+3	9.900000E+37
1.571368E+3	9.900000E+37
1.571748E+3	9.900000E+37
1.572133E+3	9.900000E+37
1.572529E+3	9.900000E+37
1.572913E+3	9.900000E+37
1.573307E+3	9.900000E+37
1.573692E+3	9.900000E+37
1.574076E+3	9.900000E+37
1.574468E+3	9.900000E+37
1.574857E+3	9.900000E+37
1.575249E+3	9.900000E+37
1.575636E+3	9.900000E+37
1.576029E+3	9.900000E+37
1.576412E+3	9.900000E+37
1.576793E+3	9.900000E+37
1.577189E+3	9.900000E+37
1.577575E+3	9.900000E+37
1.577968E+3	9.900000E+37
1.578350E+3	9.900000E+37
1.578730E+3	9.900000E+37
1.579112E+3	9.900000E+37
1.579494E+3	9.900000E+37
1.579890E+3	9.900000E+37
1.580273E+3	9.900000E+37
1.580656E+3	9.900000E+37
1.581051E+3	9.900000E+37
1.581433E+3	9.900000E+37
1.581818E+3	9.900000E+37
1.582211E+3	9.900000E+37
1.582594E+3	9.900000E+37
1.582977E+3	9.900000E+37
1.583372E+3	9.900000E+37
1.583755E+3	9.900000E+37
1.584152E+3	9.900000E+37
1.584537E+3	9.900000E+37
1.584929E+3	9.900000E+37
1.585313E+3	9.900000E+37
1.585711E+3	9.900000E+37
1.586096E+3	9.900000E+37
1.586494E+3	9.900000E+37
1.586880E+3	9.900000E+37
1.587269E+3	9.900000E+37
1.587652E+3	9.900000E+37
1.588034E+3	9.900000E+37
1.588417E+3	9.900000E+37
1.588809E+3	9.900000E+37
1.589192E+3	9.900000E+37
1.589579E+3	9.900000E+37
1.589971E+3	9.900000E+37
1.590354E+3	9.900000E+37
1.590738E+3	9.900000E+37
1.591133E+3	9.900000E+37
1.591518E+3	9.900000E+37
1.591916E+3	9.900000E+37
1.592316E+3	9.900000E+37
1.592715E+3	9.900000E+37
1.593101E+3	9.900000E+37
1.593490E+3	9.900000E+37
1.593875E+3	9.900000E+37
1.594277E+3	9.900000E+37
1.594658E+3	9.900000E+37
1.595053E+3	9.900000E+37
1.595438E+3	9.900000E+37
1.595820E+3	9.900000E+37
1.596213E+3	9.900000E+37
1.596600E+3	9.900000E+37
1.596992E+3	9.900000E+37
1.597380E+3	9.900000E+37
1.597774E+3	9.900000E+37
1.598156E+3	9.900000E+37
1.598538E+3	9.900000E+37
1.598934E+3	9.900000E+37
1.599322E+3	9.900000E+37
1.599712E+3	9.900000E+37
1.600096E+3	9.900000E+37
1.600477E+3	9.900000E+37
1.600859E+3	9.900000E+37
1.601253E+3	9.900000E+37
1.601635E+3	9.900000E+37
1.602017E+3	9.900000E+37
1.602399E+3	9.900000E+37
1.602780E+3	9.900000E+37
1.603176E+3	9.900000E+37
1.603558E+3	9.900000E+37
1.603955E+3	9.900000E+37
1.604339E+3	9.900000E+37
1.604721E+3	9.900000E+37
1.605114E+3	9.900000E+37
1.605497E+3	9.900000E+37
1.605886E+3	9.900000E+37
1.606275E+3	9.900000E+37
1.606658E+3	9.900000E+37
1.607041E+3	9.900000E+37
1.607422E+3	9.900000E+37
1.607816E+3	9.900000E+37
1.608198E+3	9.900000E+37
1.608581E+3	9.900000E+37
1.608963E+3	9.900000E+37
1.609358E+3	9.900000E+37
1.609741E+3	9.900000E+37
1.610122E+3	9.900000E+37
1.610504E+3	9.900000E+37
1.610901E+3	9.900000E+37
1.611283E+3	9.900000E+37
1.611665E+3	9.900000E+37
1.612057E+3	9.900000E+37
1.612439E+3	9.900000E+37
1.612824E+3	9.900000E+37
1.613219E+3	9.900000E+37
1.613601E+3	9.900000E+37
1.613983E+3	9.900000E+37
1.614365E+3	9.900000E+37
1.614759E+3	9.900000E+37
1.615142E+3	9.900000E+37
1.615526E+3	9.900000E+37
1.615921E+3	9.900000E+37
1.616310E+3	9.900000E+37
1.616702E+3	9.900000E+37
1.617085E+3	9.900000E+37
1.617469E+3	9.900000E+37
1.617862E+3	9.900000E+37
1.618244E+3	9.900000E+37
1.618627E+3	9.900000E+37
1.619026E+3	9.900000E+37
1.619410E+3	9.900000E+37
1.619801E+3	9.900000E+37
1.620184E+3	9.900000E+37
1.620568E+3	9.900000E+37
1.620949E+3	9.900000E+37
1.621343E+3	9.900000E+37
1.621726E+3	9.900000E+37
1.622109E+3	9.900000E+37
1.622503E+3	9.900000E+37
1.622887E+3	9.900000E+37
1.623271E+3	9.900000E+37
1.623665E+3	9.900000E+37
1.624052E+3	9.900000E+37
1.624443E+3	9.900000E+37
1.624829E+3	9.900000E+37
1.625215E+3	9.900000E+37
1.625605E+3	9.900000E+37
1.625988E+3	9.900000E+37
1.626371E+3	9.900000E+37
1.626769E+3	9.900000E+37
1.627152E+3	9.900000E+37
1.627551E+3	9.900000E+37
1.627938E+3	9.900000E+37
1.628326E+3	9.900000E+37
1.628711E+3	9.900000E+37
1.629094E+3	9.900000E+37
1.629474E+3	9.900000E+37
1.629856E+3	9.900000E+37
1.630249E+3	9.900000E+37
1.630630E+3	9.900000E+37
1.631013E+3	9.900000E+37
1.631400E+3	9.900000E+37
1.631791E+3	9.900000E+37
1.632174E+3	9.900000E+37
1.632555E+3	9.900000E+37
1.632936E+3	9.900000E+37
1.633328E+3	9.900000E+37
1.633710E+3	9.900000E+37
1.634091E+3	9.900000E+37
1.634474E+3	9.900000E+37
1.634856E+3	9.900000E+37
1.635238E+3	9.900000E+37
1.635620E+3	9.900000E+37
1.636018E+3	9.900000E+37
1.636415E+3	9.900000E+37
1.636802E+3	9.900000E+37
1.637199E+3	9.900000E+37
1.637581E+3	9.900000E+37
1.637973E+3	9.900000E+37
1.638356E+3	9.900000E+37
1.638739E+3	9.900000E+37
1.639136E+3	9.900000E+37
1.639518E+3	9.900000E+37
1.639901E+3	9.900000E+37
1.640297E+3	9.900000E+37
1.640681E+3	9.900000E+37
1.641078E+3	9.900000E+37
1.641460E+3	9.900000E+37
1.641845E+3	9.900000E+37
1.642239E+3	9.900000E+37
1.642626E+3	9.900000E+37
1.643020E+3	9.900000E+37
1.643406E+3	9.900000E+37
1.643796E+3	9.900000E+37
1.644178E+3	9.900000E+37
1.644559E+3	9.900000E+37
1.644942E+3	9.900000E+37
1.645326E+3	9.900000E+37
1.645721E+3	9.900000E+37
1.646107E+3	9.900000E+37
1.646500E+3	9.900000E+37
1.646887E+3	9.900000E+37
1.647278E+3	9.900000E+37
1.647661E+3	9.900000E+37
1.648043E+3	9.900000E+37
1.648424E+3	9.900000E+37
1.648821E+3	9.900000E+37
1.649203E+3	9.900000E+37
1.649586E+3	9.900000E+37
1.649984E+3	9.900000E+37
1.650369E+3	9.900000E+37
1.650761E+3	9.900000E+37
1.651144E+3	9.900000E+37
1.651526E+3	9.900000E+37
1.651922E+3	9.900000E+37
1.652306E+3	9.900000E+37
1.652703E+3	9.900000E+37
1.653088E+3	9.900000E+37
1.653485E+3	9.900000E+37
1.653868E+3	9.900000E+37
1.654260E+3	9.900000E+37
1.654645E+3	9.900000E+37
1.655031E+3	9.900000E+37
1.655424E+3	9.900000E+37
1.655808E+3	9.900000E+37
1.656203E+3	9.900000E+37
1.656586E+3	9.900000E+37
1.656971E+3	9.900000E+37
1.657362E+3	9.900000E+37
1.657749E+3	9.900000E+37
1.658142E+3	9.900000E+37
1.658527E+3	9.900000E+37
1.658908E+3	9.900000E+37
1.659301E+3	9.900000E+37
1.659687E+3	9.900000E+37
1.660072E+3	9.900000E+37
1.660466E+3	9.900000E+37
1.660862E+3	9.900000E+37
1.661249E+3	9.900000E+37
1.661630E+3	9.900000E+37
1.662023E+3	9.900000E+37
1.662404E+3	9.900000E+37
1.662789E+3	9.900000E+37
1.663184E+3	9.900000E+37
1.663568E+3	9.900000E+37
1.663964E+3	9.900000E+37
1.664347E+3	9.900000E+37
1.664730E+3	9.900000E+37
1.665124E+3	9.900000E+37
1.665505E+3	9.900000E+37
1.665890E+3	9.900000E+37
1.666289E+3	9.900000E+37
1.666675E+3	9.900000E+37
1.667066E+3	9.900000E+37
1.667450E+3	9.900000E+37
1.667843E+3	9.900000E+37
1.668226E+3	9.900000E+37
1.668608E+3	9.900000E+37
1.668989E+3	9.900000E+37
1.669371E+3	9.900000E+37
1.669752E+3	9.900000E+37
1.670146E+3	9.900000E+37
1.670532E+3	9.900000E+37
1.670927E+3	9.900000E+37
1.671310E+3	9.900000E+37
1.671693E+3	9.900000E+37
1.672088E+3	9.900000E+37
1.672471E+3	9.900000E+37
1.672854E+3	9.900000E+37
1.673248E+3	9.900000E+37
1.673631E+3	9.900000E+37
1.674013E+3	9.900000E+37
1.674409E+3	9.900000E+37
1.674792E+3	9.900000E+37
1.675189E+3	9.900000E+37
1.675572E+3	9.900000E+37
1.675969E+3	9.900000E+37
1.676351E+3	9.900000E+37
1.676734E+3	9.900000E+37
1.677131E+3	9.900000E+37
1.677514E+3	9.900000E+37
1.677907E+3	9.900000E+37
1.678290E+3	9.900000E+37
1.678674E+3	9.900000E+37
1.679071E+3	9.900000E+37
1.679453E+3	9.900000E+37
1.679834E+3	9.900000E+37
1.680228E+3	9.900000E+37
1.680612E+3	9.900000E+37
1.680993E+3	9.900000E+37
1.681376E+3	9.900000E+37
1.681770E+3	9.900000E+37
1.682156E+3	9.900000E+37
1.682548E+3	9.900000E+37
1.682930E+3	9.900000E+37
1.683313E+3	9.900000E+37
1.683710E+3	9.900000E+37
1.684091E+3	9.900000E+37
1.684471E+3	9.900000E+37
1.684853E+3	9.900000E+37
1.685236E+3	9.900000E+37
1.685631E+3	9.900000E+37
1.686033E+3	9.900000E+37
1.686415E+3	9.900000E+37
1.686809E+3	9.900000E+37
1.687191E+3	9.900000E+37
1.687574E+3	9.900000E+37
1.687970E+3	9.900000E+37
1.688353E+3	9.900000E+37
1.688735E+3	9.900000E+37
1.689128E+3	9.900000E+37
1.689510E+3	9.900000E+37
1.689890E+3	9.900000E+37
1.690273E+3	9.900000E+37
1.690655E+3	9.900000E+37
1.691054E+3	9.900000E+37
1.691439E+3	9.900000E+37
1.691831E+3	9.900000E+37
1.692213E+3	9.900000E+37
1.692596E+3	9.900000E+37
1.692990E+3	9.900000E+37
1.693374E+3	9.900000E+37
1.693769E+3	9.900000E+37
1.694151E+3	9.900000E+37
1.694537E+3	9.900000E+37
1.694929E+3	9.900000E+37
1.695313E+3	9.900000E+37
1.695693E+3	9.900000E+37
1.696076E+3	9.900000E+37
1.696471E+3	9.900000E+37
1.696854E+3	9.900000E+37
1.697249E+3	9.900000E+37
1.697633E+3	9.900000E+37
1.698032E+3	9.900000E+37
1.698415E+3	9.900000E+37
1.698807E+3	9.900000E+37
1.699189E+3	9.900000E+37
1.699570E+3	9.900000E+37
1.699951E+3	9.900000E+37
1.700333E+3	9.900000E+37
1.700727E+3	9.900000E+37
1.701111E+3	9.900000E+37
1.701509E+3	9.900000E+37
1.701892E+3	9.900000E+37
1.702286E+3	9.900000E+37
1.702669E+3	9.900000E+37
1.703052E+3	9.900000E+37
1.703452E+3	9.900000E+37
1.703849E+3	9.900000E+37
1.704232E+3	9.900000E+37
1.704630E+3	9.900000E+37
1.705011E+3	9.900000E+37
1.705392E+3	9.900000E+37
1.705773E+3	9.900000E+37
1.706167E+3	9.900000E+37
1.706552E+3	9.900000E+37
1.706944E+3	9.900000E+37
1.707328E+3	9.900000E+37
1.707710E+3	9.900000E+37
1.708107E+3	9.900000E+37
1.708489E+3	9.900000E+37
1.708873E+3	9.900000E+37
1.709266E+3	9.900000E+37
1.709649E+3	9.900000E+37
1.710035E+3	9.900000E+37
1.710427E+3	9.900000E+37
1.710809E+3	9.900000E+37
1.711193E+3	9.900000E+37
1.711585E+3	9.900000E+37
1.711969E+3	9.900000E+37
1.712351E+3	9.900000E+37
1.712745E+3	9.900000E+37
1.713127E+3	9.900000E+37
1.713510E+3	9.900000E+37
1.713906E+3	9.900000E+37
1.714288E+3	9.900000E+37
1.714673E+3	9.900000E+37
1.715063E+3	9.900000E+37
