1780496033.8412511	0.0	0.0
1780496033.8412511	0.0	0.0
1780496033.9381301	0.0	0.0
1780496033.9381301	0.0	0.0
1780496034.0389419	0.0	0.0
1780496034.0389419	0.0	0.0
1780496034.135207	0.0	0.0
1780496034.145712	0.0	0.0
1780496034.2298477	0.0	0.0
1780496034.2401931	0.0	0.0
1780496034.2401931	0.0	0.0
1780496034.3393958	0.0	0.0
1780496034.3393958	0.0	0.0
1780496034.439425	0.0	0.0
1780496034.439425	0.0	0.0
1780496034.5402646	0.0	0.0
1780496034.5402646	0.0	0.0
1780496034.5507903	0.0	0.0
1780496034.649351	0.0	0.0
1780496034.649351	0.0	0.0
1780496034.7388291	0.0	0.0
1780496034.7388291	0.0	0.0
1780496034.839074	0.0	0.0
1780496034.839074	0.0	0.0
1780496034.9353335	0.0	0.0
1780496034.9353335	0.0	0.0
1780496034.9458456	0.0	0.0
1780496035.043288	0.0	0.0
1780496035.043288	0.0	0.0
1780496035.1381938	0.0	0.0
1780496035.1381938	0.0	0.0
1780496035.2356317	0.0	0.0
1780496035.2356317	0.0	0.0
1780496035.25868	0.0	0.0
1780496035.3337908	0.0	0.0
1780496035.3443005	0.0	0.0
1780496035.450539	0.0	0.0
1780496035.450539	0.0	0.0
1780496035.5416489	0.0	0.0
1780496035.5416489	0.0	0.0
1780496035.6313252	0.0	0.0
1780496035.6313252	0.0	0.0
1780496035.6521688	0.0	0.0
1780496035.7361338	0.0	0.0
1780496035.7466874	0.0	0.0
1780496035.8250835	0.0	0.0
1780496035.845862	0.0	0.0
1780496035.9412353	0.0	0.0
1780496035.9412353	0.0	0.0
1780496035.951797	0.0	0.0
1780496036.034571	0.0	0.0
1780496036.0556738	0.0	0.0
1780496036.1371624	0.0	0.0
1780496036.147487	0.0	0.0
1780496036.23298	0.0	0.0
1780496036.2442849	0.0	0.0
1780496036.3445003	0.0	0.0
1780496036.3445003	0.0	0.0
1780496036.3445003	0.0	0.0
1780496036.4415684	0.0	0.0
1780496036.4695017	0.0	0.0
1780496036.537171	0.0	0.0
1780496036.5481787	0.0	0.0
1780496036.626463	0.0	0.0
1780496036.6478043	0.0	0.0
1780496036.6478043	0.0	0.0
1780496036.7421849	0.0	0.0
1780496036.7421849	0.0	0.0
1780496036.8387308	0.0	0.0
1780496036.849248	0.0	0.0
1780496036.935361	0.0	0.0
1780496036.9458754	0.0	0.0
1780496037.024057	0.0	0.0
1780496037.045137	0.0	0.0
1780496037.045137	0.0	0.0
1780496037.1361723	0.0	0.0
1780496037.1361723	0.0	0.0
1780496037.2358696	0.0	0.0
1780496037.2358696	0.0	0.0
1780496037.3320894	0.0	0.0
1780496037.3427634	0.0	0.0
1780496037.3427634	0.0	0.0
1780496037.4391627	0.0	0.0
1780496037.4391627	0.0	0.0
1780496037.5360832	0.0	0.0
1780496037.5360832	0.0	0.0
1780496037.6313093	0.0	0.0
1780496037.6313093	0.0	0.0
1780496037.7261107	0.0	0.0
1780496037.747755	0.0	0.0
1780496037.747755	0.0	0.0
1780496037.838649	0.0	0.0
1780496037.838649	0.0	0.0
1780496037.9428484	0.0	0.0
1780496037.9428484	0.0	0.0
1780496038.0317812	0.0	0.0
1780496038.0317812	0.0	0.0
1780496038.0538762	0.0	0.0
1780496038.1485136	0.0	0.0
1780496038.1485136	0.0	0.0
1780496038.2390628	0.0	0.0
1780496038.2390628	0.001	0.0
1780496038.337144	0.001	0.1
1780496038.337144	0.002	0.1
1780496038.4349144	0.007	0.3
1780496038.4349144	0.007	0.4
1780496038.4450126	0.009	0.7
1780496038.5508633	0.009	0.9
1780496038.5508633	0.009	1.2
1780496038.6382022	0.009	1.5
1780496038.6382022	0.01	1.8
1780496038.74263	0.01	2.1
1780496038.74263	0.01	2.3
1780496038.7531717	0.01	2.6
1780496038.836301	0.011	2.8
1780496038.846817	0.011	3.0
1780496038.934546	0.013	3.3
1780496038.945544	0.016	3.5
1780496039.0412164	0.016	3.7
1780496039.0412164	0.016	4.0
1780496039.1397376	0.018	4.2
1780496039.1397376	0.018	4.4
1780496039.150268	0.022	4.7
1780496039.238028	0.024	5.0
1780496039.2485638	0.024	5.3
1780496039.3242414	0.024	5.6
1780496039.345418	0.024	5.9
1780496039.4464784	0.025	6.1
1780496039.4464784	0.025	6.4
1780496039.4464784	0.025	6.6
1780496039.5354807	0.025	6.8
1780496039.556545	0.026	6.9
1780496039.6293943	0.026	7.1
1780496039.6505723	0.026	7.2
1780496039.724088	0.026	7.2
1780496039.7452743	0.027	7.2
1780496039.8402557	0.029	7.2
1780496039.8402557	0.029	7.2
1780496039.8402557	0.029	7.2
1780496039.934133	0.029	7.2
1780496039.9551623	0.029	7.2
1780496040.0342607	0.029	7.1
1780496040.0447807	0.029	7.0
1780496040.1310635	0.029	6.8
1780496040.1416414	0.029	6.7
1780496040.1416414	0.031	6.5
1780496040.2381754	0.031	6.4
1780496040.2381754	0.034	6.3
1780496040.334504	0.036	6.2
1780496040.334504	0.036	6.1
1780496040.430433	0.038	6.0
1780496040.451145	0.038	6.0
1780496040.5246031	0.039	6.0
1780496040.5471334	0.039	6.0
1780496040.5471334	0.039	6.0
1780496040.6368763	0.041	6.0
1780496040.6368763	0.044	6.1
1780496040.7309422	0.044	6.2
1780496040.7309422	0.045	6.3
1780496040.8293056	0.045	6.4
1780496040.8567357	0.047	6.5
1780496040.8567357	0.047	6.7
1780496040.9411373	0.047	6.8
1780496040.9411373	0.049	6.9
1780496041.041249	0.049	7.0
1780496041.041249	0.049	7.1
1780496041.1354315	0.049	7.2
1780496041.1354315	0.051	7.3
1780496041.2347503	0.051	7.3
1780496041.2452617	0.052	7.4
1780496041.2452617	0.052	7.4
1780496041.3402565	0.052	7.4
1780496041.3402565	0.052	7.4
1780496041.442768	0.052	7.4
1780496041.442768	0.052	7.3
1780496041.5403128	0.053	7.2
1780496041.5403128	0.053	7.1
1780496041.550838	0.053	7.0
1780496041.6503093	0.053	6.9
1780496041.6503093	0.054	6.8
1780496041.7401319	0.054	6.6
1780496041.7401319	0.054	6.4
1780496041.8412123	0.054	6.3
1780496041.8412123	0.054	6.1
1780496041.938382	0.054	5.9
1780496041.938382	0.054	5.7
1780496041.9489052	0.054	5.5
1780496042.0343268	0.054	5.3
1780496042.044921	0.054	5.1
1780496042.1464539	0.054	4.8
1780496042.1464539	0.054	4.6
1780496042.2428172	0.054	4.4
1780496042.2428172	0.055	4.2
1780496042.2534046	0.055	4.0
1780496042.3404279	0.055	3.8
1780496042.3509448	0.055	3.6
1780496042.4356194	0.055	3.4
1780496042.4460206	0.056	3.2
1780496042.5446332	0.056	3.1
1780496042.5446332	0.058	3.0
1780496042.6342237	0.058	2.8
1780496042.6342237	0.058	2.8
1780496042.6554973	0.058	2.7
1780496042.7332072	0.058	2.7
1780496042.7458842	0.058	2.6
1780496042.832662	0.058	2.6
1780496042.8431866	0.058	2.6
1780496042.9445562	0.063	2.6
1780496042.9445562	0.063	2.6
1780496042.9445562	0.064	2.7
1780496043.0359118	0.064	2.8
1780496043.056914	0.064	2.9
1780496043.136076	0.064	3.0
1780496043.1465917	0.065	3.1
1780496043.231416	0.065	3.3
1780496043.243459	0.065	3.4
1780496043.328113	0.065	3.5
1780496043.3386242	0.065	3.5
1780496043.3386242	0.065	3.6
1780496043.434582	0.065	3.7
1780496043.45796	0.065	3.7
1780496043.5343657	0.065	3.7
1780496043.5449722	0.065	3.7
1780496043.6318345	0.066	3.7
1780496043.6449072	0.066	3.7
1780496043.6449072	0.069	3.7
1780496043.738302	0.069	3.7
1780496043.738302	0.069	3.7
1780496043.8379877	0.069	3.7
1780496043.8379877	0.07	3.7
1780496043.93489	0.07	3.7
1780496043.9453948	0.07	3.7
1780496044.0315351	0.071	3.7
1780496044.0436254	0.071	3.7
1780496044.0436254	0.071	3.7
1780496044.144621	0.071	3.7
1780496044.144621	0.071	3.7
1780496044.2404938	0.071	3.7
1780496044.2404938	0.071	3.7
1780496044.3300474	0.071	3.6
1780496044.3514397	0.071	3.6
1780496044.3514397	0.072	3.5
1780496044.4400666	0.072	3.4
1780496044.4400666	0.072	3.4
1780496044.5447254	0.072	3.3
1780496044.5447254	0.072	3.2
1780496044.6314278	0.072	3.1
1780496044.6314278	0.072	3.1
1780496044.7280989	0.073	3.0
1780496044.749128	0.073	2.9
1780496044.749128	0.073	2.8
1780496044.8494213	0.074	2.7
1780496044.8494213	0.074	2.7
1780496044.9371269	0.077	2.6
1780496044.9371269	0.078	2.6
1780496045.0343385	0.078	2.6
1780496045.0343385	0.078	2.7
1780496045.0554295	0.078	2.8
1780496045.1323647	0.078	2.8
1780496045.1428883	0.079	2.9
1780496045.2439475	0.079	3.0
1780496045.2439475	0.08	3.1
1780496045.3445683	0.08	3.2
1780496045.3445683	0.08	3.2
1780496045.4394598	0.08	3.3
1780496045.4394598	0.08	3.4
1780496045.4499736	0.08	3.4
1780496045.5367138	0.081	3.5
1780496045.547239	0.081	3.5
1780496045.6435595	0.081	3.5
1780496045.6435595	0.081	3.5
1780496045.7470856	0.082	3.5
1780496045.7470856	0.082	3.5
1780496045.7575989	0.082	3.5
1780496045.8359425	0.083	3.5
1780496045.847444	0.083	3.5
1780496045.9310188	0.083	3.5
1780496045.9520326	0.084	3.5
1780496046.0485892	0.084	3.4
1780496046.0485892	0.087	3.4
1780496046.1373732	0.089	3.4
1780496046.1373732	0.09	3.5
1780496046.161876	0.09	3.6
1780496046.2385144	0.091	3.7
1780496046.249024	0.091	3.8
1780496046.3345587	0.091	3.9
1780496046.3448718	0.092	4.0
1780496046.440603	0.092	4.1
1780496046.440603	0.092	4.2
1780496046.440603	0.092	4.3
1780496046.542909	0.092	4.4
1780496046.5569391	0.093	4.4
1780496046.6339958	0.097	4.5
1780496046.6465259	0.097	4.6
1780496046.7322252	0.098	4.7
1780496046.7427332	0.098	4.9
1780496046.8285005	0.101	5.0
1780496046.8390598	0.101	5.2
1780496046.8390598	0.101	5.3
1780496046.9384944	0.101	5.5
1780496046.9384944	0.101	5.6
1780496047.0360944	0.101	5.7
1780496047.0476575	0.101	5.8
1780496047.1305232	0.101	5.9
1780496047.1512291	0.102	6.0
1780496047.1512291	0.102	6.0
1780496047.2466185	0.102	6.0
1780496047.2466185	0.102	6.0
1780496047.3356397	0.102	6.0
1780496047.3356397	0.103	5.9
1780496047.4332268	0.103	5.8
1780496047.4544308	0.103	5.8
1780496047.5280395	0.104	5.7
1780496047.549076	0.104	5.6
1780496047.549076	0.104	5.4
1780496047.6420782	0.104	5.3
1780496047.6420782	0.104	5.2
1780496047.741473	0.105	5.1
1780496047.741473	0.105	4.9
1780496047.8321886	0.105	4.8
1780496047.8532522	0.105	4.6
1780496047.8532522	0.105	4.5
1780496047.9464545	0.105	4.3
1780496047.9464545	0.105	4.2
1780496048.0418773	0.106	4.0
1780496048.0418773	0.106	3.9
1780496048.1406393	0.106	3.8
1780496048.1406393	0.106	3.6
1780496048.237369	0.106	3.5
1780496048.2478654	0.109	3.4
1780496048.2478654	0.109	3.3
1780496048.3424401	0.109	3.2
1780496048.3424401	0.109	3.2
1780496048.4392486	0.109	3.1
1780496048.4392486	0.111	3.1
1780496048.535117	0.114	3.1
1780496048.535117	0.114	3.1
1780496048.555914	0.114	3.1
1780496048.6614563	0.114	3.2
1780496048.6614563	0.114	3.3
1780496048.7486544	0.115	3.4
1780496048.7486544	0.115	3.4
1780496048.8438587	0.115	3.5
1780496048.8438587	0.115	3.6
1780496048.9412255	0.116	3.6
1780496048.9412255	0.116	3.7
1780496048.9517274	0.116	3.7
1780496049.027673	0.116	3.8
1780496049.0502372	0.117	3.8
1780496049.1452746	0.117	3.8
1780496049.1452746	0.117	3.8
1780496049.2445006	0.117	3.8
1780496049.2445006	0.117	3.8
1780496049.2546813	0.117	3.8
1780496049.338855	0.119	3.8
1780496049.349695	0.119	3.8
1780496049.4372196	0.12	3.8
1780496049.447746	0.12	3.8
1780496049.5462277	0.12	3.8
1780496049.5462277	0.12	3.8
1780496049.6411684	0.12	3.8
1780496049.6411684	0.12	3.8
1780496049.6599882	0.123	3.8
1780496049.7321641	0.123	3.8
1780496049.7534862	0.125	3.9
1780496049.829882	0.125	3.9
1780496049.8504255	0.125	3.9
1780496049.94433	0.127	4.0
1780496049.94433	0.127	4.1
1780496049.94433	0.127	4.2
1780496050.0413973	0.127	4.2
1780496050.051872	0.127	4.3
1780496050.1346982	0.127	4.3
1780496050.155853	0.127	4.4
1780496050.2315845	0.13	4.4
1780496050.2441163	0.13	4.5
1780496050.3294036	0.13	4.5
1780496050.3399093	0.13	4.5
1780496050.3399093	0.13	4.5
1780496050.4368398	0.131	4.6
1780496050.4368398	0.131	4.6
1780496050.539147	0.131	4.6
1780496050.549656	0.132	4.6
1780496050.6341202	0.132	4.6
1780496050.6446457	0.133	4.6
1780496050.6446457	0.133	4.6
1780496050.750647	0.133	4.5
1780496050.750647	0.133	4.5
1780496050.8374057	0.133	4.5
1780496050.8374057	0.134	4.4
1780496050.9348938	0.134	4.4
1780496050.9560177	0.134	4.3
1780496051.0312433	0.134	4.2
1780496051.052288	0.134	4.2
1780496051.052288	0.135	4.1
1780496051.1480174	0.135	4.0
1780496051.1480174	0.135	3.9
1780496051.242423	0.135	3.8
1780496051.242423	0.135	3.8
1780496051.3338604	0.135	3.7
1780496051.3473992	0.135	3.6
1780496051.3473992	0.135	3.4
1780496051.4428988	0.136	3.3
1780496051.4428988	0.137	3.3
1780496051.544511	0.137	3.2
1780496051.544511	0.137	3.1
1780496051.641548	0.137	3.0
1780496051.641548	0.137	3.0
1780496051.7305417	0.14	2.9
1780496051.7515812	0.14	2.9
1780496051.7515812	0.142	2.9
1780496051.8459964	0.142	3.0
1780496051.8459964	0.142	3.0
1780496051.939927	0.142	3.1
1780496051.939927	0.142	3.2
1780496052.043803	0.143	3.2
1780496052.043803	0.143	3.3
1780496052.0544434	0.144	3.4
1780496052.1489658	0.144	3.5
1780496052.1489658	0.144	3.5
1780496052.2442293	0.144	3.6
1780496052.2442293	0.144	3.6
1780496052.3404722	0.146	3.7
1780496052.3404722	0.146	3.7
1780496052.4408445	0.146	3.8
1780496052.4408445	0.146	3.8
1780496052.451363	0.148	3.8
1780496052.5335298	0.148	3.9
1780496052.555051	0.15	3.9
1780496052.6423402	0.15	4.0
1780496052.6423402	0.15	4.1
1780496052.7397275	0.15	4.1
1780496052.7397275	0.15	4.1
1780496052.761262	0.15	4.2
1780496052.8403866	0.151	4.2
1780496052.8514435	0.151	4.2
1780496052.9364102	0.151	4.2
1780496052.9469187	0.152	4.2
1780496053.0425866	0.156	4.3
1780496053.0425866	0.157	4.3
1780496053.1436496	0.158	4.4
1780496053.1436496	0.158	4.5
1780496053.1551607	0.158	4.7
1780496053.2325096	0.158	4.8
1780496053.2530487	0.161	4.9
1780496053.3412623	0.161	5.1
1780496053.3521793	0.161	5.2
1780496053.4283812	0.162	5.4
1780496053.4412007	0.162	5.5
1780496053.4412007	0.163	5.6
1780496053.539829	0.163	5.7
1780496053.539829	0.163	5.8
1780496053.6406965	0.163	5.9
1780496053.6512077	0.163	5.9
1780496053.7370675	0.163	5.9
1780496053.7480712	0.164	5.9
1780496053.8240767	0.164	5.9
1780496053.8450894	0.164	5.9
1780496053.8450894	0.165	5.9
1780496053.943403	0.165	5.8
1780496053.943403	0.168	5.8
1780496054.0317228	0.168	5.7
1780496054.0524251	0.168	5.7
1780496054.1363263	0.17	5.6
1780496054.1468625	0.17	5.6
1780496054.1468625	0.171	5.6
1780496054.2452493	0.171	5.6
1780496054.2452493	0.171	5.6
1780496054.340469	0.172	5.6
1780496054.340469	0.172	5.5
1780496054.4378247	0.176	5.5
1780496054.4493523	0.176	5.5
1780496054.5360904	0.176	5.6
1780496054.5461905	0.176	5.6
1780496054.5461905	0.176	5.6
1780496054.6421316	0.176	5.6
1780496054.6421316	0.176	5.6
1780496054.7401195	0.176	5.6
1780496054.7401195	0.176	5.6
1780496054.840513	0.176	5.6
1780496054.840513	0.176	5.5
1780496054.8507836	0.177	5.5
1780496054.9445808	0.177	5.4
1780496054.9445808	0.177	5.3
1780496055.0415454	0.179	5.3
1780496055.0415454	0.179	5.2
1780496055.134101	0.179	5.2
1780496055.134101	0.179	5.1
1780496055.2400014	0.179	5.0
1780496055.2400014	0.179	4.9
1780496055.2535229	0.18	4.8
1780496055.3452904	0.181	4.8
1780496055.3452904	0.181	4.7
1780496055.4388938	0.181	4.6
1780496055.4388938	0.181	4.5
1780496055.534392	0.181	4.4
1780496055.534392	0.182	4.4
1780496055.555507	0.185	4.3
1780496055.6359098	0.185	4.3
1780496055.6512067	0.185	4.2
1780496055.7506652	0.186	4.2
1780496055.7506652	0.19	4.2
1780496055.8390343	0.19	4.3
1780496055.8390343	0.192	4.4
1780496055.9429958	0.192	4.5
1780496055.9429958	0.193	4.6
1780496055.953589	0.193	4.8
1780496056.0314136	0.196	4.9
1780496056.053972	0.196	5.1
1780496056.1502578	0.196	5.3
1780496056.1502578	0.196	5.5
1780496056.2381556	0.196	5.6
1780496056.2381556	0.196	5.7
1780496056.2597208	0.196	5.9
1780496056.3370063	0.196	5.9
1780496056.3600452	0.196	6.0
1780496056.4330902	0.196	6.0
1780496056.4540534	0.198	6.0
1780496056.5295415	0.198	6.1
1780496056.5507	0.2	6.1
1780496056.6463714	0.203	6.1
1780496056.6463714	0.203	6.2
1780496056.6463714	0.204	6.2
1780496056.7353644	0.204	6.3
1780496056.7598608	0.204	6.4
1780496056.834379	0.204	6.4
1780496056.844893	0.204	6.4
1780496056.9299982	0.206	6.5
1780496056.9508865	0.207	6.5
1780496056.9508865	0.208	6.5
1780496057.0459929	0.208	6.5
1780496057.0459929	0.211	6.6
1780496057.1333923	0.211	6.6
1780496057.1541696	0.211	6.7
1780496057.2305198	0.212	6.7
1780496057.253093	0.212	6.8
1780496057.324695	0.212	6.8
1780496057.3457248	0.212	6.8
1780496057.3457248	0.214	6.8
1780496057.4406137	0.214	6.8
1780496057.4406137	0.215	6.8
1780496057.5324464	0.215	6.8
1780496057.553369	0.215	6.8
1780496057.62981	0.216	6.8
1780496057.6509266	0.216	6.8
1780496057.6509266	0.219	6.8
1780496057.7450147	0.219	6.8
1780496057.7450147	0.219	6.8
1780496057.8449495	0.22	6.8
1780496057.8449495	0.22	6.7
1780496057.939946	0.22	6.7
1780496057.939946	0.222	6.7
1780496058.0352912	0.222	6.7
1780496058.0478165	0.222	6.7
1780496058.0478165	0.223	6.6
1780496058.1442847	0.224	6.6
1780496058.1442847	0.224	6.6
1780496058.23979	0.224	6.5
1780496058.23979	0.224	6.5
1780496058.334912	0.224	6.4
1780496058.3579626	0.224	6.3
1780496058.3579626	0.224	6.2
1780496058.4464848	0.225	6.1
1780496058.4464848	0.225	6.0
1780496058.5453138	0.226	5.9
1780496058.5453138	0.226	5.8
1780496058.6449516	0.226	5.6
1780496058.6449516	0.226	5.5
1780496058.739779	0.227	5.4
1780496058.739779	0.227	5.2
1780496058.7516026	0.227	5.1
1780496058.8483934	0.227	5.0
1780496058.8483934	0.227	4.8
1780496058.9469566	0.229	4.7
1780496058.9469566	0.229	4.6
1780496059.0350325	0.229	4.5
1780496059.0350325	0.229	4.4
1780496059.056117	0.229	4.2
1780496059.1305172	0.229	4.1
1780496059.1518111	0.229	4.0
1780496059.2508388	0.229	3.9
1780496059.2508388	0.229	3.8
1780496059.3324387	0.233	3.7
1780496059.3429527	0.233	3.6
1780496059.4371011	0.233	3.6
1780496059.4371011	0.234	3.6
1780496059.4581196	0.234	3.6
1780496059.531573	0.234	3.6
1780496059.5571654	0.235	3.6
1780496059.6345067	0.235	3.6
1780496059.6450124	0.235	3.6
1780496059.7467978	0.235	3.6
1780496059.7467978	0.239	3.6
1780496059.7467978	0.239	3.7
1780496059.843924	0.239	3.8
1780496059.8569686	0.239	3.9
1780496059.9313648	0.239	4.0
1780496059.9520953	0.24	4.1
1780496060.035809	0.24	4.1
1780496060.0513346	0.24	4.2
1780496060.138255	0.241	4.3
1780496060.138255	0.241	4.4
1780496060.138255	0.244	4.4
1780496060.2355585	0.244	4.5
1780496060.257004	0.244	4.6
1780496060.3310819	0.246	4.7
1780496060.353076	0.246	4.8
1780496060.431704	0.246	4.9
1780496060.4433024	0.246	4.9
1780496060.4433024	0.246	5.0
1780496060.538055	0.246	5.0
1780496060.538055	0.246	5.1
1780496060.6384952	0.247	5.1
1780496060.6595364	0.247	5.1
1780496060.7358356	0.247	5.1
1780496060.7463412	0.248	5.1
1780496060.832646	0.25	5.1
1780496060.8428197	0.25	5.0
1780496060.8428197	0.25	5.0
1780496060.9467494	0.25	5.0
1780496060.9467494	0.25	5.0
1780496061.0430012	0.251	4.9
1780496061.0430012	0.251	4.9
1780496061.1351163	0.251	4.8
1780496061.156187	0.251	4.8
1780496061.156187	0.251	4.7
1780496061.251321	0.251	4.6
1780496061.251321	0.251	4.5
1780496061.3379104	0.252	4.4
1780496061.3379104	0.252	4.3
1780496061.4341218	0.252	4.2
1780496061.4341218	0.252	4.1
1780496061.5334775	0.252	4.0
1780496061.5450015	0.252	3.9
1780496061.5450015	0.252	3.8
1780496061.641165	0.253	3.7
1780496061.641165	0.253	3.5
1780496061.7390661	0.253	3.4
1780496061.7390661	0.253	3.3
1780496061.8364544	0.253	3.2
1780496061.8364544	0.254	3.1
1780496061.8570485	0.254	3.0
1780496061.9481738	0.255	2.9
1780496061.9481738	0.255	2.8
1780496062.0484622	0.255	2.8
1780496062.0484622	0.255	2.7
1780496062.1418033	0.255	2.7
1780496062.1418033	0.255	2.6
1780496062.2341003	0.255	2.6
1780496062.2341003	0.255	2.5
1780496062.2571256	0.255	2.5
1780496062.331338	0.255	2.5
1780496062.344453	0.255	2.4
1780496062.441592	0.255	2.4
1780496062.441592	0.255	2.3
1780496062.537397	0.256	2.3
1780496062.537397	0.256	2.2
1780496062.559447	0.258	2.2
1780496062.6350377	0.258	2.2
1780496062.6554933	0.261	2.2
1780496062.7343628	0.261	2.2
1780496062.7453878	0.262	2.3
1780496062.8463979	0.262	2.4
1780496062.8463979	0.263	2.5
1780496062.9448817	0.263	2.6
1780496062.9448817	0.263	2.7
1780496062.9554224	0.266	2.9
1780496063.035294	0.266	3.0
1780496063.0580506	0.266	3.2
1780496063.1348748	0.266	3.3
1780496063.146404	0.27	3.5
1780496063.2405286	0.27	3.7
1780496063.2405286	0.27	3.9
1780496063.2405286	0.271	4.1
1780496063.3387043	0.271	4.3
1780496063.3593056	0.272	4.5
1780496063.4381464	0.272	4.6
1780496063.448655	0.273	4.8
1780496063.5338125	0.273	4.9
1780496063.546005	0.273	5.1
1780496063.6437984	0.274	5.2
1780496063.6437984	0.274	5.3
1780496063.6437984	0.274	5.3
1780496063.7433035	0.274	5.4
1780496063.7538033	0.274	5.4
1780496063.8313582	0.274	5.4
1780496063.8534024	0.274	5.4
1780496063.9276035	0.275	5.4
1780496063.9491212	0.276	5.4
1780496063.9491212	0.276	5.3
1780496064.0450866	0.279	5.3
1780496064.0450866	0.279	5.3
1780496064.134115	0.28	5.3
1780496064.134115	0.28	5.3
1780496064.2388294	0.281	5.3
1780496064.2494392	0.281	5.3
1780496064.3343775	0.281	5.3
1780496064.3458345	0.283	5.4
1780496064.3458345	0.283	5.4
1780496064.441609	0.283	5.4
1780496064.441609	0.283	5.4
1780496064.5391421	0.283	5.4
1780496064.5391421	0.283	5.4
1780496064.6320004	0.285	5.4
1780496064.6566417	0.285	5.4
1780496064.6566417	0.286	5.4
1780496064.7521448	0.289	5.4
1780496064.7521448	0.29	5.4
1780496064.8428981	0.29	5.4
1780496064.8428981	0.29	5.4
1780496064.9407625	0.291	5.5
1780496064.9407625	0.294	5.6
1780496065.0334804	0.294	5.7
1780496065.054499	0.294	5.7
1780496065.054499	0.295	5.8
1780496065.1458306	0.295	5.9
1780496065.1458306	0.295	6.0
1780496065.2463365	0.295	6.1
1780496065.2463365	0.295	6.2
1780496065.3346581	0.295	6.2
1780496065.3346581	0.296	6.2
1780496065.3556361	0.296	6.2
1780496065.4455287	0.296	6.2
1780496065.4455287	0.3	6.2
1780496065.5512452	0.3	6.3
1780496065.5512452	0.3	6.3
1780496065.6465952	0.301	6.3
1780496065.6465952	0.301	6.3
1780496065.7422638	0.302	6.3
1780496065.7422638	0.302	6.3
1780496065.7527797	0.302	6.3
1780496065.8358319	0.302	6.3
1780496065.8465145	0.303	6.2
1780496065.9508967	0.303	6.2
1780496065.9508967	0.303	6.1
1780496066.038102	0.303	6.1
1780496066.038102	0.304	6.0
1780496066.059046	0.304	5.9
1780496066.1368058	0.305	5.8
1780496066.1514778	0.305	5.7
1780496066.2314258	0.305	5.6
1780496066.2519922	0.306	5.5
1780496066.351278	0.306	5.4
1780496066.351278	0.306	5.3
1780496066.4390218	0.306	5.2
1780496066.4390218	0.306	5.1
1780496066.460034	0.31	5.0
1780496066.537406	0.31	4.9
1780496066.5596044	0.311	4.8
1780496066.6338155	0.311	4.8
1780496066.6484008	0.311	4.8
1780496066.748363	0.312	4.8
1780496066.748363	0.312	4.8
1780496066.748363	0.313	4.7
1780496066.843074	0.313	4.7
1780496066.8535786	0.313	4.7
1780496066.9410172	0.313	4.7
1780496066.955641	0.313	4.7
1780496067.0321016	0.315	4.7
1780496067.0444841	0.315	4.7
1780496067.1284368	0.319	4.8
1780496067.14955	0.319	4.8
1780496067.14955	0.321	4.9
1780496067.245616	0.321	5.0
1780496067.2566576	0.321	5.1
1780496067.3335004	0.322	5.3
1780496067.3545158	0.322	5.4
1780496067.427528	0.322	5.5
1780496067.4484932	0.323	5.6
1780496067.4484932	0.323	5.7
1780496067.5428252	0.324	5.7
1780496067.5428252	0.324	5.8
1780496067.6372428	0.324	5.8
1780496067.6372428	0.324	5.9
1780496067.731735	0.324	5.9
1780496067.7599401	0.325	5.9
1780496067.8302932	0.328	5.9
1780496067.8513107	0.328	5.9
1780496067.8513107	0.329	5.9
1780496067.9459448	0.331	5.9
1780496067.9459448	0.331	5.9
1780496068.0438402	0.332	6.0
1780496068.0438402	0.333	6.0
1780496068.13311	0.336	6.1
1780496068.1539743	0.336	6.2
1780496068.1539743	0.336	6.3
1780496068.2503448	0.336	6.4
1780496068.2503448	0.338	6.5
1780496068.3470204	0.338	6.6
1780496068.3470204	0.338	6.7
1780496068.4430037	0.338	6.8
1780496068.4430037	0.339	6.9
1780496068.5425003	0.339	6.9
1780496068.5530038	0.339	7.0
1780496068.5530038	0.34	7.0
1780496068.651926	0.34	7.0
1780496068.651926	0.34	7.0
1780496068.747604	0.341	7.0
1780496068.747604	0.341	6.9
1780496068.834975	0.342	6.8
1780496068.834975	0.345	6.8
1780496068.8560076	0.345	6.8
1780496068.9315672	0.345	6.7
1780496068.9525776	0.345	6.7
1780496069.0467865	0.345	6.6
1780496069.0467865	0.345	6.5
1780496069.1460743	0.346	6.5
1780496069.1460743	0.346	6.4
1780496069.2342734	0.346	6.3
1780496069.2342734	0.346	6.2
1780496069.2553341	0.346	6.1
1780496069.3421085	0.346	5.9
1780496069.3526764	0.346	5.8
1780496069.446153	0.346	5.6
1780496069.446153	0.346	5.5
1780496069.5417967	0.346	5.3
1780496069.5417967	0.346	5.1
1780496069.5629396	0.35	4.9
1780496069.6387699	0.35	4.8
1780496069.6623006	0.35	4.7
1780496069.7380202	0.352	4.6
1780496069.7485287	0.352	4.5
1780496069.8486629	0.352	4.5
1780496069.8486629	0.352	4.4
1780496069.946599	0.353	4.4
1780496069.946599	0.353	4.4
1780496069.9571013	0.353	4.4
1780496070.034574	0.353	4.4
1780496070.0555947	0.354	4.3
1780496070.1295357	0.354	4.3
1780496070.1503942	0.354	4.3
1780496070.2264502	0.354	4.3
1780496070.2475712	0.354	4.3
1780496070.2475712	0.354	4.3
1780496070.3447063	0.354	4.2
1780496070.355216	0.354	4.2
1780496070.442802	0.355	4.1
1780496070.4534829	0.355	4.0
1780496070.538496	0.356	4.0
1780496070.5490034	0.356	3.9
1780496070.6349957	0.356	3.9
1780496070.6465743	0.356	3.8
1780496070.6465743	0.356	3.7
1780496070.744961	0.356	3.6
1780496070.7555501	0.357	3.6
1780496070.8398101	0.357	3.5
1780496070.8503494	0.357	3.4
1780496070.9332979	0.357	3.3
1780496070.9543624	0.357	3.3
1780496070.9543624	0.357	3.2
1780496071.0407634	0.357	3.1
1780496071.0407634	0.357	3.0
1780496071.145877	0.357	2.9
1780496071.145877	0.357	2.8
1780496071.2422016	0.357	2.7
1780496071.2527711	0.357	2.6
1780496071.33557	0.358	2.5
1780496071.3460813	0.358	2.4
1780496071.3460813	0.358	2.3
1780496071.4463959	0.358	2.2
1780496071.4463959	0.36	2.2
1780496071.536857	0.36	2.1
1780496071.536857	0.36	2.1
1780496071.6340237	0.36	2.1
1780496071.657535	0.36	2.0
1780496071.657535	0.36	2.0
1780496071.751778	0.361	2.0
1780496071.751778	0.361	2.0
1780496071.8493176	0.361	2.0
1780496071.8493176	0.361	2.0
1780496071.944154	0.361	2.0
1780496071.944154	0.361	2.0
1780496072.0407746	0.362	2.0
1780496072.0407746	0.362	2.0
1780496072.0512886	0.362	2.0
1780496072.1471772	0.362	2.0
1780496072.1471772	0.362	2.0
1780496072.2408748	0.362	1.9
1780496072.2408748	0.362	1.9
1780496072.3361628	0.362	1.9
1780496072.3361628	0.362	1.9
1780496072.3577216	0.362	1.9
1780496072.4313715	0.362	1.8
1780496072.4531353	0.362	1.8
1780496072.5538595	0.362	1.7
1780496072.5538595	0.363	1.7
1780496072.6394877	0.363	1.6
1780496072.6394877	0.363	1.6
1780496072.7473674	0.363	1.6
1780496072.7473674	0.363	1.5
1780496072.7578747	0.363	1.5
1780496072.8325102	0.363	1.5
1780496072.8535585	0.363	1.4
1780496072.94827	0.363	1.4
1780496072.94827	0.363	1.4
1780496073.044638	0.363	1.3
1780496073.044638	0.364	1.3
1780496073.0551713	0.364	1.3
1780496073.1406841	0.364	1.2
1780496073.1511927	0.364	1.2
1780496073.2382393	0.364	1.2
1780496073.2487447	0.364	1.2
1780496073.3265646	0.364	1.1
1780496073.3486104	0.364	1.1
1780496073.443803	0.364	1.1
1780496073.443803	0.364	1.1
1780496073.4543364	0.364	1.0
1780496073.5464501	0.364	1.0
1780496073.5569906	0.364	1.0
1780496073.6318634	0.364	1.0
1780496073.6538937	0.365	0.9
1780496073.7298558	0.365	0.9
1780496073.7509155	0.365	0.9
1780496073.7509155	0.365	0.9
1780496073.8394492	0.365	0.9
1780496073.8394492	0.365	0.9
1780496073.9383593	0.366	0.9
1780496073.9591546	0.366	0.9
1780496074.0433798	0.366	0.9
1780496074.0538836	0.367	0.9
1780496074.132047	0.367	0.9
1780496074.1456017	0.368	0.9
1780496074.1456017	0.368	1.0
1780496074.2416275	0.368	1.0
1780496074.2416275	0.368	1.1
1780496074.337887	0.368	1.2
1780496074.3609624	0.37	1.2
1780496074.438397	0.37	1.3
1780496074.448922	0.37	1.4
1780496074.448922	0.37	1.5
1780496074.545051	0.37	1.5
1780496074.545051	0.37	1.6
1780496074.6414568	0.37	1.7
1780496074.6414568	0.37	1.7
1780496074.7407207	0.37	1.8
1780496074.7512596	0.37	1.8
1780496074.8354464	0.37	1.8
1780496074.8463	0.37	1.8
1780496074.8463	0.371	1.8
1780496074.945573	0.371	1.8
1780496074.945573	0.371	1.8
1780496075.0391035	0.371	1.8
1780496075.0391035	0.371	1.8
1780496075.1420467	0.371	1.8
1780496075.1420467	0.371	1.8
1780496075.1536276	0.372	1.8
1780496075.2513752	0.372	1.8
1780496075.2513752	0.372	1.8
1780496075.346024	0.372	1.8
1780496075.346024	0.372	1.8
1780496075.440135	0.372	1.7
1780496075.440135	0.372	1.7
1780496075.5349486	0.372	1.7
1780496075.5349486	0.372	1.7
1780496075.5562017	0.372	1.7
1780496075.644997	0.373	1.7
1780496075.644997	0.373	1.7
1780496075.7423143	0.373	1.7
1780496075.7423143	0.373	1.7
1780496075.8405886	0.373	1.7
1780496075.8405886	0.373	1.7
1780496075.861279	0.373	1.7
1780496075.942958	0.373	1.6
1780496075.9534621	0.373	1.6
1780496076.0525417	0.373	1.6
1780496076.0525417	0.373	1.6
1780496076.1481261	0.373	1.6
1780496076.1481261	0.373	1.5
1780496076.2402952	0.373	1.5
1780496076.2402952	0.373	1.4
1780496076.2613482	0.374	1.4
1780496076.3374417	0.374	1.4
1780496076.3479486	0.374	1.3
1780496076.4321258	0.374	1.3
1780496076.4446425	0.374	1.3
1780496076.5467412	0.374	1.3
1780496076.5467412	0.374	1.2
1780496076.5572507	0.376	1.2
1780496076.643254	0.376	1.2
1780496076.6537704	0.376	1.2
1780496076.741315	0.376	1.2
1780496076.7518287	0.376	1.2
1780496076.82797	0.376	1.2
1780496076.8487291	0.376	1.3
1780496076.9437308	0.376	1.3
1780496076.9437308	0.376	1.3
1780496076.9437308	0.376	1.3
1780496077.0395806	0.376	1.3
1780496077.0516331	0.376	1.3
1780496077.1349812	0.376	1.3
1780496077.1565228	0.376	1.3
1780496077.2342627	0.376	1.3
1780496077.2452772	0.376	1.3
1780496077.2452772	0.376	1.2
1780496077.3423686	0.376	1.2
1780496077.3423686	0.376	1.2
1780496077.4394026	0.376	1.1
1780496077.4598756	0.376	1.1
1780496077.5408838	0.376	1.1
1780496077.5518131	0.376	1.0
1780496077.633806	0.376	1.0
1780496077.6443186	0.376	0.9
1780496077.6443186	0.376	0.9
1780496077.7392375	0.376	0.8
1780496077.7392375	0.376	0.8
1780496077.8368804	0.376	0.8
1780496077.8368804	0.376	0.7
1780496077.932616	0.376	0.7
1780496077.9534345	0.376	0.6
1780496077.9534345	0.376	0.6
1780496078.0502326	0.376	0.6
1780496078.0502326	0.376	0.5
1780496078.1388123	0.377	0.5
1780496078.1388123	0.377	0.5
1780496078.2479722	0.377	0.5
1780496078.2479722	0.377	0.4
1780496078.3349001	0.378	0.4
1780496078.3561227	0.378	0.4
1780496078.3561227	0.378	0.4
1780496078.4507792	0.378	0.5
1780496078.4507792	0.378	0.5
1780496078.5417984	0.378	0.5
1780496078.5417984	0.378	0.6
1780496078.6403182	0.378	0.6
1780496078.6403182	0.378	0.6
1780496078.6508403	0.378	0.6
1780496078.7483027	0.378	0.6
1780496078.7483027	0.378	0.7
1780496078.8478198	0.378	0.7
1780496078.8478198	0.378	0.7
1780496078.9461343	0.378	0.7
1780496078.9461343	0.378	0.7
1780496079.0397084	0.379	0.7
1780496079.0397084	0.379	0.7
1780496079.0502355	0.379	0.7
1780496079.151496	0.379	0.7
1780496079.151496	0.379	0.7
1780496079.2475007	0.379	0.7
1780496079.2475007	0.379	0.7
1780496079.3373609	0.379	0.7
1780496079.3373609	0.379	0.7
1780496079.3613975	0.379	0.7
1780496079.4402013	0.379	0.7
1780496079.4507246	0.379	0.7
1780496079.5387301	0.379	0.7
1780496079.5513303	0.379	0.7
1780496079.647058	0.379	0.7
1780496079.647058	0.379	0.7
1780496079.744521	0.379	0.7
1780496079.744521	0.38	0.7
1780496079.7550516	0.38	0.7
1780496079.838648	0.38	0.7
1780496079.8501601	0.38	0.7
1780496079.9399335	0.38	0.7
1780496079.9504528	0.38	0.7
1780496080.0470872	0.38	0.7
1780496080.0470872	0.38	0.7
1780496080.0470872	0.38	0.7
1780496080.1389828	0.38	0.7
1780496080.1601725	0.38	0.7
1780496080.2384763	0.38	0.6
1780496080.2499852	0.38	0.6
1780496080.335605	0.38	0.6
1780496080.346115	0.381	0.6
1780496080.4409742	0.381	0.6
1780496080.4409742	0.381	0.6
1780496080.4409742	0.381	0.6
1780496080.5397522	0.384	0.6
1780496080.560563	0.384	0.7
1780496080.6366572	0.385	0.8
1780496080.6577523	0.385	0.9
1780496080.7366216	0.385	1.0
1780496080.7471406	0.385	1.1
1780496080.7471406	0.385	1.2
1780496080.848435	0.385	1.3
1780496080.848435	0.386	1.4
1780496080.943237	0.386	1.5
1780496080.9537728	0.386	1.6
1780496081.0407982	0.387	1.7
1780496081.05147	0.387	1.8
1780496081.128255	0.387	1.9
1780496081.1492717	0.387	1.9
1780496081.1492717	0.389	2.0
1780496081.2474384	0.389	2.1
1780496081.2474384	0.389	2.2
1780496081.3366292	0.389	2.3
1780496081.3366292	0.389	2.4
1780496081.432609	0.389	2.4
1780496081.4536448	0.389	2.5
1780496081.4536448	0.39	2.5
1780496081.552837	0.39	2.5
1780496081.552837	0.39	2.6
1780496081.6442142	0.39	2.6
1780496081.6442142	0.39	2.6
1780496081.7450464	0.391	2.6
1780496081.7450464	0.391	2.6
1780496081.8343844	0.392	2.6
1780496081.8556027	0.392	2.6
1780496081.8556027	0.393	2.6
1780496081.9510093	0.393	2.7
1780496081.9510093	0.393	2.7
1780496082.0514395	0.393	2.7
1780496082.0514395	0.394	2.8
1780496082.135807	0.394	2.8
1780496082.135807	0.394	2.9
1780496082.1568239	0.394	2.9
1780496082.2490177	0.394	2.9
1780496082.2490177	0.394	2.9
1780496082.3489435	0.394	2.9
1780496082.3489435	0.394	2.9
1780496082.4439266	0.394	2.9
1780496082.4439266	0.394	2.9
1780496082.5421782	0.394	2.9
1780496082.5421782	0.396	2.8
1780496082.5527	0.396	2.8
1780496082.6310198	0.396	2.8
1780496082.651958	0.396	2.8
1780496082.7514281	0.396	2.7
1780496082.7514281	0.396	2.7
1780496082.841079	0.396	2.6
1780496082.841079	0.396	2.6
1780496082.861803	0.396	2.6
1780496082.9357312	0.396	2.5
1780496082.95826	0.396	2.4
1780496083.032245	0.396	2.4
1780496083.0528064	0.397	2.3
1780496083.1495094	0.397	2.2
1780496083.1495094	0.397	2.2
1780496083.2461138	0.398	2.1
1780496083.2461138	0.398	2.1
1780496083.2576265	0.398	2.1
1780496083.3442786	0.398	2.0
1780496083.3547828	0.398	2.0
1780496083.4367847	0.398	2.0
1780496083.4508054	0.399	1.9
1780496083.5480468	0.399	1.9
1780496083.5480468	0.399	1.9
1780496083.5480468	0.4	1.9
1780496083.642106	0.4	1.9
1780496083.6634064	0.4	1.9
1780496083.741568	0.401	1.9
1780496083.7521603	0.401	1.9
1780496083.8310378	0.401	1.9
1780496083.8538465	0.402	1.9
1780496083.9285512	0.402	1.9
1780496083.9495075	0.402	1.9
1780496083.9495075	0.402	2.0
1780496084.0469437	0.403	2.0
1780496084.057455	0.403	2.0
1780496084.140705	0.403	2.1
1780496084.1513815	0.404	2.1
1780496084.233377	0.404	2.1
1780496084.2540627	0.404	2.2
1780496084.2540627	0.405	2.2
1780496084.3484852	0.405	2.3
1780496084.3484852	0.405	2.3
1780496084.4466321	0.405	2.3
1780496084.4466321	0.405	2.4
1780496084.5359967	0.405	2.4
1780496084.558008	0.405	2.4
1780496084.63031	0.405	2.4
1780496084.6509995	0.405	2.4
1780496084.6509995	0.405	2.4
1780496084.74763	0.407	2.4
1780496084.74763	0.407	2.4
1780496084.8455012	0.41	2.4
1780496084.8455012	0.41	2.4
1780496084.9326847	0.41	2.4
1780496084.953843	0.412	2.5
1780496084.953843	0.412	2.6
1780496085.0460808	0.414	2.8
1780496085.0460808	0.414	2.9
1780496085.1433918	0.415	3.1
1780496085.1433918	0.415	3.3
1780496085.2378323	0.416	3.5
1780496085.2378323	0.416	3.6
1780496085.3388715	0.416	3.8
1780496085.3492255	0.416	4.0
1780496085.3492255	0.416	4.1
1780496085.4462411	0.417	4.2
1780496085.4462411	0.419	4.3
1780496085.5450318	0.419	4.5
1780496085.5450318	0.42	4.6
1780496085.640655	0.42	4.7
1780496085.640655	0.42	4.8
1780496085.6616793	0.42	4.8
1780496085.7383454	0.42	4.9
1780496085.7488704	0.42	4.9
1780496085.8492618	0.421	4.9
1780496085.8492618	0.421	4.9
1780496085.9506412	0.421	4.9
1780496085.9506412	0.421	4.9
1780496086.0352914	0.422	4.9
1780496086.0352914	0.422	4.9
1780496086.0565145	0.422	4.8
1780496086.1358402	0.422	4.7
1780496086.1570187	0.422	4.6
1780496086.2467637	0.422	4.5
1780496086.2467637	0.422	4.4
1780496086.3475356	0.422	4.3
1780496086.3475356	0.422	4.2
1780496086.3577428	0.422	4.1
1780496086.442584	0.422	3.9
1780496086.4531014	0.423	3.8
1780496086.5396767	0.423	3.6
1780496086.5502038	0.423	3.5
1780496086.645106	0.424	3.4
1780496086.645106	0.425	3.3
1780496086.7425025	0.425	3.2
1780496086.7425025	0.425	3.1
1780496086.7634153	0.429	3.0
1780496086.8404794	0.429	3.0
1780496086.85131	0.429	3.0
1780496086.9488275	0.429	3.0
1780496086.9598296	0.429	3.0
1780496087.033233	0.429	3.1
1780496087.0438976	0.429	3.1
1780496087.0438976	0.43	3.1
1780496087.1437013	0.43	3.1
1780496087.1437013	0.431	3.2
1780496087.2390518	0.431	3.2
1780496087.2600856	0.433	3.3
1780496087.3423824	0.433	3.4
1780496087.3555217	0.434	3.5
1780496087.4367716	0.434	3.6
1780496087.447287	0.435	3.7
1780496087.447287	0.435	3.8
1780496087.5423663	0.436	3.9
1780496087.5423663	0.436	4.0
1780496087.6428173	0.436	4.1
1780496087.6538265	0.436	4.2
1780496087.7399616	0.436	4.2
1780496087.7539902	0.436	4.3
1780496087.7539902	0.436	4.3
1780496087.8500147	0.436	4.3
1780496087.8500147	0.437	4.3
1780496087.9462605	0.437	4.3
1780496087.9462605	0.437	4.3
1780496088.0400827	0.438	4.2
1780496088.061427	0.438	4.2
1780496088.136704	0.438	4.1
1780496088.148734	0.438	4.1
1780496088.148734	0.439	4.0
1780496088.2433672	0.439	4.0
1780496088.2433672	0.439	3.9
1780496088.3488293	0.439	3.8
1780496088.3488293	0.439	3.7
1780496088.4428494	0.439	3.7
1780496088.4428494	0.439	3.6
1780496088.4553568	0.439	3.5
1780496088.5542603	0.439	3.4
1780496088.5542603	0.439	3.3
1780496088.6514277	0.44	3.1
1780496088.6514277	0.44	3.0
1780496088.7381177	0.44	2.9
1780496088.7381177	0.441	2.9
1780496088.841614	0.441	2.8
1780496088.841614	0.441	2.7
1780496088.8531222	0.441	2.6
1780496088.948138	0.441	2.5
1780496088.948138	0.442	2.5
1780496089.0515053	0.442	2.4
1780496089.0515053	0.443	2.4
1780496089.142229	0.443	2.4
1780496089.142229	0.443	2.3
1780496089.163239	0.443	2.3
1780496089.2368069	0.443	2.3
1780496089.2483351	0.443	2.2
1780496089.3324	0.443	2.2
1780496089.3536832	0.445	2.2
1780496089.448839	0.445	2.2
1780496089.448839	0.445	2.2
1780496089.5451672	0.445	2.2
1780496089.5451672	0.445	2.2
1780496089.5556843	0.446	2.2
1780496089.642751	0.446	2.2
1780496089.6532516	0.446	2.2
1780496089.730159	0.446	2.2
1780496089.7531726	0.447	2.2
1780496089.849325	0.447	2.3
1780496089.849325	0.447	2.3
1780496089.8594928	0.448	2.3
1780496089.9433744	0.448	2.3
1780496089.953883	0.448	2.3
1780496090.0382054	0.448	2.3
1780496090.0487216	0.448	2.4
1780496090.1285603	0.448	2.4
1780496090.1494954	0.448	2.4
1780496090.247898	0.45	2.4
1780496090.247898	0.451	2.4
1780496090.247898	0.451	2.4
1780496090.3430421	0.451	2.4
1780496090.3547282	0.451	2.5
1780496090.4407048	0.452	2.5
1780496090.4512243	0.452	2.6
1780496090.5281346	0.452	2.7
1780496090.5491884	0.453	2.7
1780496090.5491884	0.454	2.8
1780496090.6452024	0.458	2.9
1780496090.6452024	0.458	3.1
1780496090.73924	0.461	3.2
1780496090.73924	0.461	3.4
1780496090.8339467	0.463	3.7
1780496090.8545983	0.464	3.9
1780496090.9314892	0.464	4.2
1780496090.9525323	0.465	4.5
1780496090.9525323	0.465	4.7
1780496091.043522	0.465	5.0
1780496091.043522	0.466	5.2
1780496091.1350584	0.466	5.4
1780496091.1575809	0.466	5.6
1780496091.2335093	0.466	5.7
1780496091.2561526	0.466	5.9
1780496091.2561526	0.466	5.9
1780496091.3507626	0.467	6.0
1780496091.3507626	0.467	6.0
1780496091.4390328	0.467	6.0
1780496091.4390328	0.467	6.0
1780496091.535109	0.467	6.0
1780496091.535109	0.467	6.0
1780496091.632158	0.467	5.9
1780496091.6528866	0.468	5.8
1780496091.6528866	0.468	5.6
1780496091.7493582	0.468	5.5
1780496091.7493582	0.468	5.4
1780496091.8476799	0.468	5.2
1780496091.8476799	0.468	5.0
1780496091.9426594	0.468	4.9
1780496091.9426594	0.469	4.7
1780496091.9532697	0.469	4.5
1780496092.0551698	0.469	4.3
1780496092.0551698	0.469	4.2
1780496092.15007	0.469	4.0
1780496092.15007	0.469	3.8
1780496092.2459369	0.469	3.7
1780496092.2459369	0.469	3.5
1780496092.3368566	0.469	3.3
1780496092.3368566	0.47	3.2
1780496092.3579414	0.47	3.0
1780496092.4515712	0.471	2.9
1780496092.4515712	0.471	2.8
1780496092.5516298	0.471	2.7
1780496092.5516298	0.471	2.6
1780496092.6469362	0.471	2.5
1780496092.6469362	0.471	2.4
1780496092.6575415	0.471	2.3
1780496092.7461545	0.471	2.3
1780496092.7566683	0.471	2.2
1780496092.847047	0.471	2.2
1780496092.847047	0.471	2.1
1780496092.9434385	0.471	2.1
1780496092.9434385	0.471	2.0
1780496093.0435567	0.472	2.0
1780496093.0435567	0.472	1.9
1780496093.0540695	0.472	1.9
1780496093.14079	0.472	1.9
1780496093.1512938	0.472	1.8
1780496093.2379594	0.472	1.8
1780496093.2484791	0.472	1.8
1780496093.3467784	0.472	1.7
1780496093.3467784	0.472	1.7
1780496093.3467784	0.472	1.7
1780496093.4439175	0.473	1.6
1780496093.4544215	0.473	1.6
1780496093.5410168	0.473	1.6
1780496093.5528202	0.473	1.5
1780496093.6303575	0.473	1.5
1780496093.6513717	0.473	1.5
1780496093.7493398	0.474	1.5
1780496093.7493398	0.474	1.5
1780496093.7493398	0.474	1.5
1780496093.8466985	0.474	1.4
1780496093.8572164	0.474	1.4
1780496093.9382854	0.474	1.4
1780496093.9487965	0.476	1.4
1780496094.0406592	0.477	1.4
1780496094.051248	0.477	1.4
1780496094.051248	0.477	1.5
1780496094.1466982	0.478	1.5
1780496094.1466982	0.478	1.6
1780496094.2457728	0.478	1.7
1780496094.257497	0.478	1.8
1780496094.3339698	0.478	1.8
1780496094.354835	0.478	1.9
1780496094.428885	0.478	1.9
1780496094.4499254	0.478	2.0
1780496094.4499254	0.478	2.0
1780496094.5436099	0.478	2.0
1780496094.5436099	0.478	2.0
1780496094.6531003	0.479	2.0
1780496094.6531003	0.479	2.0
1780496094.742346	0.479	2.0
1780496094.7528565	0.48	2.0
1780496094.7528565	0.48	2.0
1780496094.8474636	0.48	2.0
1780496094.8474636	0.481	2.1
1780496094.9457645	0.481	2.1
1780496094.9457645	0.481	2.1
1780496095.040825	0.481	2.1
1780496095.040825	0.481	2.1
1780496095.1411479	0.481	2.1
1780496095.1516924	0.481	2.1
1780496095.1516924	0.481	2.1
1780496095.2486582	0.482	2.1
1780496095.2486582	0.482	2.1
1780496095.34323	0.483	2.1
1780496095.34323	0.483	2.1
1780496095.449201	0.483	2.1
1780496095.449201	0.483	2.1
1780496095.4597306	0.483	2.1
1780496095.5510347	0.483	2.1
1780496095.5510347	0.483	2.1
1780496095.6496663	0.483	2.0
1780496095.6496663	0.483	2.0
1780496095.7406912	0.483	2.0
1780496095.7406912	0.483	1.9
1780496095.8388934	0.483	1.9
1780496095.8388934	0.483	1.9
1780496095.8608663	0.484	1.8
1780496095.9401026	0.484	1.8
1780496095.9506269	0.487	1.8
1780496096.0458152	0.487	1.8
1780496096.0458152	0.487	1.8
1780496096.1436372	0.487	1.8
1780496096.1436372	0.488	1.8
1780496096.166256	0.488	1.9
1780496096.2448082	0.489	2.0
1780496096.255332	0.489	2.0
1780496096.3397968	0.489	2.1
1780496096.350325	0.489	2.2
1780496096.4467223	0.49	2.3
1780496096.4467223	0.49	2.3
1780496096.5456593	0.49	2.4
1780496096.5456593	0.49	2.5
1780496096.5561762	0.49	2.5
1780496096.6413174	0.49	2.5
1780496096.6518478	0.49	2.6
1780496096.7390308	0.49	2.6
1780496096.7520576	0.49	2.6
1780496096.851097	0.49	2.6
1780496096.851097	0.49	2.6
1780496096.851097	0.49	2.6
1780496096.943895	0.49	2.6
1780496096.9547105	0.49	2.6
1780496097.0423946	0.49	2.6
1780496097.0529163	0.49	2.5
1780496097.1313825	0.49	2.5
1780496097.1520379	0.491	2.4
1780496097.2313316	0.491	2.4
1780496097.2523818	0.491	2.3
1780496097.2523818	0.491	2.3
1780496097.3387306	0.491	2.2
1780496097.3595388	0.491	2.2
1780496097.4337554	0.492	2.1
1780496097.4547927	0.492	2.1
1780496097.5313134	0.492	2.0
1780496097.5524554	0.492	2.0
1780496097.5524554	0.493	1.9
1780496097.6508296	0.493	1.9
1780496097.6508296	0.493	1.9
1780496097.7411578	0.493	1.8
1780496097.7411578	0.494	1.8
1780496097.8429785	0.494	1.8
1780496097.8536665	0.494	1.8
1780496097.9326882	0.495	1.8
1780496097.953503	0.495	1.8
1780496097.953503	0.495	1.8
1780496098.0484397	0.495	1.8
1780496098.0484397	0.495	1.8
1780496098.1428635	0.495	1.8
1780496098.1428635	0.495	1.8
1780496098.239325	0.496	1.8
1780496098.2498374	0.496	1.8
1780496098.2498374	0.496	1.8
1780496098.3530211	0.497	1.9
1780496098.3530211	0.497	1.9
1780496098.44112	0.497	1.9
1780496098.44112	0.497	1.9
1780496098.537633	0.497	1.9
1780496098.537633	0.497	1.9
1780496098.6372418	0.497	1.9
1780496098.6488044	0.497	1.9
1780496098.6488044	0.498	1.9
1780496098.7456305	0.498	1.9
1780496098.7456305	0.498	1.9
1780496098.8457549	0.498	1.9
1780496098.8457549	0.499	1.9
1780496098.9432063	0.499	1.9
1780496098.9432063	0.499	1.9
1780496098.9534981	0.501	1.9
1780496099.0356026	0.501	1.9
1780496099.0565212	0.501	1.9
1780496099.1533673	0.501	2.0
1780496099.1533673	0.501	2.0
1780496099.2501738	0.501	2.0
1780496099.2501738	0.501	2.0
1780496099.3455348	0.501	2.1
1780496099.3455348	0.501	2.1
1780496099.3560557	0.501	2.1
1780496099.4336698	0.501	2.1
1780496099.4580264	0.501	2.1
1780496099.5458157	0.501	2.1
1780496099.5458157	0.501	2.0
1780496099.647534	0.501	2.0
1780496099.647534	0.501	2.0
1780496099.6580675	0.502	1.9
1780496099.737442	0.502	1.9
1780496099.7589824	0.502	1.8
1780496099.8330674	0.502	1.8
1780496099.854079	0.503	1.8
1780496099.9542522	0.504	1.7
1780496099.9542522	0.504	1.7
1780496100.0457516	0.504	1.7
1780496100.0457516	0.505	1.7
1780496100.058431	0.505	1.7
1780496100.1445472	0.505	1.7
1780496100.155053	0.506	1.8
1780496100.2416582	0.506	1.8
1780496100.2532048	0.506	1.9
1780496100.3499677	0.506	1.9
1780496100.3499677	0.506	1.9
1780496100.3499677	0.506	2.0
1780496100.4494386	0.506	2.0
1780496100.4619195	0.506	2.0
1780496100.5415435	0.507	2.0
1780496100.5520716	0.509	2.0
1780496100.6368449	0.509	2.1
1780496100.6473517	0.509	2.1
1780496100.7369683	0.509	2.2
1780496100.749482	0.509	2.2
1780496100.749482	0.509	2.2
1780496100.8452215	0.509	2.3
1780496100.8452215	0.509	2.3
1780496100.9430034	0.51	2.3
1780496100.9538631	0.51	2.3
1780496101.0321124	0.51	2.4
1780496101.0531626	0.51	2.4
1780496101.0531626	0.51	2.4
1780496101.1488876	0.51	2.4
1780496101.1488876	0.51	2.4
1780496101.2430456	0.51	2.4
1780496101.2430456	0.51	2.4
1780496101.3397396	0.511	2.4
1780496101.3607607	0.511	2.4
1780496101.435946	0.512	2.4
1780496101.4464507	0.512	2.4
1780496101.4464507	0.513	2.4
1780496101.5499938	0.514	2.4
1780496101.5499938	0.515	2.5
1780496101.644155	0.517	2.5
1780496101.644155	0.518	2.6
1780496101.738059	0.518	2.8
1780496101.7610893	0.518	2.9
1780496101.7610893	0.518	3.0
1780496101.8497703	0.518	3.1
1780496101.8497703	0.518	3.2
1780496101.9502554	0.518	3.3
1780496101.9502554	0.52	3.4
1780496102.0465074	0.52	3.5
1780496102.0465074	0.52	3.5
1780496102.1356516	0.52	3.6
1780496102.1356516	0.52	3.7
1780496102.1567214	0.52	3.7
1780496102.24729	0.52	3.7
1780496102.24729	0.52	3.7
1780496102.3474061	0.521	3.7
1780496102.3474061	0.521	3.7
1780496102.4406772	0.521	3.7
1780496102.4406772	0.521	3.7
1780496102.4617195	0.521	3.7
1780496102.5358264	0.521	3.6
1780496102.5566816	0.521	3.5
1780496102.6546645	0.521	3.5
1780496102.6546645	0.521	3.4
1780496102.7426639	0.521	3.3
1780496102.7426639	0.521	3.2
1780496102.8398292	0.522	3.1
1780496102.8398292	0.522	3.0
1780496102.8608396	0.522	2.9
1780496102.9380221	0.524	2.8
1780496102.9590714	0.524	2.7
1780496103.0342832	0.524	2.7
1780496103.0554054	0.524	2.6
1780496103.144758	0.525	2.6
1780496103.144758	0.525	2.5
1780496103.1565826	0.525	2.5
1780496103.2425003	0.525	2.5
1780496103.2534213	0.525	2.5
1780496103.3343635	0.525	2.5
1780496103.356117	0.525	2.4
1780496103.450658	0.525	2.4
1780496103.450658	0.525	2.4
1780496103.5495908	0.525	2.3
1780496103.5495908	0.525	2.3
1780496103.5601506	0.525	2.2
1780496103.6373212	0.525	2.2
1780496103.6596081	0.525	2.1
1780496103.7346354	0.525	2.0
1780496103.7556489	0.525	2.0
1780496103.8306334	0.526	1.9
1780496103.852396	0.526	1.8
1780496103.852396	0.526	1.8
1780496103.9468818	0.527	1.7
1780496103.9573898	0.527	1.7
1780496104.0459988	0.527	1.7
1780496104.0564742	0.527	1.6
1780496104.1412573	0.527	1.6
1780496104.1537862	0.528	1.6
1780496104.231608	0.528	1.6
1780496104.252807	0.529	1.6
1780496104.252807	0.529	1.6
1780496104.3447347	0.529	1.6
1780496104.3447347	0.529	1.6
1780496104.444007	0.53	1.6
1780496104.4545157	0.53	1.7
1780496104.5325632	0.532	1.7
1780496104.5535977	0.532	1.8
1780496104.5535977	0.534	1.9
1780496104.647892	0.534	2.1
1780496104.647892	0.534	2.2
1780496104.7451487	0.535	2.4
1780496104.7451487	0.535	2.5
1780496104.8408434	0.536	2.7
1780496104.8543594	0.536	2.8
1780496104.9320781	0.538	3.0
1780496104.9536338	0.538	3.1
1780496104.9536338	0.538	3.3
1780496105.0527818	0.538	3.4
1780496105.0527818	0.541	3.6
1780496105.1472576	0.541	3.7
1780496105.1472576	0.541	3.9
1780496105.236183	0.541	4.0
1780496105.236183	0.541	4.2
1780496105.25665	0.542	4.3
1780496105.3551738	0.543	4.4
1780496105.3551738	0.543	4.5
1780496105.4478283	0.545	4.6
1780496105.4478283	0.545	4.7
1780496105.5420861	0.545	4.7
1780496105.5420861	0.548	4.8
1780496105.6347044	0.548	4.9
1780496105.6347044	0.548	5.0
1780496105.6557546	0.549	5.1
1780496105.7500901	0.549	5.2
1780496105.7500901	0.552	5.4
1780496105.8459494	0.552	5.5
1780496105.8459494	0.552	5.6
1780496105.9431257	0.553	5.7
1780496105.9431257	0.555	5.9
1780496105.964199	0.555	6.0
1780496106.0374186	0.555	6.1
1780496106.058053	0.555	6.2
1780496106.1560264	0.555	6.3
1780496106.1560264	0.555	6.3
1780496106.2523072	0.555	6.4
1780496106.2523072	0.555	6.4
1780496106.340939	0.555	6.4
1780496106.340939	0.559	6.4
1780496106.3620014	0.559	6.4
1780496106.4391408	0.559	6.3
1780496106.449986	0.559	6.3
1780496106.546226	0.559	6.3
1780496106.546226	0.559	6.2
1780496106.645601	0.559	6.2
1780496106.645601	0.559	6.1
1780496106.6674254	0.56	6.0
1780496106.7439	0.56	5.9
1780496106.7544072	0.56	5.8
1780496106.839729	0.56	5.6
1780496106.850347	0.56	5.5
1780496106.9389846	0.56	5.3
1780496106.9494908	0.56	5.2
1780496107.0466099	0.56	5.0
1780496107.0466099	0.56	4.9
1780496107.0466099	0.561	4.7
1780496107.1526115	0.561	4.5
1780496107.1526115	0.561	4.3
1780496107.2365003	0.561	4.2
1780496107.2584677	0.563	4.0
1780496107.3351767	0.563	3.9
1780496107.346692	0.563	3.8
1780496107.346692	0.563	3.7
1780496107.4509926	0.563	3.5
1780496107.4509926	0.563	3.4
1780496107.546423	0.563	3.3
1780496107.5574439	0.564	3.2
1780496107.6335573	0.564	3.1
1780496107.6572874	0.564	3.1
1780496107.7323246	0.564	3.0
1780496107.7533522	0.565	2.9
1780496107.7533522	0.566	2.8
1780496107.8437192	0.566	2.8
1780496107.8437192	0.566	2.8
1780496107.9397478	0.566	2.7
1780496107.9607685	0.566	2.7
1780496108.0362387	0.566	2.7
1780496108.0577557	0.566	2.6
1780496108.0577557	0.566	2.6
1780496108.1529324	0.566	2.5
1780496108.1529324	0.566	2.5
1780496108.2431016	0.566	2.4
1780496108.2431016	0.566	2.4
1780496108.3442857	0.566	2.3
1780496108.3442857	0.567	2.3
1780496108.4396899	0.567	2.2
1780496108.450197	0.567	2.2
1780496108.450197	0.567	2.1
1780496108.54769	0.568	2.1
1780496108.54769	0.568	2.0
1780496108.6459732	0.568	2.0
1780496108.6459732	0.568	1.9
1780496108.7456129	0.569	1.9
1780496108.7456129	0.57	1.9
1780496108.7566156	0.57	1.9
1780496108.8593216	0.57	1.9
1780496108.8593216	0.57	2.0
1780496108.9474256	0.57	2.0
1780496108.9474256	0.57	2.0
1780496109.045553	0.572	2.1
1780496109.045553	0.572	2.1
1780496109.1418295	0.573	2.2
1780496109.1418295	0.575	2.3
1780496109.1523418	0.575	2.4
1780496109.2377677	0.579	2.5
1780496109.248188	0.579	2.7
1780496109.3495798	0.583	2.9
1780496109.3495798	0.583	3.2
1780496109.4444227	0.584	3.5
1780496109.4444227	0.584	3.8
1780496109.4651382	0.585	4.1
1780496109.5414517	0.585	4.4
1780496109.5519772	0.588	4.7
1780496109.6376517	0.589	5.0
1780496109.6481667	0.589	5.3
1780496109.749653	0.591	5.6
1780496109.749653	0.594	6.0
1780496109.847405	0.594	6.3
1780496109.847405	0.596	6.7
1780496109.8579674	0.596	7.0
1780496109.9346364	0.596	7.3
1780496109.9561992	0.598	7.6
1780496110.033888	0.598	7.9
1780496110.0546696	0.598	8.1
1780496110.1511912	0.598	8.3
1780496110.1511912	0.598	8.5
1780496110.1511912	0.598	8.6
1780496110.2456863	0.598	8.6
1780496110.2612123	0.599	8.7
1780496110.3400815	0.599	8.7
1780496110.3505876	0.599	8.7
1780496110.4311664	0.599	8.6
1780496110.4536161	0.604	8.5
1780496110.5477366	0.604	8.4
1780496110.5477366	0.605	8.4
1780496110.5477366	0.606	8.3
1780496110.6470773	0.606	8.3
1780496110.657597	0.608	8.2
1780496110.7428854	0.608	8.2
1780496110.7537258	0.608	8.1
1780496110.8421025	0.608	8.0
1780496110.8526204	0.608	8.0
1780496110.8526204	0.608	7.9
1780496110.9521477	0.608	7.8
1780496110.9521477	0.608	7.6
1780496111.039276	0.608	7.5
1780496111.0604672	0.609	7.4
1780496111.141118	0.609	7.2
1780496111.1516242	0.61	7.1
1780496111.2354786	0.61	6.9
1780496111.2459915	0.613	6.8
1780496111.2459915	0.613	6.7
1780496111.3500412	0.613	6.6
1780496111.3500412	0.614	6.5
1780496111.4416795	0.614	6.4
1780496111.4416795	0.614	6.3
1780496111.5382545	0.614	6.2
1780496111.5591412	0.615	6.1
1780496111.5591412	0.617	6.0
1780496111.6511586	0.617	5.9
1780496111.6511586	0.617	5.9
1780496111.7488172	0.617	5.8
1780496111.7488172	0.62	5.7
1780496111.8444824	0.62	5.7
1780496111.8444824	0.621	5.7
1780496111.941389	0.624	5.7
1780496111.9519196	0.624	5.7
1780496111.9519196	0.625	5.7
1780496112.046754	0.627	5.8
1780496112.046754	0.627	5.9
1780496112.143672	0.627	6.0
1780496112.143672	0.628	6.1
1780496112.238278	0.629	6.2
1780496112.238278	0.63	6.3
1780496112.2592807	0.636	6.5
1780496112.3541875	0.636	6.7
1780496112.3541875	0.636	6.9
1780496112.4499202	0.64	7.2
1780496112.4499202	0.64	7.5
1780496112.5499306	0.64	7.7
1780496112.5499306	0.64	8.0
1780496112.6448267	0.64	8.2
1780496112.6448267	0.644	8.4
1780496112.655922	0.644	8.6
1780496112.7524598	0.644	8.8
1780496112.7524598	0.644	9.0
1780496112.84753	0.644	9.1
1780496112.84753	0.644	9.2
1780496112.946322	0.644	9.2
1780496112.946322	0.646	9.3
1780496112.9568484	0.646	9.3
1780496113.0436618	0.646	9.3
1780496113.0541975	0.646	9.2
1780496113.140409	0.646	9.1
1780496113.1509185	0.646	9.0
1780496113.246097	0.646	8.8
1780496113.246097	0.646	8.6
1780496113.3404074	0.646	8.4
1780496113.3404074	0.648	8.2
1780496113.3610427	0.648	8.0
1780496113.4417124	0.648	7.8
1780496113.4522297	0.648	7.6
1780496113.5400283	0.649	7.4
1780496113.5515916	0.649	7.2
1780496113.6455722	0.649	6.9
1780496113.6455722	0.649	6.7
1780496113.6455722	0.649	6.5
1780496113.741196	0.649	6.3
1780496113.7628095	0.65	6.1
1780496113.8408477	0.65	5.9
1780496113.8513672	0.65	5.6
1780496113.9363055	0.65	5.4
1780496113.9574203	0.65	5.2
1780496114.0348036	0.651	5.0
1780496114.0458505	0.651	4.8
1780496114.0458505	0.651	4.7
1780496114.1460626	0.651	4.5
1780496114.1566136	0.651	4.3
1780496114.2415068	0.651	4.1
1780496114.2517574	0.651	3.9
1780496114.333963	0.651	3.8
1780496114.3565347	0.651	3.6
1780496114.3565347	0.651	3.4
1780496114.451148	0.651	3.3
1780496114.451148	0.651	3.1
1780496114.5438294	0.652	3.0
1780496114.5438294	0.652	2.8
1780496114.643983	0.653	2.7
1780496114.6544883	0.653	2.6
1780496114.7378523	0.653	2.5
1780496114.7480922	0.653	2.4
1780496114.7480922	0.654	2.3
1780496114.846773	0.654	2.3
1780496114.846773	0.656	2.2
1780496114.9447606	0.656	2.2
1780496114.9447606	0.657	2.2
1780496115.0407841	0.657	2.2
1780496115.0513797	0.66	2.3
1780496115.0513797	0.66	2.3
1780496115.1493013	0.66	2.4
1780496115.1493013	0.66	2.5
1780496115.2451851	0.66	2.7
1780496115.2451851	0.66	2.7
1780496115.3485007	0.661	2.9
1780496115.3485007	0.661	2.9
1780496115.4372442	0.661	3.0
1780496115.457862	0.662	3.1
1780496115.457862	0.662	3.2
1780496115.5468376	0.662	3.3
1780496115.5468376	0.662	3.3
1780496115.6424396	0.662	3.4
1780496115.6424396	0.662	3.4
1780496115.7423177	0.663	3.4
1780496115.7423177	0.663	3.4
1780496115.763371	0.664	3.4
1780496115.859589	0.664	3.4
1780496115.859589	0.664	3.4
1780496115.9479969	0.665	3.4
1780496115.9479969	0.665	3.4
1780496116.0427344	0.666	3.4
1780496116.0427344	0.666	3.4
1780496116.145067	0.666	3.4
1780496116.145067	0.667	3.4
1780496116.1555781	0.667	3.4
1780496116.2346642	0.667	3.4
1780496116.2558453	0.668	3.4
1780496116.3502517	0.668	3.4
1780496116.3502517	0.668	3.4
1780496116.4442122	0.668	3.4
1780496116.4442122	0.669	3.4
1780496116.4661744	0.669	3.5
1780496116.5397906	0.669	3.5
1780496116.5608075	0.671	3.5
1780496116.6369455	0.671	3.5
1780496116.6494634	0.671	3.5
1780496116.7543738	0.671	3.6
1780496116.7543738	0.672	3.6
1780496116.8406575	0.672	3.6
1780496116.8406575	0.672	3.6
1780496116.8618462	0.674	3.6
1780496116.9448063	0.674	3.7
1780496116.9563234	0.674	3.7
1780496117.0331433	0.674	3.7
1780496117.0551412	0.674	3.7
1780496117.1446006	0.674	3.7
1780496117.1446006	0.674	3.7
1780496117.1446006	0.676	3.7
1780496117.2414389	0.676	3.7
1780496117.2622287	0.676	3.7
1780496117.3376021	0.677	3.7
1780496117.3577914	0.677	3.7
1780496117.4374943	0.678	3.7
1780496117.447996	0.678	3.7
1780496117.5353334	0.679	3.7
1780496117.5458379	0.682	3.8
1780496117.5458379	0.682	3.8
1780496117.6500723	0.682	3.9
1780496117.6500723	0.682	3.9
1780496117.74296	0.682	4.0
1780496117.7539582	0.682	4.0
1780496117.8411303	0.682	4.1
1780496117.851635	0.682	4.1
1780496117.851635	0.683	4.1
1780496117.9481628	0.683	4.1
1780496117.9481628	0.683	4.1
1780496118.0490952	0.683	4.1
1780496118.0490952	0.683	4.1
1780496118.1437244	0.683	4.1
1780496118.1542592	0.683	4.0
1780496118.2360132	0.684	4.0
1780496118.2564774	0.684	3.9
1780496118.2564774	0.684	3.9
1780496118.3449988	0.686	3.8
1780496118.3449988	0.686	3.7
1780496118.4405394	0.686	3.7
1780496118.4405394	0.687	3.6
1780496118.5401473	0.687	3.6
1780496118.5616815	0.687	3.6
1780496118.5616815	0.687	3.6
1780496118.6500678	0.687	3.6
1780496118.6500678	0.687	3.6
1780496118.745483	0.689	3.6
1780496118.745483	0.689	3.5
1780496118.8425713	0.689	3.5
1780496118.8425713	0.689	3.5
1780496118.940782	0.689	3.5
1780496118.940782	0.689	3.5
1780496118.951619	0.69	3.5
1780496119.0480323	0.69	3.5
1780496119.0480323	0.692	3.5
1780496119.1452858	0.695	3.5
1780496119.1452858	0.695	3.5
1780496119.2406173	0.696	3.6
1780496119.2406173	0.696	3.7
1780496119.2642112	0.696	3.8
1780496119.3414025	0.696	3.9
1780496119.3519468	0.696	3.9
1780496119.4467466	0.696	4.0
1780496119.4467466	0.697	4.1
1780496119.5470836	0.697	4.1
1780496119.5470836	0.698	4.2
1780496119.6393335	0.698	4.2
1780496119.6393335	0.699	4.3
1780496119.6618903	0.699	4.3
1780496119.7371347	0.699	4.3
1780496119.7597728	0.699	4.3
1780496119.8453255	0.699	4.3
1780496119.8453255	0.699	4.3
1780496119.9433403	0.699	4.3
1780496119.9433403	0.699	4.3
1780496119.9659364	0.7	4.2
1780496120.0397003	0.7	4.1
1780496120.0607095	0.7	4.1
1780496120.1438026	0.7	4.0
1780496120.1543076	0.701	3.9
1780496120.2531414	0.701	3.8
1780496120.2531414	0.701	3.8
1780496120.3496318	0.701	3.7
1780496120.3496318	0.701	3.6
1780496120.3602	0.701	3.5
1780496120.4456365	0.701	3.4
1780496120.4571817	0.702	3.3
1780496120.543248	0.702	3.2
1780496120.55343	0.702	3.1
1780496120.636826	0.702	3.0
1780496120.6523402	0.702	2.9
1780496120.6523402	0.702	2.8
1780496120.752507	0.702	2.7
1780496120.7630272	0.702	2.6
1780496120.8465488	0.702	2.5
1780496120.8570592	0.702	2.4
1780496120.9376395	0.702	2.3
1780496120.9546547	0.702	2.2
1780496121.0331757	0.702	2.1
1780496121.0572395	0.703	2.0
1780496121.0572395	0.706	2.0
1780496121.1431606	0.706	2.0
1780496121.1431606	0.706	2.0
1780496121.246293	0.709	2.0
1780496121.2568164	0.709	2.0
1780496121.3341048	0.709	2.1
1780496121.3552186	0.709	2.3
1780496121.3552186	0.709	2.4
1780496121.4537127	0.709	2.5
1780496121.4537127	0.71	2.6
1780496121.5438452	0.71	2.7
1780496121.5438452	0.71	2.9
1780496121.6416	0.71	3.0
1780496121.654006	0.71	3.0
1780496121.7392516	0.71	3.1
1780496121.7497835	0.71	3.2
1780496121.7497835	0.71	3.2
1780496121.8548515	0.71	3.2
1780496121.8548515	0.71	3.2
1780496121.9445336	0.712	3.2
1780496121.9445336	0.712	3.2
1780496122.041551	0.712	3.2
1780496122.0520852	0.712	3.2
1780496122.0520852	0.712	3.2
1780496122.152776	0.712	3.2
1780496122.152776	0.712	3.2
1780496122.2483828	0.713	3.2
1780496122.2483828	0.713	3.1
1780496122.3443024	0.714	3.1
1780496122.3443024	0.715	3.1
1780496122.4387727	0.716	3.1
1780496122.4387727	0.72	3.1
1780496122.4608123	0.72	3.1
1780496122.5567882	0.72	3.2
1780496122.5567882	0.72	3.3
1780496122.6471925	0.72	3.4
1780496122.6471925	0.72	3.5
1780496122.7413669	0.72	3.6
1780496122.7413669	0.72	3.7
1780496122.7623878	0.72	3.7
1780496122.849248	0.72	3.8
1780496122.8600223	0.72	3.8
1780496122.9484806	0.72	3.8
1780496122.9484806	0.72	3.8
1780496123.0444372	0.72	3.8
1780496123.0444372	0.72	3.8
1780496123.140786	0.72	3.7
1780496123.140786	0.72	3.7
1780496123.1619954	0.721	3.6
1780496123.2365544	0.721	3.5
1780496123.2567506	0.721	3.4
1780496123.3559768	0.721	3.3
1780496123.3559768	0.723	3.3
1780496123.4437988	0.723	3.2
1780496123.4437988	0.723	3.1
1780496123.4648266	0.723	3.1
1780496123.5487764	0.723	3.0
1780496123.559371	0.723	3.0
1780496123.6374779	0.723	2.9
1780496123.6585147	0.724	2.8
1780496123.7389982	0.724	2.8
1780496123.7499013	0.724	2.7
1780496123.845656	0.724	2.7
1780496123.845656	0.724	2.6
1780496123.8666883	0.724	2.6
1780496123.9450598	0.724	2.5
1780496123.9575784	0.724	2.4
1780496124.0345843	0.725	2.4
1780496124.055422	0.725	2.3
1780496124.1358237	0.725	2.3
1780496124.1473413	0.725	2.2
1780496124.1473413	0.725	2.2
1780496124.2453468	0.725	2.1
1780496124.2453468	0.725	2.1
1780496124.3460925	0.725	2.0
1780496124.3566003	0.725	2.0
1780496124.4416296	0.726	1.9
1780496124.4519942	0.726	1.9
1780496124.539479	0.726	1.8
1780496124.5504973	0.727	1.8
1780496124.5504973	0.727	1.8
1780496124.645108	0.727	1.8
1780496124.645108	0.727	1.8
1780496124.7536263	0.727	1.8
1780496124.7641375	0.729	1.8
1780496124.8372333	0.729	1.8
1780496124.858575	0.729	1.9
1780496124.858575	0.729	1.9
1780496124.9548647	0.729	1.9
1780496124.9548647	0.729	2.0
1780496125.0495524	0.729	2.0
1780496125.0495524	0.729	2.1
1780496125.147038	0.729	2.1
1780496125.15755	0.729	2.1
1780496125.2380595	0.729	2.1
1780496125.2587216	0.729	2.1
1780496125.2587216	0.729	2.1
1780496125.3451877	0.73	2.1
1780496125.3451877	0.73	2.1
1780496125.4408522	0.73	2.1
1780496125.4408522	0.73	2.0
1780496125.5410209	0.73	2.0
1780496125.5410209	0.73	2.0
1780496125.5621023	0.73	2.0
1780496125.6507275	0.73	1.9
1780496125.6507275	0.73	1.9
1780496125.7528393	0.73	1.8
1780496125.7528393	0.73	1.8
1780496125.8489947	0.73	1.7
1780496125.8489947	0.73	1.7
1780496125.946905	0.734	1.6
1780496125.946905	0.734	1.6
1780496125.9571297	0.734	1.6
1780496126.054315	0.734	1.6
1780496126.054315	0.734	1.7
1780496126.1539042	0.734	1.7
1780496126.1539042	0.734	1.8
1780496126.2436178	0.734	1.8
1780496126.2436178	0.734	1.8
1780496126.274168	0.734	1.9
1780496126.3372412	0.735	1.9
1780496126.3593001	0.735	1.9
1780496126.4343357	0.735	1.9
1780496126.455366	0.736	2.0
1780496126.5442185	0.736	2.0
1780496126.5442185	0.736	2.0
1780496126.6425402	0.736	2.0
1780496126.6425402	0.736	2.0
1780496126.6635928	0.736	2.1
1780496126.7431283	0.736	2.1
1780496126.753637	0.738	2.1
1780496126.8384187	0.738	2.1
1780496126.8486855	0.738	2.1
1780496126.944391	0.739	2.1
1780496126.944391	0.739	2.2
1780496126.944391	0.741	2.2
1780496127.044965	0.741	2.3
1780496127.0564733	0.745	2.4
1780496127.142658	0.745	2.5
1780496127.1527572	0.745	2.7
1780496127.2380893	0.746	2.8
1780496127.248761	0.746	3.0
1780496127.3380444	0.746	3.2
1780496127.3482344	0.746	3.4
1780496127.3482344	0.746	3.5
1780496127.4440613	0.746	3.7
1780496127.456743	0.746	3.8
1780496127.544797	0.746	3.9
1780496127.5557914	0.746	4.0
1780496127.6372755	0.746	4.1
1780496127.6482816	0.746	4.1
1780496127.6482816	0.746	4.1
1780496127.7472897	0.746	4.1
1780496127.7472897	0.746	4.1
1780496127.8493648	0.746	4.1
1780496127.8598702	0.746	4.0
1780496127.9447756	0.746	3.9
1780496127.9582937	0.747	3.8
1780496128.033203	0.747	3.7
1780496128.0538688	0.748	3.7
1780496128.0538688	0.748	3.6
1780496128.1513693	0.75	3.5
1780496128.1513693	0.752	3.4
1780496128.2407882	0.752	3.4
1780496128.2617989	0.752	3.4
1780496128.3364089	0.753	3.4
1780496128.3582125	0.753	3.4
1780496128.3582125	0.753	3.4
1780496128.4600425	0.754	3.5
1780496128.4600425	0.754	3.5
1780496128.5466628	0.757	3.5
1780496128.5466628	0.757	3.6
1780496128.6404383	0.761	3.7
1780496128.6404383	0.761	3.9
1780496128.7366476	0.762	4.0
1780496128.7577817	0.762	4.2
1780496128.7577817	0.764	4.4
1780496128.8537316	0.764	4.6
1780496128.8537316	0.767	4.8
1780496128.953013	0.767	5.1
1780496128.953013	0.767	5.3
1780496129.0483606	0.768	5.6
1780496129.0483606	0.768	5.8
1780496129.05887	0.768	6.0
1780496129.1528418	0.768	6.2
1780496129.1528418	0.768	6.3
1780496129.2472134	0.768	6.5
1780496129.2472134	0.768	6.5
1780496129.3473125	0.768	6.6
1780496129.3473125	0.769	6.6
1780496129.4448147	0.769	6.6
1780496129.4448147	0.769	6.6
1780496129.4558506	0.769	6.6
1780496129.5549207	0.77	6.5
1780496129.5549207	0.77	6.4
1780496129.6517913	0.77	6.3
1780496129.6517913	0.771	6.2
1780496129.7476912	0.771	6.0
1780496129.7476912	0.771	5.9
1780496129.7582228	0.772	5.8
1780496129.8372715	0.772	5.6
1780496129.8532917	0.774	5.5
1780496129.943993	0.774	5.4
1780496129.954509	0.775	5.3
1780496130.0528758	0.775	5.2
1780496130.0528758	0.776	5.1
1780496130.1531281	0.776	5.0
1780496130.1531281	0.776	5.0
1780496130.1643987	0.776	4.9
1780496130.243131	0.776	4.8
1780496130.253654	0.776	4.7
1780496130.3382382	0.776	4.6
1780496130.3591778	0.776	4.5
1780496130.4374669	0.776	4.4
1780496130.4480102	0.776	4.3
1780496130.4480102	0.777	4.2
1780496130.546054	0.777	4.1
1780496130.5567586	0.777	3.9
1780496130.6433525	0.777	3.8
1780496130.65388	0.777	3.7
1780496130.7423012	0.777	3.6
1780496130.7550325	0.777	3.5
1780496130.832509	0.777	3.3
1780496130.8532922	0.777	3.2
1780496130.8532922	0.778	3.1
1780496130.9405687	0.778	3.0
1780496130.961587	0.778	2.9
1780496131.0431564	0.778	2.8
1780496131.0536668	0.778	2.7
1780496131.133662	0.778	2.6
1780496131.1547503	0.778	2.5
1780496131.1547503	0.778	2.4
1780496131.2495067	0.778	2.3
1780496131.2495067	0.778	2.2
1780496131.345266	0.778	2.1
1780496131.345266	0.778	2.0
1780496131.4419086	0.778	1.9
1780496131.4526277	0.778	1.8
1780496131.5380108	0.778	1.7
1780496131.548527	0.778	1.6
1780496131.548527	0.778	1.5
1780496131.648303	0.778	1.4
1780496131.648303	0.779	1.3
1780496131.7423224	0.779	1.3
1780496131.7423224	0.779	1.2
1780496131.836165	0.78	1.2
1780496131.858918	0.78	1.2
1780496131.858918	0.78	1.1
1780496131.955527	0.78	1.1
1780496131.955527	0.78	1.1
1780496132.053734	0.78	1.1
1780496132.053734	0.78	1.1
1780496132.149348	0.78	1.1
1780496132.149348	0.78	1.1
1780496132.243947	0.781	1.1
1780496132.243947	0.781	1.1
1780496132.2574596	0.781	1.1
1780496132.3541603	0.781	1.1
1780496132.3541603	0.781	1.1
1780496132.4514427	0.781	1.1
1780496132.4514427	0.781	1.1
1780496132.545606	0.781	1.1
1780496132.545606	0.781	1.1
1780496132.5566225	0.781	1.1
1780496132.6407611	0.781	1.1
1780496132.651348	0.781	1.1
1780496132.749831	0.781	1.1
1780496132.749831	0.781	1.0
1780496132.8463166	0.781	1.0
1780496132.8463166	0.781	1.0
1780496132.9463995	0.781	1.0
1780496132.9463995	0.781	0.9
1780496132.9566762	0.781	0.9
1780496133.0446095	0.781	0.9
1780496133.0551488	0.781	0.8
1780496133.147378	0.781	0.8
1780496133.147378	0.781	0.8
1780496133.2477558	0.781	0.7
1780496133.2477558	0.781	0.7
1780496133.2687838	0.781	0.7
1780496133.3429906	0.781	0.6
1780496133.3640058	0.781	0.6
1780496133.4441698	0.782	0.6
1780496133.454688	0.782	0.5
1780496133.5505888	0.782	0.5
1780496133.5505888	0.782	0.5
1780496133.6497443	0.782	0.5
1780496133.6497443	0.782	0.5
1780496133.6600614	0.782	0.5
1780496133.7438686	0.782	0.5
1780496133.7543807	0.782	0.5
1780496133.8449934	0.782	0.5
1780496133.8554966	0.782	0.5
1780496133.9307287	0.782	0.5
1780496133.9514267	0.782	0.5
1780496133.9514267	0.783	0.5
1780496134.0491438	0.783	0.5
1780496134.0491438	0.783	0.5
1780496134.1474013	0.783	0.5
1780496134.157912	0.783	0.5
1780496134.242079	0.783	0.5
1780496134.252585	0.783	0.5
1780496134.3369713	0.783	0.6
1780496134.3484302	0.783	0.6
1780496134.3484302	0.783	0.6
1780496134.4517357	0.783	0.6
1780496134.4517357	0.783	0.6
1780496134.5458758	0.784	0.6
1780496134.556395	0.784	0.6
1780496134.63726	0.784	0.6
1780496134.6612902	0.784	0.6
1780496134.6612902	0.784	0.6
1780496134.750032	0.784	0.7
1780496134.750032	0.784	0.7
1780496134.8461056	0.784	0.7
1780496134.8461056	0.784	0.7
1780496134.9469895	0.784	0.7
1780496134.957505	0.785	0.7
1780496135.0415971	0.786	0.7
1780496135.0521088	0.786	0.8
1780496135.0521088	0.786	0.8
1780496135.147561	0.786	0.9
1780496135.147561	0.786	1.0
1780496135.2480795	0.786	1.0
1780496135.2480795	0.786	1.1
1780496135.3378205	0.786	1.1
1780496135.3378205	0.786	1.2
1780496135.3588972	0.786	1.2
1780496135.4531617	0.787	1.3
1780496135.4531617	0.787	1.3
1780496135.5509999	0.787	1.4
1780496135.5509999	0.791	1.4
1780496135.6465962	0.791	1.5
1780496135.6465962	0.791	1.6
1780496135.7428615	0.791	1.7
1780496135.7428615	0.791	1.9
1780496135.753369	0.791	2.0
1780496135.849649	0.791	2.1
1780496135.849649	0.791	2.2
1780496135.9468107	0.791	2.2
1780496135.9468107	0.791	2.3
1780496136.0504894	0.791	2.3
1780496136.0504894	0.791	2.4
1780496136.0611742	0.791	2.4
1780496136.1400979	0.791	2.4
1780496136.160769	0.791	2.4
1780496136.2559786	0.792	2.4
1780496136.2559786	0.792	2.4
1780496136.3510115	0.792	2.4
1780496136.3510115	0.793	2.4
1780496136.4407425	0.793	2.4
1780496136.4407425	0.793	2.4
1780496136.4618003	0.793	2.3
1780496136.5459769	0.793	2.3
1780496136.5565655	0.796	2.3
1780496136.6361272	0.796	2.3
1780496136.657163	0.8	2.3
1780496136.7445092	0.8	2.4
1780496136.7445092	0.8	2.5
1780496136.7445092	0.8	2.7
1780496136.8438845	0.8	2.8
1780496136.864622	0.801	2.9
1780496136.9433565	0.801	3.0
1780496136.9554222	0.802	3.2
1780496137.0320704	0.802	3.3
1780496137.0531359	0.803	3.4
1780496137.1460187	0.804	3.6
1780496137.1460187	0.805	3.7
1780496137.1460187	0.808	3.9
1780496137.2440383	0.808	4.1
1780496137.2650828	0.812	4.3
1780496137.340032	0.812	4.5
1780496137.3610692	0.815	4.8
1780496137.436962	0.815	5.1
1780496137.4484832	0.815	5.4
1780496137.4484832	0.815	5.7
1780496137.5505364	0.815	6.0
1780496137.5505364	0.818	6.3
1780496137.6482892	0.818	6.5
1780496137.6589434	0.819	6.7
1780496137.7347567	0.819	7.0
1780496137.755781	0.822	7.2
1780496137.8335023	0.822	7.4
1780496137.8570535	0.822	7.6
1780496137.8570535	0.822	7.7
1780496137.9424105	0.822	7.8
1780496137.9424105	0.822	7.9
1780496138.0478988	0.822	7.9
1780496138.0478988	0.822	7.9
1780496138.1420498	0.824	7.9
1780496138.1525621	0.826	7.9
1780496138.1525621	0.826	7.9
1780496138.2463229	0.826	7.9
1780496138.2463229	0.828	7.9
1780496138.3448856	0.828	7.9
1780496138.3448856	0.828	7.9
1780496138.443357	0.828	7.8
1780496138.443357	0.828	7.7
1780496138.5403144	0.83	7.7
1780496138.5513391	0.83	7.6
1780496138.5513391	0.831	7.5
1780496138.654995	0.831	7.4
1780496138.654995	0.832	7.4
1780496138.7495723	0.832	7.3
1780496138.7495723	0.835	7.2
1780496138.839104	0.835	7.1
1780496138.839104	0.836	7.1
1780496138.860141	0.836	7.0
1780496138.9566333	0.838	7.0
1780496138.9566333	0.838	7.0
1780496139.0515614	0.838	6.9
1780496139.0515614	0.838	6.9
1780496139.1458294	0.838	6.8
1780496139.1458294	0.841	6.8
1780496139.2464309	0.841	6.8
1780496139.2464309	0.841	6.7
1780496139.2569582	0.841	6.7
1780496139.3513749	0.841	6.7
1780496139.3513749	0.843	6.6
1780496139.4482787	0.843	6.6
1780496139.4482787	0.844	6.5
1780496139.5500321	0.844	6.5
1780496139.5500321	0.846	6.5
1780496139.5610392	0.849	6.5
1780496139.644475	0.851	6.5
1780496139.6549838	0.852	6.6
1780496139.743335	0.852	6.7
1780496139.7538455	0.854	6.8
1780496139.85061	0.855	6.9
1780496139.85061	0.855	7.1
1780496139.9445963	0.856	7.2
1780496139.9445963	0.856	7.4
1780496139.9687176	0.856	7.5
1780496140.0446713	0.856	7.6
1780496140.0551765	0.857	7.6
1780496140.1328557	0.861	7.7
1780496140.1544528	0.862	7.8
1780496140.2526166	0.862	7.9
1780496140.2526166	0.862	8.0
1780496140.2526166	0.863	8.1
1780496140.3443694	0.863	8.2
1780496140.3568912	0.863	8.2
1780496140.4422355	0.864	8.3
1780496140.4527464	0.864	8.3
1780496140.539848	0.864	8.3
1780496140.5503666	0.864	8.3
1780496140.6485817	0.864	8.2
1780496140.6485817	0.864	8.2
1780496140.6485817	0.866	8.1
1780496140.7464461	0.866	8.0
1780496140.7569711	0.868	7.9
1780496140.8406842	0.868	7.8
1780496140.8667157	0.869	7.7
1780496140.9406292	0.869	7.6
1780496140.9511538	0.869	7.4
1780496140.9511538	0.869	7.3
1780496141.0477626	0.869	7.2
1780496141.0477626	0.869	7.0
1780496141.140894	0.869	6.9
1780496141.1617053	0.869	6.7
1780496141.2412162	0.87	6.5
1780496141.2517262	0.87	6.3
1780496141.3394094	0.87	6.2
1780496141.3499563	0.87	6.0
1780496141.3499563	0.872	5.8
1780496141.446134	0.872	5.6
1780496141.446134	0.872	5.4
1780496141.5466123	0.874	5.3
1780496141.5466123	0.877	5.2
1780496141.6440413	0.877	5.1
1780496141.6549957	0.877	5.1
1780496141.6549957	0.878	5.0
1780496141.7562652	0.878	5.0
1780496141.7562652	0.879	5.0
1780496141.8516362	0.879	5.0
1780496141.8516362	0.879	5.0
1780496141.9504082	0.879	5.0
1780496141.9504082	0.879	5.0
1780496142.0376427	0.88	5.0
1780496142.0593038	0.88	5.0
1780496142.0593038	0.88	4.9
1780496142.1568303	0.88	4.9
1780496142.1568303	0.88	4.9
1780496142.2501402	0.88	4.8
1780496142.2501402	0.88	4.7
1780496142.3488371	0.88	4.6
1780496142.3488371	0.88	4.5
1780496142.3596141	0.881	4.4
1780496142.4542	0.881	4.3
1780496142.4542	0.881	4.2
1780496142.5522156	0.881	4.1
1780496142.5522156	0.881	4.0
1780496142.650916	0.881	3.8
1780496142.650916	0.881	3.7
1780496142.7471015	0.882	3.6
1780496142.7471015	0.882	3.5
1780496142.757632	0.882	3.3
1780496142.841781	0.882	3.2
1780496142.8549104	0.882	3.1
1780496142.9536202	0.882	3.0
1780496142.9536202	0.884	2.9
1780496143.050016	0.884	2.8
1780496143.050016	0.884	2.8
1780496143.0605292	0.884	2.7
1780496143.14509	0.884	2.7
1780496143.1563542	0.885	2.7
1780496143.2439957	0.885	2.7
1780496143.2550006	0.885	2.7
1780496143.3490365	0.887	2.7
1780496143.3490365	0.887	2.7
1780496143.445184	0.887	2.7
1780496143.445184	0.887	2.7
1780496143.4661329	0.889	2.7
1780496143.540362	0.889	2.8
1780496143.568472	0.889	2.8
1780496143.6438906	0.889	2.9
1780496143.654411	0.889	2.9
1780496143.733251	0.89	3.0
1780496143.754044	0.891	3.0
1780496143.754044	0.891	3.1
1780496143.8496644	0.893	3.2
1780496143.8601837	0.893	3.2
1780496143.939559	0.893	3.3
1780496143.961621	0.893	3.4
1780496144.034512	0.893	3.5
1780496144.055395	0.893	3.5
1780496144.133415	0.894	3.5
1780496144.1540518	0.894	3.6
1780496144.1540518	0.894	3.6
1780496144.2494254	0.895	3.6
1780496144.2599492	0.895	3.7
1780496144.3459437	0.896	3.7
1780496144.356461	0.896	3.7
1780496144.4362826	0.896	3.7
1780496144.4584303	0.896	3.7
1780496144.4584303	0.896	3.7
1780496144.5461965	0.896	3.7
1780496144.5461965	0.896	3.7
1780496144.6568816	0.897	3.6
1780496144.6568816	0.897	3.6
1780496144.741281	0.898	3.6
1780496144.762321	0.898	3.5
1780496144.837205	0.898	3.5
1780496144.8487635	0.898	3.4
1780496144.8487635	0.898	3.4
1780496144.9548492	0.898	3.3
1780496144.9548492	0.898	3.2
1780496145.0436342	0.898	3.2
1780496145.0436342	0.898	3.1
1780496145.1379287	0.898	3.0
1780496145.1589425	0.898	2.9
1780496145.1589425	0.899	2.8
1780496145.2503538	0.899	2.8
1780496145.2503538	0.899	2.7
1780496145.3550029	0.899	2.6
1780496145.3550029	0.899	2.5
1780496145.4432423	0.899	2.4
1780496145.4432423	0.899	2.3
1780496145.5415606	0.899	2.3
1780496145.5415606	0.899	2.2
1780496145.552317	0.899	2.1
1780496145.652892	0.899	2.0
1780496145.652892	0.899	1.9
1780496145.7471848	0.899	1.8
1780496145.7471848	0.899	1.7
1780496145.8462949	0.899	1.7
1780496145.8462949	0.899	1.6
1780496145.8573315	0.899	1.5
1780496145.943432	0.899	1.4
1780496145.9539812	0.9	1.3
1780496146.0498092	0.9	1.3
1780496146.0498092	0.902	1.2
1780496146.1465516	0.902	1.2
1780496146.1465516	0.902	1.2
1780496146.2459836	0.903	1.2
1780496146.2459836	0.903	1.2
1780496146.2600114	0.903	1.3
1780496146.3448093	0.903	1.3
1780496146.355328	0.903	1.3
1780496146.4551835	0.903	1.4
1780496146.4551835	0.903	1.4
1780496146.5522475	0.903	1.5
1780496146.5522475	0.903	1.5
1780496146.562819	0.903	1.6
1780496146.6401126	0.905	1.6
1780496146.6626606	0.905	1.7
1780496146.7356265	0.905	1.8
1780496146.7566504	0.905	1.8
1780496146.8326468	0.905	1.9
1780496146.8556728	0.906	2.0
1780496146.95231	0.906	2.0
1780496146.95231	0.906	2.1
1780496146.962831	0.906	2.1
1780496147.0471306	0.906	2.2
1780496147.0576549	0.906	2.2
1780496147.1406364	0.906	2.2
1780496147.1513002	0.906	2.2
1780496147.2383642	0.906	2.2
1780496147.2488904	0.907	2.2
1780496147.2488904	0.907	2.2
1780496147.3441644	0.907	2.2
1780496147.3441644	0.907	2.2
1780496147.4432855	0.907	2.2
1780496147.4548259	0.907	2.2
1780496147.5430796	0.907	2.2
1780496147.5535927	0.907	2.1
1780496147.6337953	0.907	2.1
1780496147.654851	0.907	2.0
1780496147.654851	0.907	2.0
1780496147.7521439	0.909	1.9
1780496147.7521439	0.909	1.9
1780496147.8426087	0.909	1.9
1780496147.8632457	0.909	1.9
1780496147.9389105	0.909	1.8
1780496147.9600158	0.909	1.8
1780496147.9600158	0.909	1.8
1780496148.047713	0.909	1.8
1780496148.047713	0.909	1.7
1780496148.1498477	0.909	1.7
1780496148.1498477	0.909	1.7
1780496148.243815	0.909	1.7
1780496148.2543664	0.909	1.6
1780496148.3451848	0.909	1.6
1780496148.3557682	0.909	1.5
1780496148.3557682	0.909	1.5
1780496148.4504547	0.909	1.4
1780496148.4504547	0.91	1.4
1780496148.5450816	0.91	1.4
1780496148.5450816	0.91	1.3
1780496148.6443088	0.91	1.3
1780496148.6443088	0.911	1.3
1780496148.6570094	0.911	1.3
1780496148.7524223	0.911	1.2
1780496148.7524223	0.911	1.2
1780496148.846779	0.911	1.2
1780496148.846779	0.911	1.2
1780496148.9427526	0.911	1.2
1780496148.9427526	0.911	1.2
1780496149.0440621	0.911	1.2
1780496149.0440621	0.911	1.2
1780496149.054623	0.911	1.2
1780496149.152417	0.912	1.2
1780496149.152417	0.912	1.2
1780496149.2483394	0.912	1.2
1780496149.2483394	0.912	1.2
1780496149.3422694	0.912	1.2
1780496149.3422694	0.912	1.1
1780496149.3647254	0.912	1.1
1780496149.4381444	0.912	1.1
1780496149.4594076	0.912	1.1
1780496149.5526395	0.912	1.1
1780496149.5526395	0.912	1.1
1780496149.6475694	0.912	1.1
1780496149.6475694	0.912	1.0
1780496149.748949	0.912	1.0
1780496149.748949	0.912	1.0
1780496149.7595463	0.912	1.0
1780496149.845717	0.914	0.9
1780496149.8560953	0.916	0.9
1780496149.936717	0.916	0.9
1780496149.9517372	0.916	1.0
1780496150.0522046	0.917	1.1
1780496150.0522046	0.917	1.2
1780496150.0627139	0.917	1.2
1780496150.1465623	0.918	1.4
1780496150.1570861	0.918	1.5
1780496150.244938	0.918	1.6
1780496150.256468	0.919	1.7
1780496150.3347855	0.919	1.8
1780496150.3573272	0.919	1.9
1780496150.4535632	0.919	2.0
1780496150.4535632	0.919	2.1
1780496150.4640048	0.921	2.2
1780496150.5405815	0.921	2.3
1780496150.5609117	0.921	2.4
1780496150.6396043	0.921	2.4
1780496150.660623	0.921	2.5
1780496150.7349417	0.921	2.6
1780496150.758658	0.921	2.6
1780496150.758658	0.921	2.7
1780496150.8548143	0.922	2.7
1780496150.8548143	0.922	2.7
1780496150.9417107	0.922	2.7
1780496150.9627395	0.922	2.7
1780496151.0460641	0.922	2.7
1780496151.0565705	0.922	2.7
1780496151.1344018	0.922	2.7
1780496151.155942	0.922	2.7
1780496151.155942	0.922	2.6
1780496151.2516458	0.922	2.6
1780496151.2516458	0.922	2.5
1780496151.3427613	0.922	2.5
1780496151.3638062	0.922	2.5
1780496151.4450622	0.922	2.4
1780496151.4555683	0.922	2.3
1780496151.4555683	0.922	2.3
1780496151.5534492	0.922	2.2
1780496151.5534492	0.922	2.1
1780496151.6520908	0.922	2.1
1780496151.6520908	0.922	2.0
1780496151.7525706	0.923	1.9
1780496151.7525706	0.923	1.8
1780496151.8415663	0.923	1.8
1780496151.853596	0.923	1.7
1780496151.853596	0.923	1.7
1780496151.9487104	0.923	1.6
1780496151.9487104	0.923	1.6
1780496152.056164	0.924	1.5
1780496152.056164	0.924	1.5
1780496152.1470523	0.924	1.5
1780496152.1470523	0.924	1.4
1780496152.157731	0.925	1.4
1780496152.2545977	0.925	1.4
1780496152.2545977	0.925	1.4
1780496152.354616	0.925	1.4
1780496152.354616	0.925	1.4
1780496152.4426749	0.925	1.4
1780496152.4426749	0.925	1.4
1780496152.5465093	0.925	1.4
1780496152.5465093	0.925	1.4
1780496152.5570285	0.925	1.3
1780496152.6526413	0.925	1.3
1780496152.6526413	0.925	1.3
1780496152.7553015	0.925	1.3
1780496152.7553015	0.925	1.2
1780496152.8430545	0.925	1.2
1780496152.8430545	0.925	1.2
1780496152.8640058	0.925	1.1
1780496152.9407227	0.925	1.1
1780496152.961773	0.925	1.1
1780496153.0350108	0.925	1.0
1780496153.056129	0.927	1.0
1780496153.1530867	0.927	1.0
1780496153.1530867	0.927	1.0
1780496153.2428846	0.927	1.0
1780496153.2428846	0.927	1.0
1780496153.263719	0.927	1.0
1780496153.348986	0.927	1.0
1780496153.359928	0.927	1.0
1780496153.4399385	0.927	1.0
1780496153.4524612	0.927	1.0
1780496153.5512216	0.927	1.0
1780496153.5512216	0.927	1.0
1780496153.5617495	0.927	1.0
1780496153.6554391	0.927	1.0
1780496153.666271	0.927	1.0
1780496153.7417476	0.927	1.0
1780496153.7542884	0.927	1.0
1780496153.8381066	0.927	1.0
1780496153.8591282	0.927	0.9
1780496153.9530222	0.928	0.9
1780496153.9530222	0.928	0.9
1780496153.9530222	0.929	0.9
1780496154.0528734	0.929	0.9
1780496154.0653915	0.929	0.9
1780496154.14182	0.929	0.9
1780496154.1648414	0.929	0.9
1780496154.2406917	0.929	0.9
1780496154.2512167	0.929	1.0
1780496154.2512167	0.929	1.0
1780496154.3481805	0.929	1.0
1780496154.3481805	0.929	1.0
1780496154.4490106	0.93	1.0
1780496154.459616	0.93	1.0
1780496154.543605	0.93	1.0
1780496154.5541697	0.93	1.0
1780496154.6421952	0.93	1.1
1780496154.6527147	0.93	1.1
1780496154.6527147	0.93	1.1
1780496154.753956	0.93	1.1
1780496154.753956	0.93	1.1
1780496154.845092	0.93	1.1
1780496154.845092	0.93	1.1
1780496154.9405212	0.93	1.1
1780496154.9613392	0.93	1.1
1780496154.9613392	0.93	1.0
1780496155.0584238	0.93	1.0
1780496155.0584238	0.93	1.0
1780496155.1470778	0.93	1.0
1780496155.1470778	0.93	0.9
1780496155.246751	0.93	0.9
1780496155.246751	0.931	0.9
1780496155.3461027	0.932	0.9
1780496155.3566992	0.932	0.9
1780496155.3566992	0.932	0.9
1780496155.452613	0.932	0.9
1780496155.452613	0.932	0.9
1780496155.5479722	0.932	0.9
1780496155.5479722	0.932	0.9
1780496155.6437411	0.932	0.9
1780496155.6437411	0.932	0.9
1780496155.664486	0.932	0.9
1780496155.7592688	0.932	0.9
1780496155.7592688	0.932	0.9
1780496155.8481266	0.932	0.9
1780496155.8481266	0.932	0.9
1780496155.9503036	0.932	0.9
1780496155.9503036	0.932	0.9
1780496156.0483353	0.932	0.9
1780496156.0483353	0.932	0.9
1780496156.0588439	0.932	0.9
1780496156.1455038	0.932	0.9
1780496156.156017	0.932	0.8
1780496156.2497058	0.932	0.8
1780496156.2497058	0.932	0.8
1780496156.3476226	0.932	0.7
1780496156.3476226	0.932	0.7
1780496156.3686738	0.932	0.7
1780496156.4478743	0.933	0.7
1780496156.4584196	0.933	0.6
1780496156.5445597	0.933	0.6
1780496156.5550692	0.933	0.6
1780496156.6491387	0.933	0.6
1780496156.6491387	0.933	0.6
1780496156.7466552	0.933	0.6
1780496156.7466552	0.933	0.6
1780496156.7679083	0.933	0.6
1780496156.8433745	0.933	0.6
1780496156.8654737	0.933	0.6
1780496156.9423661	0.933	0.6
1780496156.9555583	0.933	0.6
1780496157.0542283	0.933	0.6
1780496157.0542283	0.933	0.5
1780496157.0542283	0.933	0.5
1780496157.1520998	0.933	0.5
1780496157.1626472	0.933	0.5
1780496157.2381115	0.933	0.5
1780496157.2647207	0.933	0.5
1780496157.3407905	0.933	0.5
1780496157.3518057	0.933	0.4
1780496157.4477582	0.933	0.4
1780496157.4477582	0.933	0.4
1780496157.4477582	0.933	0.4
1780496157.546596	0.933	0.4
1780496157.5676324	0.933	0.4
1780496157.6425743	0.933	0.3
1780496157.6635866	0.934	0.3
1780496157.7367582	0.934	0.3
1780496157.7634857	0.934	0.3
1780496157.7634857	0.934	0.3
1780496157.8481746	0.934	0.3
1780496157.8481746	0.934	0.3
1780496157.9463995	0.934	0.3
1780496157.9463995	0.935	0.4
1780496158.0440404	0.935	0.4
1780496158.0546176	0.937	0.4
1780496158.1412802	0.937	0.5
1780496158.151802	0.937	0.6
1780496158.151802	0.937	0.6
1780496158.2536426	0.937	0.7
1780496158.2536426	0.937	0.8
1780496158.3482287	0.937	0.9
1780496158.3482287	0.937	1.0
1780496158.4453614	0.937	1.0
1780496158.455876	0.938	1.1
1780496158.455876	0.938	1.1
1780496158.5525286	0.938	1.2
1780496158.5525286	0.939	1.3
1780496158.6459167	0.939	1.3
1780496158.6459167	0.941	1.4
1780496158.7438576	0.941	1.5
1780496158.7438576	0.941	1.6
1780496158.8432972	0.942	1.7
1780496158.8538113	0.942	1.8
1780496158.8538113	0.942	1.9
1780496158.9542744	0.944	2.1
1780496158.9542744	0.944	2.2
1780496159.0510986	0.944	2.4
1780496159.0510986	0.944	2.5
1780496159.1401987	0.945	2.6
1780496159.1401987	0.946	2.8
1780496159.1617007	0.946	2.9
1780496159.2372763	0.948	3.0
1780496159.258292	0.948	3.2
1780496159.3499334	0.948	3.3
1780496159.3499334	0.948	3.4
1780496159.4451985	0.948	3.6
1780496159.4451985	0.948	3.7
1780496159.5409393	0.948	3.7
1780496159.5409393	0.95	3.8
1780496159.561959	0.95	3.9
1780496159.6390057	0.951	3.9
1780496159.660029	0.951	4.0
1780496159.7578201	0.951	4.0
1780496159.7578201	0.951	4.1
1780496159.8537328	0.951	4.1
1780496159.8537328	0.951	4.1
1780496159.8642378	0.951	4.1
1780496159.9483745	0.952	4.1
1780496159.9588869	0.953	4.1
1780496160.0367184	0.953	4.1
1780496160.059408	0.953	4.0
1780496160.1575246	0.953	4.0
1780496160.1575246	0.953	4.0
1780496160.2431335	0.953	3.9
1780496160.2431335	0.953	3.8
1780496160.2646632	0.953	3.8
1780496160.3490763	0.953	3.7
1780496160.3597555	0.953	3.6
1780496160.4406612	0.953	3.5
1780496160.4542036	0.953	3.4
1780496160.5434718	0.953	3.3
1780496160.5541506	0.953	3.1
1780496160.5541506	0.955	3.0
1780496160.6485212	0.955	2.9
1780496160.6635442	0.955	2.8
1780496160.7435687	0.955	2.8
1780496160.7681398	0.956	2.7
1780496160.8409765	0.956	2.6
1780496160.8589814	0.956	2.6
1780496160.9411304	0.956	2.5
1780496160.9516647	0.956	2.5
1780496160.9516647	0.956	2.4
1780496161.0456796	0.956	2.4
1780496161.0456796	0.958	2.3
1780496161.1486344	0.958	2.3
1780496161.1596694	0.958	2.3
1780496161.2451477	0.958	2.3
1780496161.2556548	0.958	2.3
1780496161.2556548	0.958	2.3
1780496161.35231	0.958	2.2
1780496161.35231	0.958	2.2
1780496161.448886	0.96	2.2
1780496161.448886	0.96	2.2
1780496161.5420995	0.96	2.2
1780496161.563142	0.96	2.2
1780496161.6368508	0.96	2.2
1780496161.6577885	0.96	2.2
1780496161.6577885	0.961	2.2
1780496161.754394	0.961	2.2
1780496161.754394	0.961	2.2
1780496161.8522131	0.962	2.2
1780496161.8522131	0.962	2.3
1780496161.9483306	0.962	2.3
1780496161.9589672	0.962	2.3
1780496161.9589672	0.963	2.3
1780496162.0531392	0.966	2.4
1780496162.0531392	0.966	2.5
1780496162.150089	0.968	2.6
1780496162.150089	0.968	2.7
1780496162.249125	0.969	2.8
1780496162.249125	0.969	3.0
1780496162.338662	0.971	3.2
1780496162.338662	0.971	3.4
1780496162.359963	0.971	3.5
1780496162.4588015	0.972	3.7
1780496162.4588015	0.972	3.9
1780496162.5540621	0.972	4.1
1780496162.5540621	0.972	4.2
1780496162.6441586	0.972	4.3
1780496162.6441586	0.972	4.4
1780496162.6664	0.973	4.5
1780496162.7425768	0.973	4.6
1780496162.7636256	0.973	4.6
1780496162.858516	0.976	4.7
1780496162.858516	0.977	4.7
1780496162.954442	0.977	4.8
1780496162.954442	0.978	4.8
1780496163.050268	0.981	4.9
1780496163.050268	0.981	5.0
1780496163.0607781	0.981	5.1
1780496163.1442454	0.981	5.3
1780496163.159062	0.982	5.4
1780496163.2570887	0.984	5.5
1780496163.2570887	0.984	5.6
1780496163.352916	0.986	5.8
1780496163.352916	0.991	5.9
1780496163.3633034	0.991	6.1
1780496163.442373	0.993	6.4
1780496163.4654064	0.994	6.6
1780496163.5413609	0.994	6.9
1780496163.5623932	0.995	7.1
1780496163.636291	0.995	7.4
1780496163.657387	0.995	7.6
1780496163.751625	0.995	7.7
1780496163.751625	0.995	7.9
1780496163.7646406	0.998	8.0
1780496163.8493185	0.999	8.1
1780496163.8598363	1.0	8.3
1780496163.9436595	1.002	8.4
1780496163.9541755	1.003	8.5
1780496164.040564	1.003	8.6
1780496164.0510821	1.008	8.8
1780496164.0510821	1.008	8.9
1780496164.1514158	1.008	9.1
1780496164.1514158	1.008	9.2
1780496164.2473464	1.008	9.4
1780496164.257895	1.009	9.5
1780496164.343919	1.011	9.5
1780496164.354027	1.011	9.6
1780496164.437488	1.011	9.7
1780496164.4580145	1.012	9.7
1780496164.4580145	1.012	9.7
1780496164.5518107	1.012	9.7
1780496164.5518107	1.012	9.6
1780496164.6483216	1.012	9.5
1780496164.6584232	1.012	9.4
1780496164.7438126	1.012	9.2
1780496164.7543213	1.012	9.0
1780496164.7543213	1.014	8.8
1780496164.8484707	1.014	8.6
1780496164.8484707	1.014	8.4
1780496164.9526742	1.014	8.2
1780496164.9526742	1.014	7.9
1780496165.0440812	1.015	7.7
1780496165.0651999	1.015	7.5
1780496165.1408944	1.015	7.2
1780496165.1616445	1.015	7.0
1780496165.1616445	1.018	6.7
1780496165.2559428	1.018	6.5
1780496165.2559428	1.02	6.3
1780496165.3448834	1.02	6.2
1780496165.3448834	1.02	6.0
1780496165.4443305	1.02	5.9
1780496165.4443305	1.02	5.8
1780496165.4650156	1.02	5.7
1780496165.5602949	1.022	5.6
1780496165.5602949	1.022	5.5
1780496165.657567	1.024	5.5
1780496165.657567	1.024	5.4
1780496165.7464118	1.026	5.4
1780496165.7464118	1.026	5.4
1780496165.8394933	1.029	5.4
1780496165.8394933	1.029	5.5
1780496165.8605533	1.03	5.5
1780496165.9597378	1.031	5.6
1780496165.9597378	1.037	5.8
1780496166.056602	1.037	6.0
1780496166.056602	1.037	6.2
1780496166.1445527	1.037	6.4
1780496166.1445527	1.037	6.6
1780496166.1651978	1.038	6.8
1780496166.2441154	1.038	7.0
1780496166.267809	1.038	7.1
1780496166.342607	1.039	7.3
1780496166.3531237	1.039	7.4
1780496166.4566512	1.039	7.4
1780496166.4566512	1.04	7.5
1780496166.5501306	1.04	7.5
1780496166.5501306	1.04	7.6
1780496166.5606382	1.04	7.6
1780496166.6480973	1.04	7.6
1780496166.6586156	1.042	7.5
1780496166.7378411	1.042	7.5
1780496166.7589538	1.045	7.4
1780496166.8488872	1.045	7.4
1780496166.8488872	1.045	7.3
1780496166.8654065	1.045	7.3
1780496166.9522102	1.046	7.2
1780496166.9668531	1.046	7.2
1780496167.0395164	1.046	7.1
1780496167.0677557	1.046	7.0
1780496167.1406972	1.046	6.9
1780496167.1512175	1.046	6.8
1780496167.2475796	1.047	6.6
1780496167.2475796	1.049	6.5
1780496167.2475796	1.049	6.4
1780496167.3419902	1.049	6.3
1780496167.3628025	1.049	6.1
1780496167.4397955	1.049	6.0
1780496167.4645503	1.051	5.9
1780496167.5394578	1.051	5.8
1780496167.5502505	1.052	5.7
1780496167.5502505	1.053	5.6
1780496167.6505735	1.053	5.5
1780496167.6505735	1.053	5.5
1780496167.745088	1.054	5.4
1780496167.766839	1.054	5.3
1780496167.8423464	1.054	5.3
1780496167.8633752	1.054	5.2
1780496167.9393995	1.054	5.1
1780496167.9497144	1.055	5.0
1780496167.9497144	1.055	5.0
1780496168.0476255	1.055	4.9
1780496168.0476255	1.055	4.8
1780496168.1428077	1.055	4.7
1780496168.1667306	1.055	4.6
1780496168.2401483	1.055	4.5
1780496168.2611911	1.055	4.4
1780496168.2611911	1.056	4.2
1780496168.3502316	1.056	4.1
1780496168.3502316	1.056	4.0
1780496168.453338	1.056	3.9
1780496168.453338	1.056	3.7
1780496168.5488274	1.057	3.6
1780496168.5488274	1.057	3.5
1780496168.6440392	1.058	3.4
1780496168.6546273	1.058	3.3
1780496168.6546273	1.059	3.2
1780496168.7554326	1.059	3.2
1780496168.7554326	1.059	3.1
1780496168.84474	1.059	3.1
1780496168.84474	1.059	3.0
1780496168.9457173	1.059	2.9
1780496168.9457173	1.059	2.9
1780496168.9659572	1.06	2.8
1780496169.060711	1.06	2.8
1780496169.060711	1.06	2.7
1780496169.160524	1.06	2.7
1780496169.160524	1.06	2.6
1780496169.2471561	1.06	2.6
1780496169.2471561	1.06	2.5
1780496169.345727	1.06	2.5
1780496169.345727	1.06	2.4
1780496169.3564465	1.06	2.3
1780496169.456775	1.06	2.3
1780496169.456775	1.06	2.2
1780496169.5551286	1.06	2.1
1780496169.5551286	1.06	2.1
1780496169.6504068	1.06	2.0
1780496169.6504068	1.061	2.0
1780496169.6609154	1.061	1.9
1780496169.7447364	1.061	1.9
1780496169.7557771	1.061	1.9
1780496169.853613	1.061	1.8
1780496169.853613	1.061	1.8
1780496169.9521708	1.061	1.8
1780496169.9521708	1.061	1.7
1780496170.0525038	1.061	1.7
1780496170.0525038	1.062	1.7
1780496170.0630155	1.062	1.6
1780496170.1415434	1.062	1.6
1780496170.1627288	1.062	1.6
1780496170.2365618	1.062	1.6
1780496170.2575848	1.062	1.5
1780496170.3478174	1.062	1.5
1780496170.3478174	1.063	1.5
1780496170.3687155	1.063	1.5
1780496170.4503875	1.063	1.5
1780496170.46097	1.064	1.5
1780496170.5449693	1.064	1.5
1780496170.5556183	1.064	1.5
1780496170.6408837	1.064	1.5
1780496170.6514676	1.064	1.5
1780496170.7472017	1.064	1.5
1780496170.7472017	1.064	1.5
1780496170.7472017	1.065	1.5
1780496170.8453267	1.065	1.5
1780496170.866082	1.065	1.5
1780496170.9449906	1.065	1.5
1780496170.9555116	1.065	1.5
1780496171.0409262	1.065	1.5
1780496171.051454	1.065	1.5
1780496171.051454	1.066	1.5
1780496171.1525156	1.066	1.5
1780496171.1525156	1.067	1.5
1780496171.2479084	1.068	1.5
1780496171.2584465	1.068	1.6
1780496171.345704	1.068	1.6
1780496171.3567498	1.068	1.7
1780496171.4439044	1.068	1.7
1780496171.4546323	1.068	1.7
1780496171.4546323	1.068	1.8
1780496171.54994	1.068	1.8
1780496171.54994	1.068	1.8
1780496171.6484022	1.068	1.8
1780496171.6599069	1.068	1.8
1780496171.7452254	1.068	1.8
1780496171.755762	1.068	1.8
1780496171.755762	1.068	1.8
1780496171.8553052	1.069	1.8
1780496171.8553052	1.069	1.8
1780496171.952779	1.069	1.7
1780496171.952779	1.069	1.7
1780496172.0474634	1.069	1.7
1780496172.0474634	1.069	1.7
1780496172.1423898	1.069	1.6
1780496172.1634333	1.069	1.6
1780496172.1634333	1.069	1.6
1780496172.2510352	1.069	1.5
1780496172.2510352	1.069	1.5
1780496172.3528426	1.07	1.4
1780496172.3528426	1.07	1.4
1780496172.4464278	1.07	1.4
1780496172.4464278	1.07	1.3
1780496172.460939	1.07	1.3
1780496172.5571313	1.07	1.3
1780496172.5571313	1.07	1.3
1780496172.6601076	1.07	1.2
1780496172.6601076	1.07	1.2
1780496172.7556884	1.07	1.2
1780496172.7556884	1.07	1.2
1780496172.8457804	1.07	1.1
1780496172.8457804	1.07	1.1
1780496172.8668034	1.07	1.0
1780496172.9438796	1.07	1.0
1780496172.9543848	1.07	1.0
1780496173.052631	1.07	0.9
1780496173.052631	1.071	0.9
1780496173.1479945	1.071	0.9
1780496173.1479945	1.071	0.9
1780496173.1690342	1.072	0.9
1780496173.2453508	1.072	0.9
1780496173.2563858	1.072	0.9
1780496173.3416061	1.072	0.9
1780496173.3631432	1.073	0.9
1780496173.4648175	1.073	0.9
1780496173.4648175	1.073	0.9
1780496173.5510714	1.073	0.9
1780496173.5510714	1.075	1.0
1780496173.5637238	1.075	1.1
1780496173.6476471	1.077	1.2
1780496173.657969	1.077	1.3
1780496173.7389176	1.078	1.4
1780496173.7524934	1.078	1.5
1780496173.8497705	1.078	1.7
1780496173.8497705	1.078	1.8
1780496173.8497705	1.078	1.9
1780496173.947804	1.078	2.0
1780496173.961535	1.079	2.1
1780496174.0408962	1.079	2.2
1780496174.0625567	1.079	2.3
1780496174.1461782	1.079	2.4
1780496174.15838	1.079	2.5
1780496174.242618	1.079	2.5
1780496174.2531426	1.079	2.6
1780496174.2531426	1.079	2.6
1780496174.3444421	1.079	2.6
1780496174.3647196	1.079	2.6
1780496174.4530442	1.079	2.7
1780496174.463563	1.079	2.7
1780496174.53873	1.079	2.7
1780496174.5597453	1.079	2.6
1780496174.5597453	1.079	2.6
1780496174.6493177	1.079	2.6
1780496174.6493177	1.079	2.5
1780496174.7512152	1.079	2.4
1780496174.7512152	1.079	2.4
1780496174.8494494	1.079	2.3
1780496174.8595605	1.079	2.2
1780496174.9474185	1.079	2.1
1780496174.9579277	1.079	2.0
1780496174.9579277	1.08	2.0
1780496175.0542192	1.08	1.9
1780496175.0542192	1.08	1.8
1780496175.1474316	1.08	1.7
1780496175.1474316	1.081	1.7
1780496175.2449157	1.081	1.6
1780496175.255426	1.081	1.6
1780496175.255426	1.081	1.6
1780496175.3532948	1.082	1.5
1780496175.3532948	1.082	1.5
1780496175.4495604	1.082	1.5
1780496175.4495604	1.082	1.5
1780496175.5449626	1.082	1.5
1780496175.5449626	1.082	1.5
1780496175.6434171	1.082	1.5
1780496175.6553197	1.082	1.5
1780496175.6553197	1.083	1.5
1780496175.7515757	1.083	1.5
1780496175.7515757	1.083	1.5
1780496175.8496048	1.083	1.5
1780496175.8496048	1.084	1.5
1780496175.948798	1.084	1.5
1780496175.948798	1.084	1.5
1780496175.9592457	1.085	1.5
1780496176.0473137	1.085	1.5
1780496176.057825	1.085	1.5
1780496176.156841	1.085	1.6
1780496176.156841	1.085	1.6
1780496176.2507765	1.085	1.6
1780496176.2507765	1.085	1.6
1780496176.3484917	1.085	1.6
1780496176.3484917	1.085	1.6
1780496176.359544	1.085	1.6
1780496176.4456542	1.085	1.6
1780496176.456469	1.085	1.6
1780496176.5592744	1.085	1.6
1780496176.5592744	1.085	1.6
1780496176.6543162	1.086	1.6
1780496176.6543162	1.086	1.5
1780496176.6723456	1.087	1.5
1780496176.7456527	1.087	1.5
1780496176.765934	1.087	1.5
1780496176.8435247	1.087	1.5
1780496176.8540237	1.087	1.5
1780496176.950138	1.088	1.5
1780496176.950138	1.089	1.5
1780496177.055146	1.091	1.5
1780496177.055146	1.091	1.6
1780496177.065675	1.093	1.7
1780496177.1440887	1.093	1.8
1780496177.1651196	1.093	1.9
1780496177.2385275	1.093	2.1
1780496177.2595654	1.094	2.2
1780496177.3368504	1.094	2.3
1780496177.3586342	1.094	2.4
1780496177.3586342	1.094	2.6
1780496177.4548354	1.094	2.7
1780496177.4653535	1.094	2.8
1780496177.550422	1.094	2.8
1780496177.5609322	1.094	2.9
1780496177.645616	1.094	2.9
1780496177.6578636	1.094	3.0
1780496177.7375379	1.094	3.0
1780496177.758633	1.094	3.0
1780496177.758633	1.094	3.0
1780496177.8458505	1.094	2.9
1780496177.8458505	1.094	2.9
1780496177.9436386	1.095	2.8
1780496177.964404	1.095	2.8
1780496178.0419025	1.095	2.7
1780496178.062918	1.095	2.6
1780496178.062918	1.095	2.6
1780496178.1678762	1.095	2.5
1780496178.1678762	1.095	2.4
1780496178.2470386	1.095	2.3
1780496178.2470386	1.095	2.3
1780496178.3455536	1.095	2.2
1780496178.3666916	1.095	2.1
1780496178.4396746	1.096	2.0
1780496178.4606667	1.096	1.9
1780496178.4606667	1.097	1.9
1780496178.548842	1.097	1.8
1780496178.548842	1.099	1.8
1780496178.6462538	1.099	1.8
1780496178.6462538	1.099	1.8
1780496178.7456324	1.099	1.8
1780496178.7666752	1.099	1.8
1780496178.7666752	1.101	1.9
1780496178.855177	1.101	1.9
1780496178.855177	1.101	2.0
1780496178.949452	1.101	2.1
1780496178.949452	1.101	2.2
1780496179.047626	1.102	2.3
1780496179.047626	1.102	2.4
1780496179.1437066	1.102	2.5
1780496179.1437066	1.102	2.5
1780496179.1647847	1.102	2.6
1780496179.253084	1.102	2.6
1780496179.253084	1.102	2.7
1780496179.3483682	1.102	2.7
1780496179.3483682	1.102	2.7
1780496179.4454231	1.102	2.7
1780496179.4454231	1.102	2.7
1780496179.4665937	1.102	2.7
1780496179.543593	1.102	2.7
1780496179.5659087	1.102	2.6
1780496179.653028	1.103	2.6
1780496179.653028	1.103	2.5
1780496179.748506	1.103	2.4
1780496179.748506	1.103	2.4
1780496179.8439202	1.104	2.3
1780496179.8439202	1.104	2.3
1780496179.8652365	1.104	2.2
1780496179.94288	1.104	2.2
1780496179.9659579	1.104	2.2
1780496180.0536454	1.104	2.1
1780496180.0536454	1.104	2.1
1780496180.1482565	1.105	2.0
1780496180.1482565	1.105	2.0
1780496180.173055	1.105	1.9
1780496180.249465	1.106	1.9
1780496180.2600195	1.106	1.9
1780496180.3509524	1.106	1.9
1780496180.363983	1.106	1.9
1780496180.4377584	1.106	1.8
1780496180.4588373	1.108	1.8
1780496180.5481474	1.108	1.8
1780496180.5481474	1.108	1.8
1780496180.5691922	1.108	1.9
1780496180.6430588	1.108	1.9
1780496180.6640768	1.108	1.9
1780496180.742444	1.108	1.9
1780496180.7634552	1.108	1.9
1780496180.838108	1.108	1.9
1780496180.8632627	1.109	1.9
1780496180.8632627	1.109	2.0
1780496180.9587088	1.109	2.0
1780496180.9587088	1.109	2.0
1780496181.0454125	1.11	2.0
1780496181.0601444	1.11	2.0
1780496181.1538284	1.11	2.0
1780496181.164341	1.113	2.0
1780496181.24412	1.113	2.0
1780496181.259168	1.113	2.1
1780496181.259168	1.113	2.2
1780496181.3468852	1.114	2.2
1780496181.3468852	1.114	2.3
1780496181.444535	1.115	2.4
1780496181.4652538	1.115	2.5
1780496181.547425	1.115	2.5
1780496181.5579374	1.115	2.6
1780496181.5579374	1.115	2.7
1780496181.6582296	1.115	2.7
1780496181.6582296	1.115	2.8
1780496181.7472634	1.115	2.8
1780496181.7472634	1.115	2.8
1780496181.8451746	1.115	2.8
1780496181.8451746	1.117	2.8
1780496181.9409516	1.117	2.8
1780496181.9616501	1.117	2.8
1780496181.9616501	1.119	2.8
1780496182.0535734	1.119	2.9
1780496182.0535734	1.119	2.9
1780496182.1499815	1.119	3.0
1780496182.1499815	1.119	3.0
1780496182.2478878	1.119	3.1
1780496182.2478878	1.119	3.1
1780496182.2584279	1.119	3.1
1780496182.3538353	1.119	3.1
1780496182.3538353	1.119	3.1
1780496182.4491823	1.12	3.1
1780496182.4491823	1.12	3.1
1780496182.5458221	1.12	3.1
1780496182.5458221	1.12	3.1
1780496182.6415763	1.121	3.1
1780496182.6415763	1.121	3.1
1780496182.6626277	1.121	3.0
1780496182.7567117	1.122	3.0
1780496182.7567117	1.122	3.0
1780496182.8517487	1.122	2.9
1780496182.8517487	1.122	2.9
1780496182.9478924	1.122	2.9
1780496182.9478924	1.122	2.8
1780496182.970002	1.123	2.8
1780496183.0433764	1.123	2.8
1780496183.0644293	1.123	2.7
1780496183.1522865	1.123	2.7
1780496183.1522865	1.123	2.6
1780496183.2542248	1.123	2.6
1780496183.2542248	1.124	2.5
1780496183.3458815	1.124	2.5
1780496183.3458815	1.126	2.5
1780496183.3669298	1.127	2.5
1780496183.4407053	1.127	2.5
1780496183.463674	1.128	2.5
1780496183.5398319	1.128	2.5
1780496183.5613754	1.131	2.6
1780496183.65564	1.131	2.7
1780496183.65564	1.131	2.8
1780496183.65564	1.131	2.9
1780496183.7475574	1.131	3.0
1780496183.768681	1.131	3.1
1780496183.8475018	1.131	3.2
1780496183.8580465	1.131	3.3
1780496183.941243	1.131	3.3
1780496183.9522426	1.131	3.4
1780496184.050533	1.131	3.4
1780496184.050533	1.131	3.4
1780496184.050533	1.133	3.4
1780496184.1504078	1.133	3.4
1780496184.1609228	1.133	3.4
1780496184.245851	1.133	3.4
1780496184.2563577	1.133	3.4
1780496184.344089	1.134	3.4
1780496184.3548446	1.134	3.4
1780496184.3548446	1.134	3.4
1780496184.4504418	1.134	3.4
1780496184.4504418	1.137	3.3
1780496184.551876	1.137	3.3
1780496184.5623982	1.137	3.3
1780496184.6477556	1.137	3.3
1780496184.6582744	1.137	3.3
1780496184.7451053	1.137	3.3
1780496184.755618	1.137	3.3
1780496184.755618	1.137	3.3
1780496184.8506804	1.137	3.3
1780496184.8506804	1.137	3.3
1780496184.9449604	1.137	3.3
1780496184.9449604	1.138	3.2
1780496185.043487	1.138	3.2
1780496185.0645459	1.138	3.1
1780496185.0645459	1.138	3.1
1780496185.1524794	1.138	3.0
1780496185.1524794	1.138	2.9
1780496185.2544808	1.138	2.9
1780496185.2544808	1.138	2.8
1780496185.3490825	1.138	2.7
1780496185.3490825	1.138	2.6
1780496185.4463754	1.138	2.5
1780496185.4568913	1.138	2.4
1780496185.4568913	1.138	2.3
1780496185.5531547	1.141	2.3
1780496185.5531547	1.141	2.3
1780496185.6474895	1.142	2.3
1780496185.6474895	1.143	2.3
1780496185.7446237	1.143	2.3
1780496185.7446237	1.143	2.3
1780496185.7581425	1.145	2.4
1780496185.863286	1.145	2.5
1780496185.863286	1.145	2.6
1780496185.9522984	1.145	2.7
1780496185.9522984	1.145	2.8
1780496186.0477731	1.147	2.9
1780496186.0477731	1.147	3.0
1780496186.146367	1.147	3.1
1780496186.146367	1.147	3.2
1780496186.167377	1.148	3.3
1780496186.2467015	1.149	3.4
1780496186.2568872	1.149	3.4
1780496186.356861	1.149	3.5
1780496186.356861	1.149	3.6
1780496186.4558897	1.151	3.7
1780496186.4558897	1.151	3.7
1780496186.4674933	1.152	3.8
1780496186.5448918	1.152	3.9
1780496186.5655692	1.155	4.0
1780496186.6400383	1.158	4.1
1780496186.6610727	1.158	4.3
1780496186.7566154	1.158	4.4
1780496186.7566154	1.158	4.6
1780496186.8553507	1.16	4.8
1780496186.8553507	1.16	5.0
1780496186.8676631	1.16	5.2
1780496186.944865	1.16	5.3
1780496186.9659405	1.16	5.5
1780496187.0446153	1.16	5.6
1780496187.0556312	1.161	5.7
1780496187.1564176	1.161	5.8
1780496187.1564176	1.161	5.8
1780496187.1564176	1.161	5.8
1780496187.2536469	1.161	5.8
1780496187.2661805	1.161	5.8
1780496187.3508518	1.161	5.8
1780496187.3613677	1.161	5.7
1780496187.4486513	1.161	5.6
1780496187.4596858	1.161	5.5
1780496187.536368	1.161	5.4
1780496187.5573826	1.161	5.2
1780496187.5573826	1.161	5.1
1780496187.649142	1.161	4.9
1780496187.649142	1.161	4.7
1780496187.7437518	1.161	4.5
1780496187.7562678	1.163	4.3
1780496187.8596349	1.163	4.1
1780496187.8596349	1.163	4.0
1780496187.8596349	1.164	3.8
1780496187.9487863	1.164	3.7
1780496187.9487863	1.164	3.6
1780496188.0547616	1.164	3.4
1780496188.0547616	1.165	3.3
1780496188.1428938	1.165	3.2
1780496188.167606	1.165	3.1
1780496188.2417922	1.165	3.1
1780496188.2542112	1.166	3.0
1780496188.2542112	1.166	2.9
1780496188.349777	1.166	2.9
1780496188.349777	1.166	2.8
1780496188.4451222	1.167	2.7
1780496188.4451222	1.167	2.7
1780496188.5419247	1.168	2.7
1780496188.5630481	1.168	2.7
1780496188.5630481	1.169	2.6
1780496188.6570265	1.169	2.6
1780496188.6570265	1.171	2.6
1780496188.7554708	1.171	2.7
1780496188.7554708	1.171	2.7
1780496188.8524191	1.171	2.7
1780496188.8524191	1.171	2.8
1780496188.9481566	1.173	2.8
1780496188.9596746	1.173	2.9
1780496188.9596746	1.173	3.0
1780496189.0598533	1.173	3.0
1780496189.0598533	1.174	3.1
1780496189.1536524	1.174	3.1
1780496189.1536524	1.174	3.2
1780496189.2535176	1.174	3.2
1780496189.2535176	1.175	3.3
1780496189.2645538	1.175	3.3
1780496189.3499177	1.175	3.3
1780496189.3604243	1.175	3.3
1780496189.4571311	1.175	3.3
1780496189.4571311	1.175	3.3
1780496189.555373	1.175	3.3
1780496189.555373	1.176	3.3
1780496189.6504228	1.176	3.3
1780496189.6504228	1.176	3.3
1780496189.6609297	1.176	3.2
1780496189.7415404	1.177	3.2
1780496189.7625828	1.177	3.1
1780496189.8655543	1.177	3.1
1780496189.8655543	1.178	3.1
1780496189.9570067	1.178	3.0
1780496189.9570067	1.18	3.0
1780496189.9672244	1.18	3.0
1780496190.0493772	1.18	3.0
1780496190.0598853	1.18	3.1
1780496190.147049	1.18	3.1
1780496190.157578	1.18	3.1
1780496190.2551384	1.18	3.1
1780496190.2551384	1.18	3.1
1780496190.3538072	1.181	3.1
1780496190.3538072	1.184	3.2
1780496190.3643146	1.184	3.2
1780496190.4522102	1.184	3.2
1780496190.4627202	1.184	3.3
1780496190.5396433	1.184	3.3
1780496190.5642078	1.184	3.4
1780496190.6434321	1.184	3.4
1780496190.6539373	1.185	3.4
1780496190.6539373	1.188	3.5
1780496190.7481644	1.188	3.6
1780496190.7481644	1.188	3.6
1780496190.8490548	1.189	3.7
1780496190.8595967	1.191	3.8
1780496190.946217	1.191	3.9
1780496190.9567306	1.191	4.0
1780496191.0411298	1.191	4.1
1780496191.052645	1.191	4.2
1780496191.052645	1.192	4.3
1780496191.150096	1.192	4.3
1780496191.150096	1.192	4.4
1780496191.247324	1.192	4.4
1780496191.2581334	1.192	4.5
1780496191.347178	1.192	4.5
1780496191.357683	1.195	4.5
1780496191.357683	1.195	4.5
1780496191.4564817	1.197	4.5
1780496191.4564817	1.197	4.6
1780496191.5538628	1.201	4.6
1780496191.5538628	1.201	4.7
1780496191.6511428	1.203	4.9
1780496191.6621418	1.203	5.1
1780496191.7519693	1.203	5.2
1780496191.7627072	1.203	5.4
1780496191.7627072	1.205	5.6
1780496191.8541021	1.205	5.7
1780496191.8541021	1.208	5.9
1780496191.9495013	1.212	6.1
1780496191.9495013	1.212	6.3
1780496192.0438747	1.212	6.6
1780496192.0438747	1.212	6.8
1780496192.057362	1.213	7.0
1780496192.1557803	1.213	7.2
1780496192.1557803	1.216	7.4
1780496192.256671	1.216	7.6
1780496192.256671	1.217	7.8
1780496192.3490705	1.217	7.9
1780496192.3490705	1.217	8.0
1780496192.4408069	1.217	8.1
1780496192.4408069	1.217	8.2
1780496192.4618468	1.217	8.2
1780496192.5602436	1.217	8.2
1780496192.5602436	1.217	8.2
1780496192.6575782	1.217	8.1
1780496192.6575782	1.217	8.1
1780496192.745311	1.217	7.9
1780496192.745311	1.217	7.8
1780496192.7660575	1.217	7.6
1780496192.8427274	1.217	7.4
1780496192.8645344	1.217	7.2
1780496192.9614668	1.217	7.0
1780496192.9614668	1.217	6.7
1780496193.056233	1.218	6.5
1780496193.056233	1.22	6.2
1780496193.1440818	1.22	6.0
1780496193.1440818	1.22	5.8
1780496193.165178	1.22	5.6
1780496193.242606	1.22	5.4
1780496193.2647173	1.221	5.2
1780496193.3386729	1.221	5.0
1780496193.362561	1.224	4.9
1780496193.4486034	1.224	4.8
1780496193.4486034	1.224	4.7
1780496193.4486034	1.225	4.6
1780496193.5559402	1.225	4.5
1780496193.5664482	1.225	4.5
1780496193.6449716	1.225	4.4
1780496193.655868	1.225	4.3
1780496193.7431347	1.226	4.3
1780496193.7535129	1.226	4.2
1780496193.851975	1.226	4.2
1780496193.851975	1.226	4.1
1780496193.851975	1.226	4.1
1780496193.9493082	1.226	4.0
1780496193.9613533	1.226	3.9
1780496194.044817	1.226	3.8
1780496194.0553398	1.226	3.8
1780496194.1392431	1.226	3.7
1780496194.160301	1.226	3.5
1780496194.160301	1.226	3.4
1780496194.256829	1.227	3.3
1780496194.256829	1.227	3.2
1780496194.3520937	1.227	3.1
1780496194.362609	1.227	3.0
1780496194.441755	1.227	2.9
1780496194.462699	1.227	2.8
1780496194.5359817	1.227	2.7
1780496194.5570102	1.228	2.6
1780496194.5570102	1.228	2.5
1780496194.654688	1.228	2.4
1780496194.654688	1.228	2.4
1780496194.7527254	1.228	2.3
1780496194.7633018	1.229	2.2
1780496194.8472342	1.23	2.2
1780496194.8582692	1.23	2.1
1780496194.8582692	1.231	2.1
1780496194.960078	1.231	2.1
1780496194.960078	1.232	2.1
1780496195.055266	1.232	2.1
1780496195.055266	1.232	2.1
1780496195.144803	1.232	2.1
1780496195.1658256	1.232	2.1
1780496195.243812	1.232	2.2
1780496195.2563381	1.232	2.2
1780496195.2563381	1.232	2.2
1780496195.3578482	1.233	2.2
1780496195.3578482	1.233	2.2
1780496195.4464679	1.233	2.2
1780496195.4464679	1.233	2.2
1780496195.5413375	1.233	2.2
1780496195.5413375	1.233	2.2
1780496195.5645585	1.233	2.2
1780496195.6596375	1.233	2.2
1780496195.6596375	1.233	2.2
1780496195.7569022	1.234	2.2
1780496195.7569022	1.234	2.1
1780496195.8523886	1.234	2.1
1780496195.8523886	1.234	2.1
1780496195.9476466	1.234	2.0
1780496195.9476466	1.235	2.0
1780496195.9581633	1.235	2.0
1780496196.0575027	1.235	1.9
1780496196.0575027	1.235	1.9
1780496196.1521	1.235	1.9
1780496196.1521	1.236	1.9
1780496196.2531881	1.236	1.9
1780496196.2531881	1.236	1.9
1780496196.2637491	1.236	1.8
1780496196.343342	1.236	1.8
1780496196.3643582	1.236	1.8
1780496196.4385026	1.236	1.8
1780496196.4635382	1.236	1.8
1780496196.5502374	1.236	1.8
1780496196.5502374	1.236	1.8
1780496196.6523323	1.237	1.8
1780496196.6523323	1.237	1.8
1780496196.672863	1.237	1.8
1780496196.7468696	1.237	1.8
1780496196.7574205	1.237	1.8
1780496196.8400204	1.237	1.8
1780496196.8610566	1.237	1.8
1780496196.955302	1.237	1.8
1780496196.955302	1.237	1.8
1780496196.9681652	1.237	1.7
1780496197.0531626	1.238	1.7
1780496197.0637174	1.238	1.7
1780496197.1450312	1.238	1.7
1780496197.1659226	1.238	1.6
1780496197.2419574	1.238	1.6
1780496197.2525444	1.238	1.6
1780496197.352965	1.24	1.6
1780496197.352965	1.24	1.6
1780496197.352965	1.24	1.6
1780496197.44836	1.241	1.6
1780496197.4694014	1.241	1.6
1780496197.5450854	1.241	1.6
1780496197.5563967	1.242	1.7
1780496197.644874	1.242	1.7
1780496197.6553738	1.242	1.8
1780496197.6553738	1.242	1.8
1780496197.7534044	1.242	1.9
1780496197.7534044	1.242	1.9
1780496197.8543868	1.243	1.9
1780496197.8648899	1.243	2.0
1780496197.9496908	1.244	2.0
1780496197.959952	1.244	2.1
1780496198.0504034	1.244	2.1
1780496198.061391	1.245	2.1
1780496198.061391	1.248	2.2
1780496198.1484406	1.248	2.3
1780496198.1484406	1.25	2.4
1780496198.2466815	1.25	2.6
1780496198.2677052	1.252	2.7
1780496198.3470588	1.252	2.9
1780496198.3575678	1.252	3.1
1780496198.3575678	1.253	3.2
1780496198.4547243	1.253	3.4
1780496198.4547243	1.253	3.6
1780496198.5526676	1.253	3.7
1780496198.5526676	1.255	3.9
1780496198.6524818	1.256	4.0
1780496198.6524818	1.256	4.2
1780496198.741088	1.256	4.4
1780496198.7641492	1.257	4.5
1780496198.7641492	1.257	4.6
1780496198.8610156	1.257	4.8
1780496198.8610156	1.257	4.9
1780496198.9566665	1.257	5.0
1780496198.9566665	1.257	5.0
1780496199.0513024	1.258	5.0
1780496199.0513024	1.258	5.1
1780496199.064229	1.258	5.1
1780496199.1618376	1.259	5.1
1780496199.1618376	1.259	5.1
1780496199.2573686	1.26	5.0
1780496199.2573686	1.26	5.0
1780496199.3555431	1.262	5.0
1780496199.3555431	1.262	5.0
1780496199.4526823	1.262	4.9
1780496199.4526823	1.262	4.9
1780496199.4633174	1.262	4.8
1780496199.5483167	1.262	4.8
1780496199.5588255	1.262	4.7
1780496199.656633	1.262	4.6
1780496199.656633	1.262	4.6
1780496199.754596	1.263	4.5
1780496199.754596	1.263	4.4
1780496199.7651038	1.263	4.3
1780496199.8493378	1.263	4.2
1780496199.8608546	1.263	4.1
1780496199.944462	1.263	3.9
1780496199.9550717	1.263	3.8
1780496200.0517406	1.263	3.7
1780496200.0517406	1.263	3.6
1780496200.1561956	1.263	3.4
1780496200.1561956	1.263	3.3
1780496200.1671896	1.263	3.2
1780496200.2428317	1.263	3.0
1780496200.2638545	1.265	2.9
1780496200.338241	1.265	2.8
1780496200.359428	1.266	2.7
1780496200.4354186	1.266	2.6
1780496200.4563773	1.266	2.6
1780496200.4563773	1.266	2.5
1780496200.5518782	1.267	2.5
1780496200.5623982	1.267	2.4
1780496200.649101	1.267	2.4
1780496200.6596081	1.267	2.4
1780496200.7437482	1.267	2.3
1780496200.7543657	1.268	2.3
1780496200.8428638	1.268	2.3
1780496200.853374	1.268	2.3
1780496200.853374	1.27	2.3
1780496200.9523816	1.27	2.3
1780496200.9523816	1.27	2.3
1780496201.0495727	1.27	2.3
1780496201.0600834	1.27	2.4
1780496201.1379523	1.271	2.4
1780496201.1589744	1.271	2.4
1780496201.1589744	1.271	2.4
1780496201.2519174	1.272	2.5
1780496201.2519174	1.272	2.5
1780496201.3476768	1.272	2.5
1780496201.3476768	1.272	2.6
1780496201.442823	1.272	2.6
1780496201.4663763	1.272	2.6
1780496201.5408137	1.272	2.6
1780496201.5615637	1.273	2.6
1780496201.5615637	1.273	2.6
1780496201.6498675	1.273	2.6
1780496201.6498675	1.274	2.6
1780496201.7499852	1.275	2.6
1780496201.7499852	1.276	2.6
1780496201.847517	1.276	2.6
1780496201.8580315	1.278	2.7
1780496201.8580315	1.278	2.8
1780496201.9577477	1.278	2.8
1780496201.9577477	1.278	2.9
1780496202.0527787	1.278	3.0
1780496202.0527787	1.279	3.1
1780496202.1485264	1.279	3.2
1780496202.1485264	1.279	3.3
1780496202.2475135	1.28	3.3
1780496202.259018	1.28	3.4
1780496202.259018	1.281	3.5
1780496202.3585882	1.281	3.6
1780496202.3585882	1.281	3.6
1780496202.4506578	1.281	3.7
1780496202.4506578	1.281	3.7
1780496202.5498524	1.282	3.7
1780496202.5498524	1.282	3.7
1780496202.5704582	1.282	3.7
1780496202.6436641	1.283	3.7
1780496202.6647046	1.283	3.7
1780496202.7595837	1.283	3.7
1780496202.7595837	1.283	3.7
1780496202.8540487	1.283	3.7
1780496202.8540487	1.283	3.7
1780496202.9548266	1.283	3.6
1780496202.9548266	1.283	3.5
1780496202.9656656	1.283	3.5
1780496203.0440285	1.283	3.4
1780496203.065124	1.284	3.3
1780496203.1569781	1.284	3.2
1780496203.1569781	1.285	3.1
1780496203.251557	1.285	3.1
1780496203.251557	1.285	3.0
1780496203.2635868	1.285	2.9
1780496203.3517928	1.285	2.9
1780496203.361974	1.285	2.8
1780496203.4412105	1.285	2.7
1780496203.462239	1.285	2.6
1780496203.5360112	1.285	2.6
1780496203.558559	1.285	2.5
1780496203.654542	1.285	2.4
1780496203.654542	1.285	2.3
1780496203.664911	1.285	2.2
1780496203.7489822	1.285	2.1
1780496203.7605107	1.285	2.0
1780496203.8396525	1.285	1.9
1780496203.8606756	1.285	1.8
1780496203.9358423	1.285	1.8
1780496203.962429	1.285	1.7
1780496203.962429	1.286	1.6
1780496204.0571408	1.287	1.5
1780496204.0689664	1.287	1.5
1780496204.1444094	1.287	1.4
1780496204.1675494	1.287	1.4
1780496204.2413573	1.287	1.4
1780496204.2633855	1.287	1.4
1780496204.3407276	1.287	1.3
1780496204.3512523	1.287	1.3
1780496204.3512523	1.287	1.3
1780496204.456578	1.287	1.3
1780496204.456578	1.287	1.3
1780496204.5562646	1.287	1.2
1780496204.5673382	1.288	1.2
1780496204.641683	1.288	1.2
1780496204.6628225	1.288	1.2
1780496204.6628225	1.288	1.2
1780496204.7533948	1.288	1.2
1780496204.7533948	1.289	1.2
1780496204.8495655	1.289	1.2
1780496204.8495655	1.29	1.2
1780496204.949454	1.29	1.2
1780496204.9607155	1.29	1.2
1780496205.0414178	1.291	1.3
1780496205.062942	1.291	1.3
1780496205.062942	1.291	1.4
1780496205.1511831	1.291	1.4
1780496205.1511831	1.291	1.4
1780496205.2563777	1.292	1.5
1780496205.2563777	1.292	1.5
1780496205.347854	1.292	1.6
1780496205.3594904	1.292	1.6
1780496205.3594904	1.292	1.7
1780496205.4538662	1.292	1.7
1780496205.4538662	1.292	1.7
1780496205.5591843	1.292	1.7
1780496205.5591843	1.293	1.8
1780496205.656168	1.293	1.8
1780496205.656168	1.293	1.8
1780496205.7467492	1.293	1.8
1780496205.7592704	1.294	1.8
1780496205.7592704	1.294	1.8
1780496205.8558905	1.295	1.8
1780496205.8558905	1.295	1.8
1780496205.950342	1.295	1.9
1780496205.950342	1.295	1.9
1780496206.0484304	1.295	1.9
1780496206.0484304	1.295	2.0
1780496206.0693963	1.296	2.0
1780496206.1480842	1.296	2.0
1780496206.1587105	1.296	2.1
1780496206.2609942	1.296	2.1
1780496206.2609942	1.296	2.2
1780496206.3499486	1.297	2.2
1780496206.3499486	1.297	2.2
1780496206.449876	1.297	2.2
1780496206.449876	1.297	2.3
1780496206.4705355	1.297	2.3
1780496206.5478091	1.298	2.3
1780496206.5589118	1.298	2.3
1780496206.6588945	1.298	2.3
1780496206.6588945	1.298	2.3
1780496206.7542648	1.298	2.3
1780496206.7542648	1.298	2.3
1780496206.7752912	1.298	2.3
1780496206.8557055	1.298	2.3
1780496206.8658595	1.298	2.3
1780496206.9435785	1.298	2.2
1780496206.9652462	1.298	2.2
1780496207.0418694	1.298	2.1
1780496207.0629349	1.299	2.1
1780496207.1516206	1.3	2.0
1780496207.1516206	1.3	2.0
1780496207.1732652	1.3	2.0
1780496207.2502112	1.3	2.0
1780496207.2607174	1.3	1.9
1780496207.3453941	1.3	1.9
1780496207.3582883	1.3	1.9
1780496207.4433444	1.301	1.9
1780496207.4538534	1.301	1.8
1780496207.4538534	1.301	1.8
1780496207.551641	1.301	1.8
1780496207.551641	1.301	1.8
1780496207.6476734	1.301	1.8
1780496207.6783066	1.302	1.8
1780496207.7443335	1.302	1.8
1780496207.7658465	1.302	1.8
1780496207.8395827	1.302	1.7
1780496207.860588	1.302	1.7
1780496207.860588	1.302	1.7
1780496207.954051	1.304	1.7
1780496207.954051	1.304	1.7
1780496208.0488331	1.308	1.7
1780496208.0607255	1.308	1.8
1780496208.144007	1.309	1.9
1780496208.1653852	1.309	2.1
1780496208.1653852	1.31	2.2
1780496208.2542133	1.31	2.4
1780496208.2542133	1.312	2.5
1780496208.348966	1.314	2.7
1780496208.348966	1.314	2.9
1780496208.449711	1.314	3.2
1780496208.449711	1.314	3.4
1780496208.547425	1.314	3.6
1780496208.557972	1.314	3.7
1780496208.557972	1.315	3.9
1780496208.6529088	1.315	4.1
1780496208.6529088	1.315	4.2
1780496208.7487895	1.315	4.3
1780496208.7487895	1.315	4.4
1780496208.8569226	1.315	4.4
1780496208.8569226	1.315	4.5
1780496208.868975	1.315	4.5
1780496208.963996	1.315	4.5
1780496208.963996	1.315	4.5
1780496209.0519478	1.315	4.5
1780496209.0519478	1.315	4.4
1780496209.1484618	1.315	4.4
1780496209.1484618	1.315	4.3
1780496209.2475953	1.315	4.2
1780496209.2475953	1.316	4.1
1780496209.2747571	1.316	4.0
1780496209.3644426	1.316	3.9
1780496209.3644426	1.316	3.7
1780496209.4501345	1.317	3.6
1780496209.4501345	1.317	3.5
1780496209.5548673	1.317	3.4
1780496209.5548673	1.319	3.3
1780496209.5653944	1.319	3.2
1780496209.6498203	1.319	3.2
1780496209.6603587	1.319	3.1
1780496209.7408144	1.319	3.1
1780496209.7623763	1.319	3.0
1780496209.8574705	1.319	2.9
1780496209.8574705	1.319	2.9
1780496209.956241	1.319	2.8
1780496209.956241	1.319	2.8
1780496209.9667525	1.319	2.7
1780496210.04975	1.319	2.6
1780496210.0627787	1.319	2.5
1780496210.1458902	1.322	2.5
1780496210.1564178	1.322	2.4
1780496210.2531118	1.325	2.4
1780496210.2531118	1.325	2.4
1780496210.2531118	1.327	2.5
1780496210.350845	1.33	2.6
1780496210.3618617	1.33	2.8
1780496210.4412425	1.33	2.9
1780496210.4626222	1.33	3.1
1780496210.5413892	1.331	3.3
1780496210.5627613	1.332	3.5
1780496210.6604214	1.332	3.7
1780496210.6604214	1.333	3.9
1780496210.6604214	1.333	4.1
1780496210.747853	1.333	4.3
1780496210.7685738	1.334	4.5
1780496210.841878	1.334	4.6
1780496210.8631678	1.334	4.7
1780496210.9425862	1.334	4.8
1780496210.9531844	1.334	4.9
1780496210.9531844	1.334	5.0
1780496211.0521297	1.335	5.0
1780496211.0521297	1.335	5.0
1780496211.1497183	1.335	5.0
1780496211.1497183	1.335	5.0
1780496211.247712	1.335	5.0
1780496211.258229	1.335	4.9
1780496211.3436377	1.335	4.9
1780496211.3541458	1.335	4.8
1780496211.3541458	1.335	4.7
1780496211.4546494	1.335	4.6
1780496211.4546494	1.336	4.5
1780496211.549081	1.336	4.4
1780496211.549081	1.337	4.3
1780496211.641078	1.337	4.2
1780496211.6642153	1.34	4.1
1780496211.6642153	1.34	4.0
1780496211.7599733	1.34	4.0
1780496211.7599733	1.34	4.0
1780496211.8581898	1.34	3.9
1780496211.8581898	1.341	3.9
1780496211.94415	1.341	3.9
1780496211.94415	1.341	3.9
1780496212.042456	1.341	3.9
1780496212.0651581	1.341	3.8
1780496212.0651581	1.343	3.8
1780496212.15449	1.343	3.8
1780496212.15449	1.344	3.8
1780496212.2533345	1.348	3.8
1780496212.2533345	1.35	3.8
1780496212.3527508	1.352	4.0
1780496212.3527508	1.352	4.1
1780496212.3632605	1.353	4.3
1780496212.4659934	1.354	4.5
1780496212.4659934	1.354	4.7
1780496212.561687	1.354	4.9
1780496212.561687	1.354	5.1
1780496212.656594	1.354	5.3
1780496212.656594	1.354	5.5
1780496212.753723	1.354	5.6
1780496212.753723	1.354	5.7
1780496212.7652307	1.354	5.8
1780496212.864442	1.354	5.9
1780496212.864442	1.355	5.9
1780496212.9602394	1.355	5.9
1780496212.9602394	1.357	5.9
1780496213.055435	1.357	5.9
1780496213.055435	1.357	5.9
1780496213.0669541	1.358	5.9
1780496213.152639	1.358	5.9
1780496213.163147	1.358	5.9
1780496213.2467065	1.358	5.8
1780496213.2572236	1.358	5.7
1780496213.3650126	1.358	5.6
1780496213.3650126	1.358	5.5
1780496213.4543142	1.358	5.4
1780496213.4543142	1.358	5.3
1780496213.465014	1.358	5.1
1780496213.5521097	1.359	5.0
1780496213.5626237	1.359	4.8
1780496213.6477952	1.36	4.7
1780496213.658322	1.363	4.6
1780496213.7595825	1.363	4.5
1780496213.7595825	1.366	4.4
1780496213.7595825	1.366	4.4
1780496213.8482087	1.367	4.4
1780496213.8685791	1.367	4.4
1780496213.9488158	1.368	4.4
1780496213.959327	1.368	4.5
1780496214.0504363	1.371	4.6
1780496214.0609925	1.371	4.7
1780496214.1417084	1.372	4.8
1780496214.156281	1.372	4.9
1780496214.156281	1.374	5.0
1780496214.2511413	1.374	5.2
1780496214.2722225	1.375	5.3
1780496214.3529334	1.375	5.4
1780496214.3634431	1.375	5.6
1780496214.4478967	1.375	5.7
1780496214.458543	1.378	5.8
1780496214.458543	1.379	6.0
1780496214.5530016	1.381	6.1
1780496214.5530016	1.381	6.3
1780496214.6510208	1.387	6.5
1780496214.6743004	1.387	6.7
1780496214.7486281	1.387	7.0
1780496214.759148	1.387	7.2
1780496214.8433552	1.389	7.4
1780496214.8661003	1.389	7.6
1780496214.8661003	1.389	7.8
1780496214.957771	1.393	8.0
1780496214.957771	1.393	8.2
1780496215.0520866	1.395	8.4
1780496215.0520866	1.395	8.6
1780496215.1469057	1.399	8.8
1780496215.1716287	1.399	9.1
1780496215.1716287	1.403	9.3
1780496215.2552018	1.405	9.6
1780496215.2552018	1.405	9.8
1780496215.353584	1.409	10.1
1780496215.353584	1.409	10.4
1780496215.4507167	1.412	10.7
1780496215.4507167	1.412	11.0
1780496215.5509708	1.415	11.3
1780496215.5620303	1.415	11.6
1780496215.5620303	1.416	11.9
1780496215.6612585	1.416	12.1
1780496215.6612585	1.417	12.4
1780496215.759153	1.417	12.5
1780496215.759153	1.418	12.7
1780496215.84554	1.422	12.8
1780496215.84554	1.422	12.9
1780496215.8666172	1.422	13.0
1780496215.961658	1.422	13.0
1780496215.961658	1.424	13.0
1780496216.0579317	1.424	13.0
1780496216.0579317	1.424	13.0
1780496216.156531	1.424	12.9
1780496216.156531	1.425	12.7
1780496216.2547328	1.425	12.6
1780496216.2547328	1.427	12.4
1780496216.2652416	1.427	12.2
1780496216.3421474	1.427	12.0
1780496216.3630123	1.427	11.7
1780496216.4554248	1.427	11.4
1780496216.4554248	1.428	11.2
1780496216.5500264	1.428	10.9
1780496216.5500264	1.429	10.5
1780496216.5710974	1.429	10.2
1780496216.6486368	1.429	9.9
1780496216.6701622	1.429	9.6
1780496216.7455335	1.429	9.2
1780496216.756528	1.429	8.9
1780496216.853919	1.43	8.6
1780496216.853919	1.43	8.2
1780496216.9502468	1.43	7.9
1780496216.9502468	1.43	7.6
1780496216.9749513	1.43	7.2
1780496217.0499496	1.43	6.9
1780496217.0606103	1.43	6.6
1780496217.1412363	1.43	6.2
1780496217.162274	1.43	5.9
1780496217.257623	1.43	5.6
1780496217.257623	1.43	5.3
1780496217.257623	1.43	5.0
1780496217.3483071	1.431	4.7
1780496217.369352	1.431	4.5
1780496217.444609	1.431	4.2
1780496217.4591284	1.431	4.0
1780496217.5437493	1.431	3.7
1780496217.564791	1.431	3.5
1780496217.6397738	1.431	3.3
1780496217.6515667	1.431	3.1
1780496217.6515667	1.431	2.9
1780496217.7594967	1.432	2.8
1780496217.7700763	1.432	2.6
1780496217.8458486	1.432	2.5
1780496217.8671076	1.433	2.3
1780496217.9447381	1.433	2.2
1780496217.9552436	1.433	2.1
1780496217.9552436	1.433	2.1
1780496218.0529683	1.433	2.0
1780496218.0529683	1.433	1.9
1780496218.1476762	1.433	1.9
1780496218.1476762	1.433	1.8
1780496218.24971	1.433	1.8
1780496218.2602184	1.433	1.8
1780496218.3463178	1.434	1.7
1780496218.356827	1.434	1.7
1780496218.356827	1.434	1.7
1780496218.4555821	1.436	1.7
1780496218.4555821	1.436	1.7
1780496218.5483713	1.437	1.8
1780496218.5483713	1.437	1.8
1780496218.644427	1.438	1.9
1780496218.6651726	1.438	2.0
1780496218.6651726	1.438	2.0
1780496218.755714	1.439	2.1
1780496218.755714	1.439	2.2
1780496218.855118	1.439	2.3
1780496218.855118	1.439	2.4
1780496218.9499905	1.439	2.5
1780496218.9499905	1.44	2.5
1780496219.0448983	1.442	2.6
1780496219.0448983	1.442	2.7
1780496219.0659366	1.442	2.8
1780496219.1583955	1.443	2.9
1780496219.1583955	1.444	3.0
1780496219.254438	1.444	3.1
1780496219.254438	1.444	3.1
1780496219.3493927	1.444	3.2
1780496219.3493927	1.445	3.3
1780496219.3709638	1.445	3.4
1780496219.4502523	1.445	3.4
1780496219.4607744	1.445	3.5
1780496219.5644224	1.445	3.5
1780496219.5644224	1.445	3.6
1780496219.6522846	1.446	3.6
1780496219.6522846	1.446	3.6
1780496219.750367	1.447	3.6
1780496219.750367	1.45	3.6
1780496219.7713885	1.45	3.6
1780496219.852223	1.45	3.7
1780496219.8631382	1.45	3.7
1780496219.9603376	1.452	3.8
1780496219.9603376	1.452	3.8
