-1.09e-10	0.00057	1e-08
-1.87e-10	0.298027	1e-07
-2.49844e-10	0.480847	Auto
-2.29157e-10	1.027392	1e-09
-6.958e-11	1.387143	1e-08
-2.29714e-10	1.607574	Auto
-2.49783e-10	2.03001	1e-09
-1.8169e-10	2.385297	1e-08
-2.49687e-10	2.610645	Auto
-2.43995e-10	3.041124	1e-09
-1.4544e-10	3.415237	1e-08
-2.49948e-10	3.641614	Auto
-2.49806e-10	4.099684	1e-09
-1.5391e-10	4.474207	1e-08
-3.06286e-10	4.700581	Auto
-2.43674e-10	5.157586	1e-09
-2.4993e-10	5.53214	1e-08
-2.83975e-10	5.757381	Auto
-2.50011e-10	6.214388	1e-09
-1.4607e-10	6.589724	1e-08
-2.43286e-10	6.814969	Auto
-2.44077e-10	7.271948	1e-09
-1.6041e-10	7.645415	1e-08
-2.49697e-10	7.878564	Auto
-2.43169e-10	8.285402	1e-09
-1.5246e-10	8.663801	1e-08
-2.49716e-10	8.889205	Auto
-2.51489e-10	9.346229	1e-09
-1.5347e-10	9.721784	1e-08
-2.29158e-10	9.946218	Auto
-2.443e-10	10.403079	1e-09
-1.0213e-10	10.778274	1e-08
-2.44567e-10	11.010834	Auto
-2.29735e-10	11.441012	1e-09
-1.5235e-10	11.81672	1e-08
-2.4347e-10	12.048223	Auto
-2.36049e-10	12.478281	1e-09
-1.0302e-10	12.839581	1e-08
-2.49714e-10	13.059002	Auto
-2.29609e-10	13.495289	1e-09
-1.5107e-10	13.857729	1e-08
-2.49769e-10	14.076099	Auto
-2.43324e-10	14.513675	1e-09
-1.4336e-10	14.888607	1e-08
-2.44006e-10	15.120239	Auto
-2.29554e-10	15.540212	1e-09
-1.5985e-10	15.891094	1e-08
-2.42913e-10	16.11037	Auto
-2.42886e-10	16.523108	1e-09
-1.5022e-10	16.888784	1e-08
-2.43046e-10	17.10819	Auto
-2.36043e-10	17.521102	1e-09
-1.5482e-10	17.899082	1e-08
-2.42921e-10	18.124978	Auto
-2.36323e-10	18.58	1e-09
-1.6283e-10	18.955877	1e-08
-2.71907e-10	19.188549	Auto
-2.4972e-10	19.618371	1e-09
-2.1115e-10	19.994546	1e-08
-2.63716e-10	20.219381	Auto
-2.78911e-10	20.677632	1e-09
5.92e-12	21.052621	1e-08
-2.15593e-10	21.278139	Auto
-2.64375e-10	21.734242	1e-09
-2.355e-11	22.10361	1e-08
-2.70131e-10	22.293674	Auto
-2.65114e-10	22.730044	1e-09
-1.7692e-10	23.100307	1e-08
-2.35988e-10	23.289977	Auto
-2.43226e-10	23.737763	1e-09
-1.5389e-10	24.092592	1e-08
-2.49742e-10	24.318532	Auto
-2.42915e-10	24.739819	1e-09
-1.5957e-10	25.104741	1e-08
-2.49739e-10	25.329453	Auto
-2.4983e-10	25.787799	1e-09
-1.4878e-10	26.14842	1e-08
-2.5658e-10	26.367692	Auto
-2.91541e-10	26.781452	1e-09
-1.7443e-10	27.14615	1e-08
-2.77179e-10	27.371937	Auto
-2.01825e-10	27.778246	1e-09
-4.145e-10	28.143863	1e-08
-2.08704e-10	28.363226	Auto
-2.63427e-10	28.800881	1e-09
-3.513e-10	29.16891	1e-08
-2.63443e-10	29.41261	Auto
-2.90903e-10	29.859096	1e-09
7.3074e-10	30.227141	1e-08
-7.80775e-11	30.409234	Auto
-4.00957e-10	30.996368	1e-09
3.19597e-09	31.363243	1e-08
-2.16756e-11	31.545571	Auto
-2.97832e-10	32.13499	1e-09
-5.036e-10	32.506434	1e-08
2.74907e-12	32.731333	Auto
-2.3057e-10	33.484925	1e-09
-1.3221e-10	33.851792	1e-08
-2.43343e-10	34.077962	Auto
-3.12271e-10	34.506077	1e-09
-5.1001e-10	34.881833	1e-08
-2.43524e-10	35.107883	Auto
-2.56611e-10	35.564367	1e-09
-1.6764e-10	35.939189	1e-08
-2.84012e-10	36.164175	Auto
-2.29186e-10	36.601812	1e-09
-4.36e-12	36.977566	1e-08
-2.23633e-10	37.203405	Auto
-2.7827e-10	37.659844	1e-09
-4.9487e-10	38.035794	1e-08
-2.43359e-10	38.261566	Auto
-2.63733e-10	38.718111	1e-09
-2.2719e-10	39.086064	1e-08
-2.77572e-10	39.268073	Auto
-2.29142e-10	39.704323	1e-09
-1.448e-10	40.056534	1e-08
-2.49692e-10	40.276747	Auto
-2.44267e-10	40.690803	1e-09
-1.5966e-10	41.05524	1e-08
-2.42886e-10	41.27457	Auto
-2.49699e-10	41.688653	1e-09
-1.5632e-10	42.06867	1e-08
-2.42735e-10	42.300292	Auto
-2.49702e-10	42.738731	1e-09
-1.6811e-10	43.091278	1e-08
-2.49934e-10	43.310281	Auto
-2.49701e-10	43.724099	1e-09
-1.7622e-10	44.102064	1e-08
-2.56627e-10	44.327984	Auto
-2.63437e-10	44.750761	1e-09
-1.3124e-10	45.105368	1e-08
-2.37605e-10	45.324361	Auto
-2.51192e-10	45.737109	1e-09
-1.5079e-10	46.116269	1e-08
-2.42849e-10	46.341841	Auto
-2.43125e-10	46.799176	1e-09
-2.2423e-10	47.160582	1e-08
-2.30432e-10	47.380691	Auto
-2.64812e-10	47.794623	1e-09
-2.7048e-10	48.166838	1e-08
-2.30867e-10	48.349748	Auto
-2.49631e-10	48.797888	1e-09
-1.5506e-10	49.172761	1e-08
-2.49884e-10	49.398396	Auto
-2.29302e-10	49.855645	1e-09
-1.5566e-10	50.231678	1e-08
-2.49708e-10	50.456282	Auto
-2.63686e-10	50.913344	1e-09
-2.4968e-10	51.288142	1e-08
-3.04868e-10	51.513812	Auto
-2.49789e-10	51.971951	1e-09
3.7042e-10	52.339095	1e-08
-3.23502e-11	52.521825	Auto
9.5662e-12	53.046571	1e-10
-2.01759e-10	53.382157	1e-09
-2.49696e-10	53.662035	Auto
-2.50431e-10	53.995427	1e-09
-1.662e-10	54.347716	1e-08
-2.43242e-10	54.566014	Auto
-2.43677e-10	54.979755	1e-09
-1.7072e-10	55.34427	1e-08
-2.56788e-10	55.563191	Auto
-2.49985e-10	55.976926	1e-09
-1.5914e-10	56.349308	1e-08
-2.44473e-10	56.531241	Auto
-2.42895e-10	56.977291	1e-09
-1.6142e-10	57.35297	1e-08
-2.4971e-10	57.577809	Auto
-2.50539e-10	57.991564	1e-09
-1.6313e-10	58.364943	1e-08
-2.49793e-10	58.553541	Auto
-2.49688e-10	58.993902	1e-09
-1.5374e-10	59.369923	1e-08
-2.49696e-10	59.595642	Auto
-2.49698e-10	60.060756	1e-09
-2.9585e-10	60.414187	1e-08
-2.49702e-10	60.633245	Auto
-2.49859e-10	61.063917	1e-09
-1.5572e-10	61.445197	1e-08
-2.49705e-10	61.671871	Auto
-2.43071e-10	62.128027	1e-09
-1.6609e-10	62.496968	1e-08
-2.57202e-10	62.684291	Auto
-2.51151e-10	63.125987	1e-09
-2.517e-10	63.500729	1e-08
-2.57802e-10	63.732233	Auto
-2.36035e-10	64.156423	1e-09
-5.668e-11	64.523236	1e-08
-2.43571e-10	64.743865	Auto
-2.44659e-10	65.181575	1e-09
-1.6151e-10	65.542813	1e-08
-2.502e-10	65.762877	Auto
-2.49866e-10	66.176867	1e-09
-1.6249e-10	66.541325	1e-08
-2.4988e-10	66.760345	Auto
-2.49775e-10	67.198988	1e-09
-1.8637e-10	67.558041	1e-08
-2.49895e-10	67.747373	Auto
-2.49889e-10	68.195611	1e-09
-1.6164e-10	68.55681	1e-08
-2.5021e-10	68.776036	Auto
-2.50423e-10	69.206063	1e-09
-1.673e-10	69.587374	1e-08
-2.50546e-10	69.812035	Auto
-2.49743e-10	70.259173	1e-09
-1.7313e-10	70.61028	1e-08
-2.49769e-10	70.82931	Auto
-2.50119e-10	71.242299	1e-09
-1.5904e-10	71.620127	1e-08
-2.49709e-10	71.84678	Auto
-2.08597e-10	72.3041	1e-09
-1.627e-10	72.672087	1e-08
-2.49881e-10	72.854004	Auto
-2.49747e-10	73.307887	1e-09
-1.6365e-10	73.676144	1e-08
-2.497e-10	73.901856	Auto
-2.49694e-10	74.359035	1e-09
-1.6307e-10	74.720398	1e-08
-2.49718e-10	74.93972	Auto
-2.49699e-10	75.354001	1e-09
-1.7007e-10	75.73295	1e-08
-2.4319e-10	75.957704	Auto
-2.43055e-10	76.415879	1e-09
-1.6175e-10	76.791768	1e-08
-2.49803e-10	77.023208	Auto
-2.50292e-10	77.45323	1e-09
-1.7165e-10	77.828032	1e-08
-2.3601e-10	78.053825	Auto
-2.50059e-10	78.511602	1e-09
-1.7125e-10	78.880699	1e-08
-2.36035e-10	79.063736	Auto
-2.56594e-10	79.511672	1e-09
-1.7421e-10	79.886413	1e-08
-2.36695e-10	80.118851	Auto
-2.5113e-10	80.550634	1e-09
-1.5943e-10	80.925273	1e-08
-2.49699e-10	81.150932	Auto
-2.50271e-10	81.608115	1e-09
-1.6587e-10	81.976089	1e-08
-2.49732e-10	82.158002	Auto
-2.49779e-10	82.595901	1e-09
-1.6363e-10	82.94799	1e-08
-2.49823e-10	83.165194	Auto
-2.49819e-10	83.602742	1e-09
-1.5872e-10	83.978651	1e-08
-2.4982e-10	84.203413	Auto
-2.49925e-10	84.667385	1e-09
-1.6768e-10	85.021142	1e-08
-2.49752e-10	85.247549	Auto
-2.49882e-10	85.668371	1e-09
-1.6491e-10	86.020595	1e-08
-2.50374e-10	86.239566	Auto
-2.36019e-10	86.677928	1e-09
-1.5583e-10	87.038946	1e-08
-2.49718e-10	87.257005	Auto
-2.49796e-10	87.671763	1e-09
-1.6396e-10	88.050912	1e-08
-2.4976e-10	88.275354	Auto
-2.4323e-10	88.733562	1e-09
-1.5787e-10	89.108144	1e-08
-2.49722e-10	89.33378	Auto
-2.49711e-10	89.791082	1e-09
-1.7049e-10	90.16675	1e-08
-2.49802e-10	90.391337	Auto
-2.49821e-10	90.849667	1e-09
-1.6015e-10	91.225623	1e-08
-2.49841e-10	91.451624	Auto
-2.49695e-10	91.874292	1e-09
-1.3445e-10	92.229233	1e-08
-2.43037e-10	92.424296	Auto
-2.49726e-10	92.865695	1e-09
-1.779e-10	93.241745	1e-08
-2.49748e-10	93.473937	Auto
-2.43664e-10	93.904905	1e-09
-1.8853e-10	94.280793	1e-08
-2.49698e-10	94.505289	Auto
-2.50896e-10	94.963592	1e-09
-2.3901e-10	95.324032	1e-08
-2.42876e-10	95.542143	Auto
-2.43023e-10	95.956829	1e-09
-1.5926e-10	96.321448	1e-08
-2.44473e-10	96.540558	Auto
-2.43322e-10	96.954141	1e-09
-1.6356e-10	97.319754	1e-08
-2.43343e-10	97.538871	Auto
-2.49727e-10	97.966387	1e-09
-1.5914e-10	98.318656	1e-08
-2.43293e-10	98.53775	Auto
-2.42916e-10	98.974274	1e-09
-1.5433e-10	99.34354	1e-08
-2.49744e-10	99.525322	Auto
-2.43348e-10	99.971187	1e-09
-1.5425e-10	100.339388	1e-08
-2.43254e-10	100.522928	Auto
-2.44619e-10	100.969407	1e-09
-1.5913e-10	101.344948	1e-08
-2.49752e-10	101.569928	Auto
-2.49804e-10	102.027534	1e-09
-1.54e-10	102.403574	1e-08
-2.49717e-10	102.629721	Auto
-2.49738e-10	103.043935	1e-09
-1.6579e-10	103.409613	1e-08
-2.49817e-10	103.628059	Auto
-2.15434e-10	104.062942	1e-09
-1.6112e-10	104.432159	1e-08
-2.49813e-10	104.621995	Auto
-2.50688e-10	105.061824	1e-09
-2.3012e-10	105.437052	1e-08
-2.56588e-10	105.662041	Auto
-2.5036e-10	106.119841	1e-09
-4.2774e-10	106.480256	1e-08
-2.4988e-10	106.699841	Auto
-2.50207e-10	107.113245	1e-09
-1.7087e-10	107.478017	1e-08
-2.49785e-10	107.667818	Auto
-2.56605e-10	108.104368	1e-09
-1.6558e-10	108.455874	1e-08
-2.49737e-10	108.681961	Auto
-2.49884e-10	109.111331	1e-09
-1.6407e-10	109.47291	1e-08
-2.49795e-10	109.691383	Auto
-2.49804e-10	110.128143	1e-09
-1.7962e-10	110.497626	1e-08
-2.49778e-10	110.680899	Auto
-2.49782e-10	111.12857	1e-09
-1.6756e-10	111.489244	1e-08
-2.49883e-10	111.708822	Auto
-2.49805e-10	112.132088	1e-09
-1.5734e-10	112.48697	1e-08
-2.49732e-10	112.705573	Auto
-2.49766e-10	113.143636	1e-09
-1.7043e-10	113.504248	1e-08
-2.49733e-10	113.723724	Auto
-2.56984e-10	114.147158	1e-09
-2.0039e-10	114.502272	1e-08
-2.63396e-10	114.721763	Auto
-2.57336e-10	115.135065	1e-09
-2.1311e-10	115.50093	1e-08
-2.57372e-10	115.719403	Auto
-2.56849e-10	116.143807	1e-09
-2.234e-10	116.498848	1e-08
-2.63422e-10	116.717383	Auto
-2.57806e-10	117.155683	1e-09
-2.3609e-10	117.516267	1e-08
-2.63418e-10	117.735817	Auto
-2.63407e-10	118.173868	1e-09
-2.2104e-10	118.555992	1e-08
-2.56707e-10	118.773443	Auto
-2.57504e-10	119.187733	1e-09
-2.0211e-10	119.55358	1e-08
-2.63414e-10	119.772155	Auto
-2.63464e-10	120.20354	1e-09
-2.3449e-10	120.584214	1e-08
-5.7272e-10	120.809173	Auto
-2.64089e-10	121.247108	1e-09
-2.6655e-10	121.608763	1e-08
-2.70907e-10	121.8272	Auto
-2.63532e-10	122.2517	1e-09
-2.4249e-10	122.605415	1e-08
-2.6398e-10	122.825982	Auto
-2.63461e-10	123.238171	1e-09
-2.5114e-10	123.610791	1e-08
-3.04873e-10	123.79301	Auto
-2.63741e-10	124.240624	1e-09
-2.6548e-10	124.601972	1e-08
-2.64262e-10	124.821586	Auto
-2.70987e-10	125.234089	1e-09
-2.6528e-10	125.612364	1e-08
-2.57101e-10	125.83739	Auto
-2.64142e-10	126.295217	1e-09
-2.2923e-10	126.656874	1e-08
-2.64448e-10	126.87667	Auto
-2.90874e-10	127.290965	1e-09
-2.5204e-10	127.668205	1e-08
-2.77138e-10	127.893295	Auto
-2.63538e-10	128.350979	1e-09
-2.1835e-10	128.72588	1e-08
-2.64471e-10	128.951169	Auto
-2.64351e-10	129.388341	1e-09
-2.3204e-10	129.749973	1e-08
-2.97896e-10	129.969798	Auto
-2.90961e-10	130.382006	1e-09
-1.6459e-10	130.753408	1e-08
-2.5715e-10	130.938111	Auto
-2.6371e-10	131.38455	1e-09
-2.6554e-10	131.745249	1e-08
-2.64011e-10	131.941015	Auto
-2.63686e-10	132.381858	1e-09
-2.0081e-10	132.756971	1e-08
-2.63495e-10	132.98209	Auto
-2.64886e-10	133.439779	1e-09
-3.4356e-10	133.814929	1e-08
-2.64072e-10	134.040142	Auto
-2.70703e-10	134.497419	1e-09
-2.2783e-10	134.873529	1e-08
-2.70564e-10	135.1053	Auto
-2.77622e-10	135.536696	1e-09
-1.9747e-10	135.897274	1e-08
-2.70264e-10	136.116958	Auto
-2.70256e-10	136.55361	1e-09
-2.3539e-10	136.929849	1e-08
-2.65064e-10	137.155038	Auto
-2.63517e-10	137.612642	1e-09
-2.0841e-10	137.988789	1e-08
-2.6402e-10	138.214918	Auto
-2.63419e-10	138.671448	1e-09
-2.1685e-10	139.032242	1e-08
-2.63434e-10	139.221975	Auto
-2.64318e-10	139.668449	1e-09
-2.4734e-10	140.029217	1e-08
-2.63715e-10	140.248666	Auto
-2.63674e-10	140.686548	1e-09
-2.563e-10	141.062959	1e-08
-2.70603e-10	141.287722	Auto
-2.84306e-10	141.744233	1e-09
-2.1994e-10	142.120702	1e-08
-2.70345e-10	142.346739	Auto
-2.63511e-10	142.803375	1e-09
-2.0432e-10	143.16408	1e-08
-2.70256e-10	143.383602	Auto
-2.29144e-10	143.798788	1e-09
-2.0799e-10	144.164742	1e-08
-2.63457e-10	144.38328	Auto
-2.63383e-10	144.827898	1e-09
-2.2538e-10	145.18295	1e-08
-2.63407e-10	145.407142	Auto
-2.70346e-10	145.837445	1e-09
-2.3508e-10	146.198101	1e-08
-2.63356e-10	146.394717	Auto
-2.70302e-10	146.836715	1e-09
-2.1427e-10	147.198549	1e-08
-2.65106e-10	147.424726	Auto
-2.63562e-10	147.855124	1e-09
-2.0801e-10	148.216654	1e-08
-2.63578e-10	148.443941	Auto
-2.63446e-10	148.873012	1e-09
-2.0049e-10	149.234706	1e-08
-2.63869e-10	149.453204	Auto
-2.56628e-10	149.866363	1e-09
-2.3627e-10	150.23124	1e-08
-2.65169e-10	150.420095	Auto
-2.63642e-10	150.868642	1e-09
-2.3484e-10	151.243126	1e-08
-2.57495e-10	151.468191	Auto
-2.70276e-10	151.925665	1e-09
-2.3032e-10	152.301946	1e-08
-2.63531e-10	152.526949	Auto
-2.63416e-10	152.983554	1e-09
-2.5004e-10	153.359952	1e-08
-2.5015e-10	153.584854	Auto
-2.63412e-10	154.042563	1e-09
-2.0562e-10	154.418576	1e-08
-2.64821e-10	154.644639	Auto
-3.32432e-10	155.101225	1e-09
-1.4945e-10	155.476357	1e-08
-2.71446e-10	155.701321	Auto
-2.70363e-10	156.158093	1e-09
-2.7735e-10	156.527544	1e-08
-2.78148e-10	156.710709	Auto
-2.63449e-10	157.154236	1e-09
-2.5851e-10	157.518992	1e-08
-2.56604e-10	157.738644	Auto
-2.63586e-10	158.195317	1e-09
-2.5014e-10	158.556132	1e-08
-2.64362e-10	158.776807	Auto
-2.63593e-10	159.204635	1e-09
-2.4667e-10	159.55515	1e-08
-2.70292e-10	159.780357	Auto
-2.70264e-10	160.212721	1e-09
-2.5569e-10	160.573412	1e-08
-2.63765e-10	160.79295	Auto
-2.64052e-10	161.229818	1e-09
-2.9123e-10	161.605122	1e-08
-2.64541e-10	161.830229	Auto
-2.63602e-10	162.287976	1e-09
-2.4041e-10	162.6621	1e-08
-2.63409e-10	162.887364	Auto
-2.634e-10	163.301637	1e-09
-1.6566e-10	163.66762	1e-08
-2.64778e-10	163.893103	Auto
-2.50733e-10	164.324565	1e-09
-2.8472e-10	164.699613	1e-08
-2.71742e-10	164.925838	Auto
-2.71554e-10	165.384606	1e-09
-2.5995e-10	165.745271	1e-08
-2.70301e-10	165.964861	Auto
-2.64586e-10	166.409898	1e-09
-2.783e-10	166.764871	1e-08
-2.70279e-10	166.990117	Auto
-2.64602e-10	167.397778	1e-09
-2.8247e-10	167.76361	1e-08
-2.70561e-10	167.982279	Auto
-2.7113e-10	168.413803	1e-09
-2.8428e-10	168.788879	1e-08
-2.77164e-10	168.971227	Auto
-2.71258e-10	169.419904	1e-09
-2.4697e-10	169.781637	1e-08
-2.70282e-10	170.000356	Auto
-2.70463e-10	170.430837	1e-09
-2.3484e-10	170.813731	1e-08
-2.70269e-10	171.039963	Auto
-2.90882e-10	171.495239	1e-09
-2.5566e-10	171.864804	1e-08
-2.63551e-10	172.04712	Auto
-2.7029e-10	172.494605	1e-09
-2.7252e-10	172.855163	1e-08
-2.77139e-10	173.075861	Auto
-2.84934e-10	173.503566	1e-09
-2.3675e-10	173.868687	1e-08
-2.70665e-10	174.094891	Auto
-2.63741e-10	174.552444	1e-09
-2.2945e-10	174.913036	1e-08
-2.63616e-10	175.138247	Auto
-2.5693e-10	175.568376	1e-09
-2.4829e-10	175.944792	1e-08
-2.64453e-10	176.170953	Auto
-2.70262e-10	176.616434	1e-09
-2.3981e-10	176.968908	1e-08
-2.3693e-10	177.188737	Auto
-2.63928e-10	177.626759	1e-09
-2.432e-10	177.987403	1e-08
-2.56693e-10	178.206005	Auto
-4.34465e-10	178.629335	1e-09
-2.6967e-10	178.984428	1e-08
-2.49716e-10	179.203052	Auto
-2.83964e-10	179.616344	1e-09
-3.943e-10	179.995798	1e-08
-2.50765e-10	180.221013	Auto
-2.63594e-10	180.678647	1e-09
-2.5337e-10	181.039276	1e-08
-2.64675e-10	181.258689	Auto
-2.63217e-10	181.672893	1e-09
-2.3767e-10	182.045581	1e-08
-2.43131e-10	182.228683	Auto
-2.64263e-10	182.676258	1e-09
-2.3972e-10	183.037888	1e-08
-2.64503e-10	183.256316	Auto
-2.70814e-10	183.68761	1e-09
-2.641e-10	184.055941	1e-08
-2.44318e-10	184.244615	Auto
-2.70501e-10	184.692897	1e-09
-2.6566e-10	185.067206	1e-08
-2.63564e-10	185.299886	Auto
-2.77117e-10	185.737428	1e-09
-2.3034e-10	186.105936	1e-08
-2.70517e-10	186.331102	Auto
-2.72064e-10	186.788643	1e-09
-2.3655e-10	187.157289	1e-08
-2.15626e-10	187.345967	Auto
-2.64332e-10	187.776696	1e-09
-2.2137e-10	188.134069	1e-08
-2.57394e-10	188.325247	Auto
-2.63462e-10	188.770947	1e-09
-2.2896e-10	189.12426	1e-08
-2.5657e-10	189.343758	Auto
-2.71368e-10	189.757175	1e-09
-2.3673e-10	190.136659	1e-08
-2.64763e-10	190.362656	Auto
-2.70272e-10	190.819265	1e-09
-2.2176e-10	191.18008	1e-08
-2.63472e-10	191.399716	Auto
-2.63434e-10	191.836451	1e-09
-2.1207e-10	192.205966	1e-08
-2.64967e-10	192.386957	Auto
-2.70271e-10	192.83336	1e-09
-2.4504e-10	193.194746	1e-08
-2.63436e-10	193.414377	Auto
-2.70474e-10	193.878731	1e-09
-2.3445e-10	194.233953	1e-08
-2.578e-10	194.452544	Auto
-2.63901e-10	194.876917	1e-09
-2.3616e-10	195.231011	1e-08
-2.70258e-10	195.451582	Auto
-2.77103e-10	195.865825	1e-09
-2.3999e-10	196.231677	1e-08
-2.63399e-10	196.450157	Auto
-2.64467e-10	196.873203	1e-09
-2.3885e-10	197.227247	1e-08
-2.6353e-10	197.446741	Auto
-2.65105e-10	197.86091	1e-09
-2.3254e-10	198.226808	1e-08
-2.70244e-10	198.445394	Auto
-2.63404e-10	198.869584	1e-09
-2.4018e-10	199.225937	1e-08
-2.63455e-10	199.445543	Auto
-2.63474e-10	199.869826	1e-09
-2.8326e-10	200.224913	1e-08
-2.56697e-10	200.443368	Auto
-2.70249e-10	200.881249	1e-09
-2.4766e-10	201.242915	1e-08
-2.63986e-10	201.468156	Auto
-2.70275e-10	201.898393	1e-09
-2.264e-10	202.259043	1e-08
-2.63434e-10	202.484446	Auto
-2.64393e-10	202.905696	1e-09
-2.7824e-10	203.257276	1e-08
-2.42869e-10	203.476861	Auto
-2.6341e-10	203.900037	1e-09
-2.6066e-10	204.255999	1e-08
-2.98242e-10	204.480143	Auto
-2.51014e-10	204.911638	1e-09
-7.363e-11	205.27353	1e-08
-2.36197e-10	205.493805	Auto
-2.57145e-10	205.930682	1e-09
-2.3058e-10	206.299326	1e-08
-2.56582e-10	206.480292	Auto
-2.63405e-10	206.93571	1e-09
8.354e-11	207.290867	1e-08
-2.71665e-10	207.51009	Auto
-2.70433e-10	207.923274	1e-09
-2.7007e-10	208.287054	1e-08
-2.70254e-10	208.507607	Auto
-2.70269e-10	208.945541	1e-09
-2.1576e-10	209.30641	1e-08
-2.56564e-10	209.525986	Auto
-2.70277e-10	209.952696	1e-09
-2.4806e-10	210.305689	1e-08
-2.569e-10	210.524106	Auto
-2.63655e-10	210.937289	1e-09
-2.5611e-10	211.309057	1e-08
-2.70276e-10	211.491127	Auto
-2.70293e-10	211.938634	1e-09
-2.6132e-10	212.314851	1e-08
-2.63552e-10	212.54759	Auto
-2.7031e-10	212.978927	1e-09
-2.3997e-10	213.353157	1e-08
-2.56676e-10	213.578176	Auto
-2.64734e-10	214.026573	1e-09
-2.4982e-10	214.377942	1e-08
-2.63829e-10	214.597563	Auto
-2.63463e-10	215.061098	1e-09
-2.2636e-10	215.415849	1e-08
-2.63943e-10	215.636565	Auto
-2.70252e-10	216.050679	1e-09
-2.4602e-10	216.4153	1e-08
-2.56865e-10	216.634846	Auto
-2.63785e-10	217.072766	1e-09
-2.5466e-10	217.448978	1e-08
-2.64804e-10	217.673951	Auto
-2.70268e-10	218.131664	1e-09
-2.0549e-10	218.492248	1e-08
-2.63402e-10	218.718797	Auto
-3.87899e-10	219.149239	1e-09
-2.2226e-10	219.524547	1e-08
-2.63723e-10	219.750654	Auto
-2.63464e-10	220.208306	1e-09
-2.3008e-10	220.569906	1e-08
-2.63413e-10	220.789622	Auto
-2.56558e-10	221.203037	1e-09
-2.3045e-10	221.581361	1e-08
-2.57497e-10	221.806449	Auto
-2.65022e-10	222.264024	1e-09
-2.7202e-10	222.625704	1e-08
-2.63744e-10	222.845283	Auto
-2.70256e-10	223.259599	1e-09
-1.8562e-10	223.638832	1e-08
-2.71335e-10	223.864962	Auto
-2.71796e-10	224.321765	1e-09
-2.1999e-10	224.697078	1e-08
-2.63826e-10	224.922161	Auto
-2.71683e-10	225.37975	1e-09
-2.2203e-10	225.755951	1e-08
-2.7027e-10	225.980139	Auto
-2.56718e-10	226.417931	1e-09
-2.5288e-10	226.79295	1e-08
-2.78714e-10	227.01719	Auto
-2.70388e-10	227.431185	1e-09
-3.3582e-10	227.796837	1e-08
-2.85611e-10	228.016659	Auto
-2.91638e-10	228.447872	1e-09
-3.5023e-10	228.829616	1e-08
-2.57314e-10	229.062443	Auto
-2.71546e-10	229.493565	1e-09
-1.3443e-10	229.868664	1e-08
-2.57038e-10	230.094896	Auto
-2.56871e-10	230.553613	1e-09
-2.3733e-10	230.914112	1e-08
-2.70452e-10	231.134918	Auto
-2.63442e-10	231.571765	1e-09
-2.1055e-10	231.947833	1e-08
-2.64147e-10	232.173112	Auto
-2.63435e-10	232.630718	1e-09
-2.2786e-10	232.999216	1e-08
-2.63685e-10	233.189573	Auto
-2.7032e-10	233.629308	1e-09
-2.2483e-10	233.990015	1e-08
-2.70325e-10	234.179066	Auto
-2.64004e-10	234.633536	1e-09
-3.1365e-10	234.988668	1e-08
-2.63419e-10	235.215133	Auto
-2.64649e-10	235.635087	1e-09
-2.1163e-10	235.986719	1e-08
-2.91332e-10	236.205392	Auto
-2.70352e-10	236.619664	1e-09
-4.4714e-10	236.998045	1e-08
-2.64074e-10	237.223374	Auto
-2.58259e-10	237.636267	1e-09
-2.1115e-10	238.015588	1e-08
-2.64157e-10	238.242564	Auto
-2.71282e-10	238.699152	1e-09
-2.3558e-10	239.075549	1e-08
-2.36073e-10	239.300442	Auto
-2.43062e-10	239.757014	1e-09
-9.155e-11	240.12663	1e-08
-2.43216e-10	240.315102	Auto
-2.97992e-10	240.755924	1e-09
-9.578e-11	241.131142	1e-08
-3.18997e-10	241.357876	Auto
-2.63504e-10	241.780947	1e-09
-4.4155e-10	242.135134	1e-08
-2.70356e-10	242.354723	Auto
-3.1985e-10	242.775864	1e-09
-3.2533e-10	243.134262	1e-08
-2.4969e-10	243.360738	Auto
-2.50023e-10	243.79106	1e-09
-2.4055e-10	244.152944	1e-08
-2.71932e-10	244.37042	Auto
-2.91031e-10	244.80868	1e-09
-5.0953e-10	245.170539	1e-08
-3.12179e-10	245.389248	Auto
-4.00604e-10	245.826362	1e-09
-7.4841e-10	246.202859	1e-08
-2.97727e-10	246.428152	Auto
-3.25645e-10	246.892541	1e-09
5.889e-11	247.247663	1e-08
-2.37415e-10	247.467799	Auto
-2.22284e-10	247.891176	1e-09
-3.3836e-10	248.24525	1e-08
-2.497e-10	248.465885	Auto
-2.9068e-10	248.879098	1e-09
-2.605e-10	249.258655	1e-08
-2.70407e-10	249.490308	Auto
-2.77109e-10	249.92166	1e-09
-2.5395e-10	250.282423	1e-08
-4.07601e-10	250.501985	Auto
-2.22386e-10	250.918823	1e-09
-2.5252e-10	251.294142	1e-08
-2.64689e-10	251.519143	Auto
-2.70314e-10	251.977721	1e-09
-2.511e-10	252.338408	1e-08
-2.71789e-10	252.557914	Auto
-2.63513e-10	252.996902	1e-09
-2.7253e-10	253.358756	1e-08
-2.70244e-10	253.577326	Auto
-2.70406e-10	254.001598	1e-09
-6.7677e-10	254.356164	1e-08
-2.4284e-10	254.576047	Auto
-2.63827e-10	255.013048	1e-09
-2.4045e-10	255.374639	1e-08
-2.70318e-10	255.59326	Auto
-2.70318e-10	256.00764	1e-09
-2.6613e-10	256.386775	1e-08
-2.63625e-10	256.612808	Auto
-2.6435e-10	257.070389	1e-09
-2.5468e-10	257.431992	1e-08
-2.77107e-10	257.65155	Auto
-2.57363e-10	258.088201	1e-09
-2.3435e-10	258.449697	1e-08
-2.63546e-10	258.668297	Auto
-2.63895e-10	259.106315	1e-09
-2.4282e-10	259.467826	1e-08
-2.64129e-10	259.686426	Auto
-2.64021e-10	260.123387	1e-09
-2.3152e-10	260.48411	1e-08
-2.98515e-10	260.704694	Auto
-2.63728e-10	261.142667	1e-09
-2.4954e-10	261.50322	1e-08
-2.63509e-10	261.728401	Auto
-2.6339e-10	262.166648	1e-09
-2.184e-10	262.520265	1e-08
-2.3607e-10	262.740889	Auto
-2.77151e-10	263.178126	1e-09
-2.0149e-10	263.53976	1e-08
-3.18756e-10	263.729751	Auto
-3.18587e-10	264.17629	1e-09
-1.64481e-09	264.550243	1e-08
-2.97708e-10	264.776928	Auto
-2.36238e-10	265.190312	1e-09
4.9754e-10	265.569634	1e-08
-2.70223e-10	265.795758	Auto
-1.315937e-11	266.289158	1e-11
9.9e+37	266.635125	1e-10
-2.90845e-10	266.854091	Auto
-2.71103e-10	267.374593	100000000000000000000000000000000000000
-2.71335e-10	267.752027	1000000000000000000000000000000000000000
-2.71143e-10	268.022933	Auto
-2.7026e-10	268.349277	1e-09
-3.1673e-10	268.718241	1e-08
-2.64302e-10	268.927593	Auto
-2.90817e-10	269.37258	1e-09
-2.5867e-10	269.741361	1e-08
-2.70252e-10	269.96765	Auto
-2.70314e-10	270.425584	1e-09
-2.0367e-10	270.786319	1e-08
-2.77158e-10	271.005165	Auto
-2.70502e-10	271.418154	1e-09
-2.8008e-10	271.797917	1e-08
-2.98972e-10	272.023177	Auto
-2.70285e-10	272.47763	1e-09
-2.2789e-10	272.842537	1e-08
-2.63852e-10	273.061371	Auto
-2.63397e-10	273.498279	1e-09
-2.2565e-10	273.873638	1e-08
-2.63429e-10	274.099036	Auto
-2.63462e-10	274.556749	1e-09
-2.5249e-10	274.932235	1e-08
-2.65017e-10	275.158743	Auto
-2.64794e-10	275.571873	1e-09
-2.3354e-10	275.937898	1e-08
-2.64732e-10	276.157938	Auto
-2.70253e-10	276.595941	1e-09
-2.2662e-10	276.956818	1e-08
-2.7026e-10	277.17668	Auto
-2.63471e-10	277.614627	1e-09
-2.4398e-10	277.976561	1e-08
-2.63695e-10	278.195381	Auto
-2.83962e-10	278.633585	1e-09
-2.4699e-10	279.008922	1e-08
-3.25416e-10	279.23403	Auto
-2.63562e-10	279.691789	1e-09
-2.5775e-10	280.067288	1e-08
-2.63473e-10	280.291256	Auto
-2.56715e-10	280.739074	1e-09
-3.2635e-10	281.090897	1e-08
-2.50008e-10	281.310713	Auto
-2.43758e-10	281.734945	1e-09
-3.2902e-10	282.089273	1e-08
-2.65049e-10	282.277998	Auto
-2.71944e-10	282.725606	1e-09
-2.6134e-10	283.086429	1e-08
-2.6444e-10	283.305958	Auto
-2.57113e-10	283.742057	1e-09
-2.3315e-10	284.111816	1e-08
-2.63852e-10	284.293118	Auto
-2.65026e-10	284.740004	1e-09
-1.9027e-10	285.10196	1e-08
-2.63712e-10	285.320852	Auto
-2.63239e-10	285.734213	1e-09
-2.3807e-10	286.106169	1e-08
-2.70241e-10	286.29506	Auto
-2.70242e-10	286.735043	1e-09
-3.3769e-10	287.096006	1e-08
-4.69963e-10	287.321326	Auto
-3.25227e-10	287.742784	1e-09
3.5704e-10	288.10712	1e-08
-2.70804e-10	288.332262	Auto
-4.35217e-11	288.826223	1e-10
-2.775e-10	289.170442	1e-09
-2.57716e-10	289.443142	Auto
-2.77112e-10	289.786989	1e-09
-2.2184e-10	290.16265	1e-08
-2.78651e-10	290.395574	Auto
-2.63407e-10	290.826988	1e-09
-2.1837e-10	291.187956	1e-08
-2.63615e-10	291.406889	Auto
-2.77184e-10	291.844819	1e-09
-2.8144e-10	292.21926	1e-08
-2.56721e-10	292.444347	Auto
-2.51296e-10	292.901115	1e-09
-2.6733e-10	293.270969	1e-08
-2.56681e-10	293.459989	Auto
-2.84226e-10	293.899956	1e-09
-2.322e-10	294.260884	1e-08
-2.36168e-10	294.480554	Auto
-2.65093e-10	294.904115	1e-09
-2.4849e-10	295.259557	1e-08
-2.56934e-10	295.485927	Auto
-2.64022e-10	295.913259	1e-09
-2.6298e-10	296.278328	1e-08
-2.43424e-10	296.467143	Auto
-2.63697e-10	296.914934	1e-09
-2.234e-10	297.276133	1e-08
-2.42862e-10	297.495866	Auto
-2.64811e-10	297.933046	1e-09
-2.4248e-10	298.294748	1e-08
-2.63614e-10	298.514573	Auto
-2.63453e-10	298.938017	1e-09
-2.4053e-10	299.293345	1e-08
-2.71779e-10	299.482159	Auto
-2.70252e-10	299.929749	1e-09
-2.5976e-10	300.304294	1e-08
-2.63527e-10	300.530543	Auto
-2.90865e-10	300.988263	1e-09
-7.693e-11	301.34916	1e-08
-2.43278e-10	301.568442	Auto
-4.01229e-10	301.982772	1e-09
-5.9347e-10	302.34776	1e-08
-3.74216e-11	302.567534	Auto
-2.5732e-10	303.147537	1e-09
-4.452e-11	303.514981	1e-08
-3.73417e-10	303.697698	Auto
-2.56629e-10	304.144312	1e-09
-1.7423e-10	304.505216	1e-08
-2.6344e-10	304.69414	Auto
-2.63676e-10	305.14189	1e-09
-2.4203e-10	305.516026	1e-08
-2.56523e-10	305.74229	Auto
-2.57667e-10	306.19911	1e-09
-2.4323e-10	306.567177	1e-08
-2.63467e-10	306.756199	Auto
-2.63918e-10	307.196319	1e-09
-2.3792e-10	307.571901	1e-08
-2.63465e-10	307.797006	Auto
-2.90798e-10	308.254876	1e-09
-2.5964e-10	308.62355	1e-08
-2.70268e-10	308.813799	Auto
-2.70257e-10	309.254082	1e-09
-2.6204e-10	309.61589	1e-08
-2.91146e-10	309.841263	Auto
-2.64165e-10	310.269772	1e-09
-2.798e-10	310.634714	1e-08
-2.7089e-10	310.854691	Auto
-2.77094e-10	311.278423	1e-09
-2.6402e-10	311.632366	1e-08
-2.70243e-10	311.852105	Auto
-2.77176e-10	312.289954	1e-09
-2.3864e-10	312.663227	1e-08
-2.64515e-10	312.895433	Auto
-2.64421e-10	313.326995	1e-09
-2.5984e-10	313.687921	1e-08
-2.63335e-10	313.907878	Auto
-2.70624e-10	314.321362	1e-09
-2.9142e-10	314.700046	1e-08
-2.71341e-10	314.924088	Auto
-2.63698e-10	315.382983	1e-09
-2.8712e-10	315.756149	1e-08
-2.70399e-10	315.981414	Auto
-2.57327e-10	316.438293	1e-09
-1.2478e-10	316.7992	1e-08
-2.63454e-10	317.025724	Auto
-2.63388e-10	317.456093	1e-09
-1.6761e-10	317.82565	1e-08
-2.63486e-10	318.010406	Auto
-2.63348e-10	318.455749	1e-09
-2.0715e-10	318.823309	1e-08
-2.64402e-10	319.008105	Auto
-2.70415e-10	319.452335	1e-09
-1.998e-10	319.828706	1e-08
-2.63542e-10	320.054039	Auto
-2.63771e-10	320.511636	1e-09
-2.2925e-10	320.887714	1e-08
-2.63675e-10	321.113013	Auto
-2.57437e-10	321.570857	1e-09
-2.3883e-10	321.946231	1e-08
-3.32011e-10	322.171324	Auto
-2.97903e-10	322.625037	1e-09
-2.717e-10	322.989883	1e-08
-2.70273e-10	323.217536	Auto
-2.70403e-10	323.658785	1e-09
-2.8301e-10	324.010737	1e-08
-2.49629e-10	324.22924	Auto
-2.63906e-10	324.643681	1e-09
-2.3969e-10	325.022213	1e-08
-2.70391e-10	325.247236	Auto
-2.63277e-10	325.705007	1e-09
-2.2961e-10	326.074737	1e-08
-2.63468e-10	326.256941	Auto
-2.70472e-10	326.704602	1e-09
-2.7806e-10	327.066534	1e-08
-2.70273e-10	327.292884	Auto
-2.42923e-10	327.723423	1e-09
-2.9194e-10	328.09973	1e-08
-2.84547e-10	328.325026	Auto
-2.57494e-10	328.762119	1e-09
-2.0666e-10	329.123972	1e-08
-2.63407e-10	329.349405	Auto
-2.63686e-10	329.780741	1e-09
-2.5585e-10	330.149545	1e-08
-2.63932e-10	330.332863	Auto
-2.64038e-10	330.780554	1e-09
-2.2945e-10	331.142732	1e-08
-2.70238e-10	331.368033	Auto
-2.64522e-10	331.798402	1e-09
-2.4245e-10	332.16719	1e-08
-2.65157e-10	332.356053	Auto
-2.70494e-10	332.796072	1e-09
-3.0749e-10	333.172581	1e-08
-2.6522e-10	333.398669	Auto
-2.63465e-10	333.845352	1e-09
-6.8798e-10	334.197188	1e-08
-2.63446e-10	334.416977	Auto
-2.6342e-10	334.846392	1e-09
-2.2456e-10	335.227395	1e-08
-2.64987e-10	335.453717	Auto
-2.63842e-10	335.891885	1e-09
-2.1234e-10	336.261766	1e-08
-2.72034e-10	336.443934	Auto
-2.9782e-10	336.892637	1e-09
-2.2756e-10	337.253276	1e-08
-2.64234e-10	337.473044	Auto
-2.65006e-10	337.903423	1e-09
-2.3815e-10	338.278841	1e-08
-2.70252e-10	338.468941	Auto
-2.70273e-10	338.908973	1e-09
-2.4894e-10	339.283343	1e-08
-2.63631e-10	339.509659	Auto
-2.70245e-10	339.937608	1e-09
-2.248e-10	340.302	1e-08
-2.63526e-10	340.527004	Auto
-2.63586e-10	340.985993	1e-09
-2.1946e-10	341.346809	1e-08
-2.63739e-10	341.567655	Auto
-2.64317e-10	341.981948	1e-09
-2.3631e-10	342.360554	1e-08
-2.64848e-10	342.586626	Auto
-2.63611e-10	343.043391	1e-09
-2.5339e-10	343.412972	1e-08
-2.64902e-10	343.601074	Auto
-2.772e-10	344.0411	1e-09
-2.344e-10	344.415198	1e-08
-2.77133e-10	344.641393	Auto
-2.57802e-10	345.098142	1e-09
-2.2258e-10	345.467818	1e-08
-2.63639e-10	345.650154	Auto
-3.13184e-10	346.09776	1e-09
-2.0338e-10	346.473114	1e-08
-2.63393e-10	346.698158	Auto
-2.56747e-10	347.155009	1e-09
-2.19e-10	347.530178	1e-08
-2.63692e-10	347.76206	Auto
-2.71104e-10	348.193749	1e-09
-2.699e-10	348.569112	1e-08
-2.70834e-10	348.794261	Auto
-2.71997e-10	349.258097	1e-09
-2.8665e-10	349.61226	1e-08
-2.71491e-10	349.832028	Auto
-2.64333e-10	350.256568	1e-09
-2.1045e-10	350.611768	1e-08
-2.56823e-10	350.830421	Auto
-3.1193e-10	351.255898	1e-09
-2.5143e-10	351.610171	1e-08
-2.77104e-10	351.829906	Auto
-2.70727e-10	352.268177	1e-09
-3.415e-10	352.629965	1e-08
-3.12485e-10	352.848631	Auto
-2.78364e-10	353.272156	1e-09
-2.8918e-10	353.628585	1e-08
-2.64346e-10	353.847245	Auto
-2.77844e-10	354.291447	1e-09
-2.7943e-10	354.659037	1e-08
-2.77682e-10	354.884227	Auto
-2.70345e-10	355.34203	1e-09
-2.8806e-10	355.71737	1e-08
-2.63572e-10	355.943687	Auto
-2.71189e-10	356.391587	1e-09
-2.5633e-10	356.756922	1e-08
-2.77591e-10	356.982298	Auto
-2.70406e-10	357.440206	1e-09
-2.7501e-10	357.801002	1e-08
-2.71752e-10	358.020818	Auto
-2.58408e-10	358.458764	1e-09
-2.4737e-10	358.834158	1e-08
-2.71041e-10	359.066135	Auto
-2.71163e-10	359.487532	1e-09
-2.8695e-10	359.839246	1e-08
-2.63591e-10	360.065833	Auto
-2.63422e-10	360.493276	1e-09
-2.3319e-10	360.857882	1e-08
-2.64637e-10	361.078851	Auto
-2.6453e-10	361.492189	1e-09
-2.4145e-10	361.857189	1e-08
-2.70253e-10	362.07601	Auto
-2.63292e-10	362.490597	1e-09
-2.5555e-10	362.869293	1e-08
-2.70727e-10	363.09556	Auto
-2.70295e-10	363.542291	1e-09
-2.5952e-10	363.894005	1e-08
-2.63906e-10	364.120766	Auto
-2.64257e-10	364.52756	1e-09
-2.3474e-10	364.893566	1e-08
-2.6411e-10	365.11237	Auto
-3.81101e-10	365.526663	1e-09
-3.2414e-10	365.892779	1e-08
-2.77207e-10	366.118248	Auto
-2.78786e-10	366.550719	1e-09
-2.838e-10	366.912567	1e-08
-2.77128e-10	367.138099	Auto
-2.70438e-10	367.569635	1e-09
-1.8636e-10	367.931701	1e-08
-2.70289e-10	368.157228	Auto
-2.63648e-10	368.588792	1e-09
-2.3911e-10	368.950786	1e-08
-2.71453e-10	369.170657	Auto
-2.77091e-10	369.584127	1e-09
3.496e-11	369.9569	1e-08
-2.77403e-10	370.140883	Auto
-2.77668e-10	370.594349	1e-09
-2.9152e-10	370.949638	1e-08
-2.77182e-10	371.16956	Auto
-2.70422e-10	371.60772	1e-09
-2.344e-10	371.968451	1e-08
-2.70556e-10	372.188341	Auto
-2.78521e-10	372.625342	1e-09
-2.2842e-10	372.986954	1e-08
-2.7024e-10	373.206966	Auto
-2.70248e-10	373.62901	1e-09
-2.5976e-10	373.98416	1e-08
-2.70277e-10	374.203123	Auto
-2.77103e-10	374.640329	1e-09
-2.7304e-10	375.015639	1e-08
-2.70433e-10	375.241884	Auto
-2.64332e-10	375.68001	1e-09
-2.5003e-10	376.055591	1e-08
-2.70245e-10	376.281651	Auto
-2.70378e-10	376.729326	1e-09
-3.3126e-10	377.081949	1e-08
-2.90839e-10	377.300617	Auto
-3.26481e-10	377.738748	1e-09
2.147e-11	378.115564	1e-08
-8.45966e-12	378.341157	Auto
-2.63409e-10	379.074752	1e-09
-2.3995e-10	379.455566	1e-08
-3.11425e-10	379.681887	Auto
-3.11687e-10	380.139846	1e-09
-1.5031e-10	380.508333	1e-08
-2.64485e-10	380.693889	Auto
-2.71234e-10	381.128417	1e-09
-2.8477e-10	381.48019	1e-08
-3.46963e-10	381.669234	Auto
-2.77252e-10	382.117052	1e-09
-4.0701e-10	382.485646	1e-08
-2.63394e-10	382.675884	Auto
-2.91002e-10	383.116129	1e-09
-2.8117e-10	383.48586	1e-08
-2.84109e-10	383.66828	Auto
-2.49684e-10	384.11515	1e-09
-1.9296e-10	384.483908	1e-08
-2.63431e-10	384.667571	Auto
-2.70366e-10	385.121143	1e-09
-2.3837e-10	385.490871	1e-08
-2.64084e-10	385.716224	Auto
-2.70665e-10	386.154784	1e-09
-2.547e-10	386.52234	1e-08
-2.77146e-10	386.705759	Auto
-2.70252e-10	387.153445	1e-09
-2.4929e-10	387.521957	1e-08
-2.64798e-10	387.703264	Auto
-2.77775e-10	388.151052	1e-09
-2.5107e-10	388.512906	1e-08
-2.71592e-10	388.732665	Auto
-2.77099e-10	389.178696	1e-09
-2.4438e-10	389.533955	1e-08
-2.64419e-10	389.722972	Auto
-2.70482e-10	390.159695	1e-09
-2.3073e-10	390.511427	1e-08
-2.71097e-10	390.730159	Auto
-2.71749e-10	391.16816	1e-09
-3.0278e-10	391.529983	1e-08
-2.92457e-10	391.74866	Auto
-3.05403e-10	392.173335	1e-09
-3.2078e-10	392.5286	1e-08
-2.63555e-10	392.747245	Auto
-2.7026e-10	393.193542	1e-09
-1.62399e-09	393.561193	1e-08
-4.16101e-11	393.786894	Auto
-2.77233e-10	394.36675	1e-09
-1.17027e-09	394.741028	1e-08
-2.01738e-10	394.966707	Auto
-3.19128e-10	395.425896	1e-09
-1.6856e-10	395.787864	1e-08
-2.71316e-10	396.007817	Auto
-2.7177e-10	396.421113	1e-09
-3.819e-11	396.786221	1e-08
-2.78237e-10	397.007606	Auto
-2.85648e-10	397.443315	1e-09
-2.9579e-10	397.819786	1e-08
-2.90965e-10	398.045122	Auto
-2.08569e-10	398.502835	1e-09
-2.5852e-10	398.872583	1e-08
-2.78432e-10	399.055101	Auto
-2.70294e-10	399.5027	1e-09
-1.5013e-10	399.878127	1e-08
-2.70266e-10	400.103305	Auto
-2.83967e-10	400.560092	1e-09
-2.1224e-10	400.929678	1e-08
-2.71797e-10	401.112159	Auto
-2.57849e-10	401.559633	1e-09
-2.7789e-10	401.928312	1e-08
-3.1162e-10	402.118568	Auto
-2.64277e-10	402.559767	1e-09
-3.0083e-10	402.920244	1e-08
-2.70379e-10	403.140028	Auto
-2.83954e-10	403.577076	1e-09
-2.4733e-10	403.953731	1e-08
-2.70238e-10	404.179999	Auto
-2.91469e-10	404.636711	1e-09
-4.7564e-10	405.012024	1e-08
-2.63381e-10	405.23798	Auto
-3.80632e-10	405.70268	1e-09
-3.8078e-10	406.057121	1e-08
-2.29139e-10	406.282273	Auto
-2.63896e-10	406.713617	1e-09
-2.4241e-10	407.089146	1e-08
-2.70654e-10	407.314216	Auto
-2.63803e-10	407.761949	1e-09
-2.6501e-10	408.112446	1e-08
-2.71101e-10	408.301389	Auto
-2.77086e-10	408.749081	1e-09
-2.8324e-10	409.110712	1e-08
-2.77098e-10	409.331549	Auto
-2.77555e-10	409.778124	1e-09
-2.9973e-10	410.130984	1e-08
-2.908e-10	410.31989	Auto
-2.77231e-10	410.767699	1e-09
-3.6861e-10	411.137547	1e-08
-2.77436e-10	411.326394	Auto
-2.7724e-10	411.766331	1e-09
-2.614e-10	412.142849	1e-08
-2.70587e-10	412.368994	Auto
-2.7024e-10	412.825028	1e-09
-2.75e-10	413.194634	1e-08
-2.83973e-10	413.377883	Auto
-2.78174e-10	413.815576	1e-09
-3.0662e-10	414.167389	1e-08
-2.71826e-10	414.386105	Auto
-2.77094e-10	414.813141	1e-09
-3.0212e-10	415.165072	1e-08
-2.8501e-10	415.384702	Auto
-2.63383e-10	415.808139	1e-09
-2.3755e-10	416.163427	1e-08
-2.64327e-10	416.382096	Auto
-2.63858e-10	416.806567	1e-09
-2.313e-10	417.162882	1e-08
-3.86837e-10	417.388246	Auto
-2.70284e-10	417.819825	1e-09
-2.4153e-10	418.196667	1e-08
-2.70269e-10	418.422818	Auto
-2.70582e-10	418.880659	1e-09
-2.5449e-10	419.256095	1e-08
-2.70227e-10	419.481119	Auto
-2.49705e-10	419.938782	1e-09
-2.5651e-10	420.308725	1e-08
-2.70364e-10	420.491051	Auto
-2.4288e-10	420.927449	1e-09
-2.619e-10	421.279423	1e-08
-2.70266e-10	421.49805	Auto
-2.77083e-10	421.911304	1e-09
-2.5944e-10	422.290949	1e-08
-2.70247e-10	422.515051	Auto
-2.70268e-10	422.973771	1e-09
-3.0307e-10	423.343585	1e-08
-2.77187e-10	423.532657	Auto
-2.56536e-10	423.974701	1e-09
-2.7458e-10	424.33662	1e-08
-2.70702e-10	424.555254	Auto
-2.64855e-10	425.000159	1e-09
-2.5766e-10	425.354777	1e-08
-2.83956e-10	425.574419	Auto
-2.5666e-10	425.988753	1e-09
-3.8607e-10	426.35497	1e-08
-2.83988e-10	426.573676	Auto
-3.11448e-10	427.001653	1e-09
-2.4126e-10	427.353032	1e-08
-2.63433e-10	427.572748	Auto
-2.77935e-10	427.986071	1e-09
-3.2801e-10	428.351289	1e-08
-2.63605e-10	428.570969	Auto
-2.6341e-10	428.994374	1e-09
-3.3468e-10	429.349702	1e-08
-2.77561e-10	429.568425	Auto
-3.3277e-10	429.983986	1e-09
7.9163e-10	430.362566	1e-08
-2.90798e-10	430.588927	Auto
-2.76388e-11	431.082886	1e-10
-2.71342e-10	431.427787	1e-09
-2.77178e-10	431.701435	Auto
-2.711e-10	432.022769	1e-09
-2.7731e-10	432.387556	1e-08
-2.77199e-10	432.61483	Auto
-2.78402e-10	433.046765	1e-09
2.5468e-10	433.407419	1e-08
-2.70356e-10	433.626123	Auto
5.1591e-12	434.086689	1e-10
-2.70699e-10	434.424429	1e-09
-2.71134e-10	434.698214	Auto
-2.77085e-10	435.042161	1e-09
-2.2275e-10	435.403791	1e-08
-2.77912e-10	435.624562	Auto
-2.83929e-10	436.062673	1e-09
-2.739e-10	436.423104	1e-08
-2.7834e-10	436.649409	Auto
-3.05871e-10	437.080975	1e-09
-2.505e-10	437.441684	1e-08
-2.70962e-10	437.660368	Auto
-2.71122e-10	438.075777	1e-09
-2.9008e-10	438.45416	1e-08
-2.71911e-10	438.679278	Auto
-2.78331e-10	439.136093	1e-09
-2.7884e-10	439.511422	1e-08
-2.77129e-10	439.73754	Auto
-2.84462e-10	440.196592	1e-09
-2.2576e-10	440.557376	1e-08
-2.70381e-10	440.776033	Auto
-2.70912e-10	441.200626	1e-09
-2.1948e-10	441.556918	1e-08
-2.85625e-10	441.776666	Auto
-2.7755e-10	442.214872	1e-09
-3.4299e-10	442.576814	1e-08
-2.63806e-10	442.796612	Auto
-2.83982e-10	443.210108	1e-09
-2.9041e-10	443.575165	1e-08
-2.77438e-10	443.794919	Auto
-2.91307e-10	444.233072	1e-09
-3.0521e-10	444.594648	1e-08
-2.70294e-10	444.813338	Auto
-3.45866e-10	445.228758	1e-09
-1.761e-10	445.607994	1e-08
-2.85015e-10	445.832171	Auto
-2.63561e-10	446.290192	1e-09
-1.0469e-10	446.658712	1e-08
-2.70229e-10	446.848892	Auto
-2.56734e-10	447.29672	1e-09
-2.9156e-10	447.652042	1e-08
-2.85239e-10	447.871926	Auto
-2.77142e-10	448.285379	1e-09
-2.4374e-10	448.65031	1e-08
-2.71992e-10	448.869015	Auto
-2.64474e-10	449.306133	1e-09
-2.4173e-10	449.675901	1e-08
-2.72142e-10	449.858311	Auto
-2.71725e-10	450.305089	1e-09
-2.256e-10	450.67465	1e-08
-2.77185e-10	450.859335	Auto
-2.91506e-10	451.304062	1e-09
-2.2178e-10	451.665896	1e-08
-2.70257e-10	451.886842	Auto
-2.64533e-10	452.324978	1e-09
-2.8554e-10	452.685563	1e-08
-2.70624e-10	452.912016	Auto
-2.56668e-10	453.34373	1e-09
-3.0911e-10	453.705659	1e-08
-2.70684e-10	453.924423	Auto
-2.78994e-10	454.349764	1e-09
-3.0776e-10	454.704041	1e-08
-3.0573e-10	454.924888	Auto
-2.65128e-10	455.338292	1e-09
-2.8653e-10	455.710044	1e-08
-2.71797e-10	455.893559	Auto
-2.64263e-10	456.331234	1e-09
-2.7742e-10	456.689707	1e-08
-2.71176e-10	456.879006	Auto
-2.77037e-10	457.30914	1e-09
-2.2057e-10	457.661809	1e-08
-2.77947e-10	457.881688	Auto
-2.77404e-10	458.305244	1e-09
-3.5524e-10	458.660262	1e-08
-2.71678e-10	458.856239	Auto
-2.63394e-10	459.298542	1e-09
-2.2655e-10	459.659044	1e-08
-2.64535e-10	459.87887	Auto
-2.70614e-10	460.293341	1e-09
-2.4905e-10	460.672701	1e-08
-2.70287e-10	460.898942	Auto
-2.71673e-10	461.353623	1e-09
-2.5338e-10	461.718578	1e-08
-2.70958e-10	461.937367	Auto
-2.64116e-10	462.376668	1e-09
-2.6777e-10	462.738687	1e-08
-2.77199e-10	462.958538	Auto
-2.78432e-10	463.37208	1e-09
-2.5485e-10	463.751617	1e-08
-2.7036e-10	463.977937	Auto
-2.64192e-10	464.43693	1e-09
-3.4116e-10	464.798879	1e-08
-2.57172e-10	465.018773	Auto
-2.50166e-10	465.456741	1e-09
-1.45788e-09	465.825377	1e-08
-2.84411e-10	466.00726	Auto
-2.43711e-10	466.452037	1e-09
-2.9747e-10	466.816044	1e-08
-2.56539e-10	467.035825	Auto
-2.77102e-10	467.481746	1e-09
-2.8659e-10	467.836052	1e-08
-2.77158e-10	468.03297	Auto
-2.63485e-10	468.472915	1e-09
-2.757e-10	468.848308	1e-08
-2.78756e-10	469.074582	Auto
-2.77451e-10	469.532388	1e-09
-2.9241e-10	469.900949	1e-08
-2.83958e-10	470.089216	Auto
-2.64723e-10	470.519002	1e-09
-3.2285e-10	470.871809	1e-08
-2.77146e-10	471.091684	Auto
-2.57174e-10	471.507555	1e-09
-2.8465e-10	471.871416	1e-08
-2.77505e-10	472.098065	Auto
-2.7113e-10	472.529532	1e-09
-3.4868e-10	472.904863	1e-08
-2.70296e-10	473.130228	Auto
-2.78765e-10	473.58892	1e-09
-2.7732e-10	473.964245	1e-08
-2.77907e-10	474.190603	Auto
-2.77304e-10	474.638225	1e-09
-2.3392e-10	475.004659	1e-08
-2.70301e-10	475.229419	Auto
-2.7897e-10	475.687275	1e-09
-2.3994e-10	476.063789	1e-08
-2.7775e-10	476.29545	Auto
-2.71116e-10	476.72686	1e-09
-1.6662e-10	477.096789	1e-08
-2.71036e-10	477.27922	Auto
-2.29125e-10	477.726913	1e-09
-2.7214e-10	478.096735	1e-08
-2.70926e-10	478.279119	Auto
-2.63796e-10	478.727714	1e-09
-2.7726e-10	479.103277	1e-08
-2.70471e-10	479.328345	Auto
-2.77193e-10	479.78638	1e-09
-1.00617e-09	480.147329	1e-08
-2.70433e-10	480.365811	Auto
-2.70234e-10	480.825827	1e-09
-2.6014e-10	481.195685	1e-08
-2.7044e-10	481.378066	Auto
-2.70898e-10	481.816627	1e-09
-2.8065e-10	482.181915	1e-08
-2.7773e-10	482.408154	Auto
-2.77098e-10	482.855871	1e-09
-2.4706e-10	483.20897	1e-08
-2.42841e-10	483.428692	Auto
-2.70733e-10	483.859973	1e-09
-2.6385e-10	484.241003	1e-08
-2.71496e-10	484.466135	Auto
-3.74561e-10	484.914875	1e-09
-2.7661e-10	485.267844	1e-08
-2.70735e-10	485.486375	Auto
-2.77118e-10	485.924549	1e-09
-2.9018e-10	486.300144	1e-08
-2.84034e-10	486.525265	Auto
-2.70271e-10	486.983176	1e-09
-2.6508e-10	487.344172	1e-08
-2.63854e-10	487.57155	Auto
-2.77862e-10	488.002976	1e-09
-2.6294e-10	488.377916	1e-08
-2.78966e-10	488.603022	Auto
-2.70553e-10	489.068694	1e-09
-2.3114e-10	489.423909	1e-08
-2.77114e-10	489.650392	Auto
-2.70238e-10	490.101983	1e-09
-2.6099e-10	490.476252	1e-08
-2.7722e-10	490.701339	Auto
-2.72023e-10	491.159257	1e-09
-2.897e-10	491.520911	1e-08
-2.71665e-10	491.740693	Auto
-2.77457e-10	492.165427	1e-09
-3.0376e-10	492.520754	1e-08
-4.49777e-10	492.73941	Auto
-2.77089e-10	493.158728	1e-09
-2.4338e-10	493.533017	1e-08
-2.70243e-10	493.758171	Auto
-2.91172e-10	494.216097	1e-09
-4.0517e-10	494.577054	1e-08
-2.77098e-10	494.796819	Auto
-2.83947e-10	495.235167	1e-09
-3.1254e-10	495.59699	1e-08
-2.84309e-10	495.815686	Auto
-2.92283e-10	496.229239	1e-09
-3.1486e-10	496.594239	1e-08
-2.90953e-10	496.814942	Auto
-2.90845e-10	497.251277	1e-09
-3.5347e-10	497.612865	1e-08
-2.83982e-10	497.833679	Auto
-2.85707e-10	498.247242	1e-09
-3.2959e-10	498.619942	1e-08
-2.78834e-10	498.808944	Auto
-2.97668e-10	499.238062	1e-09
-2.7515e-10	499.590774	1e-08
-2.8409e-10	499.816111	Auto
-3.26206e-10	500.247805	1e-09
-2.16291e-09	500.622063	1e-08
-3.04942e-10	500.847677	Auto
-3.11404e-10	501.306722	1e-09
-3.5102e-10	501.675347	1e-08
-2.78249e-10	501.85882	Auto
-2.99525e-10	502.306718	1e-09
-3.341e-10	502.668598	1e-08
-2.77132e-10	502.887357	Auto
-2.78245e-10	503.326585	1e-09
-2.6659e-10	503.687431	1e-08
-2.77278e-10	503.90622	Auto
-2.78745e-10	504.343399	1e-09
-6.2331e-10	504.719841	1e-08
-2.77313e-10	504.945219	Auto
-2.64113e-10	505.392113	1e-09
-2.6558e-10	505.744869	1e-08
-2.83935e-10	505.964826	Auto
-2.84115e-10	506.378281	1e-09
-3.4036e-10	506.743175	1e-08
-2.77205e-10	506.962931	Auto
-2.77454e-10	507.400074	1e-09
-3.0668e-10	507.775419	1e-08
-2.77364e-10	508.001769	Auto
-2.84505e-10	508.459215	1e-09
-5.6384e-10	508.820072	1e-08
-2.90868e-10	509.040956	Auto
-2.63484e-10	509.467806	1e-09
-3.5064e-10	509.820735	1e-08
-2.77753e-10	510.040546	Auto
-2.7852e-10	510.464825	1e-09
-2.5953e-10	510.82021	1e-08
-2.7044e-10	511.009292	Auto
-2.71963e-10	511.456739	1e-09
-2.7023e-10	511.832426	1e-08
-2.78794e-10	512.058756	Auto
-2.77142e-10	512.515377	1e-09
-3.0047e-10	512.891706	1e-08
-2.85098e-10	513.117028	Auto
-2.78652e-10	513.575844	1e-09
-2.5478e-10	513.950156	1e-08
-2.78251e-10	514.176573	Auto
-2.77132e-10	514.624287	1e-09
-1.9946e-10	514.976011	1e-08
-2.70407e-10	515.195714	Auto
-2.77115e-10	515.633791	1e-09
-1.5683e-10	515.994401	1e-08
-2.70267e-10	516.214214	Auto
-1.88028e-10	516.671908	1e-09
-2.6269e-10	517.047336	1e-08
-2.71622e-10	517.272287	Auto
-2.77109e-10	517.73002	1e-09
-2.6707e-10	518.091796	1e-08
-2.77404e-10	518.311441	Auto
-2.64512e-10	518.742936	1e-09
-2.4706e-10	519.110369	1e-08
-2.70742e-10	519.329085	Auto
-2.70505e-10	519.767227	1e-09
-2.4341e-10	520.128124	1e-08
-2.70396e-10	520.347783	Auto
-2.71764e-10	520.761065	1e-09
-2.2557e-10	521.126179	1e-08
-2.77098e-10	521.346967	Auto
-2.70633e-10	521.783944	1e-09
-2.6621e-10	522.144567	1e-08
-2.77133e-10	522.371191	Auto
-2.70562e-10	522.778848	1e-09
-1.8857e-10	523.144956	1e-08
-2.77321e-10	523.363563	Auto
-2.78585e-10	523.787888	1e-09
-2.9036e-10	524.143227	1e-08
-2.77121e-10	524.362909	Auto
-2.85305e-10	524.800245	1e-09
-3.5813e-10	525.16191	1e-08
-2.9071e-10	525.387296	Auto
-2.70362e-10	525.818989	1e-09
-2.3936e-10	526.193429	1e-08
-2.49627e-10	526.419652	Auto
-2.71356e-10	526.833055	1e-09
-2.7346e-10	527.212747	1e-08
-3.74863e-10	527.43895	Auto
-2.71334e-10	527.8867	1e-09
-2.239e-10	528.251018	1e-08
-2.2914e-10	528.483875	Auto
-2.7058e-10	528.915412	1e-09
-2.9318e-10	529.283066	1e-08
-2.90976e-10	529.472099	Auto
-2.77363e-10	529.912091	1e-09
-2.3543e-10	530.288646	1e-08
-2.64647e-10	530.514836	Auto
-2.83982e-10	530.973584	1e-09
-2.3147e-10	531.34838	1e-08
-2.77404e-10	531.5746	Auto
-2.77139e-10	532.032451	1e-09
-2.2894e-10	532.393866	1e-08
-2.70898e-10	532.61467	Auto
-2.71313e-10	533.052934	1e-09
-2.0848e-10	533.41455	1e-08
-2.71475e-10	533.634289	Auto
-2.8401e-10	534.048585	1e-09
-2.7404e-10	534.420227	1e-08
-2.77081e-10	534.603563	Auto
-2.84162e-10	535.041201	1e-09
-2.5872e-10	535.393724	1e-08
-2.7798e-10	535.612379	Auto
-2.77879e-10	536.043723	1e-09
-2.5607e-10	536.419827	1e-08
-2.70395e-10	536.605553	Auto
-2.71168e-10	537.050108	1e-09
-2.8412e-10	537.425151	1e-08
-2.7133e-10	537.650291	Auto
-2.7771e-10	538.108064	1e-09
-1.7582e-10	538.469842	1e-08
-2.91434e-10	538.690719	Auto
-2.71085e-10	539.128911	1e-09
-1.9907e-10	539.490744	1e-08
-2.72026e-10	539.709421	Auto
-2.71694e-10	540.148546	1e-09
-2.3581e-10	540.50921	1e-08
-2.77187e-10	540.698192	Auto
-2.7143e-10	541.136269	1e-09
-2.5366e-10	541.487833	1e-08
-2.71601e-10	541.707669	Auto
-2.77138e-10	542.146931	1e-09
-2.2108e-10	542.508742	1e-08
-2.77093e-10	542.727406	Auto
-2.83947e-10	543.141874	1e-09
-2.6269e-10	543.507865	1e-08
-2.77498e-10	543.73326	Auto
-2.83976e-10	544.165789	1e-09
-2.2688e-10	544.540008	1e-08
-2.70742e-10	544.765135	Auto
-3.04428e-10	545.223017	1e-09
-2.4883e-10	545.592581	1e-08
-2.78207e-10	545.782615	Auto
-2.77242e-10	546.223753	1e-09
-2.6538e-10	546.585538	1e-08
-2.77235e-10	546.805236	Auto
-2.7795e-10	547.229755	1e-09
-2.5296e-10	547.584014	1e-08
-2.77324e-10	547.773017	Auto
-2.98258e-10	548.221916	1e-09
-1.9527e-10	548.583892	1e-08
-2.84731e-10	548.803718	Auto
-2.65021e-10	549.241903	1e-09
-4.7274e-10	549.61731	1e-08
-2.70631e-10	549.842426	Auto
-2.64625e-10	550.300298	1e-09
-2.0672e-10	550.674369	1e-08
-2.70245e-10	550.900708	Auto
-2.70346e-10	551.359819	1e-09
-3.966e-10	551.721832	1e-08
-2.7883e-10	551.941708	Auto
-2.08618e-10	552.379937	1e-09
-3.7725e-10	552.74182	1e-08
-2.77906e-10	552.962686	Auto
-2.77358e-10	553.390683	1e-09
-2.8215e-10	553.755867	1e-08
-2.70798e-10	553.989952	Auto
-2.49711e-10	554.409262	1e-09
-2.4304e-10	554.760923	1e-08
-2.7213e-10	554.987565	Auto
-2.7034e-10	555.408016	1e-09
-2.8056e-10	555.76072	1e-08
-2.71273e-10	555.98636	Auto
-2.77287e-10	556.417983	1e-09
-3.1404e-10	556.792158	1e-08
-2.8445e-10	557.017387	Auto
-2.57021e-10	557.464943	1e-09
-3.0448e-10	557.816685	1e-08
-2.7106e-10	558.036704	Auto
-2.50752e-10	558.467008	1e-09
-2.5194e-10	558.842333	1e-08
-2.70377e-10	559.031356	Auto
-2.63394e-10	559.471246	1e-09
-2.4387e-10	559.847846	1e-08
-2.70304e-10	560.073202	Auto
-2.70349e-10	560.530026	1e-09
-2.5921e-10	560.891701	1e-08
-2.63509e-10	561.112598	Auto
-2.70352e-10	561.536878	1e-09
-2.6356e-10	561.891792	1e-08
-2.78236e-10	562.112695	Auto
-2.7057e-10	562.550714	1e-09
-2.4804e-10	562.912599	1e-08
-2.65259e-10	563.131413	Auto
-2.77081e-10	563.568424	1e-09
-2.518e-10	563.944841	1e-08
-2.35978e-10	564.17709	Auto
-2.70642e-10	564.608542	1e-09
-2.4361e-10	564.976217	1e-08
-2.70563e-10	565.166574	Auto
-2.85507e-10	565.607637	1e-09
-1.18862e-09	565.968443	1e-08
-2.63399e-10	566.195574	Auto
-2.77176e-10	566.626184	1e-09
-3.0436e-10	566.987104	1e-08
-2.99105e-10	567.206922	Auto
-2.63391e-10	567.620343	1e-09
-1.8701e-10	567.985245	1e-08
-2.71619e-10	568.174387	Auto
-2.97698e-10	568.629642	1e-09
-2.3854e-10	568.984786	1e-08
-2.84293e-10	569.174979	Auto
-2.84852e-10	569.62045	1e-09
-3.422e-10	569.989028	1e-08
-3.04536e-10	570.172541	Auto
-2.49694e-10	570.609038	1e-09
-3.0195e-10	570.961914	1e-08
-2.77109e-10	571.181931	Auto
-2.56645e-10	571.595281	1e-09
-2.7801e-10	571.960289	1e-08
-2.70402e-10	572.179119	Auto
-2.77148e-10	572.616116	1e-09
-3.1663e-10	572.985874	1e-08
-2.70178e-10	573.168336	Auto
-2.63521e-10	573.605236	1e-09
-2.8976e-10	573.957008	1e-08
-2.91913e-10	574.176	Auto
-2.77102e-10	574.599968	1e-09
-2.0899e-10	574.955575	1e-08
-2.77565e-10	575.174352	Auto
-2.70813e-10	575.588707	1e-09
-2.6702e-10	575.96153	1e-08
-2.7036e-10	576.151789	Auto
-2.92443e-10	576.59397	1e-09
-4.0421e-10	576.954774	1e-08
-2.63429e-10	577.174637	Auto
-3.25219e-10	577.589979	1e-09
-8.253e-11	577.967383	1e-08
-2.49689e-10	578.193405	Auto
-2.91074e-10	578.650242	1e-09
-1.9987e-10	579.026749	1e-08
-2.51341e-10	579.252775	Auto
-2.42875e-10	579.700423	1e-09
-1.3163e-10	580.052161	1e-08
-2.98502e-10	580.271685	Auto
-2.49685e-10	580.709722	1e-09
-2.7376e-10	581.086664	1e-08
-2.70254e-10	581.31977	Auto
-2.57021e-10	581.740348	1e-09
-1.66e-10	582.092367	1e-08
-2.71936e-10	582.318824	Auto
-2.49696e-10	582.749347	1e-09
-2.356e-10	583.110225	1e-08
-2.70573e-10	583.337569	Auto
-2.51472e-10	583.758904	1e-09
1.162e-11	584.111848	1e-08
-2.77262e-10	584.338856	Auto
-2.63708e-10	584.755414	1e-09
-2.7891e-10	585.111586	1e-08
-2.77148e-10	585.330293	Auto
-2.70294e-10	585.758173	1e-09
-2.1723e-10	586.117016	1e-08
-2.77102e-10	586.298209	Auto
-2.77426e-10	586.736849	1e-09
-1.4127e-10	587.089733	1e-08
-2.90831e-10	587.308345	Auto
-2.70843e-10	587.722634	1e-09
-1.7491e-10	588.102255	1e-08
-2.71584e-10	588.327308	Auto
-2.64612e-10	588.785447	1e-09
-2.2771e-10	589.146433	1e-08
-2.7107e-10	589.365071	Auto
-2.49684e-10	589.803093	1e-09
-2.531e-10	590.164995	1e-08
-2.77544e-10	590.384786	Auto
-2.71136e-10	590.842619	1e-09
-2.545e-10	591.211326	1e-08
-2.77282e-10	591.394724	Auto
-2.56669e-10	591.842431	1e-09
-2.3754e-10	592.210229	1e-08
-2.70718e-10	592.39936	Auto
-2.57525e-10	592.840373	1e-09
-2.3569e-10	593.201158	1e-08
-2.70919e-10	593.4286	Auto
-2.56626e-10	593.859127	1e-09
-3.0175e-10	594.228852	1e-08
-5.03928e-10	594.418066	Auto
-2.70235e-10	594.838247	1e-09
-2.4842e-10	595.199123	1e-08
-2.70711e-10	595.419973	Auto
-2.70992e-10	595.832237	1e-09
-2.855e-10	596.211896	1e-08
-2.70648e-10	596.437066	Auto
-2.70764e-10	596.852565	1e-09
-2.8008e-10	597.218603	1e-08
-2.78512e-10	597.437316	Auto
-2.63445e-10	597.875316	1e-09
-2.5073e-10	598.236898	1e-08
-2.77857e-10	598.457729	Auto
-4.01973e-10	598.881043	1e-09
-4.9177e-10	599.237573	1e-08
-2.91635e-10	599.463937	Auto
-3.2534e-10	599.895646	1e-09
-3.9914e-10	600.27114	1e-08
-2.99028e-10	600.496351	Auto
-2.9162e-10	600.953158	1e-09
-3.5549e-10	601.329032	1e-08
-3.12865e-10	601.554262	Auto
-2.90938e-10	601.978746	1e-09
-2.7711e-10	602.334345	1e-08
-2.70408e-10	602.523225	Auto
-2.77732e-10	602.970882	1e-09
-3.0923e-10	603.347607	1e-08
-2.71653e-10	603.580559	Auto
-2.70272e-10	604.001084	1e-09
1.1113e-10	604.352372	1e-08
-2.91057e-10	604.571985	Auto
-2.77986e-10	605.009978	1e-09
-2.964e-10	605.384994	1e-08
-2.91105e-10	605.609069	Auto
-2.71496e-10	606.06701	1e-09
-3.1392e-10	606.42887	1e-08
-2.7768e-10	606.649564	Auto
-2.84056e-10	607.063852	1e-09
-3.1177e-10	607.429722	1e-08
-2.77212e-10	607.650549	Auto
-2.77131e-10	608.081831	1e-09
-3.2232e-10	608.464713	1e-08
-4.28592e-10	608.690943	Auto
-2.92407e-10	609.155901	1e-09
-3.7455e-10	609.510009	1e-08
-3.18997e-10	609.729817	Auto
-2.77848e-10	610.167944	1e-09
-3.4416e-10	610.542421	1e-08
-2.84724e-10	610.768672	Auto
-2.84023e-10	611.227565	1e-09
-3.634e-10	611.588947	1e-08
-2.92578e-10	611.808617	Auto
-2.84861e-10	612.24689	1e-09
-3.5734e-10	612.616684	1e-08
-3.81318e-10	612.806726	Auto
-2.8414e-10	613.247778	1e-09
-3.4265e-10	613.623168	1e-08
-2.91e-10	613.848309	Auto
-2.84401e-10	614.313125	1e-09
-3.2713e-10	614.667311	1e-08
-2.78394e-10	614.886135	Auto
-2.84685e-10	615.324068	1e-09
-4.3977e-10	615.692715	1e-08
-2.83979e-10	615.882913	Auto
-2.78678e-10	616.313978	1e-09
-3.5282e-10	616.678292	1e-08
-2.77295e-10	616.910307	Auto
-2.7027e-10	617.341942	1e-09
-4.0992e-10	617.7163	1e-08
-2.84143e-10	617.942654	Auto
-2.83967e-10	618.401594	1e-09
-2.5406e-10	618.76924	1e-08
-2.8397e-10	618.952839	Auto
-2.8397e-10	619.401624	1e-09
-2.4076e-10	619.763603	1e-08
-2.77013e-10	619.982405	Auto
-2.77405e-10	620.421683	1e-09
-3.1868e-10	620.783563	1e-08
-2.97712e-10	621.002357	Auto
-2.84097e-10	621.439313	1e-09
-3.0656e-10	621.815831	1e-08
-2.63418e-10	622.04117	Auto
-2.70247e-10	622.506737	1e-09
-3.2268e-10	622.861974	1e-08
-3.18651e-10	623.081782	Auto
-3.32932e-10	623.539683	1e-09
-3.4441e-10	623.915095	1e-08
-2.84013e-10	624.1471	Auto
-2.91577e-10	624.578551	1e-09
-3.1568e-10	624.947263	1e-08
-2.84008e-10	625.13065	Auto
-2.90837e-10	625.577377	1e-09
-1.682e-10	625.938064	1e-08
-2.77566e-10	626.128405	Auto
-2.71772e-10	626.575932	1e-09
-2.5597e-10	626.937676	1e-08
-2.85054e-10	627.158667	Auto
-2.8404e-10	627.616732	1e-09
-3.3849e-10	627.978614	1e-08
-2.78295e-10	628.197427	Auto
-2.97686e-10	628.612963	1e-09
-3.6169e-10	628.984691	1e-08
-2.91836e-10	629.173807	Auto
-2.9821e-10	629.615008	1e-09
-2.9372e-10	629.976773	1e-08
-2.98964e-10	630.196705	Auto
-2.78647e-10	630.6201	1e-09
-2.0919e-10	630.97528	1e-08
-2.77212e-10	631.194156	Auto
-3.1836e-10	631.607322	1e-09
-2.5357e-10	631.986794	1e-08
-2.77319e-10	632.213157	Auto
-2.70363e-10	632.660895	1e-09
-3.5471e-10	633.013582	1e-08
-2.78365e-10	633.232107	Auto
-2.56552e-10	633.655342	1e-09
-3.3519e-10	634.011775	1e-08
-2.83961e-10	634.230295	Auto
-2.85558e-10	634.654743	1e-09
-2.235e-10	635.010919	1e-08
-2.83969e-10	635.236147	Auto
-2.22583e-10	635.667579	1e-09
-2.3814e-10	636.0431	1e-08
-2.70258e-10	636.268143	Auto
-2.70354e-10	636.726889	1e-09
-2.7837e-10	637.095608	1e-08
-2.65265e-10	637.278071	Auto
-2.70265e-10	637.725637	1e-09
-3.2342e-10	638.101156	1e-08
-2.77446e-10	638.326257	Auto
-2.7728e-10	638.783092	1e-09
-2.8089e-10	639.152922	1e-08
-2.84197e-10	639.335412	Auto
-2.70914e-10	639.782171	1e-09
-3.3199e-10	640.157771	1e-08
-2.70178e-10	640.383917	Auto
-2.77182e-10	640.842869	1e-09
-3.2962e-10	641.204942	1e-08
-3.04748e-10	641.423582	Auto
-2.91199e-10	641.868595	1e-09
-3.1912e-10	642.223615	1e-08
-2.77826e-10	642.450936	Auto
-2.92272e-10	642.881427	1e-09
-2.8967e-10	643.242218	1e-08
-2.98191e-10	643.461925	Auto
-3.04743e-10	643.876285	1e-09
-3.3452e-10	644.241013	1e-08
-2.78589e-10	644.460778	Auto
-2.83989e-10	644.891125	1e-09
-2.8942e-10	645.266448	1e-08
-2.56588e-10	645.449743	Auto
-3.05724e-10	645.896317	1e-09
-2.65e-10	646.271762	1e-08
-2.90797e-10	646.497936	Auto
-2.84205e-10	646.956805	1e-09
-3.9463e-10	647.318772	1e-08
-3.18286e-10	647.537403	Auto
-3.46766e-10	647.975605	1e-09
-2.8018e-10	648.351119	1e-08
-2.44704e-10	648.583121	Auto
-2.71628e-10	649.014644	1e-09
-3.0209e-10	649.375335	1e-08
-2.65006e-10	649.594956	Auto
-2.63936e-10	650.007291	1e-09
-3.0701e-10	650.372916	1e-08
-2.85135e-10	650.599274	Auto
-2.84906e-10	651.030771	1e-09
-3.8578e-10	651.391219	1e-08
-2.771e-10	651.618601	Auto
-2.9772e-10	652.049994	1e-09
-3.2753e-10	652.416377	1e-08
-2.77878e-10	652.606557	Auto
-2.8411e-10	653.037567	1e-09
-4.0961e-10	653.389174	1e-08
-2.70941e-10	653.60883	Auto
-2.91648e-10	654.053902	1e-09
-3.7646e-10	654.408883	1e-08
-2.97779e-10	654.629732	Auto
-2.90849e-10	655.060141	1e-09
-5.6266e-10	655.441742	1e-08
-2.90887e-10	655.667933	Auto
-2.56804e-10	656.126709	1e-09
-4.2732e-10	656.501034	1e-08
-2.83986e-10	656.726121	Auto
-2.71631e-10	657.170403	1e-09
-3.5882e-10	657.525641	1e-08
-2.91911e-10	657.745541	Auto
-2.91364e-10	658.159838	1e-09
-3.5222e-10	658.538235	1e-08
-2.71009e-10	658.763405	Auto
-2.6444e-10	659.220324	1e-09
-2.681e-10	659.589923	1e-08
-2.77195e-10	659.771191	Auto
-2.7739e-10	660.209986	1e-09
-2.9925e-10	660.560722	1e-08
-2.91391e-10	660.779393	Auto
-2.84033e-10	661.19379	1e-09
-3.0106e-10	661.559778	1e-08
-2.8415e-10	661.779567	Auto
-2.77324e-10	662.193994	1e-09
-3.1678e-10	662.558617	1e-08
-2.64223e-10	662.78494	Auto
-2.84002e-10	663.215684	1e-09
-3.7959e-10	663.577551	1e-08
-2.6361e-10	663.796253	Auto
-2.77229e-10	664.233437	1e-09
-2.8592e-10	664.608849	1e-08
-2.7727e-10	664.834157	Auto
-2.91025e-10	665.299119	1e-09
-2.3005e-10	665.65395	1e-08
-2.98162e-10	665.842929	Auto
-2.98883e-10	666.290957	1e-09
-2.502e-10	666.651875	1e-08
-2.90954e-10	666.877346	Auto
-3.60647e-10	667.308022	1e-09
-2.9972e-10	667.676718	1e-08
-2.91908e-10	667.866782	Auto
-2.9261e-10	668.307891	1e-09
-3.3761e-10	668.676588	1e-08
-2.97938e-10	668.85905	Auto
-3.32282e-10	669.297699	1e-09
-2.2721e-10	669.662666	1e-08
-2.8556e-10	669.888083	Auto
-2.77218e-10	670.345935	1e-09
-2.3932e-10	670.715673	1e-08
-2.84179e-10	670.905791	Auto
-2.08689e-10	671.346964	1e-09
-3.5164e-10	671.707026	1e-08
-2.91059e-10	671.926823	Auto
-3.73068e-10	672.340351	1e-09
-2.2038e-10	672.705049	1e-08
-2.8484e-10	672.924851	Auto
-2.98174e-10	673.338338	1e-09
-2.4339e-10	673.717807	1e-08
-2.84113e-10	673.950958	Auto
-2.77342e-10	674.381654	1e-09
-2.8832e-10	674.742392	1e-08
-2.77189e-10	674.962281	Auto
-2.70261e-10	675.400565	1e-09
-2.0109e-10	675.761365	1e-08
-2.70579e-10	675.980171	Auto
-2.77273e-10	676.404818	1e-09
-2.7011e-10	676.760174	1e-08
-2.84056e-10	676.979015	Auto
-2.78048e-10	677.402426	1e-09
-2.2145e-10	677.758729	1e-08
-2.71781e-10	677.97853	Auto
-2.85117e-10	678.402947	1e-09
-3.0748e-10	678.756834	1e-08
-2.8581e-10	678.977795	Auto
-2.70613e-10	679.408092	1e-09
-1.6544e-10	679.790999	1e-08
-4.09102e-10	680.015197	Auto
-2.84037e-10	680.46973	1e-09
-3.5066e-10	680.842637	1e-08
-2.91019e-10	681.024978	Auto
-2.77186e-10	681.472758	1e-09
-2.5776e-10	681.834787	1e-08
-2.77729e-10	682.0547	Auto
-2.85594e-10	682.478897	1e-09
-2.3161e-10	682.834002	1e-08
-2.98127e-10	683.060537	Auto
-2.90824e-10	683.491872	1e-09
-2.3574e-10	683.853684	1e-08
-2.84086e-10	684.073582	Auto
-2.84032e-10	684.511744	1e-09
-3.4413e-10	684.88723	1e-08
-2.70406e-10	685.113541	Auto
-2.83963e-10	685.560269	1e-09
-3.0339e-10	685.918706	1e-08
-2.83962e-10	686.108951	Auto
-2.78776e-10	686.538843	1e-09
-2.3895e-10	686.890407	1e-08
-2.77155e-10	687.109241	Auto
-2.70421e-10	687.523126	1e-09
-1.9325e-10	687.887004	1e-08
-2.84032e-10	688.107942	Auto
-2.70475e-10	688.537209	1e-09
-2.0511e-10	688.91142	1e-08
-2.7042e-10	689.101534	Auto
-2.78384e-10	689.542663	1e-09
-1.7249e-10	689.903441	1e-08
-2.77479e-10	690.122217	Auto
-2.84203e-10	690.536684	1e-09
-2.5496e-10	690.902921	1e-08
-2.49718e-10	691.122785	Auto
-2.71375e-10	691.536249	1e-09
-3.0605e-10	691.908954	1e-08
-2.65204e-10	692.097168	Auto
-2.77131e-10	692.537988	1e-09
-3.6238e-10	692.89874	1e-08
-2.8451e-10	693.118707	Auto
-2.91802e-10	693.532079	1e-09
-3.2668e-10	693.904802	1e-08
-2.97779e-10	694.087311	Auto
-2.78564e-10	694.524764	1e-09
-2.994e-10	694.877622	1e-08
-2.84017e-10	695.103108	Auto
-2.78024e-10	695.534615	1e-09
-3.0486e-10	695.896639	1e-08
-3.04572e-10	696.115393	Auto
-3.59565e-10	696.529049	1e-09
-5.5404e-10	696.908615	1e-08
-2.70787e-10	697.134889	Auto
-2.71376e-10	697.591443	1e-09
-3.3772e-10	697.967039	1e-08
-2.91577e-10	698.192383	Auto
-2.84178e-10	698.649295	1e-09
-5.9805e-10	699.025919	1e-08
-2.85425e-10	699.25192	Auto
-2.77362e-10	699.716685	1e-09
-3.4744e-10	700.086641	1e-08
-2.77241e-10	700.312716	Auto
-2.91311e-10	700.770613	1e-09
-2.9944e-10	701.1463	1e-08
-3.46121e-10	701.371404	Auto
-2.71491e-10	701.828183	1e-09
-2.843e-10	702.204613	1e-08
-2.77231e-10	702.430888	Auto
-2.84827e-10	702.868014	1e-09
-3.0761e-10	703.229969	1e-08
-2.78367e-10	703.448689	Auto
-2.84333e-10	703.873281	1e-09
-2.956e-10	704.228758	1e-08
-2.70714e-10	704.454127	Auto
-2.83821e-10	704.885718	1e-09
-2.6684e-10	705.26131	1e-08
-2.70264e-10	705.493001	Auto
-2.77796e-10	705.924652	1e-09
-3.0239e-10	706.286575	1e-08
-2.70778e-10	706.512943	Auto
-2.83952e-10	706.944568	1e-09
-3.2333e-10	707.306654	1e-08
-2.70552e-10	707.525283	Auto
-2.71239e-10	707.956605	1e-09
-3.1394e-10	708.339904	1e-08
-3.11516e-10	708.565977	Auto
-2.49825e-10	709.012697	1e-09
-2.9844e-10	709.364114	1e-08
-2.70517e-10	709.584892	Auto
-2.77254e-10	709.998207	1e-09
-2.8597e-10	710.377966	1e-08
-2.77141e-10	710.602021	Auto
-2.77115e-10	711.05974	1e-09
-2.9922e-10	711.435252	1e-08
-2.64142e-10	711.660377	Auto
-2.77406e-10	712.117309	1e-09
-2.9906e-10	712.49369	1e-08
-2.8398e-10	712.726748	Auto
-2.56941e-10	713.157127	1e-09
-4.3345e-10	713.533693	1e-08
-2.7724e-10	713.759784	Auto
-2.70438e-10	714.207721	1e-09
-3.8281e-10	714.559361	1e-08
-3.25425e-10	714.778106	Auto
-2.78493e-10	715.209612	1e-09
-4.0654e-10	715.57709	1e-08
-2.84194e-10	715.797871	Auto
-2.71483e-10	716.221358	1e-09
-3.0314e-10	716.576681	1e-08
-3.31961e-10	716.795381	Auto
-2.51282e-10	717.22084	1e-09
-2.7846e-10	717.57593	1e-08
-2.70275e-10	717.765016	Auto
-2.49715e-10	718.213656	1e-09
-2.8872e-10	718.588019	1e-08
-2.43031e-10	718.813232	Auto
-2.77505e-10	719.271172	1e-09
-3.5315e-10	719.632036	1e-08
-2.85043e-10	719.858542	Auto
-2.78496e-10	720.289391	1e-09
-3.6876e-10	720.65004	1e-08
-3.32517e-10	720.875352	Auto
-3.46131e-10	721.307805	1e-09
-2.6935e-10	721.669593	1e-08
-2.77213e-10	721.88838	Auto
-2.77171e-10	722.302154	1e-09
-2.9846e-10	722.681718	1e-08
-2.63856e-10	722.907024	Auto
-2.77383e-10	723.364972	1e-09
-3.3351e-10	723.739293	1e-08
-2.92134e-10	723.965629	Auto
-2.83988e-10	724.412355	1e-09
-3.1862e-10	724.764159	1e-08
-2.78044e-10	724.989442	Auto
-2.70265e-10	725.420072	1e-09
-2.9135e-10	725.781748	1e-08
-2.77339e-10	726.002598	Auto
-2.7713e-10	726.439172	1e-09
-4.6246e-10	726.814795	1e-08
-2.78218e-10	727.040162	Auto
-2.78506e-10	727.498801	1e-09
-3.4738e-10	727.86081	1e-08
-2.92084e-10	728.080701	Auto
-2.90749e-10	728.525758	1e-09
-2.4259e-10	728.880006	1e-08
-2.70935e-10	729.099821	Auto
-2.77226e-10	729.537017	1e-09
-3.4758e-10	729.912278	1e-08
-2.77225e-10	730.138594	Auto
-2.70741e-10	730.602215	1e-09
-2.5886e-10	730.956332	1e-08
-2.77695e-10	731.183004	Auto
-2.71075e-10	731.613127	1e-09
-2.58e-10	731.974022	1e-08
-2.83856e-10	732.193758	Auto
-2.7894e-10	732.607297	1e-09
-3.3308e-10	732.986847	1e-08
-2.84165e-10	733.212128	Auto
-3.26036e-10	733.67084	1e-09
-2.3482e-10	734.046597	1e-08
-2.84132e-10	734.27277	Auto
-2.91946e-10	734.686095	1e-09
-2.1068e-10	735.0659	1e-08
-2.42871e-10	735.291104	Auto
-2.71838e-10	735.749892	1e-09
-2.5778e-10	736.111859	1e-08
-2.49733e-10	736.331646	Auto
-2.44029e-10	736.745015	1e-09
-9.1953e-10	737.110895	1e-08
-2.77164e-10	737.337588	Auto
-2.84034e-10	737.765001	1e-09
-2.9975e-10	738.130276	1e-08
-2.63426e-10	738.348715	Auto
-2.77127e-10	738.787664	1e-09
-3.3108e-10	739.162144	1e-08
-2.63408e-10	739.387448	Auto
-2.71546e-10	739.801763	1e-09
-3.0487e-10	740.16786	1e-08
-2.64188e-10	740.39319	Auto
-2.70817e-10	740.824739	1e-09
-2.8263e-10	741.194557	1e-08
-2.70559e-10	741.383556	Auto
-2.84023e-10	741.825699	1e-09
-3.4301e-10	742.187721	1e-08
-2.71684e-10	742.406356	Auto
-2.7742e-10	742.850418	1e-09
-3.5836e-10	743.204442	1e-08
-2.85006e-10	743.423173	Auto
-2.77581e-10	743.838562	1e-09
-4.4943e-10	744.204736	1e-08
-2.77163e-10	744.423271	Auto
-2.77136e-10	744.85471	1e-09
-2.7962e-10	745.222419	1e-08
-4.62289e-10	745.418943	Auto
-2.71532e-10	745.85808	1e-09
-3.6394e-10	746.219331	1e-08
-2.42856e-10	746.438012	Auto
-2.63609e-10	746.875099	1e-09
-2.5065e-10	747.24483	1e-08
-2.50168e-10	747.426112	Auto
-2.71125e-10	747.86468	1e-09
-2.9197e-10	748.215233	1e-08
-2.70953e-10	748.442562	Auto
-2.64853e-10	748.87395	1e-09
-2.8092e-10	749.23489	1e-08
-2.56541e-10	749.454704	Auto
-2.71013e-10	749.885047	1e-09
-3.3883e-10	750.253556	1e-08
-2.56977e-10	750.472239	Auto
-2.56617e-10	750.88768	1e-09
-4.144e-10	751.2663	1e-08
-2.83998e-10	751.491294	Auto
-2.83989e-10	751.948996	1e-09
-3.1556e-10	752.309964	1e-08
-2.49692e-10	752.528599	Auto
-2.63825e-10	752.942139	1e-09
-3.5224e-10	753.31407	1e-08
-2.64818e-10	753.497572	Auto
-2.84003e-10	753.951221	1e-09
-3.1961e-10	754.306736	1e-08
-2.4289e-10	754.526594	Auto
-2.83999e-10	754.947937	1e-09
-3.8619e-10	755.312128	1e-08
-2.77536e-10	755.50125	Auto
-2.90809e-10	755.941326	1e-09
-3.2234e-10	756.317896	1e-08
-2.57596e-10	756.543125	Auto
-2.85276e-10	757.000734	1e-09
-2.8421e-10	757.361234	1e-08
-2.78243e-10	757.581951	Auto
-2.77774e-10	757.994256	1e-09
-3.0179e-10	758.366185	1e-08
-2.56554e-10	758.554083	Auto
-2.83813e-10	758.995338	1e-09
-3.1282e-10	759.356222	1e-08
-2.63396e-10	759.545946	Auto
-2.78189e-10	759.992701	1e-09
-2.8886e-10	760.354827	1e-08
-2.569e-10	760.580192	Auto
-2.63284e-10	761.011709	1e-09
-2.4585e-10	761.372428	1e-08
-2.57655e-10	761.592051	Auto
-2.77113e-10	762.005344	1e-09
-2.9147e-10	762.37771	1e-08
-2.85117e-10	762.560207	Auto
-2.64622e-10	763.007969	1e-09
-2.4569e-10	763.368556	1e-08
-2.70314e-10	763.587292	Auto
-2.64071e-10	764.011689	1e-09
-2.5963e-10	764.367866	1e-08
-2.63405e-10	764.587656	Auto
-2.63401e-10	765.00105	1e-09
-2.1175e-10	765.366678	1e-08
-3.2496e-10	765.586582	Auto
-2.71352e-10	766.017063	1e-09
-2.9762e-10	766.398954	1e-08
-2.70767e-10	766.624239	Auto
-2.77137e-10	767.061207	1e-09
-2.6724e-10	767.422981	1e-08
-2.63918e-10	767.647104	Auto
-2.70704e-10	768.071955	1e-09
-1.8739e-10	768.446149	1e-08
-2.70251e-10	768.635084	Auto
-2.70251e-10	769.075938	1e-09
-2.8869e-10	769.450231	1e-08
-2.70221e-10	769.676405	Auto
-2.90996e-10	770.133273	1e-09
-2.2627e-10	770.501863	1e-08
-2.56541e-10	770.691076	Auto
-2.71341e-10	771.138169	1e-09
-2.5569e-10	771.492128	1e-08
-2.49729e-10	771.711937	Auto
-2.71022e-10	772.136568	1e-09
-2.2375e-10	772.492739	1e-08
-2.63412e-10	772.705035	Auto
-2.70333e-10	773.149973	1e-09
-2.3144e-10	773.510616	1e-08
-2.42845e-10	773.736999	Auto
-2.70916e-10	774.166375	1e-09
-2.1484e-10	774.541684	1e-08
-2.638e-10	774.767905	Auto
-2.63455e-10	775.225703	1e-09
-2.3062e-10	775.594292	1e-08
-2.56627e-10	775.777699	Auto
-2.70583e-10	776.225541	1e-09
-2.5086e-10	776.586366	1e-08
-2.5741e-10	776.805061	Auto
-2.70261e-10	777.229638	1e-09
-2.4358e-10	777.584899	1e-08
-2.64436e-10	777.80472	Auto
-2.6447e-10	778.242	1e-09
-2.143e-10	778.603677	1e-08
-2.63424e-10	778.822366	Auto
-2.6347e-10	779.260566	1e-09
-2.2146e-10	779.63684	1e-08
-2.92032e-10	779.862125	Auto
-2.92285e-10	780.299244	1e-09
-2.5006e-10	780.660731	1e-08
-2.63501e-10	780.886341	Auto
-2.70528e-10	781.324952	1e-09
-2.362e-10	781.685972	1e-08
-2.71188e-10	781.874291	Auto
-2.83945e-10	782.315729	1e-09
-2.6622e-10	782.676417	1e-08
-2.70544e-10	782.895131	Auto
-2.70303e-10	783.319852	1e-09
-2.7055e-10	783.674216	1e-08
-2.64064e-10	783.893956	Auto
-2.56543e-10	784.31757	1e-09
-2.3283e-10	784.673916	1e-08
-2.70546e-10	784.89378	Auto
-2.63402e-10	785.331978	1e-09
-2.3604e-10	785.705199	1e-08
-2.70997e-10	785.931667	Auto
-2.63368e-10	786.376916	1e-09
-2.5224e-10	786.731224	1e-08
-2.7057e-10	786.957742	Auto
-2.65039e-10	787.388242	1e-09
-2.5209e-10	787.76234	1e-08
-2.70251e-10	787.988638	Auto
-2.70419e-10	788.447545	1e-09
-2.4007e-10	788.809548	1e-08
-2.7723e-10	789.028354	Auto
-2.71877e-10	789.452712	1e-09
-2.5465e-10	789.807098	1e-08
-2.7032e-10	790.026949	Auto
-2.63579e-10	790.470796	1e-09
-2.1782e-10	790.825084	1e-08
-2.63563e-10	791.014171	Auto
-2.70379e-10	791.461625	1e-09
-2.2898e-10	791.837836	1e-08
-2.90876e-10	792.063208	Auto
-2.70705e-10	792.520783	1e-09
-2.5504e-10	792.896233	1e-08
-2.70326e-10	793.12256	Auto
-2.64208e-10	793.579406	1e-09
-2.4429e-10	793.954782	1e-08
-5.24481e-10	794.18012	Auto
-2.6432e-10	794.593271	1e-09
-2.9504e-10	794.958368	1e-08
-2.63409e-10	795.177247	Auto
-2.70338e-10	795.591559	1e-09
-2.7137e-10	795.970093	1e-08
-2.63508e-10	796.195341	Auto
-2.63988e-10	796.642277	1e-09
-2.5065e-10	796.994935	1e-08
-2.70829e-10	797.214784	Auto
-2.70317e-10	797.628099	1e-09
-2.615e-10	798.005414	1e-08
-2.70279e-10	798.230339	Auto
-2.70866e-10	798.678983	1e-09
-2.9891e-10	799.029366	1e-08
-2.77743e-10	799.255768	Auto
-2.71745e-10	799.686331	1e-09
-2.5776e-10	800.04728	1e-08
-2.63617e-10	800.266797	Auto
-2.64483e-10	800.694746	1e-09
-2.5964e-10	801.046623	1e-08
-2.56783e-10	801.236555	Auto
-2.63425e-10	801.673222	1e-09
-2.385e-10	802.032669	1e-08
-2.7025e-10	802.2149	Auto
-2.63575e-10	802.663612	1e-09
-2.6028e-10	803.025668	1e-08
-2.64779e-10	803.244242	Auto
-2.7027e-10	803.681351	1e-09
-2.313e-10	804.042258	1e-08
-2.64173e-10	804.261785	Auto
-2.6456e-10	804.689269	1e-09
-2.2131e-10	805.054686	1e-08
-2.57524e-10	805.2807	Auto
-2.51327e-10	805.738646	1e-09
-5.9413e-10	806.100619	1e-08
-2.57866e-10	806.319186	Auto
-2.6423e-10	806.732352	1e-09
-1.4654e-10	807.111961	1e-08
-2.6364e-10	807.336135	Auto
-2.6422e-10	807.793938	1e-09
-2.4599e-10	808.169406	1e-08
-3.18287e-10	808.395565	Auto
-2.6437e-10	808.852394	1e-09
-2.2965e-10	809.213356	1e-08
-2.64209e-10	809.432963	Auto
-2.6484e-10	809.862375	1e-09
-2.5377e-10	810.230913	1e-08
-2.63908e-10	810.450786	Auto
-2.70287e-10	810.874075	1e-09
-2.2295e-10	811.229374	1e-08
-2.70459e-10	811.455662	Auto
-2.70234e-10	811.861335	1e-09
-1.6953e-10	812.240005	1e-08
-2.63422e-10	812.46515	Auto
-2.64893e-10	812.922022	1e-09
-2.5856e-10	813.291833	1e-08
-2.64384e-10	813.473056	Auto
-2.63461e-10	813.921686	1e-09
-2.3471e-10	814.283731	1e-08
-2.7046e-10	814.502355	Auto
-2.7128e-10	814.916606	1e-09
-2.2555e-10	815.289673	1e-08
-2.63399e-10	815.471894	Auto
-2.65144e-10	815.919291	1e-09
-2.2209e-10	816.294673	1e-08
-2.63396e-10	816.520834	Auto
-2.58199e-10	816.977451	1e-09
-2.2882e-10	817.360873	1e-08
-2.56667e-10	817.578322	Auto
-2.77084e-10	817.993708	1e-09
-2.1453e-10	818.358722	1e-08
-2.70255e-10	818.578556	Auto
-2.56481e-10	819.002038	1e-09
-1.8898e-10	819.357989	1e-08
-2.63449e-10	819.576658	Auto
-2.50005e-10	819.990128	1e-09
-2.1674e-10	820.355199	1e-08
-2.70647e-10	820.581584	Auto
-2.70762e-10	821.019908	1e-09
-2.2568e-10	821.374012	1e-08
-2.50176e-10	821.593695	Auto
-2.50669e-10	822.021216	1e-09
-1.9844e-10	822.385301	1e-08
-2.84207e-10	822.61155	Auto
-2.7026e-10	823.069353	1e-09
-2.6655e-10	823.430157	1e-08
-2.63242e-10	823.649991	Auto
-2.63828e-10	824.072361	1e-09
-2.1772e-10	824.428555	1e-08
-2.57421e-10	824.654052	Auto
-2.63402e-10	825.075564	1e-09
-2.1495e-10	825.426268	1e-08
-2.70301e-10	825.645969	Auto
-2.64356e-10	826.058155	1e-09
-2.3888e-10	826.436438	1e-08
-2.65016e-10	826.663701	Auto
-2.70308e-10	827.121601	1e-09
-2.5777e-10	827.483539	1e-08
-2.63433e-10	827.709129	Auto
-2.63403e-10	828.130595	1e-09
-2.269e-10	828.488025	1e-08
-2.63426e-10	828.670364	Auto
-2.6455e-10	829.118312	1e-09
-2.2685e-10	829.479057	1e-08
-2.63468e-10	829.698834	Auto
-2.56722e-10	830.122146	1e-09
-2.2341e-10	830.47853	1e-08
-2.63628e-10	830.70469	Auto
-2.70279e-10	831.125017	1e-09
-2.1846e-10	831.476629	1e-08
-2.70255e-10	831.695352	Auto
-2.71875e-10	832.126546	1e-09
-2.3544e-10	832.509627	1e-08
-2.72079e-10	832.735862	Auto
-2.70262e-10	833.193831	1e-09
-2.5003e-10	833.555571	1e-08
-1.484512e-11	833.782921	Auto
-2.70572e-10	834.463782	1e-09
-2.2312e-10	834.815792	1e-08
-2.6351e-10	835.03561	Auto
-2.56715e-10	835.459826	1e-09
-4.0141e-10	835.815344	1e-08
-2.71535e-10	836.034178	Auto
-2.77882e-10	836.447218	1e-09
-5.6523e-10	836.82659	1e-08
-2.70255e-10	837.052939	Auto
-2.56822e-10	837.511711	1e-09
-1.6947e-10	837.873562	1e-08
-2.29138e-10	838.070624	Auto
-2.71299e-10	838.517381	1e-09
-2.4968e-10	838.872752	1e-08
-2.7033e-10	839.092691	Auto
-2.57726e-10	839.530813	1e-09
-2.1695e-10	839.892855	1e-08
-2.645e-10	840.11266	Auto
-2.6444e-10	840.540569	1e-09
-2.4423e-10	840.892364	1e-08
-2.64006e-10	841.111124	Auto
-2.64917e-10	841.548277	1e-09
-2.7484e-10	841.909841	1e-08
-2.77142e-10	842.130737	Auto
-2.71432e-10	842.568793	1e-09
-8.3802e-10	842.930575	1e-08
-2.4409e-10	843.1507	Auto
-2.70411e-10	843.581124	1e-09
-3.3429e-10	843.963987	1e-08
-2.63449e-10	844.188277	Auto
-2.50094e-10	844.63594	1e-09
-2.3362e-10	844.987604	1e-08
-2.58179e-10	845.206391	Auto
-2.42868e-10	845.620763	1e-09
-2.2548e-10	845.98694	1e-08
-2.57677e-10	846.211424	Auto
-2.4332e-10	846.642887	1e-09
-2.2484e-10	847.010422	1e-08
-2.64839e-10	847.193998	Auto
-2.56781e-10	847.630549	1e-09
-2.2856e-10	847.982262	1e-08
-2.57779e-10	848.201096	Auto
-2.64104e-10	848.614327	1e-09
-2.2526e-10	848.993805	1e-08
-2.63827e-10	849.219109	Auto
-3.67607e-10	849.677961	1e-09
-2.2727e-10	850.038013	1e-08
-2.63759e-10	850.257593	Auto
-2.50592e-10	850.695651	1e-09
-5.9346e-10	851.065545	1e-08
-2.77118e-10	851.254423	Auto
-2.36036e-10	851.694372	1e-09
-2.7853e-10	852.06982	1e-08
-2.70272e-10	852.295955	Auto
-2.63512e-10	852.753789	1e-09
-2.671e-10	853.128325	1e-08
-2.70289e-10	853.354597	Auto
-2.63389e-10	853.778228	1e-09
-2.8736e-10	854.133289	1e-08
-2.99398e-10	854.35291	Auto
-2.64537e-10	854.783428	1e-09
-2.7196e-10	855.151819	1e-08
-2.71201e-10	855.372694	Auto
-2.638e-10	855.803025	1e-09
-2.5927e-10	856.171663	1e-08
-2.70459e-10	856.390272	Auto
-2.71603e-10	856.814824	1e-09
-2.5614e-10	857.170221	1e-08
-2.70309e-10	857.395409	Auto
-2.77155e-10	857.826941	1e-09
-5.0204e-10	858.187903	1e-08
-2.6346e-10	858.407778	Auto
-2.64154e-10	858.831174	1e-09
-2.4282e-10	859.186609	1e-08
-2.56565e-10	859.40529	Auto
-2.63397e-10	859.820656	1e-09
-2.0984e-10	860.185592	1e-08
-2.50404e-10	860.404259	Auto
-2.56621e-10	860.836747	1e-09
-2.1754e-10	861.218995	1e-08
-3.12665e-10	861.443058	Auto
-2.70279e-10	861.900823	1e-09
-2.4979e-10	862.262755	1e-08
-2.6343e-10	862.482527	Auto
-2.71456e-10	862.913863	1e-09
-2.3896e-10	863.282556	1e-08
-2.50208e-10	863.501143	Auto
-2.6393e-10	863.91573	1e-09
-2.6239e-10	864.288768	1e-08
-2.56727e-10	864.4709	Auto
-2.64398e-10	864.916615	1e-09
-4.3885e-10	865.281708	1e-08
-2.43769e-10	865.500379	Auto
-2.70465e-10	865.931596	1e-09
-2.9241e-10	866.31364	1e-08
-2.71786e-10	866.539837	Auto
-2.71039e-10	866.998765	1e-09
-3.5835e-10	867.360796	1e-08
-2.63397e-10	867.550753	Auto
-2.70963e-10	867.997393	1e-09
-1.565e-10	868.372952	1e-08
-2.77383e-10	868.604819	Auto
-2.49861e-10	869.035184	1e-09
-5.292e-11	869.396044	1e-08
-2.49736e-10	869.615152	Auto
-2.98813e-10	870.029609	1e-09
-4.1159e-10	870.393363	1e-08
-2.49941e-10	870.613125	Auto
-2.91491e-10	871.026342	1e-09
-2.4305e-10	871.391189	1e-08
-2.63692e-10	871.610824	Auto
-2.49713e-10	872.048904	1e-09
-3.6434e-10	872.423078	1e-08
-2.56619e-10	872.648216	Auto
-2.63414e-10	873.096268	1e-09
-1.13632e-09	873.467887	1e-08
-2.63606e-10	873.686972	Auto
-2.63564e-10	874.123142	1e-09
-2.0035e-10	874.484984	1e-08
-2.6464e-10	874.704776	Auto
-2.6345e-10	875.117376	1e-09
-1.3903e-10	875.496898	1e-08
-2.65033e-10	875.722101	Auto
-2.63412e-10	876.169125	1e-09
-2.138e-10	876.520786	1e-08
-2.7029e-10	876.710114	Auto
-2.70521e-10	877.157922	1e-09
-2.0417e-10	877.532258	1e-08
-2.70259e-10	877.75731	Auto
-2.64009e-10	878.214033	1e-09
-2.1533e-10	878.589409	1e-08
-2.70382e-10	878.813354	Auto
-2.64207e-10	879.272534	1e-09
-3.4219e-10	879.647714	1e-08
-2.6473e-10	879.880637	Auto
-2.70317e-10	880.310223	1e-09
-2.4556e-10	880.686711	1e-08
-2.43657e-10	880.918542	Auto
-2.645e-10	881.349075	1e-09
-2.535e-10	881.710741	1e-08
-2.70489e-10	881.930619	Auto
-2.64532e-10	882.368854	1e-09
-2.7451e-10	882.730698	1e-08
-2.57281e-10	882.927552	Auto
-2.91435e-10	883.368584	1e-09
-2.4581e-10	883.743977	1e-08
-2.63703e-10	883.968173	Auto
-2.63451e-10	884.425029	1e-09
-2.5309e-10	884.786766	1e-08
-2.70279e-10	885.006577	Auto
-2.63421e-10	885.442173	1e-09
-2.864e-10	885.818826	1e-08
-2.6468e-10	886.043977	Auto
-2.84036e-10	886.500444	1e-09
-2.4615e-10	886.861186	1e-08
-2.65078e-10	887.057216	Auto
-2.57291e-10	887.496926	1e-09
-2.4208e-10	887.872371	1e-08
-2.84058e-10	888.104307	Auto
-2.49875e-10	888.534707	1e-09
-2.3897e-10	888.896776	1e-08
-2.70908e-10	889.11661	Auto
-2.63445e-10	889.554581	1e-09
-1.5047e-10	889.915422	1e-08
-2.78605e-10	890.134171	Auto
-2.70374e-10	890.570998	1e-09
-2.6162e-10	890.93965	1e-08
-2.78483e-10	891.128842	Auto
-3.59761e-10	891.569871	1e-09
-1.0823e-10	891.93862	1e-08
-2.58333e-10	892.123376	Auto
-2.63777e-10	892.567806	1e-09
-2.4576e-10	892.929871	1e-08
-2.70297e-10	893.149737	Auto
-2.56409e-10	893.577626	1e-09
-4.4215e-10	893.942898	1e-08
-2.6426e-10	894.168143	Auto
-2.97715e-10	894.625767	1e-09
-2.9636e-10	894.987558	1e-08
-2.49696e-10	895.213115	Auto
-2.65056e-10	895.644583	1e-09
-3.7682e-10	896.005442	1e-08
-2.77171e-10	896.224808	Auto
-2.97717e-10	896.63826	1e-09
-2.8201e-10	897.002216	1e-08
-2.35865e-10	897.22161	Auto
-2.84104e-10	897.645146	1e-09
-3.5358e-10	898.001592	1e-08
-2.7823e-10	898.220954	Auto
-2.70254e-10	898.647825	1e-09
-3.0226e-10	899.012081	1e-08
-2.63494e-10	899.237112	Auto
-2.773e-10	899.694867	1e-09
-2.5267e-10	900.056851	1e-08
-2.64206e-10	900.246746	Auto
-2.64106e-10	900.693311	1e-09
-2.0657e-10	901.054209	1e-08
-2.63484e-10	901.273787	Auto
-2.70739e-10	901.68717	1e-09
-1.1063e-10	902.066809	1e-08
-2.64224e-10	902.292877	Auto
-2.63438e-10	902.75078	1e-09
-3.2763e-10	903.112709	1e-08
-2.63449e-10	903.331373	Auto
-2.63474e-10	903.762651	1e-09
-3.8874e-10	904.13019	1e-08
-2.36168e-10	904.349872	Auto
-2.29489e-10	904.787929	1e-09
4.2769e-10	905.162311	1e-08
-2.90776e-10	905.38736	Auto
-8.13457e-11	905.881616	1e-10
-2.49817e-10	906.226777	1e-09
-2.56781e-10	906.506135	Auto
-2.64709e-10	906.842374	1e-09
-2.7507e-10	907.218892	1e-08
-2.71728e-10	907.443914	Auto
-2.78114e-10	907.902737	1e-09
-2.8834e-10	908.264856	1e-08
-2.72008e-10	908.483371	Auto
-2.78864e-10	908.910379	1e-09
-3.736e-10	909.275684	1e-08
-2.56547e-10	909.501935	Auto
-2.64506e-10	909.959668	1e-09
-1.5079e-10	910.335094	1e-08
-2.65037e-10	910.559139	Auto
-3.60497e-10	911.024712	1e-09
-2.0789e-10	911.379902	1e-08
-3.80611e-10	911.599798	Auto
-2.64604e-10	912.030984	1e-09
-1.218e-10	912.397125	1e-08
-2.64699e-10	912.616823	Auto
-2.65166e-10	913.030257	1e-09
-2.5948e-10	913.402944	1e-08
-2.70587e-10	913.591054	Auto
-2.77821e-10	914.031128	1e-09
-2.1399e-10	914.392892	1e-08
-2.70549e-10	914.612562	Auto
-2.70262e-10	915.036109	1e-09
-1.9533e-10	915.391005	1e-08
-2.71103e-10	915.616234	Auto
-2.98875e-10	916.047767	1e-09
-1.1751e-10	916.408234	1e-08
-2.70283e-10	916.634679	Auto
-2.63242e-10	917.05511	1e-09
-1.8566e-10	917.407671	1e-08
-2.63395e-10	917.633049	Auto
-2.70439e-10	918.050001	1e-09
-2.3149e-10	918.404143	1e-08
-2.70275e-10	918.630534	Auto
-2.84101e-10	919.061119	1e-09
-2.3748e-10	919.422014	1e-08
-2.77247e-10	919.641804	Auto
-2.70374e-10	920.079595	1e-09
-1.9382e-10	920.454902	1e-08
-2.71775e-10	920.68008	Auto
-2.56826e-10	921.137911	1e-09
-2.098e-10	921.512208	1e-08
-2.70248e-10	921.737352	Auto
-2.9106e-10	922.195226	1e-09
-2.6935e-10	922.556971	1e-08
-2.77346e-10	922.781215	Auto
-2.70611e-10	923.212884	1e-09
-2.5636e-10	923.5746	1e-08
-2.63348e-10	923.793249	Auto
-2.6366e-10	924.231583	1e-09
-2.6497e-10	924.606889	1e-08
-2.71262e-10	924.83214	Auto
-2.70481e-10	925.289113	1e-09
-2.5399e-10	925.65014	1e-08
-2.64169e-10	925.869827	Auto
-2.70266e-10	926.284535	1e-09
-2.8801e-10	926.655221	1e-08
-2.77107e-10	926.838629	Auto
-2.70349e-10	927.292227	1e-09
-2.2839e-10	927.646382	1e-08
-2.70422e-10	927.836608	Auto
-3.0505e-10	928.280085	1e-09
-3.3015e-10	928.644951	1e-08
-3.81368e-10	928.863759	Auto
-2.85421e-10	929.294116	1e-09
-2.1059e-10	929.662615	1e-08
-2.63403e-10	929.882545	Auto
-2.70307e-10	930.296053	1e-09
-2.3722e-10	930.660901	1e-08
-2.56567e-10	930.880792	Auto
-2.63851e-10	931.304125	1e-09
-8.039e-11	931.658246	1e-08
-2.56564e-10	931.878728	Auto
-2.01732e-10	932.291174	1e-09
-1.5465e-10	932.656248	1e-08
-1.486167e-11	932.875076	Auto
-2.50478e-10	933.554309	1e-09
-1.8325e-10	933.913956	1e-08
-2.56552e-10	934.139655	Auto
-2.64263e-10	934.576715	1e-09
-1.7737e-10	934.931157	1e-08
-2.77478e-10	935.127067	Auto
-2.70261e-10	935.574047	1e-09
-2.6789e-10	935.928227	1e-08
-2.78265e-10	936.147055	Auto
-2.63618e-10	936.584126	1e-09
-1.8656e-10	936.945707	1e-08
-2.7727e-10	937.1656	Auto
-2.70893e-10	937.579026	1e-09
-2.4896e-10	937.944041	1e-08
-2.70317e-10	938.163845	Auto
-2.70597e-10	938.591735	1e-09
-2.3913e-10	938.956072	1e-08
-2.70734e-10	939.18138	Auto
-2.7028e-10	939.628437	1e-09
-4.9377e-10	939.979092	1e-08
-4.15194e-10	940.198066	Auto
-2.78011e-10	940.655849	1e-09
-2.6676e-10	941.031385	1e-08
-2.70432e-10	941.256296	Auto
-2.50383e-10	941.703427	1e-09
-2.8459e-10	942.061127	1e-08
-2.84029e-10	942.250042	Auto
-2.573e-10	942.690041	1e-09
-2.4984e-10	943.051045	1e-08
-2.70253e-10	943.270615	Auto
-2.42763e-10	943.699585	1e-09
-2.4479e-10	944.050439	1e-08
-2.5719e-10	944.269053	Auto
-2.64087e-10	944.689347	1e-09
-2.5554e-10	945.048868	1e-08
-2.63543e-10	945.26734	Auto
-2.56582e-10	945.704442	1e-09
-2.4629e-10	946.0653	1e-08
-2.64872e-10	946.284831	Auto
-2.63458e-10	946.7152	1e-09
-2.4432e-10	947.084795	1e-08
-2.64358e-10	947.310175	Auto
-2.36505e-10	947.747172	1e-09
-2.1964e-10	948.102694	1e-08
-2.63494e-10	948.328115	Auto
-3.46502e-10	948.7584	1e-09
-2.6298e-10	949.119348	1e-08
-2.70268e-10	949.338075	Auto
-2.64479e-10	949.775105	1e-09
-2.389e-10	950.136059	1e-08
-2.64438e-10	950.361311	Auto
-2.35988e-10	950.799043	1e-09
-2.7565e-10	951.153277	1e-08
-2.70536e-10	951.372929	Auto
-2.77166e-10	951.810205	1e-09
-2.7845e-10	952.171145	1e-08
-2.70268e-10	952.360141	Auto
-2.64391e-10	952.798765	1e-09
-2.7256e-10	953.163094	1e-08
-2.63708e-10	953.388294	Auto
-2.63796e-10	953.845069	1e-09
-2.8651e-10	954.220399	1e-08
-2.71754e-10	954.446713	Auto
-2.7146e-10	954.884829	1e-09
-2.4573e-10	955.246625	1e-08
-2.70324e-10	955.465394	Auto
-2.63854e-10	955.88903	1e-09
-2.7263e-10	956.243346	1e-08
-2.71096e-10	956.462094	Auto
-2.77109e-10	956.906955	1e-09
-2.8935e-10	957.260142	1e-08
-2.71481e-10	957.485404	Auto
-2.56923e-10	957.916849	1e-09
-2.6166e-10	958.29239	1e-08
-2.70264e-10	958.51737	Auto
-2.70266e-10	958.974233	1e-09
-2.1326e-10	959.335095	1e-08
-2.63394e-10	959.554938	Auto
-2.64031e-10	959.978371	1e-09
-1.9632e-10	960.334814	1e-08
-3.93976e-10	960.553355	Auto
-2.64266e-10	960.990404	1e-09
-2.5325e-10	961.351281	1e-08
-2.63403e-10	961.570899	Auto
-2.64305e-10	961.994237	1e-09
-2.6493e-10	962.350628	1e-08
-2.56941e-10	962.56919	Auto
-2.63936e-10	962.989364	1e-09
-2.4808e-10	963.347764	1e-08
-2.63458e-10	963.567532	Auto
-2.6366e-10	963.9918	1e-09
-3.3806e-10	964.347142	1e-08
-1.563408e-10	964.56676	Auto
-2.70985e-10	965.345952	1e-09
-2.5352e-10	965.718108	1e-08
-2.63863e-10	965.943341	Auto
-2.63565e-10	966.400111	1e-09
-2.2733e-10	966.761018	1e-08
-2.56801e-10	966.980808	Auto
-2.58377e-10	967.404233	1e-09
-2.4824e-10	967.759415	1e-08
-2.70388e-10	967.978376	Auto
-2.635e-10	968.422224	1e-09
-2.5351e-10	968.776414	1e-08
-2.71165e-10	968.995178	Auto
-2.7726e-10	969.409833	1e-09
-5.2698e-10	969.774873	1e-08
-2.56771e-10	970.001562	Auto
-3.25783e-10	970.43277	1e-09
-5.4152e-10	970.808904	1e-08
-2.43344e-10	971.03422	Auto
-2.42871e-10	971.481047	1e-09
-1.3249e-10	971.832675	1e-08
-2.42835e-10	972.052583	Auto
-2.42915e-10	972.476716	1e-09
-2.3717e-10	972.832054	1e-08
-2.64523e-10	973.058568	Auto
-2.63402e-10	973.489874	1e-09
-2.4235e-10	973.851724	1e-08
-2.70678e-10	974.071614	Auto
-2.71478e-10	974.509753	1e-09
-2.6197e-10	974.871743	1e-08
-2.78876e-10	975.091636	Auto
-2.29147e-10	975.515976	1e-09
-2.5951e-10	975.870025	1e-08
-2.70715e-10	976.089838	Auto
-2.57002e-10	976.527029	1e-09
-2.1388e-10	976.888908	1e-08
-2.64133e-10	977.108765	Auto
-2.64148e-10	977.546903	1e-09
-2.313e-10	977.908709	1e-08
-2.64424e-10	978.128606	Auto
-2.70315e-10	978.542802	1e-09
-2.9169e-10	978.908851	1e-08
-2.841e-10	979.128843	Auto
-2.63894e-10	979.55361	1e-09
-2.5485e-10	979.908857	1e-08
-2.70255e-10	980.134267	Auto
-2.71824e-10	980.566754	1e-09
-3.0558e-10	980.928598	1e-08
-2.77177e-10	981.147369	Auto
-2.70387e-10	981.584354	1e-09
-2.4719e-10	981.945184	1e-08
-2.98387e-10	982.165086	Auto
-2.63535e-10	982.589623	1e-09
-2.8139e-10	982.944784	1e-08
-2.6458e-10	983.170247	Auto
-2.63483e-10	983.591679	1e-09
-3.1292e-10	983.943172	1e-08
-2.57521e-10	984.162033	Auto
-2.64215e-10	984.575279	1e-09
-2.8034e-10	984.940156	1e-08
-2.84265e-10	985.159022	Auto
-2.64204e-10	985.59699	1e-09
-2.4703e-10	985.957782	1e-08
-2.90852e-10	986.183312	Auto
-2.64354e-10	986.614753	1e-09
-2.5626e-10	986.990231	1e-08
-2.70254e-10	987.215415	Auto
-2.7071e-10	987.672293	1e-09
-2.6637e-10	988.040755	1e-08
-2.64224e-10	988.230795	Auto
-4.0825e-10	988.671897	1e-09
-2.1379e-10	989.048563	1e-08
-2.6341e-10	989.28019	Auto
-2.6327e-10	989.701682	1e-09
-2.4316e-10	990.053531	1e-08
-3.05935e-10	990.272046	Auto
-2.57307e-10	990.702261	1e-09
-2.8671e-10	991.078642	1e-08
-2.56549e-10	991.268618	Auto
-2.49695e-10	991.70987	1e-09
-1.2835e-10	992.071924	1e-08
-2.56554e-10	992.29159	Auto
-2.22306e-10	992.705285	1e-09
-3.2427e-10	993.077128	1e-08
-5.04427e-10	993.266181	Auto
-2.50977e-10	993.706928	1e-09
-1.9889e-10	994.081336	1e-08
-2.64936e-10	994.31419	Auto
-3.18636e-10	994.745862	1e-09
-2.7958e-10	995.107757	1e-08
-2.57744e-10	995.327545	Auto
-2.64629e-10	995.751006	1e-09
-2.064e-10	996.106374	1e-08
-2.70126e-10	996.325101	Auto
-2.78286e-10	996.762035	1e-09
-2.7143e-10	997.131756	1e-08
-2.70254e-10	997.313889	Auto
-2.71113e-10	997.752642	1e-09
-2.8315e-10	998.103239	1e-08
-2.64005e-10	998.323113	Auto
-2.64229e-10	998.737584	1e-09
-2.4352e-10	999.102795	1e-08
-2.63574e-10	999.321433	Auto
-2.70253e-10	999.759535	1e-09
-2.361e-10	1000.135116	1e-08
-2.84302e-10	1000.361685	Auto
-2.63579e-10	1000.819818	1e-09
-2.6166e-10	1001.181967	1e-08
-2.63816e-10	1001.400928	Auto
-2.63536e-10	1001.838342	1e-09
-2.5857e-10	1002.200625	1e-08
-2.6404e-10	1002.41841	Auto
-2.65054e-10	1002.856002	1e-09
-2.263e-10	1003.217357	1e-08
-2.56649e-10	1003.407774	Auto
-2.64996e-10	1003.854966	1e-09
-2.77e-10	1004.215381	1e-08
-2.56646e-10	1004.412577	Auto
-2.70644e-10	1004.85206	1e-09
-2.4983e-10	1005.21331	1e-08
-2.70292e-10	1005.432433	Auto
-2.7034e-10	1005.87091	1e-09
-4.1093e-10	1006.232934	1e-08
-2.56503e-10	1006.452904	Auto
-2.64701e-10	1006.889422	1e-09
-2.3856e-10	1007.26429	1e-08
-4.63516e-10	1007.490887	Auto
-2.6478e-10	1007.905645	1e-09
-2.3942e-10	1008.270999	1e-08
-2.7063e-10	1008.489105	Auto
-2.7147e-10	1008.903856	1e-09
-2.9429e-10	1009.268296	1e-08
-2.70249e-10	1009.487344	Auto
-2.77129e-10	1009.911081	1e-09
-2.2168e-10	1010.266022	1e-08
-2.70448e-10	1010.485947	Auto
-2.63478e-10	1010.92217	1e-09
-2.53e-10	1011.283386	1e-08
-2.64263e-10	1011.472688	Auto
-2.57169e-10	1011.920849	1e-09
-3.063e-10	1012.282246	1e-08
-2.70288e-10	1012.501273	Auto
-3.18428e-10	1012.925859	1e-09
-2.1518e-10	1013.281637	1e-08
-2.64198e-10	1013.501796	Auto
-2.71607e-10	1013.938172	1e-09
-1.9009e-10	1014.313012	1e-08
-3.13157e-10	1014.539568	Auto
-2.70251e-10	1014.997827	1e-09
-2.533e-10	1015.359356	1e-08
-2.70669e-10	1015.578386	Auto
-2.70247e-10	1016.015857	1e-09
-2.16e-10	1016.377812	1e-08
-2.71952e-10	1016.597031	Auto
-2.6387e-10	1017.024346	1e-09
-2.2706e-10	1017.38299	1e-08
-2.70262e-10	1017.572721	Auto
-2.64346e-10	1018.012159	1e-09
-2.6966e-10	1018.373943	1e-08
-2.71863e-10	1018.593034	Auto
-2.70187e-10	1019.006725	1e-09
-2.4983e-10	1019.393741	1e-08
-2.64577e-10	1019.618293	Auto
-2.70543e-10	1020.049194	1e-09
-2.1315e-10	1020.424645	1e-08
-2.63776e-10	1020.650174	Auto
-2.57656e-10	1021.107309	1e-09
-2.347e-10	1021.469551	1e-08
-4.69989e-10	1021.689631	Auto
-2.5003e-10	1022.126377	1e-09
-2.5035e-10	1022.501048	1e-08
-2.64467e-10	1022.727596	Auto
-2.64347e-10	1023.150371	1e-09
-2.4693e-10	1023.506011	1e-08
-2.71248e-10	1023.725022	Auto
-2.77245e-10	1024.161426	1e-09
-2.5621e-10	1024.523772	1e-08
-2.64564e-10	1024.713189	Auto
-2.70268e-10	1025.150111	1e-09
-2.5987e-10	1025.521962	1e-08
-2.63902e-10	1025.740036	Auto
-2.65099e-10	1026.154844	1e-09
-2.5991e-10	1026.519218	1e-08
-2.63522e-10	1026.70841	Auto
-2.70255e-10	1027.155227	1e-09
-2.3739e-10	1027.530027	1e-08
-2.70258e-10	1027.75674	Auto
-2.64065e-10	1028.169362	1e-09
-2.6058e-10	1028.548405	1e-08
-2.77554e-10	1028.77499	Auto
-2.63923e-10	1029.231452	1e-09
-2.1055e-10	1029.605254	1e-08
-2.56848e-10	1029.837398	Auto
-2.64743e-10	1030.268187	1e-09
-1.6607e-10	1030.643911	1e-08
-2.70707e-10	1030.868419	Auto
-2.7035e-10	1031.316649	1e-09
-2.3019e-10	1031.681275	1e-08
-2.22279e-10	1031.914684	Auto
-2.64425e-10	1032.346648	1e-09
-2.1495e-10	1032.70869	1e-08
-2.58369e-10	1032.935567	Auto
-2.6384e-10	1033.342961	1e-09
-2.1099e-10	1033.721729	1e-08
-2.71474e-10	1033.946235	Auto
-2.78428e-10	1034.404806	1e-09
-2.5625e-10	1034.7808	1e-08
-2.71149e-10	1035.005449	Auto
-2.70249e-10	1035.443776	1e-09
-2.2744e-10	1035.805013	1e-08
-2.70356e-10	1036.024211	Auto
-2.70357e-10	1036.44879	1e-09
-3.0463e-10	1036.803158	1e-08
-4.07583e-10	1037.023535	Auto
-2.49814e-10	1037.461842	1e-09
-2.5186e-10	1037.837693	1e-08
-2.63874e-10	1038.062216	Auto
-2.70261e-10	1038.519142	1e-09
-2.7964e-10	1038.888174	1e-08
-2.70436e-10	1039.070992	Auto
-2.70381e-10	1039.517964	1e-09
-3.4228e-10	1039.878172	1e-08
-2.65118e-10	1040.097366	Auto
-2.70268e-10	1040.511156	1e-09
-2.8489e-10	1040.875382	1e-08
-2.71367e-10	1041.101171	Auto
-2.77098e-10	1041.532773	1e-09
-1.5165e-10	1041.908536	1e-08
-2.70244e-10	1042.134158	Auto
-2.7059e-10	1042.591126	1e-09
-2.7798e-10	1042.952266	1e-08
-2.63527e-10	1043.178248	Auto
-2.64129e-10	1043.608076	1e-09
-2.2764e-10	1043.970535	1e-08
-2.70285e-10	1044.190737	Auto
-2.70237e-10	1044.62702	1e-09
-2.512e-10	1045.002847	1e-08
-2.70252e-10	1045.228142	Auto
-2.70281e-10	1045.686653	1e-09
-2.2914e-10	1046.048012	1e-08
-2.63583e-10	1046.272372	Auto
-2.64592e-10	1046.703123	1e-09
-2.3429e-10	1047.078041	1e-08
-2.64575e-10	1047.31021	Auto
-2.70261e-10	1047.741143	1e-09
-2.5368e-10	1048.102396	1e-08
-2.64899e-10	1048.320169	Auto
-2.64672e-10	1048.734939	1e-09
-2.3425e-10	1049.114012	1e-08
-2.70813e-10	1049.345199	Auto
-2.7733e-10	1049.776181	1e-09
-6.4872e-10	1050.151086	1e-08
-2.70267e-10	1050.37543	Auto
-2.63411e-10	1050.833687	1e-09
-2.827e-10	1051.195979	1e-08
-2.70988e-10	1051.414896	Auto
-2.22617e-10	1051.839699	1e-09
-2.9275e-10	1052.195764	1e-08
-2.70429e-10	1052.414709	Auto
-2.77114e-10	1052.839709	1e-09
-2.967e-10	1053.194412	1e-08
-2.7712e-10	1053.413387	Auto
-2.71268e-10	1053.850782	1e-09
-2.3019e-10	1054.226775	1e-08
-2.70756e-10	1054.458993	Auto
-2.63667e-10	1054.889638	1e-09
-2.1443e-10	1055.265625	1e-08
-2.70207e-10	1055.491403	Auto
-2.6376e-10	1055.928934	1e-09
-2.9611e-10	1056.291614	1e-08
-2.77169e-10	1056.516041	Auto
-2.64349e-10	1056.947953	1e-09
-3.9523e-10	1057.308243	1e-08
-2.70386e-10	1057.526018	Auto
-2.43009e-10	1057.940709	1e-09
-2.2953e-10	1058.306879	1e-08
-2.63707e-10	1058.533614	Auto
-2.636e-10	1058.963977	1e-09
-2.3918e-10	1059.338582	1e-08
-2.84028e-10	1059.56423	Auto
-2.71585e-10	1060.021415	1e-09
-2.6174e-10	1060.383542	1e-08
-2.63758e-10	1060.572686	Auto
-2.84648e-10	1061.020695	1e-09
-2.6901e-10	1061.382061	1e-08
-2.97596e-10	1061.608762	Auto
-2.70499e-10	1062.028408	1e-09
-2.4356e-10	1062.380308	1e-08
-2.77177e-10	1062.598214	Auto
-2.70294e-10	1063.036716	1e-09
-2.0573e-10	1063.398565	1e-08
-2.62454e-11	1063.618662	Auto
-2.70259e-10	1064.197058	1e-09
-2.9569e-10	1064.571662	1e-08
-2.70686e-10	1064.796976	Auto
-2.71589e-10	1065.253128	1e-09
-2.7882e-10	1065.614409	1e-08
-2.64521e-10	1065.833341	Auto
-2.64832e-10	1066.270808	1e-09
-2.3916e-10	1066.632191	1e-08
-2.64462e-10	1066.851043	Auto
-2.70284e-10	1067.281894	1e-09
-3.5301e-10	1067.650738	1e-08
-2.7027e-10	1067.877625	Auto
-2.71043e-10	1068.307187	1e-09
-2.6118e-10	1068.682901	1e-08
-2.63679e-10	1068.909717	Auto
-2.70579e-10	1069.374832	1e-09
-2.4305e-10	1069.728405	1e-08
-2.63875e-10	1069.918858	Auto
-2.5033e-10	1070.365049	1e-09
-2.3688e-10	1070.740809	1e-08
-2.6343e-10	1070.967606	Auto
-2.77636e-10	1071.404978	1e-09
-2.1182e-10	1071.76523	1e-08
-2.57409e-10	1071.9844	Auto
-2.63712e-10	1072.42104	1e-09
-2.3974e-10	1072.782259	1e-08
-2.49755e-10	1073.001387	Auto
-2.77104e-10	1073.437424	1e-09
-2.4149e-10	1073.799671	1e-08
-2.56586e-10	1074.026725	Auto
-2.70526e-10	1074.44769	1e-09
-2.3414e-10	1074.799751	1e-08
-2.63418e-10	1075.019102	Auto
-2.77116e-10	1075.45532	1e-09
-2.5996e-10	1075.817684	1e-08
-2.56676e-10	1076.037039	Auto
-2.70286e-10	1076.47419	1e-09
-2.1968e-10	1076.836668	1e-08
-2.497e-10	1077.061308	Auto
-2.70898e-10	1077.492072	1e-09
-2.6197e-10	1077.853347	1e-08
-2.63399e-10	1078.048373	Auto
-2.77309e-10	1078.479585	1e-09
-2.8929e-10	1078.832799	1e-08
-2.70562e-10	1079.051747	Auto
-2.77283e-10	1079.466686	1e-09
-2.6985e-10	1079.831262	1e-08
-2.77109e-10	1080.050441	Auto
-2.70315e-10	1080.474113	1e-09
-2.4832e-10	1080.829849	1e-08
-2.71967e-10	1081.048002	Auto
-2.83984e-10	1081.462693	1e-09
-2.6355e-10	1081.828063	1e-08
-2.71079e-10	1082.046095	Auto
-2.70357e-10	1082.460654	1e-09
-2.5439e-10	1082.826034	1e-08
-2.70267e-10	1083.045197	Auto
-3.11371e-10	1083.468658	1e-09
-2.7575e-10	1083.823438	1e-08
-2.70326e-10	1084.013973	Auto
-2.71223e-10	1084.460786	1e-09
-2.5764e-10	1084.822074	1e-08
-2.78064e-10	1085.010371	Auto
-6.27022e-10	1085.447349	1e-09
-7.766e-11	1085.78537	1e-08
-2.63566e-10	1085.969012	Auto
-2.63452e-10	1086.415006	1e-09
-2.2071e-10	1086.776316	1e-08
-2.63616e-10	1086.994188	Auto
-3.2533e-10	1087.432598	1e-09
-2.8932e-10	1087.807174	1e-08
-2.63405e-10	1088.033918	Auto
-2.64485e-10	1088.491887	1e-09
-2.6228e-10	1088.853067	1e-08
-2.70696e-10	1089.072214	Auto
-2.63417e-10	1089.508291	1e-09
-2.133e-10	1089.870622	1e-08
-2.7045e-10	1090.090818	Auto
-2.70374e-10	1090.527123	1e-09
-1.0987e-10	1090.888337	1e-08
-2.63497e-10	1091.107403	Auto
-2.64628e-10	1091.55286	1e-09
-2.4096e-10	1091.907682	1e-08
-2.70391e-10	1092.127947	Auto
-2.56667e-10	1092.563979	1e-09
-4.039e-10	1092.939738	1e-08
-2.71626e-10	1093.164278	Auto
-2.63368e-10	1093.621261	1e-09
-2.5275e-10	1093.996978	1e-08
-2.49971e-10	1094.221451	Auto
-2.58377e-10	1094.679902	1e-09
-1.9855e-10	1095.04131	1e-08
-3.06356e-10	1095.259076	Auto
-2.63415e-10	1095.697606	1e-09
-2.5508e-10	1096.059022	1e-08
-2.42837e-10	1096.27779	Auto
-2.63446e-10	1096.716571	1e-09
-2.6574e-10	1097.07807	1e-08
-2.63488e-10	1097.296835	Auto
-2.70275e-10	1097.728956	1e-09
-2.547e-10	1098.096684	1e-08
-2.70323e-10	1098.316699	Auto
-2.70487e-10	1098.747563	1e-09
-2.7162e-10	1099.116583	1e-08
-2.71052e-10	1099.342189	Auto
-2.78602e-10	1099.758223	1e-09
-2.5832e-10	1100.113949	1e-08
-2.70374e-10	1100.332928	Auto
-2.71545e-10	1100.757688	1e-09
-2.6278e-10	1101.113547	1e-08
-2.63874e-10	1101.332579	Auto
-2.63319e-10	1101.746313	1e-09
-1.6131e-10	1102.111863	1e-08
-2.63391e-10	1102.331988	Auto
-2.64236e-10	1102.768389	1e-09
-2.1875e-10	1103.129585	1e-08
-2.64803e-10	1103.349764	Auto
-2.57632e-10	1103.763358	1e-09
-1.876e-10	1104.128673	1e-08
-2.36216e-10	1104.354244	Auto
-2.5709e-10	1104.761408	1e-09
-1.986e-10	1105.126686	1e-08
-2.57489e-10	1105.316168	Auto
-2.56987e-10	1105.769008	1e-09
-1.9318e-10	1106.124844	1e-08
-2.63793e-10	1106.320704	Auto
-2.56758e-10	1106.751009	1e-09
-1.7972e-10	1107.102257	1e-08
-2.63401e-10	1107.32139	Auto
-2.70241e-10	1107.735074	1e-09
-2.4842e-10	1108.106151	1e-08
-2.64341e-10	1108.289857	Auto
-2.63525e-10	1108.737901	1e-09
-2.5701e-10	1109.098127	1e-08
-2.70257e-10	1109.317274	Auto
-2.97655e-10	1109.745727	1e-09
-1.9904e-10	1110.117041	1e-08
-2.70323e-10	1110.335862	Auto
-2.70318e-10	1110.763406	1e-09
-2.3647e-10	1111.115684	1e-08
-2.71876e-10	1111.335734	Auto
-2.70855e-10	1111.749419	1e-09
-2.7375e-10	1112.114985	1e-08
-2.71951e-10	1112.304611	Auto
-2.771e-10	1112.751787	1e-09
-2.6156e-10	1113.113038	1e-08
-2.70247e-10	1113.332092	Auto
-2.64398e-10	1113.759278	1e-09
-3.0372e-10	1114.130229	1e-08
-2.70325e-10	1114.349344	Auto
-2.70953e-10	1114.773125	1e-09
-2.5766e-10	1115.128035	1e-08
-2.70247e-10	1115.347173	Auto
-2.70561e-10	1115.770869	1e-09
-2.4987e-10	1116.126607	1e-08
-2.70251e-10	1116.353557	Auto
-2.64418e-10	1116.784401	1e-09
-3.0781e-10	1117.14687	1e-08
-2.70654e-10	1117.335076	Auto
-2.70909e-10	1117.772981	1e-09
-2.2188e-10	1118.12431	1e-08
-2.63528e-10	1118.350089	Auto
-2.63427e-10	1118.763175	1e-09
-2.138e-10	1119.121707	1e-08
-2.7024e-10	1119.341892	Auto
-2.65024e-10	1119.773638	1e-09
-4.9891e-10	1120.142657	1e-08
-2.63433e-10	1120.369605	Auto
-3.45606e-10	1120.790297	1e-09
-2.843e-11	1121.155952	1e-08
-2.49685e-10	1121.381878	Auto
-2.49679e-10	1121.839097	1e-09
-1.4916e-10	1122.201568	1e-08
-2.57313e-10	1122.426326	Auto
-2.49865e-10	1122.857244	1e-09
-2.2399e-10	1123.219755	1e-08
-2.6358e-10	1123.439845	Auto
-2.50687e-10	1123.877368	1e-09
-2.6257e-10	1124.239657	1e-08
-2.63582e-10	1124.459814	Auto
-2.64553e-10	1124.897208	1e-09
-1.8495e-10	1125.259805	1e-08
-2.63816e-10	1125.478704	Auto
-2.6339e-10	1125.909187	1e-09
-1.8979e-10	1126.292708	1e-08
-2.56591e-10	1126.517123	Auto
-2.63958e-10	1126.97538	1e-09
-2.1069e-10	1127.337866	1e-08
-2.63636e-10	1127.526034	Auto
-2.5691e-10	1127.974018	1e-09
-2.0757e-10	1128.335232	1e-08
-2.58148e-10	1128.554221	Auto
-2.63393e-10	1128.992735	1e-09
-1.884e-10	1129.354172	1e-08
-2.63797e-10	1129.542275	Auto
-2.65114e-10	1129.99007	1e-09
-1.8902e-10	1130.365903	1e-08
-2.64912e-10	1130.592673	Auto
-2.97737e-10	1131.00632	1e-09
-1.8631e-10	1131.370227	1e-08
-2.57836e-10	1131.590291	Auto
-2.63545e-10	1132.028751	1e-09
-2.2408e-10	1132.390602	1e-08
-2.70572e-10	1132.580949	Auto
-3.0457e-10	1133.017834	1e-09
-3.1173e-10	1133.369766	1e-08
-3.38873e-10	1133.589914	Auto
-2.49713e-10	1134.004758	1e-09
-2.574e-10	1134.377606	1e-08
-2.64651e-10	1134.559452	Auto
-3.05849e-10	1135.006283	1e-09
-1.46747e-09	1135.382019	1e-08
-2.704e-10	1135.61475	Auto
-2.84214e-10	1136.046857	1e-09
-2.4892e-10	1136.422603	1e-08
-2.63332e-10	1136.648265	Auto
-2.70261e-10	1137.08571	1e-09
-2.2919e-10	1137.4626	1e-08
-2.43468e-10	1137.687971	Auto
-2.64801e-10	1138.145343	1e-09
-2.3746e-10	1138.520096	1e-08
-2.70308e-10	1138.74555	Auto
-2.63455e-10	1139.204738	1e-09
-2.5324e-10	1139.580657	1e-08
-2.70246e-10	1139.805991	Auto
-2.65022e-10	1140.270305	1e-09
-2.4193e-10	1140.6259	1e-08
-3.0604e-10	1140.844882	Auto
-2.63975e-10	1141.26977	1e-09
-2.4824e-10	1141.624034	1e-08
-2.70876e-10	1141.844098	Auto
-2.7032e-10	1142.30134	1e-09
-1.9979e-10	1142.663708	1e-08
-2.35987e-10	1142.8839	Auto
-2.64249e-10	1143.328671	1e-09
-2.1111e-10	1143.683281	1e-08
-2.56561e-10	1143.90235	Auto
-2.56635e-10	1144.329789	1e-09
-2.2189e-10	1144.681038	1e-08
-2.57289e-10	1144.907908	Auto
-2.63389e-10	1145.325316	1e-09
-2.1108e-10	1145.680855	1e-08
-2.51146e-10	1145.90772	Auto
-2.56845e-10	1146.314061	1e-09
-2.0037e-10	1146.680592	1e-08
-2.71562e-10	1146.906319	Auto
-2.63402e-10	1147.336397	1e-09
-2.2049e-10	1147.698773	1e-08
-2.63409e-10	1147.918087	Auto
-2.70243e-10	1148.341942	1e-09
-2.3758e-10	1148.695283	1e-08
-2.70336e-10	1148.921264	Auto
-2.57124e-10	1149.372342	1e-09
-2.7715e-10	1149.740275	1e-08
-2.57545e-10	1149.922065	Auto
-2.70743e-10	1150.369387	1e-09
-2.3884e-10	1150.731795	1e-08
-2.63591e-10	1150.95876	Auto
-2.70621e-10	1151.396547	1e-09
-2.5052e-10	1151.751346	1e-08
-2.63868e-10	1151.984068	Auto
-2.70358e-10	1152.44881	1e-09
-3.2457e-10	1152.810014	1e-08
-2.77113e-10	1152.998274	Auto
-2.70662e-10	1153.445217	1e-09
-2.5528e-10	1153.820068	1e-08
-2.64518e-10	1154.046989	Auto
-2.7046e-10	1154.47088	1e-09
-3.9606e-10	1154.826757	1e-08
-2.70317e-10	1155.053685	Auto
-2.91745e-10	1155.470832	1e-09
-2.9315e-10	1155.82656	1e-08
-2.92314e-10	1156.053546	Auto
-2.77622e-10	1156.483274	1e-09
-1.3026e-10	1156.859176	1e-08
-2.63446e-10	1157.090387	Auto
-2.70309e-10	1157.521057	1e-09
-2.8188e-10	1157.896794	1e-08
-2.70247e-10	1158.129177	Auto
-2.56624e-10	1158.550127	1e-09
-2.1419e-10	1158.921041	1e-08
-2.63426e-10	1159.140155	Auto
-2.64289e-10	1159.567677	1e-09
-2.1479e-10	1159.932348	1e-08
-2.63442e-10	1160.158114	Auto
-2.64727e-10	1160.615214	1e-09
-2.441e-10	1160.977551	1e-08
-2.70774e-10	1161.197754	Auto
-2.70727e-10	1161.632967	1e-09
-2.1973e-10	1161.996179	1e-08
-2.56687e-10	1162.215419	Auto
-2.63591e-10	1162.638923	1e-09
-2.1736e-10	1162.99565	1e-08
-2.63493e-10	1163.215921	Auto
-2.7112e-10	1163.629551	1e-09
-2.4378e-10	1163.995959	1e-08
-2.70324e-10	1164.184288	Auto
-2.7714e-10	1164.637155	1e-09
-2.3632e-10	1164.992064	1e-08
-2.56507e-10	1165.211406	Auto
-2.70278e-10	1165.63426	1e-09
-2.0708e-10	1165.990007	1e-08
-2.70239e-10	1166.20911	Auto
-2.77961e-10	1166.645423	1e-09
-2.5402e-10	1167.00775	1e-08
-2.70612e-10	1167.204763	Auto
-2.63709e-10	1167.645152	1e-09
-2.5861e-10	1168.013176	1e-08
-2.63831e-10	1168.196737	Auto
-2.83943e-10	1168.644748	1e-09
-2.195e-10	1169.020588	1e-08
-2.63541e-10	1169.246105	Auto
-2.63536e-10	1169.683296	1e-09
-2.3037e-10	1170.058339	1e-08
-2.7072e-10	1170.284924	Auto
-2.57973e-10	1170.722683	1e-09
-1.8627e-10	1171.084103	1e-08
-2.70459e-10	1171.303123	Auto
-2.70251e-10	1171.730249	1e-09
-2.2378e-10	1172.095045	1e-08
-2.63992e-10	1172.321656	Auto
-2.7039e-10	1172.759189	1e-09
-2.3543e-10	1173.134158	1e-08
-2.70575e-10	1173.36525	Auto
-2.71596e-10	1173.786135	1e-09
-2.0025e-10	1174.151931	1e-08
-2.70283e-10	1174.384326	Auto
-2.6339e-10	1174.814068	1e-09
-1.8819e-10	1175.190975	1e-08
-2.63467e-10	1175.41422	Auto
-2.63747e-10	1175.87253	1e-09
-2.3558e-10	1176.241677	1e-08
-2.63634e-10	1176.424368	Auto
-2.71983e-10	1176.871362	1e-09
-1.7975e-10	1177.233749	1e-08
-2.70884e-10	1177.453773	Auto
-3.18294e-10	1177.890402	1e-09
-1.4249e-10	1178.259631	1e-08
-3.12982e-10	1178.448035	Auto
-2.63818e-10	1178.889599	1e-09
-1.68e-10	1179.251797	1e-08
-2.63903e-10	1179.471892	Auto
-2.70484e-10	1179.886924	1e-09
-2.311e-10	1180.252656	1e-08
-2.42875e-10	1180.47272	Auto
-2.56989e-10	1180.910104	1e-09
-2.3087e-10	1181.271387	1e-08
-2.77098e-10	1181.489193	Auto
-3.33662e-10	1181.927798	1e-09
-4.336e-11	1182.290599	1e-08
-2.36028e-10	1182.510106	Auto
-2.7025e-10	1182.947585	1e-09
-2.0236e-10	1183.309264	1e-08
-2.7025e-10	1183.527143	Auto
-2.70257e-10	1183.941984	1e-09
-5.757e-11	1184.32002	1e-08
-2.57113e-10	1184.546991	Auto
-2.78321e-10	1184.992822	1e-09
-2.131e-10	1185.345148	1e-08
-2.57417e-10	1185.540064	Auto
-2.63395e-10	1185.97038	1e-09
-2.076e-10	1186.33516	1e-08
-2.70453e-10	1186.561821	Auto
-2.70615e-10	1186.976622	1e-09
-2.4965e-10	1187.355592	1e-08
-2.57346e-10	1187.581204	Auto
-2.64413e-10	1188.038424	1e-09
-2.561e-10	1188.406182	1e-08
-2.7027e-10	1188.596553	Auto
-2.63478e-10	1189.051726	1e-09
-2.2759e-10	1189.433761	1e-08
-2.58058e-10	1189.659261	Auto
-2.63564e-10	1190.116369	1e-09
-2.8512e-10	1190.478528	1e-08
-2.63514e-10	1190.667726	Auto
-2.57784e-10	1191.116958	1e-09
-1.8144e-10	1191.477229	1e-08
-2.70648e-10	1191.695135	Auto
-4.41841e-10	1192.119143	1e-09
-1.7318e-10	1192.481042	1e-08
-2.77209e-10	1192.663618	Auto
-2.70361e-10	1193.101723	1e-09
-2.5645e-10	1193.453651	1e-08
-2.64308e-10	1193.67385	Auto
-2.64136e-10	1194.088889	1e-09
1.5495e-10	1194.45326	1e-08
-2.77136e-10	1194.643757	Auto
-2.7028e-10	1195.08189	1e-09
-2.1504e-10	1195.447727	1e-08
-2.70402e-10	1195.673186	Auto
-2.70119e-10	1196.120345	1e-09
-2.2737e-10	1196.485014	1e-08
-2.64022e-10	1196.711642	Auto
-2.64471e-10	1197.169075	1e-09
-2.522e-10	1197.530859	1e-08
-2.64147e-10	1197.750988	Auto
-2.7058e-10	1198.181993	1e-09
-2.8542e-10	1198.562281	1e-08
-2.71337e-10	1198.795662	Auto
-2.83966e-10	1199.226647	1e-09
-2.4999e-10	1199.588932	1e-08
-2.70689e-10	1199.785167	Auto
-2.70314e-10	1200.226827	1e-09
-2.4878e-10	1200.588205	1e-08
-2.649e-10	1200.783244	Auto
-2.63539e-10	1201.214671	1e-09
-2.3305e-10	1201.567862	1e-08
-2.63515e-10	1201.786878	Auto
-2.63396e-10	1202.218802	1e-09
-2.5286e-10	1202.587602	1e-08
-2.63645e-10	1202.807753	Auto
-2.70258e-10	1203.265148	1e-09
-2.4115e-10	1203.627591	1e-08
-2.7026e-10	1203.847799	Auto
-2.77146e-10	1204.27528	1e-09
-2.3505e-10	1204.646167	1e-08
-2.63449e-10	1204.865362	Auto
-2.56542e-10	1205.27928	1e-09
-2.53e-10	1205.657141	1e-08
-2.77173e-10	1205.883846	Auto
-2.02092e-10	1206.341026	1e-09
-2.2527e-10	1206.702015	1e-08
-2.6372e-10	1206.892544	Auto
-2.63865e-10	1207.340966	1e-09
-2.5232e-10	1207.700078	1e-08
-2.70259e-10	1207.92608	Auto
-2.63584e-10	1208.377119	1e-09
-2.2593e-10	1208.73828	1e-08
-2.63396e-10	1208.957415	Auto
-2.70401e-10	1209.394951	1e-09
-2.519e-10	1209.755876	1e-08
-2.57451e-10	1209.975198	Auto
-2.7047e-10	1210.399085	1e-09
-2.5958e-10	1210.754941	1e-08
-2.70243e-10	1210.943389	Auto
-2.64396e-10	1211.380292	1e-09
-2.7674e-10	1211.731434	1e-08
-2.70675e-10	1211.951672	Auto
-2.63487e-10	1212.366666	1e-09
-2.6025e-10	1212.731037	1e-08
-2.70248e-10	1212.921536	Auto
-3.1312e-10	1213.368643	1e-09
-2.2877e-10	1213.730049	1e-08
-2.85743e-10	1213.949292	Auto
-2.56614e-10	1214.387916	1e-09
-1.9831e-10	1214.763693	1e-08
-2.64527e-10	1214.995985	Auto
-2.57502e-10	1215.426083	1e-09
-2.2802e-10	1215.787281	1e-08
-2.71265e-10	1216.007532	Auto
-2.84038e-10	1216.434584	1e-09
-2.6796e-10	1216.78786	1e-08
-2.49673e-10	1217.007081	Auto
-2.91332e-10	1217.443359	1e-09
-1.8675e-10	1217.804355	1e-08
-2.57945e-10	1218.024696	Auto
-2.64495e-10	1218.462055	1e-09
-1.7097e-10	1218.823014	1e-08
-2.49729e-10	1219.04218	Auto
-2.64212e-10	1219.48641	1e-09
-2.2066e-10	1219.840952	1e-08
-2.63484e-10	1220.066979	Auto
-2.70367e-10	1220.507816	1e-09
-2.5289e-10	1220.879803	1e-08
-2.64171e-10	1221.099065	Auto
-2.70282e-10	1221.512635	1e-09
-2.298e-10	1221.878106	1e-08
-2.56527e-10	1222.097188	Auto
-2.63333e-10	1222.511919	1e-09
-2.3386e-10	1222.87601	1e-08
-2.63653e-10	1223.095181	Auto
-2.7126e-10	1223.509783	1e-09
-2.4416e-10	1223.889737	1e-08
-2.63588e-10	1224.114371	Auto
-2.70412e-10	1224.542275	1e-09
-2.1892e-10	1224.927733	1e-08
-2.70256e-10	1225.153442	Auto
-2.71901e-10	1225.611709	1e-09
-2.387e-10	1225.973995	1e-08
-2.64518e-10	1226.192159	Auto
-2.70734e-10	1226.629583	1e-09
-2.424e-10	1226.998577	1e-08
-2.7016e-10	1227.181387	Auto
-2.70236e-10	1227.628294	1e-09
-2.2353e-10	1227.996318	1e-08
-2.58177e-10	1228.178066	Auto
-2.7163e-10	1228.625389	1e-09
-2.2197e-10	1228.987698	1e-08
-2.7734e-10	1229.207908	Auto
-2.78904e-10	1229.644354	1e-09
-3.3157e-10	1230.019102	1e-08
-3.47348e-10	1230.244361	Auto
-2.78597e-10	1230.691421	1e-09
-1.9707e-10	1231.043652	1e-08
-2.64194e-10	1231.263649	Auto
-2.70279e-10	1231.687423	1e-09
-4.1932e-10	1232.042142	1e-08
-2.70316e-10	1232.231189	Auto
-2.63407e-10	1232.678218	1e-09
-2.2599e-10	1233.053167	1e-08
-2.64533e-10	1233.279589	Auto
-2.63613e-10	1233.737837	1e-09
-1.1717e-10	1234.099157	1e-08
-2.63995e-10	1234.318343	Auto
-2.9136e-10	1234.731918	1e-09
-3.7623e-10	1235.098619	1e-08
-2.84239e-10	1235.287846	Auto
-2.85771e-10	1235.735881	1e-09
-3.6014e-10	1236.104059	1e-08
-2.63657e-10	1236.287811	Auto
-2.92621e-10	1236.735865	1e-09
-4.1285e-10	1237.097275	1e-08
-2.90852e-10	1237.285425	Auto
-2.84687e-10	1237.734601	1e-09
-4.3564e-10	1238.096117	1e-08
-2.84017e-10	1238.314017	Auto
-2.97707e-10	1238.752587	1e-09
-3.7648e-10	1239.114706	1e-08
-2.90864e-10	1239.33481	Auto
-2.91191e-10	1239.759755	1e-09
-3.207e-10	1240.11559	1e-08
-2.77068e-10	1240.335699	Auto
-2.85193e-10	1240.772055	1e-09
-3.5647e-10	1241.148872	1e-08
-2.98364e-10	1241.373343	Auto
-2.91647e-10	1241.831541	1e-09
-3.2462e-10	1242.208651	1e-08
-2.98768e-10	1242.433097	Auto
-2.91059e-10	1242.890342	1e-09
-3.4422e-10	1243.252648	1e-08
-2.90888e-10	1243.472783	Auto
-3.18282e-10	1243.900157	1e-09
-2.6058e-10	1244.271174	1e-08
-2.90678e-10	1244.461615	Auto
-2.71485e-10	1244.908833	1e-09
-9.5548e-10	1245.270192	1e-08
-2.91207e-10	1245.496179	Auto
-2.22597e-10	1245.927083	1e-09
-3.2217e-10	1246.288359	1e-08
-2.90871e-10	1246.507406	Auto
-2.98348e-10	1246.944906	1e-09
-1.6842e-10	1247.320815	1e-08
-2.85472e-10	1247.553071	Auto
-2.70778e-10	1247.984983	1e-09
-3.2826e-10	1248.345268	1e-08
-2.63915e-10	1248.564127	Auto
-3.32294e-10	1248.984944	1e-09
-3.1706e-10	1249.343859	1e-08
-2.83984e-10	1249.562845	Auto
-2.912e-10	1249.977026	1e-09
-3.6704e-10	1250.356053	1e-08
-2.90814e-10	1250.58034	Auto
-2.77861e-10	1251.027418	1e-09
-4.4125e-10	1251.380544	1e-08
-2.83986e-10	1251.570061	Auto
-2.77139e-10	1252.016793	1e-09
-3.19e-10	1252.39241	1e-08
-2.83973e-10	1252.625718	Auto
-2.42827e-10	1253.062898	1e-09
-4.0231e-10	1253.419547	1e-08
-2.98413e-10	1253.639583	Auto
-2.84062e-10	1254.063262	1e-09
-8.7996e-10	1254.418685	1e-08
-2.71656e-10	1254.638189	Auto
-2.57922e-10	1255.068942	1e-09
-3.7236e-10	1255.450375	1e-08
-2.91306e-10	1255.675886	Auto
-2.77371e-10	1256.133276	1e-09
-2.7657e-10	1256.494444	1e-08
-2.91401e-10	1256.714682	Auto
-2.9139e-10	1257.172913	1e-09
-3.1324e-10	1257.541831	1e-08
-2.08575e-10	1257.725647	Auto
-2.71322e-10	1258.180848	1e-09
-2.6291e-10	1258.534314	1e-08
-2.83992e-10	1258.760106	Auto
-2.90922e-10	1259.168541	1e-09
-3.104e-10	1259.533092	1e-08
-2.91111e-10	1259.759863	Auto
-2.91115e-10	1260.211602	1e-09
-3.1865e-10	1260.586131	1e-08
-2.9095e-10	1260.812859	Auto
-2.98699e-10	1261.239398	1e-09
-3.2993e-10	1261.604913	1e-08
-2.84014e-10	1261.831641	Auto
-2.63408e-10	1262.289063	1e-09
-2.3629e-10	1262.650309	1e-08
-3.2511e-10	1262.840705	Auto
-2.91717e-10	1263.28892	1e-09
-3.8904e-10	1263.650103	1e-08
-2.90857e-10	1263.869242	Auto
-2.98414e-10	1264.306827	1e-09
-3.1909e-10	1264.6828	1e-08
-2.77648e-10	1264.909571	Auto
-2.84032e-10	1265.357671	1e-09
-2.9732e-10	1265.728388	1e-08
-2.84111e-10	1265.954186	Auto
-2.97714e-10	1266.392963	1e-09
-2.4321e-10	1266.745425	1e-08
-2.98903e-10	1266.965721	Auto
-2.91263e-10	1267.380616	1e-09
-1.1977e-10	1267.745873	1e-08
-2.85448e-10	1267.965198	Auto
-2.91623e-10	1268.396045	1e-09
-5.1956e-10	1268.777333	1e-08
-2.98126e-10	1269.003155	Auto
-2.84244e-10	1269.429113	1e-09
-3.184e-10	1269.781365	1e-08
-3.18455e-10	1270.001727	Auto
-2.77854e-10	1270.41405	1e-09
-3.0982e-10	1270.786136	1e-08
-2.70198e-10	1270.976793	Auto
-2.84902e-10	1271.417373	1e-09
-3.4487e-10	1271.779596	1e-08
-2.98229e-10	1271.999743	Auto
-2.92023e-10	1272.413748	1e-09
-3.4685e-10	1272.793046	1e-08
-2.91051e-10	1273.018561	Auto
-2.97657e-10	1273.476643	1e-09
-2.2384e-10	1273.853689	1e-08
-2.70808e-10	1274.078188	Auto
-2.91623e-10	1274.525245	1e-09
-2.3076e-10	1274.877366	1e-08
-2.77528e-10	1275.097725	Auto
-2.84021e-10	1275.541996	1e-09
-3.2357e-10	1275.895429	1e-08
-2.90913e-10	1276.115693	Auto
-2.83951e-10	1276.547663	1e-09
-3.5908e-10	1276.929126	1e-08
-2.64257e-10	1277.155944	Auto
-2.78861e-10	1277.602875	1e-09
-5.5092e-10	1277.967329	1e-08
-4.4256e-10	1278.19314	Auto
-2.9207e-10	1278.650293	1e-09
-3.0601e-10	1279.01263	1e-08
-2.71193e-10	1279.232796	Auto
-2.63972e-10	1279.647691	1e-09
-3.4619e-10	1280.020865	1e-08
-2.77174e-10	1280.202344	Auto
-2.9126e-10	1280.649425	1e-09
-4.016e-10	1281.018405	1e-08
-2.84022e-10	1281.20085	Auto
-2.85051e-10	1281.639895	1e-09
-4.2561e-10	1282.011894	1e-08
-2.84503e-10	1282.238544	Auto
-2.91206e-10	1282.669428	1e-09
-3.9794e-10	1283.030416	1e-08
-2.83845e-10	1283.249369	Auto
-2.8498e-10	1283.687838	1e-09
-3.3212e-10	1284.0494	1e-08
-2.71001e-10	1284.23958	Auto
-2.64846e-10	1284.687622	1e-09
-3.1511e-10	1285.049964	1e-08
-2.70595e-10	1285.268938	Auto
-2.77969e-10	1285.706417	1e-09
-3.0882e-10	1286.068787	1e-08
-2.84028e-10	1286.288798	Auto
-2.83967e-10	1286.725249	1e-09
-3.5476e-10	1287.087581	1e-08
-2.83824e-10	1287.307698	Auto
-2.7084e-10	1287.745116	1e-09
-3.0822e-10	1288.120259	1e-08
-2.64126e-10	1288.346989	Auto
-2.92506e-10	1288.759647	1e-09
-2.794e-10	1289.132058	1e-08
-2.70109e-10	1289.320224	Auto
-2.77686e-10	1289.761666	1e-09
-3.1602e-10	1290.123743	1e-08
-2.56615e-10	1290.343961	Auto
-2.70438e-10	1290.800053	1e-09
-2.9483e-10	1291.169173	1e-08
-2.70448e-10	1291.351859	Auto
-2.85327e-10	1291.799877	1e-09
-3.754e-10	1292.175916	1e-08
-2.4284e-10	1292.407123	Auto
-2.57066e-10	1292.828059	1e-09
-2.564e-10	1293.179956	1e-08
-2.42841e-10	1293.398057	Auto
-2.63759e-10	1293.836621	1e-09
-2.6934e-10	1294.198966	1e-08
-2.43174e-10	1294.417955	Auto
-2.5653e-10	1294.841885	1e-09
-2.6455e-10	1295.197849	1e-08
-2.36145e-10	1295.417998	Auto
-2.63383e-10	1295.854533	1e-09
-2.4768e-10	1296.216989	1e-08
-2.57224e-10	1296.41219	Auto
-2.5836e-10	1296.853605	1e-09
-2.3478e-10	1297.215779	1e-08
-2.56597e-10	1297.435807	Auto
-2.63525e-10	1297.863558	1e-09
-3.0545e-10	1298.22833	1e-08
-2.42833e-10	1298.454971	Auto
-2.64789e-10	1298.89279	1e-09
-2.4963e-10	1299.254144	1e-08
-2.56574e-10	1299.442393	Auto
-2.56715e-10	1299.87926	1e-09
-2.2278e-10	1300.238309	1e-08
-2.63387e-10	1300.420824	Auto
-2.63403e-10	1300.868874	1e-09
-2.0297e-10	1301.245918	1e-08
-2.56524e-10	1301.477225	Auto
-2.63699e-10	1301.90811	1e-09
-3.6626e-10	1302.269306	1e-08
-3.04708e-10	1302.466545	Auto
-2.56701e-10	1302.906938	1e-09
-2.0849e-10	1303.268261	1e-08
-2.64029e-10	1303.494952	Auto
-2.64736e-10	1303.925871	1e-09
-2.4357e-10	1304.301811	1e-08
-2.49693e-10	1304.534098	Auto
-2.63448e-10	1304.954697	1e-09
-5.1968e-10	1305.3079	1e-08
-2.42829e-10	1305.527986	Auto
-2.65017e-10	1305.963346	1e-09
-2.3415e-10	1306.325826	1e-08
-2.49678e-10	1306.552696	Auto
-2.64501e-10	1306.984641	1e-09
-1.4297e-10	1307.346955	1e-08
-2.49685e-10	1307.541769	Auto
-2.63379e-10	1307.983246	1e-09
-2.1096e-10	1308.345592	1e-08
-2.50206e-10	1308.571246	Auto
-2.57411e-10	1309.001895	1e-09
-1.9626e-10	1309.37743	1e-08
-2.63417e-10	1309.603992	Auto
-2.70291e-10	1310.060052	1e-09
-2.1662e-10	1310.435655	1e-08
-2.36492e-10	1310.661295	Auto
-2.64048e-10	1311.119684	1e-09
-2.0695e-10	1311.481958	1e-08
-2.64293e-10	1311.700016	Auto
-2.70264e-10	1312.131843	1e-09
-2.8439e-10	1312.500707	1e-08
-2.58391e-10	1312.695452	Auto
-2.63504e-10	1313.137946	1e-09
-2.4012e-10	1313.498126	1e-08
-2.63454e-10	1313.687418	Auto
-2.56599e-10	1314.13562	1e-09
-2.2835e-10	1314.50342	1e-08
-2.63415e-10	1314.685023	Auto
-2.70375e-10	1315.133188	1e-09
-2.3263e-10	1315.501067	1e-08
-2.56945e-10	1315.683688	Auto
-2.63475e-10	1316.121789	1e-09
-2.2159e-10	1316.47366	1e-08
-2.90872e-10	1316.693916	Auto
-2.64467e-10	1317.151049	1e-09
-2.0404e-10	1317.526731	1e-08
-2.56663e-10	1317.752314	Auto
-2.56985e-10	1318.207623	1e-09
-1.921e-10	1318.572783	1e-08
-2.63402e-10	1318.792071	Auto
-2.49881e-10	1319.206905	1e-09
-3.5204e-10	1319.571228	1e-08
-2.63922e-10	1319.790296	Auto
-2.70266e-10	1320.204191	1e-09
-2.5043e-10	1320.568428	1e-08
-2.57456e-10	1320.794264	Auto
-1.81607e-10	1321.225341	1e-09
-2.4724e-10	1321.587548	1e-08
-2.63725e-10	1321.80754	Auto
-2.57888e-10	1322.238403	1e-09
-2.8343e-10	1322.606149	1e-08
-2.63391e-10	1322.825162	Auto
-2.57869e-10	1323.262708	1e-09
-2.2568e-10	1323.624894	1e-08
-2.63453e-10	1323.844068	Auto
-2.64019e-10	1324.28266	1e-09
-2.2079e-10	1324.657407	1e-08
-2.63385e-10	1324.890772	Auto
-2.5777e-10	1325.310375	1e-09
-4.7438e-10	1325.662291	1e-08
-2.63608e-10	1325.882592	Auto
-3.18575e-10	1326.296355	1e-09
-2.9938e-10	1326.661767	1e-08
-2.63406e-10	1326.881077	Auto
-2.57171e-10	1327.317413	1e-09
-2.1671e-10	1327.693173	1e-08
-2.56541e-10	1327.918822	Auto
-2.56879e-10	1328.357585	1e-09
-2.1675e-10	1328.719564	1e-08
-2.50056e-10	1328.939904	Auto
-2.49735e-10	1329.364616	1e-09
-2.1454e-10	1329.720584	1e-08
-2.56504e-10	1329.940787	Auto
-2.57785e-10	1330.377259	1e-09
-2.3002e-10	1330.739618	1e-08
-2.85632e-10	1330.959867	Auto
-2.56627e-10	1331.397423	1e-09
-2.3857e-10	1331.766671	1e-08
-2.5756e-10	1331.94842	Auto
-2.56837e-10	1332.396605	1e-09
-5.588e-11	1332.771388	1e-08
-2.42838e-10	1332.997422	Auto
-2.63667e-10	1333.455748	1e-09
-1.37101e-09	1333.816857	1e-08
-2.63483e-10	1334.036547	Auto
-2.64455e-10	1334.460257	1e-09
-2.4748e-10	1334.816017	1e-08
-2.63395e-10	1335.035147	Auto
-2.56816e-10	1335.471069	1e-09
-2.3183e-10	1335.847701	1e-08
-2.6513e-10	1336.073363	Auto
-2.51449e-10	1336.520188	1e-09
-4.5173e-10	1336.871335	1e-08
-2.63392e-10	1337.091696	Auto
-2.70283e-10	1337.515367	1e-09
-2.4504e-10	1337.870097	1e-08
-2.63734e-10	1338.08926	Auto
-2.63665e-10	1338.512003	1e-09
-2.5594e-10	1338.8687	1e-08
-2.57219e-10	1339.088997	Auto
-2.56645e-10	1339.511566	1e-09
-2.2638e-10	1339.867263	1e-08
-2.57276e-10	1340.05662	Auto
-2.56509e-10	1340.503446	1e-09
-4.1125e-10	1340.873743	1e-08
-2.56701e-10	1341.062236	Auto
-2.63467e-10	1341.492405	1e-09
-2.5089e-10	1341.857071	1e-08
-2.57785e-10	1342.090781	Auto
-2.5784e-10	1342.51799	1e-09
-2.2914e-10	1342.896821	1e-08
-2.63415e-10	1343.123546	Auto
-2.63415e-10	1343.58166	1e-09
-2.1676e-10	1343.943986	1e-08
-2.63441e-10	1344.162071	Auto
-2.566e-10	1344.576675	1e-09
-6.1962e-10	1344.941941	1e-08
-2.63547e-10	1345.160171	Auto
-2.58294e-10	1345.591815	1e-09
-2.3536e-10	1345.97314	1e-08
-2.64569e-10	1346.199876	Auto
-2.63541e-10	1346.657108	1e-09
-2.2579e-10	1347.019551	1e-08
-2.77758e-10	1347.245134	Auto
-2.63398e-10	1347.675864	1e-09
-6.986e-11	1348.05169	1e-08
-2.85301e-10	1348.278871	Auto
-2.84839e-10	1348.736068	1e-09
-2.8362e-10	1349.097264	1e-08
-2.84402e-10	1349.316251	Auto
-2.91141e-10	1349.7547	1e-09
-3.3522e-10	1350.123768	1e-08
-3.47028e-10	1350.305415	Auto
-3.46045e-10	1350.753852	1e-09
-2.0165e-10	1351.115164	1e-08
-2.78279e-10	1351.311205	Auto
-2.5697e-10	1351.751751	1e-09
-2.8488e-10	1352.127603	1e-08
-2.77813e-10	1352.353226	Auto
-2.91479e-10	1352.810371	1e-09
-3.4204e-10	1353.185251	1e-08
-2.91196e-10	1353.411844	Auto
-2.83996e-10	1353.869331	1e-09
-3.6986e-10	1354.231798	1e-08
-2.77238e-10	1354.451895	Auto
-2.5772e-10	1354.888337	1e-09
-1.5333e-10	1355.264311	1e-08
-2.77119e-10	1355.489815	Auto
-2.84066e-10	1355.947075	1e-09
-2.4809e-10	1356.308333	1e-08
-2.71545e-10	1356.528539	Auto
-3.19917e-10	1356.953642	1e-09
-2.9071e-10	1357.309584	1e-08
-2.64632e-10	1357.535279	Auto
-2.77627e-10	1357.978258	1e-09
-3.3044e-10	1358.361894	1e-08
-2.78551e-10	1358.5931	Auto
-2.83992e-10	1359.024107	1e-09
-3.2729e-10	1359.385164	1e-08
-2.9087e-10	1359.604183	Auto
-2.92625e-10	1360.018933	1e-09
-2.925e-10	1360.383125	1e-08
-2.84222e-10	1360.602027	Auto
-2.57901e-10	1361.026967	1e-09
-2.4745e-10	1361.380312	1e-08
-2.63261e-10	1361.599298	Auto
-3.39319e-10	1362.013057	1e-09
-4.137e-10	1362.378175	1e-08
-2.91371e-10	1362.597248	Auto
-2.77134e-10	1363.011107	1e-09
-3.2843e-10	1363.375086	1e-08
-2.84228e-10	1363.594154	Auto
-2.84922e-10	1364.018973	1e-09
-3.3386e-10	1364.373432	1e-08
-2.92357e-10	1364.593563	Auto
-2.91447e-10	1365.007385	1e-09
-3.637e-10	1365.372622	1e-08
-2.90908e-10	1365.569816	Auto
-2.56566e-10	1366.001639	1e-09
-3.344e-10	1366.372189	1e-08
-2.852e-10	1366.598881	Auto
-2.83989e-10	1367.030812	1e-09
-3.4641e-10	1367.392585	1e-08
-2.83823e-10	1367.612723	Auto
-2.8397e-10	1368.050275	1e-09
-2.5197e-10	1368.411343	1e-08
-3.59709e-10	1368.607188	Auto
-2.90893e-10	1369.048565	1e-09
-2.638e-10	1369.410633	1e-08
-2.77328e-10	1369.630831	Auto
-2.83962e-10	1370.04465	1e-09
-2.9417e-10	1370.410898	1e-08
-2.5041e-10	1370.637583	Auto
-2.92099e-10	1371.069685	1e-09
-2.989e-10	1371.431898	1e-08
-2.70708e-10	1371.658692	Auto
-2.84011e-10	1372.075068	1e-09
-2.7108e-10	1372.430638	1e-08
-2.50147e-10	1372.650877	Auto
-2.63415e-10	1373.06589	1e-09
-2.3891e-10	1373.430901	1e-08
-2.63334e-10	1373.650172	Auto
-2.70249e-10	1374.08861	1e-09
-7.7853e-10	1374.450854	1e-08
-2.83961e-10	1374.67792	Auto
-2.56693e-10	1375.108694	1e-09
-2.3507e-10	1375.470112	1e-08
-2.63721e-10	1375.689278	Auto
-2.8439e-10	1376.127625	1e-09
-3.1438e-10	1376.502312	1e-08
-2.63521e-10	1376.728032	Auto
-2.97936e-10	1377.165624	1e-09
-3.2741e-10	1377.52784	1e-08
-2.90794e-10	1377.747044	Auto
-2.71295e-10	1378.192531	1e-09
-4.1157e-10	1378.547102	1e-08
-2.77096e-10	1378.773929	Auto
-2.98297e-10	1379.204939	1e-09
-2.6392e-10	1379.565111	1e-08
-2.91384e-10	1379.784213	Auto
-2.84216e-10	1380.198086	1e-09
-4.2207e-10	1380.562277	1e-08
-2.90878e-10	1380.752861	Auto
-2.85114e-10	1381.200091	1e-09
-4.3073e-10	1381.568158	1e-08
-2.90855e-10	1381.751824	Auto
-2.98681e-10	1382.199103	1e-09
-5.106e-10	1382.561649	1e-08
-2.77362e-10	1382.750846	Auto
-2.78931e-10	1383.199076	1e-09
-3.1165e-10	1383.574899	1e-08
-2.64065e-10	1383.801713	Auto
-2.77434e-10	1384.245897	1e-09
1.6107e-10	1384.601663	1e-08
-2.70263e-10	1384.83443	Auto
-2.71911e-10	1385.298326	1e-09
-3.5055e-10	1385.666364	1e-08
-2.84096e-10	1385.849278	Auto
-2.84224e-10	1386.29662	1e-09
-2.7165e-10	1386.658793	1e-08
-2.71667e-10	1386.885007	Auto
-2.70858e-10	1387.323728	1e-09
-3.0271e-10	1387.67834	1e-08
-2.70356e-10	1387.898567	Auto
-2.70562e-10	1388.312262	1e-09
-2.9661e-10	1388.677573	1e-08
-2.64794e-10	1388.897861	Auto
-2.77234e-10	1389.33656	1e-09
-3.294e-10	1389.698815	1e-08
-2.98901e-10	1389.918973	Auto
-3.67112e-10	1390.354326	1e-09
-2.9815e-10	1390.723361	1e-08
-2.91512e-10	1390.905054	Auto
-2.77602e-10	1391.352216	1e-09
-3.4064e-10	1391.728192	1e-08
-2.9097e-10	1391.953734	Auto
-2.78783e-10	1392.411291	1e-09
-4.1108e-10	1392.773597	1e-08
-2.91022e-10	1392.993814	Auto
-3.05784e-10	1393.408962	1e-09
-4.0868e-10	1393.772047	1e-08
-2.49847e-10	1393.991334	Auto
-3.06321e-10	1394.450562	1e-09
-3.1587e-10	1394.825254	1e-08
-2.77967e-10	1395.051016	Auto
-2.90995e-10	1395.465682	1e-09
-3.3013e-10	1395.830052	1e-08
-2.7171e-10	1396.049312	Auto
-2.16073e-10	1396.487699	1e-09
-4.4925e-10	1396.849969	1e-08
-2.84128e-10	1397.068259	Auto
-3.67419e-10	1397.482981	1e-09
-3.6625e-10	1397.847113	1e-08
-3.1218e-10	1398.073094	Auto
-3.26411e-10	1398.497072	1e-09
-5.7295e-10	1398.879596	1e-08
-2.7132e-10	1399.105376	Auto
-2.77527e-10	1399.563668	1e-09
-2.8211e-10	1399.925918	1e-08
-2.70292e-10	1400.145303	Auto
-2.63592e-10	1400.602204	1e-09
-2.3653e-10	1400.978089	1e-08
-2.77291e-10	1401.2049	Auto
-2.78653e-10	1401.631312	1e-09
-3.4052e-10	1401.984557	1e-08
-2.7815e-10	1402.20475	Auto
-2.90903e-10	1402.629635	1e-09
-2.8529e-10	1402.984063	1e-08
-2.70212e-10	1403.203245	Auto
-2.83973e-10	1403.617019	1e-09
-2.7995e-10	1403.982394	1e-08
-2.98418e-10	1404.1729	Auto
-3.19164e-10	1404.620215	1e-09
-3.2944e-10	1404.994906	1e-08
-2.84063e-10	1405.221755	Auto
-2.90898e-10	1405.636588	1e-09
-3.1317e-10	1406.002941	1e-08
-3.18445e-10	1406.221689	Auto
-2.77131e-10	1406.636649	1e-09
-3.6465e-10	1407.002964	1e-08
-2.7708e-10	1407.221745	Auto
-2.85639e-10	1407.646668	1e-09
-2.8908e-10	1408.001093	1e-08
-3.74022e-10	1408.220861	Auto
-2.77124e-10	1408.658341	1e-09
-3.5596e-10	1409.028564	1e-08
-2.84414e-10	1409.210979	Auto
-2.91028e-10	1409.648857	1e-09
-3.5741e-10	1410.020106	1e-08
-2.50302e-10	1410.239	Auto
-2.83981e-10	1410.663744	1e-09
-3.3503e-10	1411.019559	1e-08
-2.70889e-10	1411.239558	Auto
-3.391e-10	1411.653293	1e-09
-3.0949e-10	1412.019918	1e-08
-2.01712e-10	1412.239911	Auto
-2.78109e-10	1412.673355	1e-09
-2.6281e-10	1413.039565	1e-08
-2.78634e-10	1413.25837	Auto
-2.77186e-10	1413.693672	1e-09
-3.2914e-10	1414.05809	1e-08
-2.77437e-10	1414.254041	Auto
-2.84029e-10	1414.694274	1e-09
-2.8993e-10	1415.069073	1e-08
-2.7794e-10	1415.295649	Auto
-2.84881e-10	1415.753901	1e-09
-2.9457e-10	1416.115369	1e-08
-2.71571e-10	1416.311392	Auto
-2.5127e-10	1416.752876	1e-09
-7.2746e-10	1417.11428	1e-08
-2.77143e-10	1417.334615	Auto
-2.77165e-10	1417.748232	1e-09
-2.7567e-10	1418.113636	1e-08
-2.91503e-10	1418.333911	Auto
-3.04611e-10	1418.771385	1e-09
-3.1555e-10	1419.146305	1e-08
-2.78354e-10	1419.372782	Auto
-2.90954e-10	1419.820741	1e-09
-2.3406e-10	1420.172117	1e-08
-2.92399e-10	1420.39117	Auto
-2.56885e-10	1420.822666	1e-09
-2.9356e-10	1421.19178	1e-08
-2.70592e-10	1421.411794	Auto
-2.84204e-10	1421.849081	1e-09
-1.8186e-10	1422.210413	1e-08
-3.45615e-10	1422.429374	Auto
-3.67056e-10	1422.843204	1e-09
-3.2096e-10	1423.207358	1e-08
-2.7065e-10	1423.433242	Auto
-2.8422e-10	1423.86419	1e-09
2.281e-11	1424.226656	1e-08
-2.9092e-10	1424.446166	Auto
-2.98968e-10	1424.882426	1e-09
-4.0073e-10	1425.257226	1e-08
-2.97729e-10	1425.490532	Auto
-2.63437e-10	1425.941269	1e-09
-1.0303e-10	1426.316242	1e-08
-2.64614e-10	1426.542811	Auto
-2.64329e-10	1427.000102	1e-09
-2.8416e-10	1427.361863	1e-08
-2.77119e-10	1427.581067	Auto
-2.70558e-10	1428.038296	1e-09
-3.3441e-10	1428.414959	1e-08
-2.7151e-10	1428.640601	Auto
-2.57184e-10	1429.077948	1e-09
-2.9326e-10	1429.453759	1e-08
-2.63493e-10	1429.678363	Auto
-3.12219e-10	1430.1162	1e-09
-3.3081e-10	1430.478651	1e-08
-2.7087e-10	1430.698733	Auto
-2.77651e-10	1431.135435	1e-09
-3.0344e-10	1431.510224	1e-08
-2.71268e-10	1431.736937	Auto
-2.77175e-10	1432.194335	1e-09
-3.3234e-10	1432.555357	1e-08
-4.50222e-10	1432.775548	Auto
-2.78127e-10	1433.193142	1e-09
-3.665e-10	1433.554365	1e-08
-2.92093e-10	1433.744875	Auto
-2.65269e-10	1434.18219	1e-09
-2.9191e-10	1434.553099	1e-08
-2.84405e-10	1434.772126	Auto
-2.7847e-10	1435.186926	1e-09
-3.7311e-10	1435.558245	1e-08
-2.97786e-10	1435.748637	Auto
-2.98341e-10	1436.179994	1e-09
-3.764e-10	1436.550013	1e-08
-2.91033e-10	1436.769141	Auto
-3.05167e-10	1437.207647	1e-09
-3.3879e-10	1437.569862	1e-08
-2.77132e-10	1437.796649	Auto
-2.84646e-10	1438.213928	1e-09
-2.9236e-10	1438.570701	1e-08
-2.97692e-10	1438.790805	Auto
-3.05653e-10	1439.217067	1e-09
-3.536e-10	1439.569226	1e-08
-3.04944e-10	1439.795183	Auto
-2.85262e-10	1440.238127	1e-09
-1.0361e-10	1440.614701	1e-08
-2.84246e-10	1440.796377	Auto
-2.78653e-10	1441.244568	1e-09
-2.6283e-10	1441.61362	1e-08
-3.46827e-10	1441.79636	Auto
-2.91745e-10	1442.244697	1e-09
-3.3556e-10	1442.606033	1e-08
-2.70324e-10	1442.825088	Auto
-2.63375e-10	1443.24975	1e-09
-2.6221e-10	1443.605556	1e-08
-2.70709e-10	1443.795862	Auto
-2.64118e-10	1444.243988	1e-09
-2.9936e-10	1444.604123	1e-08
-2.85055e-10	1444.823361	Auto
-2.85009e-10	1445.243174	1e-09
-2.8953e-10	1445.60299	1e-08
-2.84894e-10	1445.797883	Auto
-2.8474e-10	1446.239616	1e-09
-5.6097e-10	1446.601808	1e-08
-3.53196e-10	1446.821903	Auto
-2.57286e-10	1447.253093	1e-09
-2.8047e-10	1447.635644	1e-08
-2.56518e-10	1447.868931	Auto
-3.11505e-10	1448.275296	1e-09
-3.4002e-10	1448.64198	1e-08
-2.84462e-10	1448.865396	Auto
-2.85522e-10	1449.296451	1e-09
-3.0719e-10	1449.658711	1e-08
-2.50975e-10	1449.878937	Auto
-2.77557e-10	1450.30384	1e-09
-3.0384e-10	1450.659555	1e-08
-2.78066e-10	1450.885345	Auto
-2.92655e-10	1451.323039	1e-09
-3.1735e-10	1451.67865	1e-08
-2.7723e-10	1451.898907	Auto
-2.90888e-10	1452.322911	1e-09
-3.2187e-10	1452.678668	1e-08
-2.91293e-10	1452.898984	Auto
-2.9151e-10	1453.312041	1e-09
-4.0707e-10	1453.683935	1e-08
-2.8401e-10	1453.86785	Auto
-2.77113e-10	1454.315961	1e-09
-2.6586e-10	1454.676169	1e-08
-2.78312e-10	1454.895256	Auto
-2.71736e-10	1455.333937	1e-09
-2.7912e-10	1455.694076	1e-08
-2.71706e-10	1455.913246	Auto
-2.64807e-10	1456.327112	1e-09
-1.7688e-10	1456.69237	1e-08
-2.7028e-10	1456.912648	Auto
-2.63679e-10	1457.356284	1e-09
-3.2729e-10	1457.711916	1e-08
-2.90906e-10	1457.931188	Auto
-2.97772e-10	1458.368761	1e-09
-3.5703e-10	1458.730029	1e-08
-2.84068e-10	1458.949188	Auto
-2.77362e-10	1459.387771	1e-09
-3.1323e-10	1459.763816	1e-08
-2.58249e-10	1459.995059	Auto
-2.8397e-10	1460.426101	1e-09
-2.598e-10	1460.787234	1e-08
-3.60895e-10	1461.00641	Auto
-2.91403e-10	1461.437864	1e-09
-4.5162e-10	1461.805415	1e-08
-2.77999e-10	1462.031261	Auto
-2.84129e-10	1462.462029	1e-09
-3.0698e-10	1462.830176	1e-08
-2.91211e-10	1463.012964	Auto
-2.92006e-10	1463.449694	1e-09
-2.766e-11	1463.802938	1e-08
-2.77617e-10	1464.023748	Auto
-2.78529e-10	1464.460802	1e-09
-6.331e-11	1464.822789	1e-08
-2.78121e-10	1465.042376	Auto
-2.84531e-10	1465.455865	1e-09
-2.3647e-10	1465.835906	1e-08
-2.70462e-10	1466.068286	Auto
-2.78782e-10	1466.498014	1e-09
-3.0059e-10	1466.859259	1e-08
-2.77884e-10	1467.079568	Auto
-2.65143e-10	1467.503096	1e-09
-3.0417e-10	1467.8589	1e-08
-3.26322e-10	1468.07816	Auto
-2.64149e-10	1468.515575	1e-09
-2.6006e-10	1468.884743	1e-08
-2.64843e-10	1469.066431	Auto
-2.84146e-10	1469.513423	1e-09
-3.397e-10	1469.890534	1e-08
-2.77305e-10	1470.11515	Auto
-3.33407e-10	1470.572344	1e-09
-2.2904e-10	1470.947294	1e-08
-2.36501e-10	1471.179639	Auto
-2.43834e-10	1471.600446	1e-09
-2.8139e-10	1471.965091	1e-08
-2.71625e-10	1472.191717	Auto
-2.63827e-10	1472.639717	1e-09
-3.2295e-10	1473.004306	1e-08
-2.64408e-10	1473.230566	Auto
-3.12385e-10	1473.688684	1e-09
-3.0579e-10	1474.05014	1e-08
-2.70341e-10	1474.239397	Auto
-2.71855e-10	1474.6863	1e-09
-3.0441e-10	1475.061104	1e-08
-2.57621e-10	1475.285315	Auto
-2.84144e-10	1475.744605	1e-09
-3.3478e-10	1476.106969	1e-08
-2.77178e-10	1476.32477	Auto
-2.71088e-10	1476.756719	1e-09
-3.543e-10	1477.138331	1e-08
-2.64549e-10	1477.363741	Auto
-2.70345e-10	1477.80126	1e-09
-3.0482e-10	1478.163659	1e-08
-2.63396e-10	1478.383065	Auto
-2.9114e-10	1478.819373	1e-09
-3.6111e-10	1479.181843	1e-08
-2.77279e-10	1479.401014	Auto
-2.71611e-10	1479.83955	1e-09
-3.8396e-10	1480.201097	1e-08
-2.84761e-10	1480.419975	Auto
-2.71735e-10	1480.833694	1e-09
-4.0025e-10	1481.199216	1e-08
-2.91191e-10	1481.417127	Auto
-2.84231e-10	1481.83187	1e-09
-3.0442e-10	1482.197437	1e-08
-2.63396e-10	1482.392223	Auto
-2.56563e-10	1482.834681	1e-09
-2.7664e-10	1483.209292	1e-08
-2.6339e-10	1483.435984	Auto
-2.63747e-10	1483.858669	1e-09
-2.9356e-10	1484.215606	1e-08
-2.77212e-10	1484.43462	Auto
-2.65264e-10	1484.848391	1e-09
-2.9301e-10	1485.2149	1e-08
-2.78959e-10	1485.434142	Auto
-2.63417e-10	1485.847742	1e-09
-2.5519e-10	1486.227856	1e-08
-2.70523e-10	1486.453331	Auto
-2.51265e-10	1486.911631	1e-09
-3.1683e-10	1487.273018	1e-08
-4.9022e-11	1487.492075	Auto
-2.77752e-10	1488.070907	1e-09
-2.8072e-10	1488.445668	1e-08
-2.70272e-10	1488.67142	Auto
-2.5655e-10	1489.109142	1e-09
-8.9254e-10	1489.470366	1e-08
-2.70971e-10	1489.660962	Auto
-2.64012e-10	1490.096058	1e-09
-3.3844e-10	1490.44824	1e-08
-2.78267e-10	1490.66714	Auto
-2.77177e-10	1491.081879	1e-09
-3.1025e-10	1491.446202	1e-08
-2.84327e-10	1491.665317	Auto
-2.77345e-10	1492.089373	1e-09
-3.7669e-10	1492.45181	1e-08
-2.84622e-10	1492.635612	Auto
-2.91063e-10	1493.080597	1e-09
-3.773e-10	1493.445965	1e-08
-2.84968e-10	1493.664028	Auto
-2.70611e-10	1494.087986	1e-09
-3.7059e-10	1494.443717	1e-08
-3.18556e-10	1494.670538	Auto
-2.64859e-10	1495.087029	1e-09
-6.3504e-10	1495.442607	1e-08
-2.7089e-10	1495.662793	Auto
-2.70266e-10	1496.087942	1e-09
-5.613e-10	1496.44818	1e-08
-2.50304e-10	1496.63103	Auto
-2.77146e-10	1497.068008	1e-09
-6.6476e-10	1497.433676	1e-08
-2.77387e-10	1497.66079	Auto
-2.57527e-10	1498.074619	1e-09
-2.5821e-10	1498.454589	1e-08
-2.84429e-10	1498.68016	Auto
-2.77206e-10	1499.13853	1e-09
-2.949e-11	1499.500868	1e-08
-2.64302e-10	1499.720401	Auto
-2.57496e-10	1500.158058	1e-09
-2.9071e-10	1500.519126	1e-08
-2.78621e-10	1500.708426	Auto
-2.71067e-10	1501.156624	1e-09
-3.2485e-10	1501.518676	1e-08
-2.70445e-10	1501.7388	Auto
-2.7774e-10	1502.176395	1e-09
-3.5522e-10	1502.53726	1e-08
-2.78901e-10	1502.756268	Auto
-2.78083e-10	1503.18008	1e-09
-1.29013e-09	1503.536681	1e-08
-2.6358e-10	1503.755134	Auto
-2.77399e-10	1504.176046	1e-09
-3.9748e-10	1504.53465	1e-08
-2.84146e-10	1504.754906	Auto
-2.85165e-10	1505.212159	1e-09
-3.7242e-10	1505.587881	1e-08
-2.84153e-10	1505.813435	Auto
-2.70678e-10	1506.262673	1e-09
-3.2766e-10	1506.634862	1e-08
-2.70439e-10	1506.854038	Auto
-2.77895e-10	1507.268991	1e-09
-3.345e-10	1507.633544	1e-08
-2.84239e-10	1507.853777	Auto
-2.63402e-10	1508.292562	1e-09
-2.7376e-10	1508.666131	1e-08
-2.84241e-10	1508.892938	Auto
-2.98798e-10	1509.307744	1e-09
-3.207e-10	1509.67328	1e-08
-2.71201e-10	1509.891395	Auto
-2.64625e-10	1510.315101	1e-09
-2.2546e-10	1510.671869	1e-08
-2.70971e-10	1510.89112	Auto
-2.70672e-10	1511.318599	1e-09
-2.1135e-10	1511.670729	1e-08
-2.51574e-10	1511.890018	Auto
-2.56605e-10	1512.304111	1e-09
-2.2769e-10	1512.668191	1e-08
-2.64968e-10	1512.858737	Auto
-2.64983e-10	1513.313842	1e-09
-2.4406e-10	1513.669532	1e-08
-2.6515e-10	1513.888656	Auto
-2.83996e-10	1514.326332	1e-09
-2.4175e-10	1514.688676	1e-08
-2.50121e-10	1514.878173	Auto
-2.15409e-10	1515.325131	1e-09
-2.1113e-10	1515.700994	1e-08
-2.6367e-10	1515.925605	Auto
-2.56694e-10	1516.383043	1e-09
-2.1535e-10	1516.74435	1e-08
-2.57908e-10	1516.964722	Auto
-2.70749e-10	1517.377307	1e-09
-4.2935e-10	1517.743902	1e-08
-2.63447e-10	1517.97083	Auto
-2.72087e-10	1518.401897	1e-09
-9.3935e-10	1518.763	1e-08
-2.15464e-10	1518.982275	Auto
-2.65022e-10	1519.405029	1e-09
-2.2706e-10	1519.761869	1e-08
-2.71288e-10	1519.957897	Auto
-2.64927e-10	1520.399612	1e-09
-3.4837e-10	1520.761893	1e-08
-2.56447e-10	1520.987588	Auto
-2.56947e-10	1521.419657	1e-09
-2.579e-10	1521.781563	1e-08
-2.49691e-10	1522.001772	Auto
-2.57635e-10	1522.438881	1e-09
-2.0718e-10	1522.815648	1e-08
-2.84e-10	1523.040158	Auto
-2.63563e-10	1523.497247	1e-09
-2.2237e-10	1523.85834	1e-08
-2.5653e-10	1524.078666	Auto
-2.70669e-10	1524.509294	1e-09
-2.3445e-10	1524.897306	1e-08
-2.43292e-10	1525.117539	Auto
-2.63919e-10	1525.554871	1e-09
-2.4511e-10	1525.916101	1e-08
-2.56858e-10	1526.135377	Auto
-2.57013e-10	1526.561443	1e-09
-2.4599e-10	1526.921613	1e-08
-3.61684e-11	1527.114701	Auto
-2.70354e-10	1527.700564	1e-09
-2.617e-10	1528.053152	1e-08
-2.6512e-10	1528.272188	Auto
-2.56639e-10	1528.686166	1e-09
-2.6811e-10	1529.051635	1e-08
-2.57823e-10	1529.271577	Auto
-2.56612e-10	1529.698877	1e-09
-2.14e-10	1530.05129	1e-08
-2.576e-10	1530.239442	Auto
-2.57053e-10	1530.676378	1e-09
-2.2951e-10	1531.041083	1e-08
-2.64215e-10	1531.267532	Auto
-3.13134e-10	1531.725721	1e-09
-3.0951e-10	1532.087091	1e-08
-2.64682e-10	1532.313675	Auto
-2.70323e-10	1532.727915	1e-09
-3.9227e-10	1533.086812	1e-08
-2.63789e-10	1533.306825	Auto
-2.63508e-10	1533.743142	1e-09
-2.5726e-10	1534.105784	1e-08
-2.64758e-10	1534.325811	Auto
-2.6432e-10	1534.756612	1e-09
-1.4599e-10	1535.131292	1e-08
-2.63567e-10	1535.321769	Auto
-2.70246e-10	1535.762235	1e-09
-3.126e-10	1536.123567	1e-08
-2.7031e-10	1536.343604	Auto
-2.70816e-10	1536.768546	1e-09
-2.1085e-10	1537.123368	1e-08
-2.64192e-10	1537.312758	Auto
-2.63463e-10	1537.750824	1e-09
-2.7978e-10	1538.10293	1e-08
-2.64898e-10	1538.322113	Auto
-2.64053e-10	1538.759606	1e-09
-1.3645e-10	1539.121074	1e-08
-2.64205e-10	1539.34012	Auto
-2.57334e-10	1539.754763	1e-09
-2.5542e-10	1540.11914	1e-08
-2.63866e-10	1540.315132	Auto
-2.64909e-10	1540.755442	1e-09
-2.3176e-10	1541.117896	1e-08
-2.63438e-10	1541.336766	Auto
-2.63505e-10	1541.751685	1e-09
-2.5427e-10	1542.131666	1e-08
-2.63472e-10	1542.363658	Auto
-2.98624e-10	1542.795606	1e-09
-1.98e-10	1543.157001	1e-08
-2.4423e-10	1543.376046	Auto
-2.56545e-10	1543.802344	1e-09
-8.9975e-10	1544.167002	1e-08
-2.64374e-10	1544.393923	Auto
-2.7054e-10	1544.827245	1e-09
-2.5734e-10	1545.192906	1e-08
-2.70827e-10	1545.412967	Auto
-3.26332e-10	1545.84368	1e-09
-2.6127e-10	1546.211371	1e-08
-2.71058e-10	1546.430305	Auto
-2.56772e-10	1546.843939	1e-09
-2.3705e-10	1547.208444	1e-08
-2.77371e-10	1547.398723	Auto
-2.64357e-10	1547.8467	1e-09
-2.7682e-10	1548.20802	1e-08
-2.64057e-10	1548.4269	Auto
-2.70436e-10	1548.865537	1e-09
-2.1231e-10	1549.227947	1e-08
-2.57749e-10	1549.415964	Auto
-2.56486e-10	1549.862038	1e-09
-2.662e-10	1550.223241	1e-08
-2.63417e-10	1550.442272	Auto
-2.63849e-10	1550.870698	1e-09
-2.7551e-10	1551.222001	1e-08
-2.63477e-10	1551.441013	Auto
-2.64252e-10	1551.867213	1e-09
-2.6775e-10	1552.220611	1e-08
-2.78271e-10	1552.4397	Auto
-3.18555e-10	1552.864707	1e-09
-2.3419e-10	1553.220564	1e-08
-2.70765e-10	1553.439565	Auto
-2.65073e-10	1553.863291	1e-09
-2.2684e-10	1554.218128	1e-08
-2.6332e-10	1554.444045	Auto
-3.25218e-10	1554.881528	1e-09
-2.2573e-10	1555.236369	1e-08
-2.63865e-10	1555.456532	Auto
-2.6355e-10	1555.886284	1e-09
-2.3525e-10	1556.268887	1e-08
-2.63389e-10	1556.501276	Auto
-2.50053e-10	1556.917272	1e-09
-3.1086e-10	1557.273974	1e-08
-2.70502e-10	1557.468831	Auto
-2.64105e-10	1557.909368	1e-09
-3.9779e-10	1558.271871	1e-08
-2.65037e-10	1558.490745	Auto
-2.44219e-10	1558.92207	1e-09
-2.427e-10	1559.290018	1e-08
-2.71409e-10	1559.50885	Auto
-2.78987e-10	1559.923601	1e-09
-3.007e-10	1560.288206	1e-08
-2.71813e-10	1560.507323	Auto
-2.64935e-10	1560.938053	1e-09
-2.1781e-10	1561.306987	1e-08
-2.70689e-10	1561.494102	Auto
-2.77522e-10	1561.941172	1e-09
-2.5229e-10	1562.303554	1e-08
-2.63577e-10	1562.49274	Auto
-2.64355e-10	1562.930025	1e-09
-2.276e-10	1563.295898	1e-08
-2.70259e-10	1563.52026	Auto
-2.70752e-10	1563.977431	1e-09
-2.5988e-10	1564.352294	1e-08
-2.65216e-10	1564.578714	Auto
-2.56441e-10	1565.035792	1e-09
-2.1875e-10	1565.397861	1e-08
-2.64735e-10	1565.624802	Auto
-2.58332e-10	1566.031837	1e-09
-3.3753e-10	1566.397107	1e-08
-3.73492e-10	1566.61602	Auto
-2.98826e-10	1567.029817	1e-09
-1.9999e-10	1567.402886	1e-08
-2.63993e-10	1567.585604	Auto
-2.63365e-10	1568.022448	1e-09
-2.4106e-10	1568.37316	1e-08
-2.57368e-10	1568.599128	Auto
-2.6341e-10	1569.029048	1e-09
-1.9719e-10	1569.390234	1e-08
-2.58041e-10	1569.616953	Auto
-2.49819e-10	1570.046593	1e-09
-4.963e-11	1570.421272	1e-08
-2.22277e-10	1570.647214	Auto
-2.50414e-10	1571.103072	1e-09
-2.3207e-10	1571.478781	1e-08
-2.6344e-10	1571.704349	Auto
-2.57223e-10	1572.16139	1e-09
-2.4595e-10	1572.536084	1e-08
-2.58326e-10	1572.761557	Auto
-2.56787e-10	1573.219817	1e-09
-2.0161e-10	1573.581072	1e-08
-2.56539e-10	1573.806665	Auto
-2.43833e-10	1574.228565	1e-09
-2.0142e-10	1574.599405	1e-08
-2.56582e-10	1574.818329	Auto
-2.71247e-10	1575.231176	1e-09
-2.2789e-10	1575.595242	1e-08
-2.70272e-10	1575.814279	Auto
-2.71837e-10	1576.238931	1e-09
-2.8609e-10	1576.594711	1e-08
-2.64026e-10	1576.783946	Auto
-2.63803e-10	1577.220367	1e-09
-2.5772e-10	1577.591144	1e-08
-2.6341e-10	1577.809983	Auto
-2.70559e-10	1578.223079	1e-09
-2.947e-10	1578.587296	1e-08
-2.64154e-10	1578.812866	Auto
-2.71498e-10	1579.250267	1e-09
-3.5942e-10	1579.605859	1e-08
-2.64362e-10	1579.83154	Auto
-2.50775e-10	1580.261308	1e-09
-7.799e-11	1580.636111	1e-08
-2.43692e-10	1580.862276	Auto
-2.42969e-10	1581.318127	1e-09
-1.9037e-10	1581.693868	1e-08
-2.49768e-10	1581.919697	Auto
-2.51112e-10	1582.356269	1e-09
-2.1566e-10	1582.718754	1e-08
-2.49757e-10	1582.937793	Auto
-2.57847e-10	1583.381245	1e-09
-2.3285e-10	1583.73686	1e-08
-2.58437e-10	1583.955001	Auto
-2.64008e-10	1584.368747	1e-09
-1.8566e-10	1584.748796	1e-08
-2.58153e-10	1584.973423	Auto
-2.63727e-10	1585.421566	1e-09
-2.4754e-10	1585.798217	1e-08
-2.70289e-10	1585.98884	Auto
-2.57743e-10	1586.418242	1e-09
-3.4585e-10	1586.77615	1e-08
-2.64112e-10	1586.958875	Auto
-2.64476e-10	1587.406089	1e-09
-2.6131e-10	1587.781833	1e-08
-2.77308e-10	1588.007573	Auto
-2.7888e-10	1588.453272	1e-09
-2.9295e-10	1588.805182	1e-08
-2.71243e-10	1589.024294	Auto
-2.64613e-10	1589.45042	1e-09
-2.7022e-10	1589.802668	1e-08
-2.70155e-10	1590.028629	Auto
-2.84186e-10	1590.458173	1e-09
-3.326e-10	1590.819361	1e-08
-2.64649e-10	1591.039604	Auto
-2.63596e-10	1591.476918	1e-09
-2.4881e-10	1591.838158	1e-08
-2.70262e-10	1592.057277	Auto
-2.9182e-10	1592.500393	1e-09
-2.2841e-10	1592.854983	1e-08
-2.64532e-10	1593.073175	Auto
-2.64127e-10	1593.509358	1e-09
-2.6561e-10	1593.871787	1e-08
-2.57191e-10	1594.098645	Auto
-1.88017e-10	1594.505858	1e-09
-2.5037e-10	1594.870097	1e-08
-2.78336e-10	1595.089327	Auto
-2.63397e-10	1595.516689	1e-09
-2.2827e-10	1595.88143	1e-08
-2.71116e-10	1596.107138	Auto
-2.71424e-10	1596.563205	1e-09
-1.3183e-10	1596.924374	1e-08
-2.71131e-10	1597.144544	Auto
-2.77673e-10	1597.557235	1e-09
-2.3938e-10	1597.922678	1e-08
-2.72054e-10	1598.112154	Auto
-2.63563e-10	1598.559095	1e-09
-2.3428e-10	1598.933815	1e-08
-2.71427e-10	1599.16641	Auto
-2.77117e-10	1599.596086	1e-09
-2.3406e-10	1599.957326	1e-08
-2.7042e-10	1600.146714	Auto
-2.77716e-10	1600.594658	1e-09
-2.5571e-10	1600.969274	1e-08
-2.77356e-10	1601.195862	Auto
-2.72061e-10	1601.652817	1e-09
-2.6665e-10	1602.01491	1e-08
-5.03361e-10	1602.234839	Auto
-2.71289e-10	1602.651359	1e-09
-3.0209e-10	1603.013713	1e-08
-2.70392e-10	1603.233578	Auto
-2.70385e-10	1603.663276	1e-09
-2.8293e-10	1604.045778	1e-08
-3.04571e-10	1604.271153	Auto
-2.70678e-10	1604.727127	1e-09
-3.2239e-10	1605.089642	1e-08
-2.7032e-10	1605.286704	Auto
-2.70491e-10	1605.726064	1e-09
-3.6396e-10	1606.08731	1e-08
-2.83928e-10	1606.276564	Auto
-2.70696e-10	1606.724565	1e-09
-2.7273e-10	1607.086872	1e-08
-2.70437e-10	1607.275025	Auto
-2.7188e-10	1607.722174	1e-09
-2.8382e-10	1608.083207	1e-08
-2.56538e-10	1608.301029	Auto
-2.64463e-10	1608.725014	1e-09
-2.694e-10	1609.08005	1e-08
-2.70649e-10	1609.305588	Auto
-2.7882e-10	1609.736283	1e-09
-2.7178e-10	1610.098782	1e-08
-2.64243e-10	1610.293446	Auto
-2.63871e-10	1610.734985	1e-09
-2.2286e-10	1611.095243	1e-08
-2.64396e-10	1611.313102	Auto
-2.63748e-10	1611.727883	1e-09
-2.4673e-10	1612.092372	1e-08
-2.77182e-10	1612.311424	Auto
-2.77325e-10	1612.754399	1e-09
-2.102e-10	1613.10914	1e-08
-2.71055e-10	1613.328218	Auto
-2.7061e-10	1613.7656	1e-09
-2.4563e-10	1614.127872	1e-08
-4.6968e-10	1614.347039	Auto
-2.63426e-10	1614.764705	1e-09
-2.0536e-10	1615.12611	1e-08
-2.64105e-10	1615.351723	Auto
-2.6344e-10	1615.783668	1e-09
-2.4411e-10	1616.145758	1e-08
-3.87348e-10	1616.365002	Auto
-2.70892e-10	1616.778584	1e-09
-2.9196e-10	1617.143009	1e-08
-2.71954e-10	1617.362159	Auto
-2.77109e-10	1617.800556	1e-09
-3.0005e-10	1618.17424	1e-08
-2.71911e-10	1618.400972	Auto
-2.70955e-10	1618.837282	1e-09
-2.8866e-10	1619.212093	1e-08
-2.77622e-10	1619.436381	Auto
-2.77572e-10	1619.894735	1e-09
-1.457e-10	1620.256285	1e-08
-2.70361e-10	1620.451074	Auto
-2.71995e-10	1620.881423	1e-09
-2.7859e-10	1621.246367	1e-08
-2.70238e-10	1621.471752	Auto
-2.7026e-10	1621.929021	1e-09
-2.7447e-10	1622.291692	1e-08
-2.78517e-10	1622.510598	Auto
-2.6425e-10	1622.924338	1e-09
-3.9315e-10	1623.289613	1e-08
-2.63634e-10	1623.509695	Auto
-2.70236e-10	1623.946181	1e-09
-2.5147e-10	1624.321042	1e-08
-2.63468e-10	1624.545317	Auto
-2.63726e-10	1625.003569	1e-09
-2.4974e-10	1625.378023	1e-08
-2.63456e-10	1625.610245	Auto
-2.63398e-10	1626.040884	1e-09
-2.4549e-10	1626.409767	1e-08
-2.64371e-10	1626.593544	Auto
-2.64096e-10	1627.040667	1e-09
-2.522e-10	1627.402901	1e-08
-2.63286e-10	1627.622941	Auto
-2.70242e-10	1628.058119	1e-09
-2.3147e-10	1628.432297	1e-08
-2.63706e-10	1628.658849	Auto
-2.63305e-10	1629.116284	1e-09
-2.7413e-10	1629.476417	1e-08
-2.57127e-10	1629.665679	Auto
-3.46885e-10	1630.113927	1e-09
-4.237e-10	1630.475165	1e-08
-2.70291e-10	1630.664695	Auto
-2.77439e-10	1631.11282	1e-09
-3.0228e-10	1631.487575	1e-08
-2.71455e-10	1631.713141	Auto
-2.56551e-10	1632.169171	1e-09
-2.7557e-10	1632.544954	1e-08
-2.70845e-10	1632.768349	Auto
-2.49788e-10	1633.226714	1e-09
-2.6158e-10	1633.5889	1e-08
-2.63703e-10	1633.807927	Auto
-2.58359e-10	1634.241269	1e-09
-3.7479e-10	1634.606572	1e-08
-2.90831e-10	1634.795812	Auto
-2.56657e-10	1635.250022	1e-09
-2.8059e-10	1635.604602	1e-08
-2.70834e-10	1635.824869	Auto
-2.63436e-10	1636.248975	1e-09
-2.5607e-10	1636.601141	1e-08
-2.63784e-10	1636.820324	Auto
-3.12678e-10	1637.234127	1e-09
-2.4908e-10	1637.598394	1e-08
-2.63673e-10	1637.816304	Auto
-2.63589e-10	1638.260769	1e-09
-2.4922e-10	1638.61536	1e-08
-2.6344e-10	1638.840047	Auto
-2.4991e-10	1639.270914	1e-09
-2.4225e-10	1639.639916	1e-08
-2.57243e-10	1639.82257	Auto
-2.64032e-10	1640.269768	1e-09
-2.4278e-10	1640.638871	1e-08
-2.63673e-10	1640.82729	Auto
-2.63721e-10	1641.27462	1e-09
-2.3569e-10	1641.629186	1e-08
-2.70719e-10	1641.81731	Auto
-2.63641e-10	1642.264598	1e-09
-2.003e-10	1642.626888	1e-08
-2.56756e-10	1642.815448	Auto
-2.56433e-10	1643.261446	1e-09
-2.0918e-10	1643.62368	1e-08
-2.64941e-10	1643.848221	Auto
-2.70254e-10	1644.255419	1e-09
-1.19315e-09	1644.620728	1e-08
-2.57274e-10	1644.838193	Auto
-2.63389e-10	1645.276655	1e-09
-2.4836e-10	1645.637793	1e-08
-3.6e-10	1645.857976	Auto
-2.63602e-10	1646.280641	1e-09
-1.9088e-10	1646.635061	1e-08
-2.64932e-10	1646.860596	Auto
-2.64772e-10	1647.291565	1e-09
-2.5445e-10	1647.653622	1e-08
-2.4283e-10	1647.872685	Auto
-2.56863e-10	1648.310226	1e-09
-2.0265e-10	1648.670128	1e-08
-2.57433e-10	1648.889328	Auto
-2.57352e-10	1649.326829	1e-09
-2.1503e-10	1649.687043	1e-08
-2.63416e-10	1649.906271	Auto
-2.638e-10	1650.343697	1e-09
-2.4207e-10	1650.704024	1e-08
-2.63583e-10	1650.899215	Auto
-2.63414e-10	1651.340669	1e-09
-2.0507e-10	1651.714431	1e-08
-2.63513e-10	1651.940156	Auto
-2.63977e-10	1652.38615	1e-09
-2.1863e-10	1652.744942	1e-08
-2.57435e-10	1652.926678	Auto
-2.63381e-10	1653.374965	1e-09
-1.857e-10	1653.734109	1e-08
-2.49878e-10	1653.953385	Auto
-2.56846e-10	1654.366021	1e-09
-1.8012e-10	1654.730247	1e-08
-2.56798e-10	1654.92068	Auto
-2.56619e-10	1655.367948	1e-09
-1.7601e-10	1655.728071	1e-08
-2.63418e-10	1655.94605	Auto
-2.56912e-10	1656.377675	1e-09
-1.9581e-10	1656.746753	1e-08
-2.56706e-10	1656.935038	Auto
-2.57825e-10	1657.38101	1e-09
-1.7749e-10	1657.742188	1e-08
-2.50368e-10	1657.968952	Auto
-2.49701e-10	1658.398891	1e-09
-1.9199e-10	1658.773599	1e-08
-2.56585e-10	1658.999276	Auto
-2.56606e-10	1659.455394	1e-09
-4.2318e-10	1659.817817	1e-08
-2.50023e-10	1660.043557	Auto
-2.56779e-10	1660.464011	1e-09
-1.6306e-10	1660.81515	1e-08
-2.5051e-10	1661.034333	Auto
-2.50473e-10	1661.447819	1e-09
-1.3895e-10	1661.812259	1e-08
-3.87531e-10	1662.031383	Auto
-2.56912e-10	1662.468618	1e-09
-1.6962e-10	1662.830849	1e-08
-2.49836e-10	1663.049913	Auto
-2.56542e-10	1663.486255	1e-09
-1.4041e-10	1663.848529	1e-08
-2.51161e-10	1664.068814	Auto
-2.50825e-10	1664.505133	1e-09
-1.6366e-10	1664.880812	1e-08
-2.49753e-10	1665.105299	Auto
-2.36635e-10	1665.563707	1e-09
-1.5741e-10	1665.924828	1e-08
-2.50523e-10	1666.144983	Auto
-2.50531e-10	1666.570126	1e-09
-1.7381e-10	1666.921099	1e-08
-2.50221e-10	1667.14027	Auto
-2.5654e-10	1667.566392	1e-09
-1.596e-10	1667.917371	1e-08
-2.43668e-10	1668.143176	Auto
-2.3694e-10	1668.559357	1e-09
-1.454e-10	1668.914002	1e-08
-2.43127e-10	1669.133206	Auto
-2.29242e-10	1669.569448	1e-09
-1.5599e-10	1669.93068	1e-08
-2.51564e-10	1670.150902	Auto
-2.49878e-10	1670.587322	1e-09
-1.5428e-10	1670.94954	1e-08
-2.56985e-10	1671.17426	Auto
-2.57893e-10	1671.60501	1e-09
-1.328e-10	1671.96523	1e-08
-2.44095e-10	1672.18556	Auto
-2.497e-10	1672.622821	1e-09
-1.8781e-10	1672.984898	1e-08
-2.5038e-10	1673.204022	Auto
-2.72008e-10	1673.64016	1e-09
-2.5143e-10	1674.001139	1e-08
-2.56619e-10	1674.196874	Auto
-2.57791e-10	1674.62737	1e-09
-1.5696e-10	1674.998369	1e-08
-2.51138e-10	1675.223242	Auto
-2.77619e-10	1675.630388	1e-09
-1.1553e-10	1675.995812	1e-08
-2.49699e-10	1676.184223	Auto
-2.49676e-10	1676.631203	1e-09
-1.406e-10	1676.991289	1e-08
-2.49907e-10	1677.211606	Auto
-2.35969e-10	1677.655051	1e-09
-1.5839e-10	1678.010676	1e-08
-2.49728e-10	1678.228392	Auto
-2.5037e-10	1678.673972	1e-09
-1.8016e-10	1679.040936	1e-08
-2.49928e-10	1679.266397	Auto
-2.36123e-10	1679.723422	1e-09
-1.4324e-10	1680.08477	1e-08
-2.4305e-10	1680.304932	Auto
-2.15778e-10	1680.741264	1e-09
-6.926e-11	1681.116072	1e-08
-2.42836e-10	1681.342142	Auto
-2.43723e-10	1681.798211	1e-09
-8.259e-11	1682.160796	1e-08
-2.42999e-10	1682.379375	Auto
-2.35918e-10	1682.809008	1e-09
-1.0106e-10	1683.191557	1e-08
-2.56562e-10	1683.416995	Auto
-2.42892e-10	1683.873035	1e-09
-8.533e-11	1684.241191	1e-08
-2.42843e-10	1684.424594	Auto
-2.3665e-10	1684.871757	1e-09
-5.076e-11	1685.24769	1e-08
-1.498836e-11	1685.473701	Auto
-2.70269e-10	1686.172751	1e-09
-1.445e-11	1686.545302	1e-08
-3.04429e-10	1686.771264	Auto
-2.36029e-10	1687.198876	1e-09
-7.68e-12	1687.569769	1e-08
-2.36345e-10	1687.790938	Auto
-2.37e-10	1688.226414	1e-09
-5.754e-11	1688.587262	1e-08
-2.42874e-10	1688.783628	Auto
-2.36925e-10	1689.224173	1e-09
-2.031e-11	1689.598934	1e-08
-2.3598e-10	1689.824964	Auto
-2.35966e-10	1690.281323	1e-09
-4.166e-11	1690.655962	1e-08
-2.43084e-10	1690.887871	Auto
-2.63381e-10	1691.308641	1e-09
-1.1859e-10	1691.660867	1e-08
-2.08571e-10	1691.879895	Auto
-2.22272e-10	1692.317709	1e-09
4.124e-11	1692.679047	1e-08
-2.15566e-10	1692.897437	Auto
-2.15612e-10	1693.324722	1e-09
3.68e-11	1693.676911	1e-08
-2.08568e-10	1693.902345	Auto
-2.15417e-10	1694.339141	1e-09
9.517e-11	1694.693828	1e-08
-2.15538e-10	1694.919391	Auto
-2.307e-10	1695.356283	1e-09
-9.8e-12	1695.723451	1e-08
-2.08685e-10	1695.94912	Auto
-2.15498e-10	1696.405301	1e-09
1.1788e-10	1696.765183	1e-08
-2.22269e-10	1696.984355	Auto
-1.81166e-10	1697.421835	1e-09
1.3049e-10	1697.790834	1e-08
1.26625e-12	1697.979204	Auto
3.1221e-11	1698.680159	1e-10
-2.08567e-10	1699.019852	1e-09
-4.2791e-12	1699.278171	Auto
-5.00911e-11	1699.891995	1e-10
-1.94872e-10	1700.235252	1e-09
4.8219e-13	1700.494581	Auto
-4.09402e-11	1701.108239	1e-10
-1.26368e-10	1701.45282	1e-09
2.11656e-12	1701.711229	Auto
4.36231e-11	1702.344724	1e-10
-1.60619e-10	1702.689038	1e-09
9.73929e-12	1702.954188	Auto
1.100585e-10	1703.580424	1e-10
-1.4007e-10	1703.919661	1e-09
3.40098e-11	1704.192616	Auto
9.9e+37	1704.645964	1e-11
1.242439e-10	1705.005337	1e-10
1.27824e-10	1705.192937	Auto
1.320766e-10	1705.531061	100000000000000000000000000000000000000
8.78179e-11	1705.881257	1000000000000000000000000000000000000000
9.5554e-11	1706.077207	Auto
-9.212e-11	1706.412018	1e-09
6.3373e-10	1706.785847	1e-08
2.63381e-11	1706.994644	Auto
-7.8418e-11	1707.570877	1e-09
6.6774e-10	1707.948294	1e-08
2.57766e-11	1708.179806	Auto
-8.5269e-11	1708.759621	1e-09
9.9439e-10	1709.112843	1e-08
5.56046e-11	1709.308082	Auto
-8.5269e-11	1709.88822	1e-09
1.02509e-09	1710.248958	1e-08
4.62179e-11	1710.442	Auto
-5.7871e-11	1711.024025	1e-09
9.4588e-10	1711.383961	1e-08
4.94087e-11	1711.602291	Auto
-3.0468e-11	1712.179039	1e-09
1.0246e-09	1712.553993	1e-08
5.39232e-11	1712.77541	Auto
-2.3619e-11	1713.375713	1e-09
1.14106e-09	1713.735109	1e-08
5.36009e-11	1713.953546	Auto
1.748e-11	1714.533747	1e-09
6.9711e-10	1714.893068	1e-08
6.29339e-11	1715.088419	Auto
-1.677e-11	1715.669884	1e-09
1.03782e-09	1716.029141	1e-08
5.15077e-11	1716.223932	Auto
-1.6771e-11	1716.806077	1e-09
7.0021e-10	1717.180227	1e-08
4.81932e-11	1717.40508	Auto
-1.6769e-11	1717.982944	1e-09
1.4403e-09	1718.349389	1e-08
6.8918e-11	1718.549082	Auto
1.7482e-11	1719.138988	1e-09
1.55853e-09	1719.497031	1e-08
7.9006e-11	1719.722238	Auto
1.13387e-10	1720.293143	1e-09
1.74701e-09	1720.667895	1e-08
8.26154e-11	1720.899876	Auto
1.8189e-10	1721.472725	1e-09
1.9184e-09	1721.832909	1e-08
9.86649e-11	1722.057157	Auto
5.1731e-11	1722.629798	1e-09
1.88313e-09	1722.997175	1e-08
2.11989e-09	1723.178639	Auto
2.22399e-09	1723.441127	1e-08
2.3442e-09	1723.76064	1e-07
2.22369e-09	1723.99242	Auto
2.29054e-09	1724.356588	1e-08
2.2019e-09	1724.684116	1e-07
2.1952e-09	1724.909417	Auto
2.39791e-09	1725.285066	1e-08
2.5108e-09	1725.593453	1e-07
2.42349e-09	1725.819548	Auto
2.49272e-09	1726.21092	1e-08
2.5503e-09	1726.538084	1e-07
2.48126e-09	1726.757626	Auto
2.59577e-09	1727.131881	1e-08
2.5179e-09	1727.449141	1e-07
2.48334e-09	1727.681106	Auto
2.49795e-09	1728.048046	1e-08
2.5178e-09	1728.365374	1e-07
2.56663e-09	1728.590289	Auto
1.91887e-09	1728.973427	1e-08
2.5887e-09	1729.281173	1e-07
2.67728e-09	1729.514039	Auto
2.65596e-09	1729.890942	1e-08
2.663e-09	1730.199927	1e-07
2.65968e-09	1730.424159	Auto
2.547e-09	1730.796299	1e-08
2.9035e-09	1731.108218	1e-07
3.02621e-09	1731.293989	Auto
2.94981e-09	1731.662219	1e-08
2.9804e-09	1731.978029	1e-07
2.91142e-09	1732.204709	Auto
2.94814e-09	1732.550797	1e-08
2.9692e-09	1732.863898	1e-07
2.79276e-09	1733.056623	Auto
3.01343e-09	1733.409728	1e-08
2.7665e-09	1733.728029	1e-07
3.06959e-09	1733.953337	Auto
3.09277e-09	1734.344585	1e-08
3.1872e-09	1734.672056	1e-07
2.97308e-09	1734.89175	Auto
3.16771e-09	1735.281128	1e-08
3.1462e-09	1735.596271	1e-07
3.17175e-09	1735.777214	Auto
3.17585e-09	1736.140388	1e-08
3.3265e-09	1736.45895	1e-07
3.29228e-09	1736.690535	Auto
3.35187e-09	1737.057291	1e-08
3.4742e-09	1737.376708	1e-07
3.66443e-09	1737.602669	Auto
3.64645e-09	1737.993014	1e-08
3.6787e-09	1738.321663	1e-07
3.7415e-09	1738.540276	Auto
3.72773e-09	1738.923708	1e-08
3.6895e-09	1739.233648	1e-07
3.74274e-09	1739.464372	Auto
3.73928e-09	1739.830188	1e-08
3.8749e-09	1740.149047	1e-07
3.76008e-09	1740.381932	Auto
3.70576e-09	1740.748673	1e-08
3.777e-09	1741.066252	1e-07
3.88697e-09	1741.293549	Auto
4.2977e-09	1741.666705	1e-08
4.2658e-09	1741.985447	1e-07
4.1978e-09	1742.211731	Auto
4.19444e-09	1742.594868	1e-08
4.1858e-09	1742.902313	1e-07
4.17062e-09	1743.128391	Auto
4.14194e-09	1743.511393	1e-08
4.2221e-09	1743.818419	1e-07
4.20721e-09	1744.058405	Auto
4.22935e-09	1744.447796	1e-08
4.7034e-09	1744.756403	1e-07
4.69315e-09	1744.959813	Auto
4.62466e-09	1745.31534	1e-08
5.0222e-09	1745.634793	1e-07
4.88729e-09	1745.866195	Auto
4.82119e-09	1746.213561	1e-08
4.9555e-09	1746.531264	1e-07
4.88064e-09	1746.757746	Auto
4.95869e-09	1747.131265	1e-08
4.9191e-09	1747.436594	1e-07
4.89693e-09	1747.655252	Auto
4.91836e-09	1748.032142	1e-08
4.8581e-09	1748.352072	1e-07
5.21128e-09	1748.571701	Auto
5.40864e-09	1748.934107	1e-08
5.1059e-09	1749.243871	1e-07
5.12498e-09	1749.469922	Auto
5.04165e-09	1749.842011	1e-08
5.1439e-09	1750.160123	1e-07
5.18115e-09	1750.392961	Auto
5.16622e-09	1750.759549	1e-08
5.1271e-09	1751.070294	1e-07
5.07443e-09	1751.252428	Auto
5.13628e-09	1751.626557	1e-08
5.1599e-09	1751.935116	1e-07
5.11171e-09	1752.130569	Auto
5.45936e-09	1752.494555	1e-08
4.785e-09	1752.812688	1e-07
5.50924e-09	1753.03926	Auto
5.53401e-09	1753.421073	1e-08
6.2088e-09	1753.720806	1e-07
6.06376e-09	1753.92139	Auto
6.10649e-09	1754.305869	1e-08
6.7298e-09	1754.634585	1e-07
6.68635e-09	1754.854601	Auto
6.6246e-09	1755.237219	1e-08
6.6196e-09	1755.545698	1e-07
7.53718e-09	1755.77745	Auto
7.88963e-09	1756.161216	1e-08
7.5172e-09	1756.489141	1e-07
9.19398e-09	1756.714241	Auto
7.51481e-09	1757.097926	1e-08
7.0702e-09	1757.426551	1e-07
9.27413e-09	1757.645972	Auto
8.99347e-09	1758.016655	1e-08
9.2071e-09	1758.344309	1e-07
9.74545e-09	1758.539724	Auto
9.78676e-09	1758.897562	1e-08
9.8152e-09	1759.216588	1e-07
9.72417e-09	1759.442723	Auto
1.078201e-08	1759.825938	1e-08
1.08092e-08	1760.135693	1e-07
1.085191e-08	1760.331979	Auto
1.14608e-08	1760.739277	1e-07
1.3857e-08	1761.049756	1e-06
1.184065e-08	1761.258949	Auto
1.22002e-08	1761.764527	1e-07
1.3893e-08	1762.054941	1e-06
1.217854e-08	1762.245899	Auto
1.2435e-08	1762.754417	1e-07
1.3831e-08	1763.051602	1e-06
1.215451e-08	1763.243401	Auto
1.21184e-08	1763.751138	1e-07
1.3217e-08	1764.061927	1e-06
1.205909e-08	1764.270191	Auto
1.2774e-08	1764.77516	1e-07
1.3637e-08	1765.065783	1e-06
1.209056e-08	1765.257762	Auto
1.32092e-08	1765.765162	1e-07
1.4994e-08	1766.075862	1e-06
1.309617e-08	1766.29175	Auto
1.44625e-08	1766.804562	1e-07
1.6222e-08	1767.114384	1e-06
1.45827e-08	1767.323625	Auto
1.55837e-08	1767.842682	1e-07
1.7246e-08	1768.15133	1e-06
1.52809e-08	1768.360682	Auto
1.66906e-08	1768.859953	1e-07
1.8131e-08	1769.169995	1e-06
1.659936e-08	1769.39707	Auto
1.86823e-08	1769.915689	1e-07
2.0664e-08	1770.226019	1e-06
1.828412e-08	1770.440729	Auto
2.04845e-08	1770.953994	1e-07
2.2474e-08	1771.269426	1e-06
2.03408e-08	1771.49884	Auto
2.1729e-08	1771.864923	1e-07
2.3179e-08	1772.167097	1e-06
2.15719e-08	1772.38906	Auto
2.21271e-08	1772.771965	1e-07
2.5126e-08	1773.071618	1e-06
2.35688e-08	1773.260338	Auto
2.35018e-08	1773.628331	1e-07
2.7355e-08	1773.928853	1e-06
2.54848e-08	1774.120007	Auto
2.55946e-08	1774.492661	1e-07
2.8225e-08	1774.799597	1e-06
2.63478e-08	1775.02036	Auto
2.62887e-08	1775.393962	1e-07
2.7982e-08	1775.701242	1e-06
2.8588e-08	1775.887887	Auto
2.85187e-08	1776.250369	1e-07
2.8841e-08	1776.559583	1e-06
3.06748e-08	1776.745088	Auto
3.08887e-08	1777.108759	1e-07
3.2465e-08	1777.416398	1e-06
3.07764e-08	1777.609542	Auto
3.18073e-08	1777.965431	1e-07
3.3377e-08	1778.274211	1e-06
3.1795e-08	1778.458403	Auto
3.35189e-08	1778.83812	1e-07
3.6235e-08	1779.157936	1e-06
3.41135e-08	1779.355213	Auto
3.40816e-08	1779.718638	1e-07
3.6642e-08	1780.014683	1e-06
3.44306e-08	1780.223887	Auto
3.54845e-08	1780.577084	1e-07
3.594e-08	1780.886644	1e-06
3.41677e-08	1781.072192	Auto
3.42043e-08	1781.433388	1e-07
3.6421e-08	1781.743891	1e-06
3.80382e-08	1781.929423	Auto
3.79286e-08	1782.291563	1e-07
4.0382e-08	1782.600277	1e-06
3.90006e-08	1782.786695	Auto
3.92969e-08	1783.165428	1e-07
4.1361e-08	1783.484042	1e-06
3.91977e-08	1783.699965	Auto
3.92688e-08	1784.065316	1e-07
4.2202e-08	1784.360986	1e-06
3.92958e-08	1784.568245	Auto
3.92734e-08	1784.921371	1e-07
3.3557e-08	1785.230894	1e-06
3.91617e-08	1785.41618	Auto
3.89998e-08	1785.779659	1e-07
4.229e-08	1786.075887	1e-06
4.09308e-08	1786.284245	Auto
4.0729e-08	1786.644564	1e-07
4.0785e-08	1786.939817	1e-06
4.06451e-08	1787.162737	Auto
4.04253e-08	1787.552276	1e-07
4.2774e-08	1787.871696	1e-06
4.4723e-08	1788.070377	Auto
4.42108e-08	1788.443065	1e-07
4.6436e-08	1788.738979	1e-06
4.50454e-08	1788.927767	Auto
4.48176e-08	1789.290863	1e-07
4.6277e-08	1789.600699	1e-06
4.46654e-08	1789.786108	Auto
4.58813e-08	1790.158883	1e-07
4.8945e-08	1790.45974	1e-06
4.58278e-08	1790.651816	Auto
5.07815e-08	1791.034746	1e-07
5.318e-08	1791.330076	1e-06
5.06476e-08	1791.552826	Auto
5.0887e-08	1791.92525	1e-07
4.7432e-08	1792.227279	1e-06
5.13867e-08	1792.449843	Auto
5.12623e-08	1792.82226	1e-07
5.4977e-08	1793.131033	1e-06
5.22194e-08	1793.317581	Auto
5.23941e-08	1793.689911	1e-07
5.5832e-08	1793.980788	1e-06
5.72082e-08	1794.198125	Auto
5.73369e-08	1794.577125	1e-07
5.8772e-08	1794.886627	1e-06
6.25431e-08	1795.072371	Auto
6.26682e-08	1795.445793	1e-07
6.4582e-08	1795.736726	1e-06
6.76148e-08	1795.954121	Auto
6.6931e-08	1796.349289	1e-07
6.9973e-08	1796.675688	1e-06
6.8722e-08	1796.898927	Auto
7.06439e-08	1797.271738	1e-07
7.3042e-08	1797.580143	1e-06
7.02315e-08	1797.773564	Auto
7.07525e-08	1798.138293	1e-07
7.2342e-08	1798.445606	1e-06
7.02861e-08	1798.67306	Auto
7.12839e-08	1799.026278	1e-07
7.7731e-08	1799.334397	1e-06
7.72256e-08	1799.520987	Auto
7.71022e-08	1799.881223	1e-07
8.7993e-08	1800.184094	1e-06
8.48141e-08	1800.406095	Auto
8.56006e-08	1800.778723	1e-07
8.8996e-08	1801.087193	1e-06
8.67659e-08	1801.279426	Auto
8.68293e-08	1801.645583	1e-07
8.9337e-08	1801.952998	1e-06
8.99136e-08	1802.18059	Auto
9.03163e-08	1802.553876	1e-07
9.1893e-08	1802.862206	1e-06
9.79796e-08	1803.04801	Auto
9.81174e-08	1803.426432	1e-07
9.9734e-08	1803.745109	1e-06
9.84375e-08	1803.960404	Auto
1.080918e-07	1804.326703	1e-07
1.08852e-07	1804.636997	1e-06
1.03613e-07	1804.820707	Auto
1.20891e-07	1805.221332	1e-06
1.1906e-07	1805.519888	1e-05
1.164708e-07	1805.748768	Auto
1.20327e-07	1806.238271	1e-06
1.3176e-07	1806.507334	1e-05
1.280839e-07	1806.705011	Auto
1.44011e-07	1807.194369	1e-06
1.437e-07	1807.464579	1e-05
1.409076e-07	1807.661266	Auto
1.55499e-07	1808.152189	1e-06
1.5827e-07	1808.45087	1e-05
1.553181e-07	1808.685397	Auto
1.62009e-07	1809.168025	1e-06
1.6344e-07	1809.437049	1e-05
1.596518e-07	1809.634645	Auto
1.64065e-07	1810.125193	1e-06
1.6864e-07	1810.393033	1e-05
1.648095e-07	1810.597393	Auto
1.67324e-07	1811.095856	1e-06
1.8346e-07	1811.358171	1e-05
1.801402e-07	1811.568049	Auto
1.83689e-07	1812.06424	1e-06
2.0092e-07	1812.356319	1e-05
2.00916e-07	1812.584208	Auto
2.00338e-07	1812.946096	1e-06
2.0402e-07	1813.219963	1e-05
2.09592e-07	1813.42674	Auto
2.0961e-07	1813.773274	1e-06
2.0946e-07	1814.062348	1e-05
2.29174e-07	1814.256198	Auto
2.28983e-07	1814.606622	1e-06
2.29e-07	1814.913754	1e-05
2.4585e-07	1815.135225	Auto
2.49525e-07	1815.506335	1e-06
2.4973e-07	1815.797602	1e-05
2.4887e-07	1815.985223	Auto
2.55086e-07	1816.324174	1e-06
2.5508e-07	1816.613086	1e-05
2.53087e-07	1816.800366	Auto
2.53698e-07	1817.140747	1e-06
2.6791e-07	1817.431686	1e-05
2.67893e-07	1817.622191	Auto
2.67524e-07	1817.988189	1e-06
2.7628e-07	1818.254055	1e-05
2.78582e-07	1818.462768	Auto
2.77877e-07	1818.81515	1e-06
2.7786e-07	1819.104232	1e-05
2.97211e-07	1819.298054	Auto
2.96588e-07	1819.641725	1e-06
2.9736e-07	1819.908602	1e-05
2.96033e-07	1820.123143	Auto
3.27631e-07	1820.457677	1e-06
3.279e-07	1820.726722	1e-05
3.27012e-07	1820.962567	Auto
3.50687e-07	1821.295329	1e-06
3.5879e-07	1821.56404	1e-05
3.58464e-07	1821.762141	Auto
3.57913e-07	1822.128036	1e-06
3.9029e-07	1822.397913	1e-05
3.89456e-07	1822.608811	Auto
3.90209e-07	1822.962653	1e-06
3.9036e-07	1823.252801	1e-05
4.25313e-07	1823.438762	Auto
4.24594e-07	1823.794566	1e-06
4.1902e-07	1824.057994	1e-05
4.52244e-07	1824.285659	Auto
4.52914e-07	1824.638233	1e-06
4.5297e-07	1824.92044	1e-05
4.52477e-07	1825.119968	Auto
4.55757e-07	1825.478127	1e-06
4.5579e-07	1825.748875	1e-05
4.57775e-07	1825.986563	Auto
4.63256e-07	1826.319107	1e-06
4.9692e-07	1826.608915	1e-05
4.96857e-07	1826.817917	Auto
4.96116e-07	1827.157115	1e-06
5.379e-07	1827.446011	1e-05
5.40606e-07	1827.643974	Auto
5.36701e-07	1827.998382	1e-06
5.3848e-07	1828.262789	1e-05
5.4283e-07	1828.471956	Auto
5.43311e-07	1828.817156	1e-06
5.5058e-07	1829.112735	1e-05
5.50144e-07	1829.298757	Auto
5.49517e-07	1829.657628	1e-06
5.4783e-07	1829.958975	1e-05
5.48994e-07	1830.185781	Auto
5.49242e-07	1830.555249	1e-06
5.4863e-07	1830.854277	1e-05
5.48212e-07	1831.082142	Auto
6.00149e-07	1831.444599	1e-06
6.0291e-07	1831.711597	1e-05
6.11353e-07	1831.919425	Auto
6.01343e-07	1832.272107	1e-06
6.0629e-07	1832.561941	1e-05
6.0478e-07	1832.746182	Auto
6.05061e-07	1833.098619	1e-06
6.0731e-07	1833.369769	1e-05
6.13707e-07	1833.573224	Auto
6.11771e-07	1833.926747	1e-06
6.1423e-07	1834.216074	1e-05
6.16055e-07	1834.400869	Auto
6.15079e-07	1834.767578	1e-06
6.1479e-07	1835.038596	1e-05
6.13925e-07	1835.248369	Auto
6.14624e-07	1835.601012	1e-06
6.1285e-07	1835.890273	1e-05
6.13826e-07	1836.075271	Auto
6.41951e-07	1836.440157	1e-06
6.5924e-07	1836.710983	1e-05
6.71698e-07	1836.920128	Auto
6.71553e-07	1837.273078	1e-06
6.722e-07	1837.562186	1e-05
6.70415e-07	1837.753028	Auto
6.69665e-07	1838.113645	1e-06
6.7077e-07	1838.383927	1e-05
6.87191e-07	1838.594125	Auto
6.87383e-07	1838.957692	1e-06
6.8717e-07	1839.228257	1e-05
6.87241e-07	1839.431768	Auto
6.86073e-07	1839.795678	1e-06
6.8715e-07	1840.062679	1e-05
6.86074e-07	1840.289307	Auto
6.94672e-07	1840.642188	1e-06
6.9544e-07	1840.925605	1e-05
6.92907e-07	1841.118597	Auto
6.95091e-07	1841.477071	1e-06
6.9222e-07	1841.767664	1e-05
6.90735e-07	1841.971395	Auto
6.91486e-07	1842.305772	1e-06
7.1851e-07	1842.594729	1e-05
7.17622e-07	1842.803016	Auto
7.18728e-07	1843.143629	1e-06
7.1923e-07	1843.432553	1e-05
7.20238e-07	1843.667212	Auto
7.19782e-07	1844.000064	1e-06
7.2037e-07	1844.268372	1e-05
7.47301e-07	1844.503097	Auto
7.54806e-07	1844.843077	1e-06
7.4912e-07	1845.138986	1e-05
7.47867e-07	1845.323188	Auto
7.48745e-07	1845.681277	1e-06
7.4894e-07	1845.958318	1e-05
7.47348e-07	1846.175379	Auto
7.59577e-07	1846.521025	1e-06
7.8115e-07	1846.810107	1e-05
7.80639e-07	1846.99877	Auto
7.79414e-07	1847.337028	1e-06
7.8294e-07	1847.627346	1e-05
7.7922e-07	1847.815867	Auto
7.78703e-07	1848.164014	1e-06
7.8016e-07	1848.435646	1e-05
7.79622e-07	1848.646025	Auto
7.78812e-07	1848.979599	1e-06
7.7983e-07	1849.248836	1e-05
7.89923e-07	1849.477142	Auto
8.08805e-07	1849.82936	1e-06
8.0884e-07	1850.119739	1e-05
8.10946e-07	1850.304838	Auto
8.16085e-07	1850.671901	1e-06
8.1697e-07	1850.949113	1e-05
8.1583e-07	1851.152727	Auto
8.1514e-07	1851.515588	1e-06
8.8136e-07	1851.782615	1e-05
8.69461e-07	1851.990636	Auto
8.47675e-07	1852.344743	1e-06
8.8721e-07	1852.627191	1e-05
8.93788e-07	1852.828989	Auto
8.9331e-07	1853.171793	1e-06
8.9391e-07	1853.442292	1e-05
8.94493e-07	1853.645812	Auto
8.94647e-07	1854.008351	1e-06
8.9385e-07	1854.279588	1e-05
8.93515e-07	1854.489754	Auto
8.94651e-07	1854.836287	1e-06
8.9479e-07	1855.12665	1e-05
8.94021e-07	1855.317324	Auto
8.9383e-07	1855.662223	1e-06
8.9473e-07	1855.928387	1e-05
8.92272e-07	1856.136365	Auto
8.92842e-07	1856.488271	1e-06
8.9167e-07	1856.778441	1e-05
8.92073e-07	1856.963668	Auto
8.91726e-07	1857.329048	1e-06
8.9262e-07	1857.59933	1e-05
8.93769e-07	1857.809363	Auto
8.95146e-07	1858.179174	1e-06
8.9475e-07	1858.478589	1e-05
9.10855e-07	1858.676936	Auto
9.11287e-07	1859.020783	1e-06
9.1184e-07	1859.303209	1e-05
9.11826e-07	1859.494852	Auto
9.30588e-07	1859.851748	1e-06
9.3166e-07	1860.114381	1e-05
9.31176e-07	1860.323567	Auto
9.33084e-07	1860.670779	1e-06
9.3417e-07	1860.966796	1e-05
9.33325e-07	1861.15103	Auto
9.32541e-07	1861.517928	1e-06
1.02208e-06	1861.78838	1e-05
1.021111e-06	1861.996391	Auto
1.018011e-06	1862.359053	1e-06
1.02462e-06	1862.635728	1e-05
1.074162e-06	1862.834693	Auto
1.07481e-06	1863.205867	1e-05
1.0755e-06	1863.506743	0.0001
1.179825e-06	1863.733885	Auto
1.18233e-06	1864.184644	1e-05
1.1805e-06	1864.484051	0.0001
1.298391e-06	1864.711334	Auto
1.29768e-06	1865.160227	1e-05
1.2975e-06	1865.460207	0.0001
1.346691e-06	1865.686279	Auto
1.34716e-06	1866.157546	1e-05
1.3481e-06	1866.457292	0.0001
1.458709e-06	1866.683336	Auto
1.46257e-06	1867.139176	1e-05
1.4635e-06	1867.417655	0.0001
1.589928e-06	1867.634806	Auto
1.60447e-06	1868.090065	1e-05
1.6036e-06	1868.391617	0.0001
1.670449e-06	1868.61895	Auto
1.76756e-06	1869.068705	1e-05
1.7039e-06	1869.369838	0.0001
1.823589e-06	1869.596436	Auto
1.86828e-06	1870.079854	1e-05
1.8697e-06	1870.344159	0.0001
1.86988e-06	1870.566132	Auto
2.04774e-06	1871.022595	1e-05
2.0483e-06	1871.322749	0.0001
2.0525e-06	1871.550829	Auto
2.23087e-06	1871.902437	1e-05
2.232e-06	1872.194369	0.0001
2.23659e-06	1872.377666	Auto
2.2346e-06	1872.74337	1e-05
2.2325e-06	1873.015334	0.0001
2.23947e-06	1873.22334	Auto
2.23728e-06	1873.576984	1e-05
2.4123e-06	1873.86766	0.0001
2.44369e-06	1874.051975	Auto
2.44573e-06	1874.392142	1e-05
2.4424e-06	1874.684009	0.0001
2.68233e-06	1874.874221	Auto
2.68375e-06	1875.20937	1e-05
2.6553e-06	1875.500187	0.0001
2.68361e-06	1875.682276	Auto
2.9227e-06	1876.049647	1e-05
2.9215e-06	1876.320349	0.0001
2.94041e-06	1876.530863	Auto
3.15352e-06	1876.883814	1e-05
3.1831e-06	1877.175676	0.0001
3.18155e-06	1877.366641	Auto
3.18942e-06	1877.701293	1e-05
3.5223e-06	1877.980555	0.0001
3.52649e-06	1878.207911	Auto
3.52872e-06	1878.547025	1e-05
3.5293e-06	1878.82562	0.0001
3.86385e-06	1879.045342	Auto
3.8517e-06	1879.414001	1e-05
3.862e-06	1879.715902	0.0001
3.87051e-06	1879.919403	Auto
3.87132e-06	1880.268829	1e-05
3.8709e-06	1880.532107	0.0001
3.87246e-06	1880.76056	Auto
3.87286e-06	1881.132215	1e-05
3.8624e-06	1881.423052	0.0001
3.8719e-06	1881.606429	Auto
3.88563e-06	1881.965972	1e-05
3.8865e-06	1882.266035	0.0001
3.89054e-06	1882.463772	Auto
3.89244e-06	1882.829937	1e-05
4.2553e-06	1883.101141	0.0001
4.20109e-06	1883.316083	Auto
4.26077e-06	1883.65089	1e-05
4.3103e-06	1883.921559	0.0001
4.36457e-06	1884.148805	Auto
4.37043e-06	1884.488141	1e-05
4.3726e-06	1884.759855	0.0001
4.70778e-06	1884.986022	Auto
4.71016e-06	1885.338224	1e-05
4.7157e-06	1885.629239	0.0001
4.71954e-06	1885.819347	Auto
4.7217e-06	1886.154402	1e-05
4.7218e-06	1886.445284	0.0001
4.72856e-06	1886.629811	Auto
4.73732e-06	1886.995067	1e-05
4.736e-06	1887.266265	0.0001
4.74188e-06	1887.476805	Auto
4.74397e-06	1887.829889	1e-05
5.1574e-06	1888.121064	0.0001
5.1645e-06	1888.303234	Auto
5.16777e-06	1888.669361	1e-05
5.1901e-06	1888.947154	0.0001
5.17991e-06	1889.149869	Auto
5.18261e-06	1889.502358	1e-05
5.1813e-06	1889.793142	0.0001
5.19952e-06	1889.987746	Auto
5.17861e-06	1890.320917	1e-05
5.2021e-06	1890.612617	0.0001
5.20459e-06	1890.802667	Auto
5.40675e-06	1891.139582	1e-05
5.4157e-06	1891.430182	0.0001
5.41881e-06	1891.615624	Auto
5.42135e-06	1891.966838	1e-05
5.8775e-06	1892.23894	0.0001
5.88099e-06	1892.449722	Auto
5.88801e-06	1892.782892	1e-05
6.2729e-06	1893.053852	0.0001
6.38501e-06	1893.287584	Auto
6.38235e-06	1893.643861	1e-05
6.3864e-06	1893.91578	0.0001
6.40952e-06	1894.119623	Auto
6.43377e-06	1894.472259	1e-05
6.4132e-06	1894.763907	0.0001
6.42291e-06	1894.951748	Auto
6.43831e-06	1895.290157	1e-05
6.428e-06	1895.581779	0.0001
6.43733e-06	1895.772707	Auto
6.50488e-06	1896.131112	1e-05
6.4465e-06	1896.409324	0.0001
6.51621e-06	1896.61974	Auto
6.51383e-06	1896.965098	1e-05
6.6526e-06	1897.256808	0.0001
6.68666e-06	1897.443445	Auto
6.68527e-06	1897.782212	1e-05
6.688e-06	1898.073371	0.0001
6.69613e-06	1898.263529	Auto
6.69888e-06	1898.613984	1e-05
6.7026e-06	1898.883901	0.0001
6.74117e-06	1899.110324	Auto
6.75202e-06	1899.45691	1e-05
6.5429e-06	1899.748727	0.0001
6.76376e-06	1899.93543	Auto
6.75954e-06	1900.274826	1e-05
6.77e-06	1900.566734	0.0001
6.76707e-06	1900.761679	Auto
6.81449e-06	1901.094734	1e-05
7.2409e-06	1901.385572	0.0001
7.24562e-06	1901.570968	Auto
7.25498e-06	1901.911154	1e-05
7.8186e-06	1902.202105	0.0001
7.84973e-06	1902.386625	Auto
7.85994e-06	1902.752709	1e-05
7.8558e-06	1903.02565	0.0001
7.86209e-06	1903.23491	Auto
7.87063e-06	1903.604948	1e-05
7.8751e-06	1903.90596	0.0001
7.92756e-06	1904.132571	Auto
7.94085e-06	1904.472015	1e-05
7.9445e-06	1904.7421	0.0001
7.95047e-06	1904.975218	Auto
7.9762e-06	1905.315576	1e-05
7.9851e-06	1905.579021	0.0001
7.9931e-06	1905.812126	Auto
8.00552e-06	1906.145183	1e-05
8.0629e-06	1906.414262	0.0001
8.08323e-06	1906.641304	Auto
8.08551e-06	1907.023801	1e-05
8.0883e-06	1907.295558	0.0001
8.09999e-06	1907.506962	Auto
8.14088e-06	1907.851121	1e-05
8.1073e-06	1908.130584	0.0001
8.11228e-06	1908.357658	Auto
8.114e-06	1908.72053	1e-05
8.1188e-06	1908.992616	0.0001
8.13335e-06	1909.196548	Auto
8.13908e-06	1909.548176	1e-05
8.1404e-06	1909.84093	0.0001
8.14938e-06	1910.023334	Auto
8.15172e-06	1910.389142	1e-05
8.1532e-06	1910.661906	0.0001
8.15271e-06	1910.877326	Auto
8.24929e-06	1911.223694	1e-05
8.3662e-06	1911.514257	0.0001
8.34734e-06	1911.701934	Auto
8.34372e-06	1912.048257	1e-05
8.5161e-06	1912.319841	0.0001
8.54187e-06	1912.546071	Auto
8.54597e-06	1912.918245	1e-05
8.5527e-06	1913.209029	0.0001
8.56553e-06	1913.392139	Auto
8.56507e-06	1913.758117	1e-05
8.5681e-06	1914.030071	0.0001
9.14461e-06	1914.238118	Auto
9.15234e-06	1914.59078	1e-05
9.1529e-06	1914.869963	0.0001
9.15672e-06	1915.095241	Auto
9.17219e-06	1915.448125	1e-05
9.1703e-06	1915.739879	0.0001
9.18512e-06	1915.923367	Auto
9.07497e-06	1916.289537	1e-05
9.2075e-06	1916.560372	0.0001
9.20104e-06	1916.776302	Auto
9.21528e-06	1917.122679	1e-05
9.2188e-06	1917.414646	0.0001
9.2283e-06	1917.608007	Auto
9.2313e-06	1917.940582	1e-05
9.2256e-06	1918.238392	0.0001
9.987e-06	1918.471339	Auto
9.98845e-06	1918.811358	1e-05
9.9948e-06	1919.07584	0.0001
1.080273e-05	1919.302243	Auto
1.08188e-05	1919.674576	0.0001
1.3021e-05	1919.978279	0.001
1.101698e-05	1920.169376	Auto
1.11112e-05	1920.623189	0.0001
1.3481e-05	1920.913292	0.001
1.114907e-05	1921.105445	Auto
1.18494e-05	1921.560599	0.0001
1.4452e-05	1921.85108	0.001
1.18957e-05	1922.04209	Auto
1.22991e-05	1922.496342	0.0001
1.4875e-05	1922.789932	0.001
1.234702e-05	1922.980294	Auto
1.31738e-05	1923.433618	0.0001
1.5989e-05	1923.71408	0.001
1.327673e-05	1923.912387	Auto
1.33059e-05	1924.376768	0.0001
1.6176e-05	1924.681192	0.001
1.33507e-05	1924.903028	Auto
1.38517e-05	1925.393324	0.0001
1.7486e-05	1925.709349	0.001
1.440259e-05	1925.925627	Auto
1.44496e-05	1926.347903	0.0001
1.8452e-05	1926.660345	0.001
1.542008e-05	1926.846952	Auto
1.54086e-05	1927.307115	0.0001
2.0016e-05	1927.623007	0.001
1.640359e-05	1927.831291	Auto
1.64234e-05	1928.282872	0.0001
2.1401e-05	1928.586135	0.001
1.763747e-05	1928.778212	Auto
1.76317e-05	1929.2324	0.0001
2.2878e-05	1929.527171	0.001
1.876904e-05	1929.723985	Auto
1.87914e-05	1930.16988	0.0001
2.418e-05	1930.459111	0.001
2.00489e-05	1930.65116	Auto
2.00892e-05	1930.993346	0.0001
2.4819e-05	1931.30257	0.001
2.14402e-05	1931.488251	Auto
2.14655e-05	1931.854189	0.0001
2.6081e-05	1932.152795	0.001
2.16943e-05	1932.345859	Auto
2.28302e-05	1932.7067	0.0001
2.5731e-05	1933.024124	0.001
2.28776e-05	1933.233614	Auto
2.42342e-05	1933.581142	0.0001
2.9467e-05	1933.880241	0.001
2.43316e-05	1934.11071	Auto
2.47855e-05	1934.463259	0.0001
3.145e-05	1934.772549	0.001
2.58338e-05	1934.958943	Auto
2.58679e-05	1935.331258	0.0001
3.3942e-05	1935.626343	0.001
2.73982e-05	1935.817567	Auto
2.72163e-05	1936.175873	0.0001
3.4184e-05	1936.479856	0.001
2.888e-05	1936.672909	Auto
2.89294e-05	1937.041582	0.0001
3.5371e-05	1937.339828	0.001
3.07203e-05	1937.539615	Auto
3.07766e-05	1937.876567	0.0001
3.7643e-05	1938.184932	0.001
3.08881e-05	1938.370337	Auto
3.1692e-05	1938.737594	0.0001
3.9196e-05	1939.03695	0.001
3.16101e-05	1939.233363	Auto
3.32662e-05	1939.594865	0.0001
4.1196e-05	1939.900686	0.001
3.34083e-05	1940.08511	Auto
3.34227e-05	1940.442878	0.0001
4.2204e-05	1940.757726	0.001
3.502e-05	1940.943125	Auto
3.50798e-05	1941.309693	0.0001
4.524e-05	1941.608384	0.001
3.68624e-05	1941.801559	Auto
3.69158e-05	1942.145643	0.0001
4.534e-05	1942.453892	0.001
3.8405e-05	1942.639171	Auto
3.84883e-05	1943.01289	0.0001
4.7245e-05	1943.307374	0.001
3.94023e-05	1943.496166	Auto
4.02058e-05	1943.849646	0.0001
5.0019e-05	1944.15676	0.001
4.03109e-05	1944.354316	Auto
4.06942e-05	1944.720287	0.0001
5.0208e-05	1945.025302	0.001
4.09048e-05	1945.21615	Auto
4.09635e-05	1945.56308	0.0001
5.2624e-05	1945.862247	0.001
4.26075e-05	1946.051109	Auto
4.26845e-05	1946.399084	0.0001
5.1482e-05	1946.694054	0.001
4.24743e-05	1946.885148	Auto
4.30246e-05	1947.242556	0.0001
5.3003e-05	1947.559945	0.001
4.33372e-05	1947.769534	Auto
4.3405e-05	1948.117911	0.0001
5.3705e-05	1948.418015	0.001
4.34386e-05	1948.633927	Auto
4.35226e-05	1948.975587	0.0001
5.3768e-05	1949.2836	0.001
4.3598e-05	1949.505354	Auto
4.38637e-05	1949.909332	0.0001
5.4335e-05	1950.201985	0.001
4.39626e-05	1950.399555	Auto
4.59714e-05	1950.746004	0.0001
5.6991e-05	1951.048875	0.001
4.59526e-05	1951.250583	Auto
4.60622e-05	1951.618821	0.0001
5.9296e-05	1951.916571	0.001
4.78961e-05	1952.109846	Auto
4.79628e-05	1952.464797	0.0001
5.9388e-05	1952.764952	0.001
4.81163e-05	1952.95505	Auto
4.78323e-05	1953.290834	0.0001
5.9022e-05	1953.592324	0.001
4.83995e-05	1953.814119	Auto
4.84711e-05	1954.211257	0.0001
5.9882e-05	1954.509813	0.001
4.89345e-05	1954.702919	Auto
4.90308e-05	1955.063659	0.0001
6.0872e-05	1955.367452	0.001
4.93955e-05	1955.58919	Auto
5.06106e-05	1955.986244	0.0001
6.3127e-05	1956.275577	0.001
5.08233e-05	1956.467054	Auto
5.28102e-05	1956.863187	0.0001
6.5129e-05	1957.161355	0.001
5.29181e-05	1957.353274	Auto
5.30318e-05	1957.717357	0.0001
6.5682e-05	1958.010541	0.001
5.31692e-05	1958.220043	Auto
5.26552e-05	1958.567311	0.0001
6.796e-05	1958.867344	0.001
5.49677e-05	1959.077112	Auto
5.49802e-05	1959.417414	0.0001
6.8136e-05	1959.70339	0.001
5.68612e-05	1959.903425	Auto
5.69171e-05	1960.270822	0.0001
7.1383e-05	1960.576561	0.001
5.89697e-05	1960.765551	Auto
5.90838e-05	1961.113025	0.0001
7.3559e-05	1961.400942	0.001
5.92571e-05	1961.609693	Auto
6.1151e-05	1961.958125	0.0001
7.6329e-05	1962.257305	0.001
6.15039e-05	1962.486982	Auto
6.30928e-05	1962.890945	0.0001
7.8394e-05	1963.180127	0.001
6.32332e-05	1963.372296	Auto
6.33188e-05	1963.739279	0.0001
7.8821e-05	1964.04499	0.001
6.38993e-05	1964.229309	Auto
6.4041e-05	1964.596551	0.0001
8.1829e-05	1964.895087	0.001
6.61358e-05	1965.094401	Auto
6.62284e-05	1965.439423	0.0001
8.2627e-05	1965.724342	0.001
6.80959e-05	1965.93375	Auto
6.82269e-05	1966.288537	0.0001
8.4981e-05	1966.595384	0.001
6.89842e-05	1966.788759	Auto
6.91006e-05	1967.149419	0.0001
8.5104e-05	1967.447369	0.001
6.92346e-05	1967.640728	Auto
6.93453e-05	1968.014546	0.0001
8.8074e-05	1968.299125	0.001
6.94795e-05	1968.507336	Auto
7.11927e-05	1968.868972	0.0001
8.8894e-05	1969.155938	0.001
7.16395e-05	1969.355001	Auto
7.17731e-05	1969.722841	0.0001
9.1552e-05	1970.021309	0.001
7.39613e-05	1970.218033	Auto
7.36869e-05	1970.555134	0.0001
8.9483e-05	1970.850968	0.001
7.42982e-05	1971.059686	Auto
7.43901e-05	1971.400822	0.0001
9.2957e-05	1971.708709	0.001
7.44721e-05	1971.919607	Auto
7.45549e-05	1972.260031	0.0001
9.2363e-05	1972.547073	0.001
7.4775e-05	1972.746872	Auto
7.66903e-05	1973.114077	0.0001
9.5397e-05	1973.414584	0.001
7.68156e-05	1973.605779	Auto
7.90012e-05	1973.972975	0.0001
9.7096e-05	1974.269396	0.001
7.92925e-05	1974.463856	Auto
7.93471e-05	1974.830677	0.0001
0.000101027	1975.129733	0.001
8.16726e-05	1975.321244	Auto
8.17219e-05	1975.695229	0.0001
0.000101881	1975.990144	0.001
8.20973e-05	1976.179621	Auto
8.21615e-05	1976.522035	0.0001
0.000101606	1976.823272	0.001
8.30317e-05	1977.015969	Auto
8.31537e-05	1977.388406	0.0001
0.000103481	1977.68398	0.001
8.38682e-05	1977.871419	Auto
8.41822e-05	1978.239811	0.0001
0.000105422	1978.538843	0.001
8.43232e-05	1978.73637	Auto
8.49043e-05	1979.097798	0.0001
0.000105702	1979.403876	0.001
8.50584e-05	1979.598766	Auto
8.51868e-05	1979.949094	0.0001
0.000106037	1980.267424	0.001
8.5242e-05	1980.475244	Auto
8.53311e-05	1980.817847	0.0001
0.000108282	1981.124362	0.001
8.74386e-05	1981.333324	Auto
8.75974e-05	1981.674723	0.0001
0.000108864	1981.982726	0.001
8.81098e-05	1982.192976	Auto
8.82495e-05	1982.532413	0.0001
0.000110463	1982.839289	0.001
8.84779e-05	1983.068405	Auto
8.85587e-05	1983.422274	0.0001
0.000110538	1983.729112	0.001
9.01455e-05	1983.922205	Auto
9.08056e-05	1984.282646	0.0001
0.000112752	1984.571661	0.001
9.13515e-05	1984.763824	Auto
9.33382e-05	1985.118983	0.0001
0.000116225	1985.4256	0.001
9.36907e-05	1985.618158	Auto
0.00011662	1986.004208	0.001
0.00011637	1986.266028	0.01
9.6135e-05	1986.492646	Auto
0.000119569	1986.968955	0.001
0.00011965	1987.230097	0.01
9.64025e-05	1987.44903	Auto
0.000119733	1987.931278	0.001
0.00011822	1988.207887	0.01
9.68474e-05	1988.427833	Auto
0.000119798	1988.904587	0.001
0.00012293	1989.174693	0.01
9.91229e-05	1989.373409	Auto
0.000122559	1989.849051	0.001
0.00012563	1990.140953	0.01
0.0001016178	1990.377655	Auto
0.000126696	1990.86159	0.001
0.00012932	1991.129306	0.01
0.0001042476	1991.328091	Auto
0.000129908	1991.798554	0.001
0.00013038	1992.060812	0.01
0.0001067128	1992.281813	Auto
0.000132361	1992.758	0.001
0.00013293	1993.026871	0.01
0.0001092955	1993.226607	Auto
0.000134933	1993.703974	0.001
0.00013474	1993.994061	0.01
0.0001120137	1994.223175	Auto
0.000138985	1994.727771	0.001
0.00013893	1994.990945	0.01
0.0001139319	1995.215745	Auto
0.000141403	1995.699675	0.001
0.00014249	1995.991831	0.01
0.0001168645	1996.221926	Auto
0.000145916	1996.692664	0.001
0.00014551	1996.95493	0.01
0.0001194825	1997.161539	Auto
0.00014896	1997.631754	0.001
0.00014913	1997.893884	0.01
0.0001218063	1998.100599	Auto
0.000151732	1998.570357	0.001
0.00015189	1998.838918	0.01
0.0001242716	1999.039983	Auto
0.000154894	1999.508305	0.001
0.00015545	1999.776736	0.01
0.0001254845	1999.977838	Auto
0.000158008	2000.455661	0.001
0.00015854	2000.746574	0.01
0.0001277433	2000.977807	Auto
0.000160703	2001.481537	0.001
0.00016088	2001.743421	0.01
0.0001287597	2001.955608	Auto
0.00016348	2002.426588	0.001
0.00016469	2002.694387	0.01
0.0001319375	2002.893263	Auto
0.000166948	2003.364557	0.001
0.00016733	2003.632043	0.01
0.0001343865	2003.83184	Auto
0.00017013	2004.303655	0.001
0.00016999	2004.585823	0.01
0.0001370153	2004.811272	Auto
0.000173371	2005.308804	0.001
0.00017383	2005.600794	0.01
0.0001393604	2005.83068	Auto
0.000175642	2006.308767	0.001
0.00017644	2006.593978	0.01
0.0001415995	2006.78006	Auto
0.000177982	2007.252671	0.001
0.00017896	2007.515589	0.01
0.0001439406	2007.727671	Auto
0.000179489	2008.199727	0.001
0.00018006	2008.466283	0.01
0.0001445105	2008.666148	Auto
0.000179538	2009.136715	0.001
0.00017493	2009.398863	0.01
0.0001447644	2009.618804	Auto
0.000180878	2010.096549	0.001
0.00018224	2010.365559	0.01
0.0001451728	2010.564343	Auto
0.000180666	2011.04199	0.001
0.00018249	2011.325078	0.01
0.0001477059	2011.513367	Auto
0.000184415	2011.984123	0.001
0.00018483	2012.246223	0.01
0.000148281	2012.437407	Auto
0.000185029	2012.907155	0.001
0.0001854	2013.175221	0.01
0.0001485088	2013.374019	Auto
0.000184934	2013.84591	0.001
0.00018525	2014.113838	0.01
0.0001499966	2014.313701	Auto
0.000186566	2014.784451	0.001
0.00018724	2015.052352	0.01
0.0001505502	2015.251015	Auto
0.000187183	2015.720341	0.001
0.00018862	2016.019222	0.01
0.0001530382	2016.248018	Auto
0.000191402	2016.717195	0.001
0.00019168	2016.985135	0.01
0.0001542787	2017.184158	Auto
0.000194584	2017.654421	0.001
0.00019009	2017.922888	0.01
0.0001565718	2018.123819	Auto
0.000197561	2018.593053	0.001
0.00019717	2018.861873	0.01
0.0001577097	2019.068597	Auto
0.000199948	2019.552035	0.001
0.00019974	2019.820948	0.01
0.00020282	2020.019848	Auto
0.000199351	2020.389152	0.001
0.00019962	2020.688905	0.01
0.0001606775	2020.918061	Auto
0.000200286	2021.38889	0.001
0.00020062	2021.656314	0.01
0.000205505	2021.862898	Auto
0.000201358	2022.209846	0.001
0.00020207	2022.492652	0.01
0.00020149	2022.685288	Auto
0.000201974	2023.041587	0.001
0.00019599	2023.29761	0.01
0.000203836	2023.485094	Auto
0.00020449	2023.836989	0.001
0.00020608	2024.105773	0.01
0.000204532	2024.318042	Auto
0.000207947	2024.65254	0.001
0.00020821	2024.920885	0.01
0.000208432	2025.150082	Auto
0.000211726	2025.502226	0.001
0.0002118	2025.784011	0.01
0.000212046	2025.97878	Auto
0.000212465	2026.34434	0.001
0.00021507	2026.613942	0.01
0.000215948	2026.825944	Auto
0.000215173	2027.187128	0.001
0.0002153	2027.456848	0.01
0.000215082	2027.682257	Auto
0.000215615	2028.035567	0.001
0.00021616	2028.317278	0.01
0.000216379	2028.510875	Auto
0.000216759	2028.877281	0.001
0.00021726	2029.153678	0.01
0.000217222	2029.373629	Auto
0.000217265	2029.730667	0.001
0.00021796	2030.022832	0.01
0.000215884	2030.212159	Auto
0.000217988	2030.551636	0.001
0.0002182	2030.840296	0.01
0.000218332	2031.033244	Auto
0.000218169	2031.392747	0.001
0.00022135	2031.662409	0.01
0.000220766	2031.874606	Auto
0.00022105	2032.244109	0.001
0.00022289	2032.53609	0.01
0.000224035	2032.73112	Auto
0.000226279	2033.064172	0.001
0.00022524	2033.346883	0.01
0.000226879	2033.540624	Auto
0.000228892	2033.906995	0.001
0.0002288	2034.176708	0.01
0.000229095	2034.38883	Auto
0.000231665	2034.741113	0.001
0.00023255	2035.016379	0.01
0.000232111	2035.232847	Auto
0.000232069	2035.566302	0.001
0.00023433	2035.854016	0.01
0.000234034	2036.083214	Auto
0.000234318	2036.479716	0.001
0.00023664	2036.750673	0.01
0.000237629	2036.949767	Auto
0.00022344	2037.284616	0.001
0.00023975	2037.564158	0.01
0.000238781	2037.75129	Auto
0.000239792	2038.093074	0.001
0.0002405	2038.382705	0.01
0.000243721	2038.570001	Auto
0.000243974	2038.911773	0.001
0.00024376	2039.194775	0.01
0.000243837	2039.38741	Auto
0.000246895	2039.753883	0.001
0.00024782	2040.023756	0.01
0.000247224	2040.23685	Auto
0.00024778	2040.589097	0.001
0.00024749	2040.871061	0.01
0.000247132	2041.064771	Auto
0.000245032	2041.430079	0.001
0.00024997	2041.706315	0.01
0.000247377	2041.912932	Auto
0.000249263	2042.272075	0.001
0.00024961	2042.533761	0.01
0.000249713	2042.721022	Auto
0.000249747	2043.063012	0.001
0.00025028	2043.345733	0.01
0.000249994	2043.538245	Auto
0.000250219	2043.904663	0.001
0.00025084	2044.17419	0.01
0.00025113	2044.386284	Auto
0.00025376	2044.738413	0.001
0.00025468	2045.02033	0.01
0.000254833	2045.213705	Auto
0.00025452	2045.570029	0.001
0.00025563	2045.832067	0.01
0.000255185	2046.061945	Auto
0.000255545	2046.420951	0.001
0.00025532	2046.688381	0.01
0.000255733	2046.888618	Auto
0.000255582	2047.254028	0.001
0.0002558	2047.524634	0.01
0.000258779	2047.717085	Auto
0.000259003	2048.079387	0.001
0.00025955	2048.350328	0.01
0.000259556	2048.554593	Auto
0.000260724	2048.907127	0.001
0.00026296	2049.189989	0.01
0.000262973	2049.388354	Auto
0.000265413	2049.747096	0.001
0.00026641	2050.022312	0.01
0.000269523	2050.241968	Auto
0.00026696	2050.580047	0.001
0.00027032	2050.862869	0.01
0.000269979	2051.056669	Auto
0.000265953	2051.42219	0.001
0.00027233	2051.692768	0.01
0.000272536	2051.925194	Auto
0.000272013	2052.307846	0.001
0.00027264	2052.577673	0.01
0.000274975	2052.783231	Auto
0.000274921	2053.135403	0.001
0.00027573	2053.417173	0.01
0.000275307	2053.610835	Auto
0.000276741	2053.976255	0.001
0.00027655	2054.246656	0.01
0.000276442	2054.459712	Auto
0.000279824	2054.829709	0.001
0.00028039	2055.128296	0.01
0.000280287	2055.357259	Auto
0.000280819	2055.710833	0.001
0.00028351	2055.993765	0.01
0.000283346	2056.193077	Auto
0.000283494	2056.552827	0.001
0.00028451	2056.821261	0.01
0.000283851	2057.034585	Auto
0.000284034	2057.404565	0.001
0.00028504	2057.696407	0.01
0.000287134	2057.885868	Auto
0.000283715	2058.236768	0.001
0.00028848	2058.505252	0.01
0.000288891	2058.711821	Auto
0.000290688	2059.064119	0.001
0.00029085	2059.336942	0.01
0.000290521	2059.529105	Auto
0.000290834	2059.881307	0.001
0.00029236	2060.163172	0.01
0.000291958	2060.356697	Auto
0.000292019	2060.729949	0.001
0.00029326	2060.993331	0.01
0.000292211	2061.203344	Auto
0.000292373	2061.55676	0.001
0.00029364	2061.839702	0.01
0.000295528	2062.039086	Auto
0.000295357	2062.398745	0.001
0.00029602	2062.668328	0.01
0.000299098	2062.886039	Auto
0.000298627	2063.219404	0.001
0.00030068	2063.480203	0.01
0.000299778	2063.667374	Auto
0.00029946	2064.033176	0.001
0.00030039	2064.302745	0.01
0.000299962	2064.515822	Auto
0.000300816	2064.868957	0.001
0.00029866	2065.150845	0.01
0.00030722	2065.343353	Auto
0.000303492	2065.709872	0.001
0.00030584	2065.980617	0.01
0.000305481	2066.172922	Auto
0.000306175	2066.525065	0.001
0.00030697	2066.807922	0.01
0.000306013	2067.002853	Auto
0.000304909	2067.368085	0.001
0.0003101	2067.637712	0.01
0.000307586	2067.857553	Auto
0.000306808	2068.191994	0.001
0.00030751	2068.459647	0.01
0.000307949	2068.689714	Auto
0.000308479	2069.072583	0.001
0.00030538	2069.348355	0.01
0.000307931	2069.547108	Auto
0.000308977	2069.910422	0.001
0.0003125	2070.179019	0.01
0.000311962	2070.384391	Auto
0.00031233	2070.737747	0.001
0.00031858	2071.020812	0.01
0.00031502	2071.213263	Auto
0.000315106	2071.57094	0.001
0.0003158	2071.831886	0.01
0.000318012	2072.031103	Auto
0.000318224	2072.397284	0.001
0.00032022	2072.666031	0.01
0.000320566	2072.885974	Auto
0.000321656	2073.245997	0.001
0.00032371	2073.499967	0.01
0.000324729	2073.686303	Auto
0.000326819	2074.037276	0.001
0.00032698	2074.306815	0.01
0.000325933	2074.513423	Auto
0.000326809	2074.883671	0.001
0.00032248	2075.18137	0.01
0.000329027	2075.411413	Auto
0.000329713	2075.807785	0.001
0.00033312	2076.078639	0.01
0.000332982	2076.310938	Auto
0.000332559	2076.663169	0.001
0.00033326	2076.939785	0.01
0.000336466	2077.149102	Auto
0.000338117	2077.495842	0.001
0.00033791	2077.75789	0.01
0.000339055	2077.995812	Auto
0.000339401	2078.328088	0.001
0.00033954	2078.609653	0.01
0.000339983	2078.797127	Auto
0.00033713	2079.13808	0.001
0.00033921	2079.42755	0.01
0.000339931	2079.616001	Auto
0.000340417	2079.956758	0.001
0.00034371	2080.245334	0.01
0.000343834	2080.43588	Auto
0.000344118	2080.775666	0.001
0.00034706	2081.058665	0.01
0.000347047	2081.251055	Auto
0.000347485	2081.617407	0.001
0.00034773	2081.88607	0.01
0.000352023	2082.098174	Auto
0.000351471	2082.450244	0.001
0.00035347	2082.73973	0.01
0.000352029	2082.927111	Auto
0.00035251	2083.278356	0.001
0.0003526	2083.543742	0.01
0.000351877	2083.753547	Auto
0.000352318	2084.107946	0.001
0.00035361	2084.394407	0.01
0.000353098	2084.580332	Auto
0.000353278	2084.944858	0.001
0.00035714	2085.233899	0.01
0.000356316	2085.426643	Auto
0.00035716	2085.787606	0.001
0.00035717	2086.05753	0.01
0.000359359	2086.275254	Auto
0.000359208	2086.621092	0.001
0.00035921	2086.910728	0.01
0.000361151	2087.104855	Auto
0.00035928	2087.446967	0.001
0.00035938	2087.714327	0.01
0.000359043	2087.945625	Auto
0.000358252	2088.317555	0.001
0.00035208	2088.599435	0.01
0.00035695	2088.793245	Auto
0.000350671	2089.13511	0.001
0.00036461	2089.417997	0.01
0.00036475	2089.610544	Auto
0.000365242	2089.976973	0.001
0.00036582	2090.244327	0.01
0.000365364	2090.456316	Auto
0.000365821	2090.809599	0.001
0.00036449	2091.092756	0.01
0.000366832	2091.292126	Auto
0.000366854	2091.641787	0.001
0.0003666	2091.904013	0.01
0.000367286	2092.113128	Auto
0.000367365	2092.453114	0.001
0.00036718	2092.734726	0.01
0.000368025	2092.922084	Auto
0.000364541	2093.263958	0.001
0.00036807	2093.545739	0.01
0.000367737	2093.745995	Auto
0.00036791	2094.09405	0.001
0.00037075	2094.356925	0.01
0.000371019	2094.556107	Auto
0.000370813	2094.912358	0.001
0.00037126	2095.173053	0.01
0.000371326	2095.403192	Auto
0.000371992	2095.755358	0.001
0.00037219	2096.037276	0.01
0.000371449	2096.230895	Auto
0.000371966	2096.596413	0.001
0.00037247	2096.873656	0.01
0.000371873	2097.092657	Auto
0.00037266	2097.432745	0.001
0.00037316	2097.71573	0.01
0.000373159	2097.909645	Auto
0.000376071	2098.265206	0.001
0.00037597	2098.52706	0.01
0.000377133	2098.756056	Auto
0.000377355	2099.108116	0.001
0.00037992	2099.390973	0.01
0.000380635	2099.59157	Auto
0.000380015	2099.947125	0.001
0.00038109	2100.235949	0.01
0.000380775	2100.428549	Auto
0.000381142	2100.787363	0.001
0.00038697	2101.057862	0.01
0.000382592	2101.249974	Auto
0.000382552	2101.602086	0.001
0.00038317	2101.891805	0.01
0.000387663	2102.078965	Auto
0.000384865	2102.44007	0.001
0.00038632	2102.722912	0.01
0.0003874	2102.916785	Auto
0.000385485	2103.28228	0.001
0.00038623	2103.551122	0.01
0.000386067	2103.77093	Auto
0.000383744	2104.104207	0.001
0.00039048	2104.365889	0.01
0.000389883	2104.553162	Auto
0.000389944	2104.894014	0.001
0.00039018	2105.183842	0.01
0.000390532	2105.370328	Auto
0.000391074	2105.712234	0.001
0.00039151	2106.001954	0.01
0.00039206	2106.187681	Auto
0.000394949	2106.536434	0.001
0.00039567	2106.798125	0.01
0.000390092	2106.986565	Auto
0.000396725	2107.327388	0.001
0.00039831	2107.609248	0.01
0.000397544	2107.802997	Auto
0.000397835	2108.167372	0.001
0.00039909	2108.437004	0.01
0.000398889	2108.65686	Auto
0.000398322	2109.019773	0.001
0.00039903	2109.312802	0.01
0.00039994	2109.502291	Auto
0.000399395	2109.858643	0.001
0.00040091	2110.158722	0.01
0.000403522	2110.388664	Auto
0.000404048	2110.741947	0.001
0.00040514	2111.023907	0.01
0.000405205	2111.216414	Auto
0.000404885	2111.582741	0.001
0.00040534	2111.85298	0.01
0.000403829	2112.064143	Auto
0.000404627	2112.417641	0.001
0.00040938	2112.699422	0.01
0.00040872	2112.892128	Auto
0.000409485	2113.258823	0.001
0.00041219	2113.527432	0.01
0.000411394	2113.753076	Auto
0.000410558	2114.112042	0.001
0.00041392	2114.394757	0.01
0.000415138	2114.587422	Auto
0.000412623	2114.954852	0.001
0.00041455	2115.231567	0.01
0.000414426	2115.450419	Auto
0.000415261	2115.789361	0.001
0.0004158	2116.062574	0.01
0.000415723	2116.255674	Auto
0.000418767	2116.608141	0.001
0.00042278	2116.890974	0.01
0.000420099	2117.083658	Auto
0.000421638	2117.439292	0.001
0.00042292	2117.70119	0.01
0.000423593	2117.910126	Auto
0.000423632	2118.250982	0.001
0.00042617	2118.54536	0.01
0.000428095	2118.737955	Auto
0.000425445	2119.103445	0.001
0.00042642	2119.372175	0.01
0.000426859	2119.591938	Auto
0.000428655	2119.948541	0.001
0.00042779	2120.224358	0.01
0.000428726	2120.430891	Auto
0.000424991	2120.763043	0.001
0.00041572	2121.051217	0.01
0.000432204	2121.281158	Auto
0.000434192	2121.653008	0.001
0.00043516	2121.928291	0.01
0.000435151	2122.157276	Auto
0.00043518	2122.539295	0.001
0.00043964	2122.803451	0.01
0.00043611	2123.015571	Auto
0.00043636	2123.378549	0.001
0.0004394	2123.647172	0.01
0.00044144	2123.873619	Auto
0.000439992	2124.227158	0.001
0.00044294	2124.515769	0.01
0.000445791	2124.710697	Auto
0.000443669	2125.045913	0.001
0.00044357	2125.328646	0.01
0.000447747	2125.521188	Auto
0.000446848	2125.878543	0.001
0.00044714	2126.134748	0.01
0.000446987	2126.322023	Auto
0.000449764	2126.66393	0.001
0.00045192	2126.946909	0.01
0.000451578	2127.140899	Auto
0.000452196	2127.482893	0.001
0.00045483	2127.772582	0.01
0.000453093	2127.959804	Auto
0.000453961	2128.32654	0.001
0.00045438	2128.59523	0.01
0.000455824	2128.807224	Auto
0.000457182	2129.176285	0.001
0.00045744	2129.475992	0.01
0.000457992	2129.704799	Auto
0.000457751	2130.057277	0.001
0.00045864	2130.346876	0.01
0.000457737	2130.534143	Auto
0.000456829	2130.875802	0.001
0.0004571	2131.151887	0.01
0.000457277	2131.38299	Auto
0.000460973	2131.754724	0.001
0.00046201	2132.037761	0.01
0.000460694	2132.230241	Auto
0.000462543	2132.596699	0.001
0.0004662	2132.86638	0.01
0.000466485	2133.084256	Auto
0.000466478	2133.440236	0.001
0.00046698	2133.709155	0.01
0.000467235	2133.91583	Auto
0.000466996	2134.268033	0.001
0.0004696	2134.556436	0.01
0.000464873	2134.744673	Auto
0.00046312	2135.09667	0.001
0.00046654	2135.365063	0.01
0.000449654	2135.570451	Auto
0.000460691	2135.940595	0.001
0.00046778	2136.233652	0.01
0.000469334	2136.42203	Auto
0.000469271	2136.762646	0.001
0.00047022	2137.051352	0.01
0.000469403	2137.239638	Auto
0.000470707	2137.580446	0.001
0.00047096	2137.862261	0.01
0.000470092	2138.055045	Auto
0.000470168	2138.397807	0.001
0.00047142	2138.674753	0.01
0.000471319	2138.911602	Auto
0.000470253	2139.252084	0.001
0.00047108	2139.526	0.01
0.000471842	2139.713116	Auto
0.000472689	2140.064761	0.001
0.00047304	2140.333279	0.01
0.000472905	2140.540786	Auto
0.00047394	2140.893856	0.001
0.00047613	2141.176838	0.01
0.000475512	2141.369407	Auto
0.000477342	2141.735844	0.001
0.00047634	2142.006717	0.01
0.000479307	2142.218679	Auto
0.000481143	2142.572034	0.001
0.00048286	2142.847988	0.01
0.000482382	2143.083692	Auto
0.000482471	2143.440551	0.001
0.00048456	2143.709007	0.01
0.000485237	2143.921249	Auto
0.000485265	2144.274306	0.001
0.00048913	2144.542356	0.01
0.000486046	2144.772414	Auto
0.000485852	2145.125839	0.001
0.00048686	2145.41026	0.01
0.000486528	2145.617787	Auto
0.000486863	2145.963404	0.001
0.00048802	2146.236605	0.01
0.000491005	2146.429894	Auto
0.000487773	2146.799186	0.001
0.00048891	2147.097082	0.01
0.000488695	2147.327102	Auto
0.000489318	2147.680778	0.001
0.00048912	2147.962722	0.01
0.000487541	2148.156535	Auto
0.000492502	2148.506558	0.001
0.00048907	2148.775063	0.01
0.000493248	2148.984158	Auto
0.000488633	2149.324174	0.001
0.00048906	2149.612598	0.01
0.00049032	2149.828189	Auto
0.000490485	2150.16275	0.001
0.00049034	2150.45016	0.01
0.000492576	2150.680277	Auto
0.000495158	2151.066886	0.001
0.00049358	2151.329904	0.01
0.000493396	2151.559825	Auto
0.000494822	2151.91217	0.001
0.00049546	2152.201852	0.01
0.000498692	2152.396809	Auto
0.000493843	2152.741987	0.001
0.00049544	2153.010834	0.01
0.000494709	2153.216225	Auto
0.000495222	2153.569994	0.001
0.00049645	2153.851846	0.01
0.000495805	2154.068036	Auto
0.000499835	2154.427898	0.001
0.00049526	2154.710803	0.01
0.000495362	2154.904532	Auto
0.000496355	2155.270176	0.001
0.00049679	2155.540808	0.01
0.00049785	2155.75968	Auto
0.000500781	2156.106011	0.001
0.00049565	2156.395565	0.01
0.000500382	2156.589554	Auto
0.000502543	2156.935698	0.001
0.00050301	2157.212537	0.01
0.000504226	2157.411397	Auto
0.000503162	2157.77467	0.001
0.00050784	2158.044569	0.01
0.000504301	2158.250984	Auto
0.000507618	2158.603092	0.001
0.00050751	2158.885915	0.01
0.000505151	2159.085362	Auto
0.000501904	2159.444085	0.001
0.00050812	2159.714828	0.01
0.000507937	2159.927037	Auto
0.000507015	2160.279344	0.001
0.00050954	2160.568943	0.01
0.000509886	2160.761934	Auto
0.000509121	2161.121855	0.001
0.00050991	2161.392595	0.01
0.000509716	2161.604635	Auto
0.000511281	2161.95886	0.001
0.00051141	2162.241848	0.01
0.000509301	2162.434359	Auto
0.000505804	2162.800753	0.001
0.00050494	2163.070224	0.01
0.000511871	2163.262393	Auto
0.00051156	2163.615834	0.001
0.00051221	2163.90555	0.01
0.000515042	2164.093815	Auto
0.000514318	2164.434406	0.001
0.00051547	2164.704777	0.01
0.000516728	2164.892178	Auto
0.000518212	2165.250948	0.001
0.00051837	2165.532967	0.01
0.000517561	2165.758582	Auto
0.000519798	2166.131856	0.001
0.00052065	2166.414678	0.01
0.000519156	2166.608421	Auto
0.000522886	2166.981012	0.001
0.00052133	2167.246546	0.01
0.000522217	2167.455278	Auto
0.000523256	2167.815449	0.001
0.00052571	2168.091017	0.01
0.000526449	2168.313375	Auto
0.000526883	2168.699582	0.001
0.0005288	2168.96292	0.01
0.000528331	2169.192099	Auto
0.000529821	2169.564064	0.001
0.00052522	2169.840353	0.01
0.000532902	2170.069353	Auto
0.000532573	2170.441058	0.001
0.00053311	2170.731707	0.01
0.000532706	2170.926752	Auto
0.000533952	2171.278079	0.001
0.00053436	2171.577995	0.01
0.000534666	2171.776182	Auto
0.000536021	2172.13266	0.001
0.0005393	2172.394187	0.01
0.000539247	2172.624195	Auto
0.000540741	2172.996132	0.001
0.00054247	2173.278118	0.01
0.000542168	2173.478538	Auto
0.000542182	2173.814911	0.001
0.00054525	2174.097906	0.01
0.00053561	2174.291703	Auto
0.000542095	2174.658142	0.001
0.00054486	2174.927966	0.01
0.00054406	2175.110551	Auto
0.000544844	2175.476902	0.001
0.00054431	2175.746608	0.01
0.000545654	2175.972344	Auto
0.00054988	2176.312687	0.001
0.00055041	2176.595573	0.01
0.000550632	2176.788107	Auto
0.000554816	2177.154827	0.001
0.00055386	2177.424191	0.01
0.000553978	2177.636201	Auto
0.000553433	2177.998263	0.001
0.00055424	2178.267025	0.01
0.000554524	2178.47241	Auto
0.000554771	2178.826747	0.001
0.00055487	2179.109761	0.01
0.000555144	2179.302371	Auto
0.000555583	2179.668977	0.001
0.00055599	2179.93868	0.01
0.000556797	2180.157527	Auto
0.000556179	2180.514647	0.001
0.00055883	2180.782178	0.01
0.000557595	2180.989884	Auto
0.000559687	2181.353657	0.001
0.00056049	2181.625698	0.01
0.000560846	2181.829957	Auto
0.00056427	2182.18114	0.001
0.00056223	2182.454174	0.01
0.000549393	2182.646286	Auto
0.000564665	2182.999599	0.001
0.00056668	2183.282647	0.01
0.000566391	2183.476559	Auto
0.000568454	2183.842924	0.001
0.00057606	2184.113657	0.01
0.000570843	2184.331392	Auto
0.000571371	2184.677174	0.001
0.00057231	2184.946733	0.01
0.000572192	2185.141932	Auto
0.000571582	2185.493189	0.001
0.00057305	2185.785178	0.01
0.000572171	2185.982847	Auto
0.000574708	2186.315008	0.001
0.00057732	2186.60474	0.01
0.000577291	2186.791975	Auto
0.000577124	2187.133845	0.001
0.00057658	2187.422055	0.01
0.000577066	2187.611421	Auto
0.000577768	2187.951142	0.001
0.00057815	2188.240973	0.01
0.000579637	2188.433549	Auto
0.000579011	2188.782327	0.001
0.00058061	2189.044243	0.01
0.00058154	2189.253127	Auto
0.000582614	2189.593037	0.001
0.0005819	2189.881301	0.01
0.000582015	2190.118069	Auto
0.000583325	2190.451635	0.001
0.00056884	2190.719247	0.01
0.000582555	2190.936099	Auto
0.000583158	2191.269533	0.001
0.0005833	2191.558559	0.01
0.000583773	2191.788609	Auto
0.000582553	2192.151335	0.001
0.00058662	2192.417669	0.01
0.000586948	2192.628558	Auto
0.000589017	2192.981559	0.001
0.00058837	2193.25473	0.01
0.000589433	2193.447009	Auto
0.000589629	2193.806163	0.001
0.00059082	2194.074405	0.01
0.000588292	2194.304404	Auto
0.000588933	2194.644127	0.001
0.00059029	2194.91276	0.01
0.000588698	2195.123911	Auto
0.000589706	2195.463597	0.001
0.00059242	2195.752188	0.01
0.000591116	2195.95131	Auto
0.000590113	2196.318862	0.001
0.00059084	2196.588567	0.01
0.000590787	2196.807341	Auto
0.000592286	2197.153189	0.001
0.00059109	2197.435066	0.01
0.000588126	2197.628642	Auto
0.000590977	2197.994054	0.001
0.00059382	2198.26473	0.01
0.00059383	2198.483403	Auto
0.000594791	2198.839023	0.001
0.00059484	2199.108797	0.01
0.000593953	2199.321068	Auto
0.00059408	2199.685793	0.001
0.00059505	2199.977875	0.01
0.00059493	2200.175272	Auto
0.000595167	2200.506146	0.001
0.00059778	2200.795417	0.01
0.000596387	2200.985896	Auto
0.000598104	2201.335834	0.001
0.00059775	2201.604394	0.01
0.000598373	2201.817623	Auto
0.000597816	2202.151973	0.001
0.00060056	2202.446035	0.01
0.000601454	2202.639647	Auto
0.00060188	2203.005057	0.001
0.00060146	2203.274402	0.01
0.000603389	2203.487547	Auto
0.000596881	2203.841038	0.001
0.00060377	2204.13	0.01
0.000604079	2204.3171	Auto
0.000584155	2204.658752	0.001
0.00060158	2204.941882	0.01
0.000601856	2205.141261	Auto
0.000605232	2205.50099	0.001
0.0006045	2205.770552	0.01
0.00060379	2205.983827	Auto
0.00060199	2206.346215	0.001
0.00061241	2206.610419	0.01
0.000610338	2206.820352	Auto
0.000610323	2207.173689	0.001
0.00061112	2207.442193	0.01
0.000610738	2207.630547	Auto
0.000612031	2207.996183	0.001
0.00061144	2208.272641	0.01
0.000612592	2208.485916	Auto
0.00061339	2208.842884	0.001
0.00061521	2209.115196	0.01
0.000614573	2209.317242	Auto
0.00061391	2209.679144	0.001
0.00061492	2209.948028	0.01
0.000614527	2210.155707	Auto
0.000616956	2210.508855	0.001
0.00061601	2210.798569	0.01
0.000615197	2210.993728	Auto
0.00061606	2211.328261	0.001
0.00061354	2211.610029	0.01
0.000620671	2211.80375	Auto
0.000618626	2212.169325	0.001
0.00062113	2212.439865	0.01
0.00062148	2212.666542	Auto
0.000621026	2213.006836	0.001
0.00062153	2213.295183	0.01
0.000623973	2213.48365	Auto
0.000624565	2213.824386	0.001
0.00062217	2214.106397	0.01
0.000622617	2214.299974	Auto
0.000625949	2214.666696	0.001
0.00062673	2214.935286	0.01
0.000626044	2215.148645	Auto
0.000629339	2215.501831	0.001
0.00063672	2215.784703	0.01
0.000631436	2215.978548	Auto
0.000632621	2216.341989	0.001
0.00063422	2216.623759	0.01
0.000633313	2216.816389	Auto
0.000632649	2217.183995	0.001
0.00063505	2217.452724	0.01
0.000633768	2217.665778	Auto
0.000632905	2218.035183	0.001
0.00063477	2218.333261	0.01
0.000633807	2218.563297	Auto
0.000635684	2218.935123	0.001
0.00063802	2219.210083	0.01
0.000637127	2219.440127	Auto
0.000637006	2219.809374	0.001
0.00064439	2220.108262	0.01
0.000639272	2220.337015	Auto
0.000640365	2220.689272	0.001
0.0006414	2220.978027	0.01
0.000640709	2221.164204	Auto
0.000642861	2221.530643	0.001
0.000644	2221.800969	0.01
0.000644513	2222.01211	Auto
0.000644563	2222.364291	0.001
0.00064699	2222.646055	0.01
0.000649576	2222.84085	Auto
0.000648856	2223.183801	0.001
0.00065012	2223.466763	0.01
0.000651215	2223.666998	Auto
0.000652745	2224.016127	0.001
0.00065292	2224.270975	0.01
0.000654041	2224.457189	Auto
0.000655083	2224.799882	0.001
0.00065683	2225.082983	0.01
0.000656257	2225.275819	Auto
0.000661605	2225.632698	0.001
0.00065826	2225.887065	0.01
0.000655692	2226.075742	Auto
0.000657112	2226.41726	0.001
0.00065944	2226.706004	0.01
0.000660833	2226.89475	Auto
0.000659723	2227.235928	0.001
0.00066134	2227.51805	0.01
0.000666413	2227.718692	Auto
0.00066689	2228.078994	0.001
0.00066763	2228.347923	0.01
0.000669733	2228.567157	Auto
0.000669885	2228.91298	0.001
0.00067022	2229.194156	0.01
0.000666965	2229.387194	Auto
0.000667724	2229.753855	0.001
0.00067563	2230.02309	0.01
0.000670365	2230.215654	Auto
0.000673072	2230.556901	0.001
0.00067608	2230.845573	0.01
0.000681682	2231.062613	Auto
0.000674818	2231.396079	0.001
0.00068385	2231.684843	0.01
0.000681007	2231.894261	Auto
0.000680591	2232.233435	0.001
0.00067161	2232.522122	0.01
0.000681689	2232.731357	Auto
0.000680303	2233.079634	0.001
0.00068094	2233.373129	0.01
0.000681773	2233.566414	Auto
0.000681261	2233.926543	0.001
0.00068443	2234.196568	0.01
0.000681784	2234.415554	Auto
0.000685699	2234.749139	0.001
0.00068519	2235.017346	0.01
0.000685922	2235.226301	Auto
0.000686676	2235.567705	0.001
0.00068884	2235.828719	0.01
0.000687423	2236.016355	Auto
0.000688767	2236.36711	0.001
0.00068386	2236.636034	0.01
0.000691963	2236.843806	Auto
0.000692867	2237.197732	0.001
0.00069582	2237.486712	0.01
0.000692257	2237.673044	Auto
0.000693455	2238.045414	0.001
0.00069333	2238.311814	0.01
0.000694256	2238.554294	Auto
0.000692763	2238.892322	0.001
0.0006938	2239.165751	0.01
0.00070637	2239.35831	Auto
0.00069525	2239.711756	0.001
0.00069826	2239.994021	0.01
0.000697591	2240.187158	Auto
0.000697662	2240.543088	0.001
0.00070107	2240.804176	0.01
0.000701188	2241.033446	Auto
0.000700485	2241.405407	0.001
0.00070377	2241.694294	0.01
0.000704817	2241.881716	Auto
0.000705978	2242.254272	0.001
0.0007044	2242.525272	0.01
0.000704541	2242.729797	Auto
0.000704704	2243.082351	0.001
0.00069699	2243.365566	0.01
0.000703969	2243.557427	Auto
0.00070638	2243.923292	0.001
0.00070981	2244.19453	0.01
0.000708488	2244.406916	Auto
0.000710479	2244.776432	0.001
0.00071224	2245.075592	0.01
0.000712494	2245.305828	Auto
0.000712135	2245.658361	0.001
0.00071547	2245.94858	0.01
0.000714969	2246.135197	Auto
0.000712937	2246.500581	0.001
0.00071664	2246.771612	0.01
0.000719183	2246.983114	Auto
0.000713314	2247.336643	0.001
0.00072022	2247.61982	0.01
0.000720234	2247.813663	Auto
0.000720396	2248.16929	0.001
0.00072179	2248.431425	0.01
0.000720745	2248.661754	Auto
0.000721066	2249.058822	0.001
0.00072061	2249.328814	0.01
0.000722302	2249.54134	Auto
0.00072279	2249.90496	0.001
0.00072384	2250.169732	0.01
0.000723754	2250.386433	Auto
0.000723819	2250.739633	0.001
0.00072435	2251.008432	0.01
0.000730411	2251.237261	Auto
0.000724675	2251.607848	0.001
0.00072486	2251.907892	0.01
0.000725009	2252.137354	Auto
0.00072531	2252.490777	0.001
0.00072512	2252.779799	0.01
0.00072353	2252.967438	Auto
0.000735508	2253.319553	0.001
0.00072612	2253.58964	0.01
0.000726102	2253.795442	Auto
0.000726327	2254.148238	0.001
0.00072625	2254.429247	0.01
0.000726074	2254.622141	Auto
0.000726617	2254.988903	0.001
0.00071211	2255.259753	0.01
0.00072903	2255.471056	Auto
0.000729283	2255.824765	0.001
0.00073019	2256.114968	0.01
0.000729333	2256.300334	Auto
0.000730025	2256.656958	0.001
0.00073092	2256.917808	0.01
0.000727125	2257.155011	Auto
0.000729027	2257.487274	0.001
0.00072969	2257.769219	0.01
0.000732032	2257.957854	Auto
0.000732128	2258.316921	0.001
0.00073298	2258.598222	0.01
0.000732623	2258.817424	Auto
0.000730475	2259.177528	0.001
0.00073665	2259.460726	0.01
0.000735558	2259.654585	Auto
0.000735901	2260.010216	0.001
0.00073622	2260.265375	0.01
0.000733442	2260.453904	Auto
0.000736415	2260.795884	0.001
0.0007396	2261.078204	0.01
0.000738329	2261.271032	Auto
0.000739054	2261.626384	0.001
0.00073981	2261.889596	0.01
0.000740171	2262.119924	Auto
0.000739662	2262.473533	0.001
0.00074099	2262.756721	0.01
0.000740956	2262.956377	Auto
0.000741997	2263.31659	0.001
0.00074277	2263.585252	0.01
0.000742967	2263.798705	Auto
0.000744648	2264.151139	0.001
0.00074603	2264.433218	0.01
0.000745092	2264.626104	Auto
0.000746378	2264.98258	0.001
0.0007472	2265.24515	0.01
0.000746523	2265.474278	Auto
0.000746828	2265.827834	0.001
0.00074925	2266.117009	0.01
0.00074975	2266.302141	Auto
0.000749591	2266.659098	0.001
0.0007507	2266.914588	0.01
0.000754547	2267.109853	Auto
0.000752402	2267.461291	0.001
0.00075256	2267.753552	0.01
0.000753966	2267.941141	Auto
0.000754822	2268.289231	0.001
0.00075578	2268.558143	0.01
0.000755237	2268.76726	Auto
0.000752155	2269.108545	0.001
0.00075476	2269.370612	0.01
0.000754616	2269.55813	Auto
0.000754854	2269.899218	0.001
0.00075843	2270.188077	0.01
0.000757807	2270.376555	Auto
0.000759407	2270.718561	0.001
0.00075914	2270.998529	0.01
0.000763554	2271.218886	Auto
0.000763754	2271.595712	0.001
0.00076517	2271.895789	0.01
0.000767085	2272.095415	Auto
0.000767993	2272.461096	0.001
0.0007703	2272.730926	0.01
0.00076824	2272.930341	Auto
0.000766544	2273.263846	0.001
0.00076725	2273.545729	0.01
0.000767076	2273.733217	Auto
0.000768561	2274.075539	0.001
0.00077068	2274.358746	0.01
0.000772421	2274.552651	Auto
0.000777248	2274.91842	0.001
0.00077381	2275.189651	0.01
0.000773948	2275.401989	Auto
0.000773218	2275.753392	0.001
0.00077477	2276.042365	0.01
0.000774488	2276.235137	Auto
0.000748226	2276.584127	0.001
0.00077555	2276.840538	0.01
0.000776858	2277.028244	Auto
0.000778155	2277.386907	0.001
0.00077934	2277.679261	0.01
0.000779429	2277.87689	Auto
0.000782019	2278.208094	0.001
0.00078296	2278.490191	0.01
0.000782823	2278.683075	Auto
0.000785411	2279.049977	0.001
0.00078367	2279.317261	0.01
0.00078395	2279.530592	Auto
0.00078406	2279.883259	0.001
0.00078482	2280.17997	0.01
0.000784628	2280.408096	Auto
0.000784573	2280.771752	0.001
0.000786	2281.036315	0.01
0.00078817	2281.253337	Auto
0.000788949	2281.599261	0.001
0.0007894	2281.881348	0.01
0.000789844	2282.081111	Auto
0.00078992	2282.439143	0.001
0.00079048	2282.709875	0.01
0.000798196	2282.902644	Auto
0.000791231	2283.265316	0.001
0.00079585	2283.530807	0.01
0.000791682	2283.741024	Auto
0.000791674	2284.094632	0.001
0.00079295	2284.37774	0.01
0.000792629	2284.571761	Auto
0.000788837	2284.914787	0.001
0.00079465	2285.197038	0.01
0.000796275	2285.39662	Auto
0.000796967	2285.749279	0.001
0.0007979	2286.039667	0.01
0.000798594	2286.24663	Auto
0.000799427	2286.609666	0.001
0.00079485	2286.885336	0.01
0.000801054	2287.098818	Auto
0.000803473	2287.451014	0.001
0.00080429	2287.740992	0.01
0.000804984	2287.927695	Auto
0.000801012	2288.26995	0.001
0.00080818	2288.551159	0.01
0.000807617	2288.744159	Auto
0.000807572	2289.110947	0.001
0.00081184	2289.379833	0.01
0.000811487	2289.592272	Auto
0.00081214	2289.962666	0.001
0.00081369	2290.254106	0.01
0.000812741	2290.444778	Auto
0.000813603	2290.783412	0.001
0.00081427	2291.066611	0.01
0.000815949	2291.259403	Auto
0.000816402	2291.609586	0.001
0.00081856	2291.862805	0.01
0.000824791	2292.082191	Auto
0.00082066	2292.441995	0.001
0.00082176	2292.730869	0.01
0.000821679	2292.917332	Auto
0.000823151	2293.283137	0.001
0.00082641	2293.559663	0.01
0.000825685	2293.779911	Auto
0.000826056	2294.119102	0.001
0.00082728	2294.4079	0.01
0.000828253	2294.594225	Auto
0.000826519	2294.960877	0.001
0.00082852	2295.231973	0.01
0.000828663	2295.422376	Auto
0.000828776	2295.775774	0.001
0.00083083	2296.06559	0.01
0.000830128	2296.254193	Auto
0.000830308	2296.594175	0.001
0.00083131	2296.883647	0.01
0.000830599	2297.072423	Auto
0.000839659	2297.429422	0.001
0.00083528	2297.727381	0.01
0.000834561	2297.9578	Auto
0.000834468	2298.311544	0.001
0.00083585	2298.600416	0.01
0.000835526	2298.795984	Auto
0.000835613	2299.128293	0.001
0.00083707	2299.41716	0.01
0.00083654	2299.610129	Auto
0.000836692	2299.959045	0.001
0.00083625	2300.215596	0.01
0.000840654	2300.410853	Auto
0.000842407	2300.74536	0.001
0.00084036	2301.028657	0.01
0.000839608	2301.220407	Auto
0.000842551	2301.587209	0.001
0.00084443	2301.856115	0.01
0.000827221	2302.075238	Auto
0.000845348	2302.427989	0.001
0.00083084	2302.69525	0.01
0.000849117	2302.932373	Auto
0.000846629	2303.272895	0.001
0.00085015	2303.547259	0.01
0.00084955	2303.74133	Auto
0.000850119	2304.093727	0.001
0.00085166	2304.392345	0.01
0.000852455	2304.622679	Auto
0.00085381	2304.976541	0.001
0.000855	2305.25984	0.01
0.000857259	2305.453811	Auto
0.000857097	2305.819309	0.001
0.00085894	2306.088449	0.01
0.000859296	2306.301757	Auto
0.000845428	2306.654049	0.001
0.00086292	2306.943893	0.01
0.00086124	2307.133692	Auto
0.000862283	2307.480543	0.001
0.0008638	2307.740779	0.01
0.000863474	2307.940023	Auto
0.000863888	2308.293886	0.001
0.00086788	2308.576135	0.01
0.000867715	2308.768043	Auto
0.000866304	2309.142909	0.001
0.00086803	2309.414111	0.01
0.00086868	2309.617612	Auto
0.000869803	2309.970063	0.001
0.00087109	2310.259119	0.01
0.000872758	2310.452082	Auto
0.000876675	2310.811108	0.001
0.00087825	2311.080128	0.01
0.000877757	2311.30692	Auto
0.000878305	2311.646006	0.001
0.00087976	2311.918219	0.01
0.000878507	2312.111793	Auto
0.000878798	2312.464979	0.001
0.00087742	2312.753966	0.01
0.000877653	2312.939329	Auto
0.000877291	2313.305315	0.001
0.00088239	2313.57427	0.01
0.000881558	2313.792209	Auto
0.000881572	2314.139543	0.001
0.00088287	2314.41291	0.01
0.000885749	2314.612085	Auto
0.000887166	2314.975101	0.001
0.0008888	2315.267557	0.01
0.000887427	2315.464019	Auto
0.000888055	2315.812233	0.001
0.00088646	2316.111064	0.01
0.000888219	2316.347109	Auto
0.000891378	2316.693066	0.001
0.00089279	2316.975271	0.01
0.000892554	2317.168249	Auto
0.000893164	2317.534789	0.001
0.00089295	2317.805647	0.01
0.000894372	2318.017127	Auto
0.000892891	2318.380552	0.001
0.00089583	2318.650605	0.01
0.000894457	2318.863095	Auto
0.000895168	2319.219971	0.001
0.00089444	2319.488687	0.01
0.000898555	2319.695566	Auto
0.000899224	2320.088383	0.001
0.00089996	2320.377144	0.01
0.000899527	2320.570247	Auto
0.000900197	2320.936066	0.001
0.00090058	2321.201715	0.01
0.000900671	2321.417375	Auto
0.000900805	2321.773353	0.001
0.0009019	2322.042315	0.01
0.000902092	2322.248826	Auto
0.00090222	2322.618389	0.001
0.00090085	2322.917192	0.01
0.000902396	2323.147537	Auto
0.000896605	2323.510228	0.001
0.00090746	2323.776933	0.01
0.000904561	2323.986149	Auto
0.000905382	2324.33987	0.001
0.00090677	2324.621966	0.01
0.000905732	2324.821851	Auto
0.000906411	2325.181042	0.001
0.00090751	2325.457641	0.01
0.000909742	2325.663296	Auto
0.000909544	2326.016748	0.001
0.00091075	2326.299663	0.01
0.000911103	2326.493554	Auto
0.000910696	2326.84906	0.001
0.00091198	2327.105567	0.01
0.000912021	2327.293048	Auto
0.000912097	2327.634991	0.001
0.00091338	2327.923728	0.01
0.000913295	2328.111425	Auto
0.000915197	2328.452396	0.001
0.00091354	2328.735649	0.01
0.000912938	2328.928669	Auto
0.000914244	2329.295624	0.001
0.00091501	2329.566827	0.01
0.000909848	2329.778177	Auto
0.000913479	2330.131863	0.001
0.00091867	2330.414053	0.01
0.000915879	2330.607141	Auto
0.000916745	2330.949223	0.001
0.00091905	2331.238158	0.01
0.000917829	2331.426766	Auto
0.000918016	2331.777623	0.001
0.00092027	2332.047655	0.01
0.000918894	2332.260888	Auto
0.000919062	2332.594276	0.001
0.00092041	2332.855197	0.01
0.000920366	2333.043876	Auto
0.000920738	2333.39507	0.001
0.00092276	2333.660761	0.01
0.000922157	2333.871082	Auto
0.00092201	2334.234869	0.001
0.00092266	2334.504702	0.01
0.000923198	2334.711563	Auto
0.000923029	2335.064139	0.001
0.00092829	2335.346047	0.01
0.000923968	2335.539918	Auto
0.000924778	2335.90663	0.001
0.00092687	2336.176794	0.01
0.000925597	2336.389123	Auto
0.000925445	2336.75826	0.001
0.00092804	2337.05866	0.01
0.000926921	2337.288682	Auto
0.000926761	2337.641057	0.001
0.00092858	2337.923121	0.01
0.000928616	2338.116274	Auto
0.000929271	2338.472763	0.001
0.00092993	2338.727215	0.01
0.000929053	2338.915865	Auto
0.00092976	2339.257998	0.001
0.0009305	2339.546774	0.01
0.000930275	2339.733204	Auto
0.000931076	2340.099007	0.001
0.00093233	2340.368865	0.01
0.000931133	2340.562545	Auto
0.000934566	2340.94588	0.001
0.00093539	2341.21507	0.01
0.000934858	2341.42741	Auto
0.000934184	2341.761961	0.001
0.00093538	2342.029774	0.01
0.000939495	2342.25991	Auto
0.000935812	2342.61377	0.001
0.0009371	2342.896049	0.01
0.000937095	2343.088026	Auto
0.000936647	2343.445587	0.001
0.00093745	2343.707922	0.01
0.000946091	2343.939534	Auto
0.000939292	2344.279718	0.001
0.0009388	2344.541743	0.01
0.00093845	2344.729272	Auto
0.000938519	2345.071689	0.001
0.00093966	2345.361567	0.01
0.000938539	2345.554584	Auto
0.000941366	2345.914795	0.001
0.00094487	2346.185949	0.01
0.000940831	2346.403911	Auto
0.000938421	2346.750063	0.001
0.00093706	2347.022386	0.01
0.000943727	2347.215738	Auto
0.000943888	2347.57834	0.001
0.00094552	2347.843661	0.01
0.000946891	2348.06162	Auto
0.000947705	2348.418658	0.001
0.00094888	2348.688688	0.01
0.000951361	2348.895649	Auto
0.000951678	2349.258291	0.001
0.00095209	2349.530778	0.01
0.000951472	2349.741002	Auto
0.000951498	2350.098613	0.001
0.00095326	2350.365318	0.01
0.000952118	2350.572126	Auto
0.000954113	2350.925564	0.001
0.00095433	2351.208837	0.01
0.00095345	2351.402879	Auto
0.000953789	2351.769664	0.001
0.00095562	2352.039809	0.01
0.000952823	2352.266676	Auto
0.000955621	2352.643721	0.001
0.00095351	2352.942549	0.01
0.000952157	2353.180633	Auto
0.000954069	2353.536739	0.001
0.00095414	2353.81597	0.01
0.000955276	2354.003638	Auto
0.000961299	2354.354275	0.001
0.00096152	2354.623934	0.01
0.000960702	2354.831957	Auto
0.000963142	2355.184752	0.001
0.0009651	2355.466915	0.01
0.000964365	2355.661046	Auto
0.000967052	2356.026626	0.001
0.00096471	2356.296384	0.01
0.000965266	2356.522243	Auto
0.000964729	2356.861339	0.001
0.00096881	2357.144751	0.01
0.000968421	2357.337706	Auto
0.000964576	2357.693173	0.001
0.00097294	2357.955409	0.01
0.00098006	2358.192538	Auto
0.000974823	2358.539692	0.001
0.0009767	2358.829689	0.01
0.000977858	2359.016291	Auto
0.00097863	2359.381865	0.001
0.00097991	2359.652773	0.01
0.000980097	2359.864089	Auto
0.000982199	2360.217203	0.001
0.000984	2360.506357	0.01
0.000984595	2360.694963	Auto
0.000987231	2361.044036	0.001
0.00099193	2361.313785	0.01
0.00098768	2361.541636	Auto
0.000988274	2361.894028	0.001
0.00099151	2362.183247	0.01
0.000992047	2362.37078	Auto
0.000991275	2362.729678	0.001
0.00099432	2363.022992	0.01
0.000995264	2363.211561	Auto
0.000996401	2363.552824	0.001
0.00099731	2363.835097	0.01
0.000998671	2364.035772	Auto
0.000998434	2364.394664	0.001
0.00099412	2364.664385	0.01
0.000998186	2364.857157	Auto
0.001000501	2365.243209	0.001
0.00100093	2365.503619	0.01
0.001000298	2365.691779	Auto
0.00101384	2366.056427	0.01
0.00100756	2366.310313	0.1
0.001008361	2366.518292	Auto
0.00100867	2366.858846	0.01
0.00101097	2367.116599	0.1
0.001010937	2367.31123	Auto
0.00101414	2367.686374	0.01
0.00100584	2367.961122	0.1
0.001011062	2368.182294	Auto
0.00101267	2368.528633	0.01
0.00101246	2368.789838	0.1
0.001012466	2368.978446	Auto
0.00101605	2369.340247	0.01
0.00101481	2369.604678	0.1
0.001011933	2369.813676	Auto
0.00101913	2370.153282	0.01
0.0010144	2370.416163	0.1
0.001018869	2370.644294	Auto
0.00102513	2371.013676	0.01
0.00102435	2371.268125	0.1
0.001019646	2371.489309	Auto
0.00102307	2371.836119	0.01
0.00102587	2372.105121	0.1
0.001023444	2372.30075	Auto
0.0010246	2372.670006	0.01
0.00102448	2372.944603	0.1
0.001026136	2373.146028	Auto
0.00102809	2373.508872	0.01
0.00102914	2373.765725	0.1
0.001028446	2373.966356	Auto
0.00102991	2374.328662	0.01
0.00102984	2374.602189	0.1
0.001030455	2374.805661	Auto
0.00103215	2375.145574	0.01
0.00103246	2375.402031	0.1
0.001032183	2375.603258	Auto
0.00103446	2375.972367	0.01
0.00103378	2376.234677	0.1
0.001033465	2376.442622	Auto
0.00103461	2376.782157	0.01
0.00103431	2377.026562	0.1
0.001034277	2377.248842	Auto
0.00103745	2377.604188	0.01
0.00102375	2377.866859	0.1
0.001036266	2378.074762	Auto
0.00103604	2378.444976	0.01
0.00103832	2378.724127	0.1
0.001037347	2378.946669	Auto
0.00103887	2379.302088	0.01
0.00103925	2379.582953	0.1
0.00103998	2379.804397	Auto
0.00104004	2380.16776	0.01
0.00104013	2380.435622	0.1
0.00104204	2380.63026	Auto
0.0010409	2380.999687	0.01
0.00104023	2381.268616	0.1
0.001039262	2381.477825	Auto
0.0010447	2381.83969	0.01
0.00104173	2382.094373	0.1
0.001042266	2382.309067	Auto
0.00104197	2382.677372	0.01
0.00104355	2382.958595	0.1
0.001043936	2383.181215	Auto
0.00104587	2383.526565	0.01
0.00104534	2383.77187	0.1
0.001045422	2383.974745	Auto
0.00104738	2384.336677	0.01
0.0010479	2384.592982	0.1
0.001047518	2384.805392	Auto
0.00104779	2385.181159	0.01
0.00104749	2385.442059	0.1
0.001049939	2385.650107	Auto
0.00105111	2386.018244	0.01
0.00105027	2386.302529	0.1
0.001050335	2386.491281	Auto
0.00105148	2386.863681	0.01
0.00105218	2387.119343	0.1
0.001052604	2387.339414	Auto
0.00105273	2387.708655	0.01
0.00105333	2387.96325	0.1
0.001053149	2388.17812	Auto
0.00105568	2388.547605	0.01
0.00105543	2388.838842	0.1
0.001057476	2389.029726	Auto
0.00105761	2389.400128	0.01
0.00105789	2389.655626	0.1
0.001056877	2389.864897	Auto
0.00105709	2390.226061	0.01
0.00105724	2390.517261	0.1
0.001056637	2390.713765	Auto
0.00105941	2391.078866	0.01
0.00105778	2391.340249	0.1
0.001058175	2391.568205	Auto
0.00105805	2391.922303	0.01
0.00106096	2392.178841	0.1
0.001055524	2392.373614	Auto
0.00106314	2392.720955	0.01
0.00106044	2392.956656	0.1
0.001059354	2393.151442	Auto
0.00105863	2393.521836	0.01
0.00106098	2393.79536	0.1
0.001061811	2393.997158	Auto
0.00106326	2394.359103	0.01
0.00106398	2394.633601	0.1
0.001061867	2394.828281	Auto
0.00106401	2395.187741	0.01
0.00106466	2395.439742	0.1
0.00106214	2395.66119	Auto
0.00106154	2396.007659	0.01
0.00106158	2396.257119	0.1
0.001062692	2396.486184	Auto
0.0010624	2396.8813	0.01
0.00106337	2397.142363	0.1
0.001062695	2397.343779	Auto
0.00106971	2397.719189	0.01
0.00107015	2397.980227	0.1
0.001067127	2398.202797	Auto
0.00106793	2398.572568	0.01
0.00106801	2398.846162	0.1
0.001066958	2399.041049	Auto
0.00105977	2399.41058	0.01
0.00106941	2399.684751	0.1
0.001068728	2399.887691	Auto
0.00106907	2400.250329	0.01
0.00106927	2400.530442	0.1
0.001068911	2400.752927	Auto
0.00107037	2401.107292	0.01
0.00107234	2401.364987	0.1
0.001079779	2401.56454	Auto
0.00107338	2401.926856	0.01
0.00107423	2402.217324	0.1
0.00107499	2402.415104	Auto
0.00107362	2402.765647	0.01
0.00107417	2403.040608	0.1
0.001073557	2403.24208	Auto
0.00107832	2403.603172	0.01
0.00107642	2403.858973	0.1
0.001075648	2404.073087	Auto
0.00107695	2404.441625	0.01
0.00107889	2404.69753	0.1
0.001077774	2404.918243	Auto
0.00108039	2405.280415	0.01
0.00107852	2405.554175	0.1
0.001082255	2405.749092	Auto
0.00108317	2406.125625	0.01
0.00108419	2406.393755	0.1
0.00108614	2406.595202	Auto
0.00108686	2406.957581	0.01
0.0010867	2407.232565	0.1
0.001079428	2407.428573	Auto
0.00108615	2407.797078	0.01
0.00108671	2408.071875	0.1
0.001086248	2408.274582	Auto
0.0010903	2408.637157	0.01
0.00109196	2408.910403	0.1
0.00108928	2409.106572	Auto
0.00106842	2409.482063	0.01
0.00109766	2409.750215	0.1
0.001096944	2409.951868	Auto
0.00109824	2410.298309	0.01
0.0010996	2410.561772	0.1
0.001098528	2410.777847	Auto
0.00109885	2411.152992	0.01
0.00110028	2411.415849	0.1
0.001096436	2411.642794	Auto
0.00109764	2412.011227	0.01
0.00109708	2412.266671	0.1
0.001097272	2412.462785	Auto
0.00109823	2412.808276	0.01
0.00109755	2413.065082	0.1
0.001084323	2413.260748	Auto
0.00110271	2413.629312	0.01
0.0011022	2413.903104	0.1
0.001101719	2414.105888	Auto
0.00110393	2414.467345	0.01
0.0011061	2414.741082	0.1
0.001105841	2414.943778	Auto
0.00110768	2415.305961	0.01
0.00110818	2415.579764	0.1
0.001108969	2415.77573	Auto
0.00111016	2416.151277	0.01
0.00110982	2416.412403	0.1
0.001108429	2416.653957	Auto
0.00108231	2417.062796	0.01
0.00111036	2417.316422	0.1
0.001109734	2417.545851	Auto
0.00111206	2417.900175	0.01
0.00111268	2418.174092	0.1
0.001112062	2418.376744	Auto
0.0011127	2418.738004	0.01
0.00111325	2418.993025	0.1
0.001112832	2419.214606	Auto
0.00111354	2419.553427	0.01
0.00111691	2419.810304	0.1
0.001117157	2420.005335	Auto
0.00111878	2420.373561	0.01
0.00111877	2420.629974	0.1
0.001119294	2420.849245	Auto
0.00111996	2421.211392	0.01
0.00112087	2421.492531	0.1
0.001120255	2421.714262	Auto
0.00112213	2422.060943	0.01
0.00112201	2422.303274	0.1
0.001122725	2422.49817	Auto
0.00112316	2422.857803	0.01
0.00112336	2423.101376	0.1
0.001123753	2423.296147	Auto
0.00112313	2423.664419	0.01
0.00112713	2423.938289	0.1
0.001123617	2424.140083	Auto
0.00112421	2424.479901	0.01
0.00112706	2424.733652	0.1
0.001127502	2424.930641	Auto
0.00111667	2425.295901	0.01
0.00112853	2425.558662	0.1
0.001127534	2425.779098	Auto
0.00112902	2426.14179	0.01
0.00113019	2426.41067	0.1
0.001128144	2426.645706	Auto
0.0011292	2427.007047	0.01
0.00112414	2427.268161	0.1
0.001128656	2427.503186	Auto
0.00112912	2427.877211	0.01
0.00113109	2428.133937	0.1
0.001129052	2428.354232	Auto
0.00113059	2428.716594	0.01
0.00113246	2428.997248	0.1
0.001135913	2429.219161	Auto
0.00113162	2429.564746	0.01
0.00113373	2429.815998	0.1
0.001142447	2430.037808	Auto
0.0011433	2430.400356	0.01
0.00113489	2430.667125	0.1
0.001133885	2430.88209	Auto
0.00113398	2431.2507	0.01
0.00113636	2431.51464	0.1
0.001134809	2431.721708	Auto
0.00113668	2432.091739	0.01
0.00113656	2432.372925	0.1
0.001135553	2432.595725	Auto
0.00113901	2432.951875	0.01
0.00114115	2433.232161	0.1
0.001136821	2433.454798	Auto
0.00113724	2433.83012	0.01
0.00113235	2434.104935	0.1
0.001138864	2434.300925	Auto
0.00114017	2434.67011	0.01
0.00113935	2434.944892	0.1
0.001146996	2435.146614	Auto
0.00114045	2435.486541	0.01
0.00114167	2435.730088	0.1
0.001140919	2435.959565	Auto
0.00114103	2436.362817	0.01
0.00114154	2436.618584	0.1
0.001145113	2436.825872	Auto
0.00113615	2437.165985	0.01
0.00114617	2437.428438	0.1
0.0011449	2437.637595	Auto
0.00114605	2438.00693	0.01
0.00114522	2438.287244	0.1
0.001145015	2438.509854	Auto
0.00114799	2438.865355	0.01
0.00114568	2439.13934	0.1
0.001148123	2439.334143	Auto
0.001149	2439.702392	0.01
0.00114834	2439.983078	0.1
0.001148354	2440.205819	Auto
0.00114369	2440.560347	0.01
0.00114772	2440.816092	0.1
0.001140693	2441.017767	Auto
0.00115199	2441.37979	0.01
0.00115065	2441.660161	0.1
0.001150976	2441.889732	Auto
0.00115246	2442.292943	0.01
0.00115212	2442.547533	0.1
0.001152506	2442.781356	Auto
0.00115549	2443.137683	0.01
0.00115539	2443.412562	0.1
0.001154225	2443.607422	Auto
0.00115536	2443.976954	0.01
0.00115581	2444.250831	0.1
0.001155753	2444.446668	Auto
0.00115553	2444.815149	0.01
0.00116774	2445.096697	0.1
0.001158196	2445.318328	Auto
0.00115791	2445.693443	0.01
0.00115849	2445.984996	0.1
0.001158995	2446.175079	Auto
0.00115977	2446.520248	0.01
0.00116064	2446.771339	0.1
0.001164642	2446.993107	Auto
0.00116056	2447.348679	0.01
0.00116066	2447.605555	0.1
0.001159723	2447.818369	Auto
0.00116146	2448.17714	0.01
0.00116119	2448.421628	0.1
0.001160021	2448.618751	Auto
0.00116307	2448.986287	0.01
0.00116833	2449.242241	0.1
0.001167306	2449.463724	Auto
0.00116931	2449.802369	0.01
0.00116974	2450.056216	0.1
0.001167831	2450.244783	Auto
0.00117005	2450.603117	0.01
0.0011696	2450.877951	0.1
0.001162601	2451.079952	Auto
0.00116816	2451.41877	0.01
0.00117001	2451.672294	0.1
0.001169094	2451.868091	Auto
0.00118108	2452.219768	0.01
0.00117253	2452.494626	0.1
0.001171627	2452.696223	Auto
0.00118038	2453.059861	0.01
0.00117833	2453.333391	0.1
0.001178056	2453.528211	Auto
0.00117947	2453.897797	0.01
0.00118159	2454.172754	0.1
0.001179214	2454.368588	Auto
0.00117974	2454.738723	0.01
0.00118388	2455.018919	0.1
0.001180912	2455.240408	Auto
0.00118459	2455.596888	0.01
0.0011834	2455.871835	0.1
0.001184794	2456.067901	Auto
0.0011853	2456.437764	0.01
0.00118635	2456.711386	0.1
0.00118793	2456.906361	Auto
0.00119042	2457.274221	0.01
0.00119088	2457.548157	0.1
0.001189809	2457.743106	Auto
0.00119065	2458.112792	0.01
0.00119017	2458.387607	0.1
0.001189325	2458.583545	Auto
0.00119394	2458.952084	0.01
0.00119317	2459.233733	0.1
0.001191508	2459.442901	Auto
0.00119237	2459.809633	0.01
0.00119479	2460.063233	0.1
0.00119557	2460.25188	Auto
0.00120155	2460.617141	0.01
0.00119019	2460.878368	0.1
0.001199602	2461.09987	Auto
0.00120088	2461.46956	0.01
0.00120217	2461.750829	0.1
0.001204108	2461.974783	Auto
0.00120422	2462.349143	0.01
0.00120594	2462.629292	0.1
0.001203592	2462.851986	Auto
0.00120382	2463.207563	0.01
0.00119966	2463.488886	0.1
0.001192067	2463.711691	Auto
0.00120504	2464.067335	0.01
0.00120457	2464.341094	0.1
0.001209044	2464.535992	Auto
0.00122131	2464.903426	0.01
0.00120863	2465.158337	0.1
0.00120941	2465.387957	Auto
0.00121234	2465.751245	0.01
0.00121273	2466.001227	0.1
0.001212274	2466.224647	Auto
0.00121135	2466.579261	0.01
0.00121775	2466.853957	0.1
0.001212809	2467.05569	Auto
0.00121264	2467.418599	0.01
0.00121512	2467.692355	0.1
0.001214062	2467.887348	Auto
0.00121505	2468.256284	0.01
0.00121518	2468.53797	0.1
0.001214213	2468.75956	Auto
0.00121419	2469.134923	0.01
0.0012207	2469.422218	0.1
0.001216613	2469.637261	Auto
0.00121998	2469.998295	0.01
0.00122255	2470.260716	0.1
0.001222192	2470.468082	Auto
0.00122799	2470.808007	0.01
0.00122371	2471.044085	0.1
0.001223409	2471.239772	Auto
0.00122588	2471.608404	0.01
0.00122573	2471.889598	0.1
0.001223097	2472.111423	Auto
0.0012244	2472.466887	0.01
0.00122447	2472.723605	0.1
0.001224043	2472.917682	Auto
0.00122641	2473.264171	0.01
0.00122777	2473.517658	0.1
0.001226924	2473.706446	Auto
0.00123054	2474.064948	0.01
0.00123058	2474.319565	0.1
0.001228602	2474.535592	Auto
0.0012303	2474.903011	0.01
0.00123048	2475.159991	0.1
0.001229461	2475.372554	Auto
0.00123045	2475.741803	0.01
0.00123137	2475.998914	0.1
0.001230497	2476.182289	Auto
0.00123285	2476.554033	0.01
0.00123619	2476.809735	0.1
0.001232009	2477.030159	Auto
0.00123279	2477.406753	0.01
0.00123495	2477.667828	0.1
0.001233777	2477.869543	Auto
0.00123569	2478.238129	0.01
0.00123741	2478.512897	0.1
0.001236928	2478.7089	Auto
0.00123931	2479.068814	0.01
0.00123815	2479.319977	0.1
0.001237439	2479.541622	Auto
0.00124892	2479.88627	0.01
0.00123961	2480.130882	0.1
0.001241149	2480.333653	Auto
0.00125195	2480.696107	0.01
0.00124354	2480.976238	0.1
0.001242671	2481.184351	Auto
0.0012461	2481.552068	0.01
0.00124618	2481.843618	0.1
0.001245816	2482.035895	Auto
0.00125069	2482.391981	0.01
0.00124701	2482.646531	0.1
0.001248873	2482.861221	Auto
0.00125084	2483.220128	0.01
0.0012532	2483.470294	0.1
0.001253574	2483.692899	Auto
0.00125435	2484.048548	0.01
0.00125529	2484.329038	0.1
0.00126041	2484.551701	Auto
0.00125731	2484.934877	0.01
0.0012586	2485.196302	0.1
0.001257898	2485.430177	Auto
0.00125881	2485.785689	0.01
0.00125974	2486.060669	0.1
0.001260903	2486.263553	Auto
0.00126968	2486.625018	0.01
0.0012612	2486.906574	0.1
0.001260689	2487.128374	Auto
0.00126059	2487.483941	0.01
0.00126696	2487.746651	0.1
0.00126804	2487.953839	Auto
0.00126745	2488.323596	0.01
0.00127866	2488.604759	0.1
0.001267844	2488.826415	Auto
0.00126852	2489.182936	0.01
0.00127032	2489.457774	0.1
0.001271077	2489.653761	Auto
0.00127242	2490.023641	0.01
0.00127394	2490.297279	0.1
0.001262346	2490.499857	Auto
0.00126461	2490.839886	0.01
0.00126568	2491.084714	0.1
0.001262559	2491.306283	Auto
0.00127078	2491.661686	0.01
0.0012714	2491.936607	0.1
0.001269379	2492.132685	Auto
0.00126088	2492.501058	0.01
0.00128427	2492.775792	0.1
0.00128105	2492.971872	Auto
0.00128244	2493.341883	0.01
0.00128155	2493.632297	0.1
0.001282413	2493.823356	Auto
0.00128415	2494.185342	0.01
0.00128534	2494.446438	0.1
0.001280676	2494.647031	Auto
0.00128361	2494.994542	0.01
0.00128259	2495.264982	0.1
0.00128088	2495.472122	Auto
0.00128452	2495.81821	0.01
0.00128214	2496.06853	0.1
0.001282078	2496.26342	Auto
0.00131127	2496.632261	0.01
0.00128775	2496.906041	0.1
0.001288865	2497.1089	Auto
0.00128728	2497.477277	0.01
0.0012893	2497.739556	0.1
0.001290182	2497.930349	Auto
0.00129077	2498.296672	0.01
0.0012932	2498.557856	0.1
0.001292284	2498.749723	Auto
0.00129562	2499.122955	0.01
0.00129815	2499.377565	0.1
0.001292309	2499.579566	Auto
0.00129852	2499.92515	0.01
0.00129808	2500.18737	0.1
0.001307274	2500.416721	Auto
0.0013015	2500.785317	0.01
0.00129839	2501.0591	0.1
0.001298622	2501.254902	Auto
0.00129616	2501.623417	0.01
0.00130464	2501.914846	0.1
0.001297593	2502.112617	Auto
0.00130265	2502.469902	0.01
0.00129815	2502.731143	0.1
0.001300663	2502.932899	Auto
0.00130323	2503.302837	0.01
0.00129158	2503.583334	0.1
0.001294867	2503.790331	Auto
0.00129276	2504.166886	0.01
0.00130952	2504.428261	0.1
0.001305804	2504.649585	Auto
0.00130828	2505.018129	0.01
0.00131057	2505.308292	0.1
0.00130523	2505.498209	Auto
0.00130435	2505.855232	0.01
0.00130917	2506.136822	0.1
0.001306599	2506.352619	Auto
0.00129859	2506.698407	0.01
0.00129983	2506.964335	0.1
0.00129873	2507.153191	Auto
0.00130927	2507.525149	0.01
0.00129735	2507.780706	0.1
0.001296692	2507.978342	Auto
0.00129336	2508.343871	0.01
0.00130954	2508.598143	0.1
0.001307216	2508.799597	Auto
0.00131031	2509.168154	0.01
0.00131225	2509.448246	0.1
0.001312922	2509.67084	Auto
0.00131456	2510.027866	0.01
0.0013162	2510.302537	0.1
0.001284984	2510.503329	Auto
0.00129589	2510.866534	0.01
0.00131199	2511.147292	0.1
0.001312505	2511.369817	Auto
0.0013171	2511.724397	0.01
0.00132153	2511.998219	0.1
0.001304099	2512.193292	Auto
0.00131956	2512.561881	0.01
0.00131768	2512.818737	0.1
0.001318191	2513.033754	Auto
0.00131842	2513.40121	0.01
0.00132144	2513.67599	0.1
0.001319006	2513.870938	Auto
0.00132167	2514.247704	0.01
0.00132241	2514.509996	0.1
0.001320302	2514.716201	Auto
0.00132547	2515.055017	0.01
0.00132423	2515.3181	0.1
0.001320594	2515.540735	Auto
0.00132251	2515.896552	0.01
0.00132128	2516.170376	0.1
0.001321952	2516.365331	Auto
0.00132326	2516.741158	0.01
0.00132189	2517.001174	0.1
0.001321431	2517.229018	Auto
0.00132962	2517.569819	0.01
0.00132809	2517.806821	0.1
0.001323839	2518.002866	Auto
0.00132213	2518.371118	0.01
0.00133035	2518.645835	0.1
0.001325941	2518.848559	Auto
0.0013278	2519.188582	0.01
0.00133033	2519.445316	0.1
0.001330661	2519.640145	Auto
0.00133313	2520.009527	0.01
0.00134134	2520.283056	0.1
0.001333052	2520.485625	Auto
0.00133747	2520.855116	0.01
0.0013475	2521.115935	0.1
0.001337921	2521.32429	Auto
0.00133651	2521.685365	0.01
0.00133882	2521.96666	0.1
0.001339588	2522.195182	Auto
0.00133701	2522.564661	0.01
0.00134213	2522.839535	0.1
0.00133891	2523.035621	Auto
0.00134035	2523.404006	0.01
0.00134179	2523.684266	0.1
0.001342599	2523.906094	Auto
0.0013544	2524.25164	0.01
0.00134773	2524.495144	0.1
0.001347679	2524.690064	Auto
0.00134301	2525.066654	0.01
0.00134495	2525.340979	0.1
0.001345761	2525.555744	Auto
0.00134628	2525.925901	0.01
0.00135509	2526.187188	0.1
0.001343154	2526.421959	Auto
0.00134751	2526.784697	0.01
0.0013484	2527.045004	0.1
0.001345601	2527.252231	Auto
0.00135513	2527.591294	0.01
0.00135651	2527.842644	0.1
0.001361473	2528.051023	Auto
0.00135501	2528.419121	0.01
0.00135322	2528.680341	0.1
0.001352812	2528.901824	Auto
0.00135202	2529.261564	0.01
0.00135535	2529.505072	0.1
0.001363954	2529.707598	Auto
0.00135671	2530.069066	0.01
0.00135889	2530.349172	0.1
0.001356963	2530.578583	Auto
0.0013594	2530.947188	0.01
0.00135813	2531.22108	0.1
0.001359696	2531.423703	Auto
0.00136514	2531.792081	0.01
0.00135311	2532.053123	0.1
0.001364615	2532.280048	Auto
0.00136288	2532.642169	0.01
0.00136654	2532.916951	0.1
0.001365178	2533.118654	Auto
0.00136655	2533.480128	0.01
0.00136579	2533.754851	0.1
0.001362399	2533.957722	Auto
0.00136489	2534.326166	0.01
0.00136797	2534.600029	0.1
0.001363619	2534.822732	Auto
0.00136802	2535.19722	0.01
0.00136736	2535.471003	0.1
0.001360984	2535.666903	Auto
0.00139443	2536.036597	0.01
0.0013765	2536.317679	0.1
0.001375102	2536.539361	Auto
0.00137877	2536.915745	0.01
0.00137964	2537.196198	0.1
0.001378	2537.424441	Auto
0.00138099	2537.826255	0.01
0.00137956	2538.083263	0.1
0.001375231	2538.272828	Auto
0.00138728	2538.645778	0.01
0.00138779	2538.908622	0.1
0.001385892	2539.128067	Auto
0.00139064	2539.481919	0.01
0.00139097	2539.724293	0.1
0.001409142	2539.919273	Auto
0.00139751	2540.2888	0.01
0.0013941	2540.57923	0.1
0.00139341	2540.769108	Auto
0.00139775	2541.126303	0.01
0.00139436	2541.400105	0.1
0.001396461	2541.602673	Auto
0.00138155	2541.964734	0.01
0.00139168	2542.220775	0.1
0.001394755	2542.441155	Auto
0.00139528	2542.804621	0.01
0.00139678	2543.085024	0.1
0.001391843	2543.30797	Auto
0.00140044	2543.716657	0.01
0.00140735	2543.972547	0.1
0.001402352	2544.179882	Auto
0.00139848	2544.51987	0.01
0.00140168	2544.790175	0.1
0.001396488	2545.012095	Auto
0.00140367	2545.414083	0.01
0.00140478	2545.668739	0.1
0.001405408	2545.870405	Auto
0.0014005	2546.238088	0.01
0.00139744	2546.518223	0.1
0.001399446	2546.741011	Auto
0.00139881	2547.09666	0.01
0.00139911	2547.387037	0.1
0.001398406	2547.58464	Auto
0.00142824	2547.935028	0.01
0.00140828	2548.216684	0.1
0.001408213	2548.425839	Auto
0.00140931	2548.794955	0.01
0.00140955	2549.07566	0.1
0.001408614	2549.284836	Auto
0.00141106	2549.653374	0.01
0.00140712	2549.927291	0.1
0.001402761	2550.122355	Auto
0.00140381	2550.497062	0.01
0.00140371	2550.781025	0.1
0.001401611	2550.978837	Auto
0.00140106	2551.329957	0.01
0.00140149	2551.603598	0.1
0.001417623	2551.797367	Auto
0.00145611	2552.16638	0.01
0.00141795	2552.457753	0.1
0.001414809	2552.648832	Auto
0.00141485	2553.012141	0.01
0.00142223	2553.273251	0.1
0.00141646	2553.50026	Auto
0.00142585	2553.84156	0.01
0.00141792	2554.097396	0.1
0.001416729	2554.291177	Auto
0.00142054	2554.660781	0.01
0.00142608	2554.941369	0.1
0.001423331	2555.163172	Auto
0.00142233	2555.518539	0.01
0.00140624	2555.792343	0.1
0.001422981	2555.98745	Auto
0.00142092	2556.356004	0.01
0.00142034	2556.637669	0.1
0.001420883	2556.845666	Auto
0.00141031	2557.221217	0.01
0.00145724	2557.505955	0.1
0.001426514	2557.69481	Auto
0.00142432	2558.066972	0.01
0.00142669	2558.321827	0.1
0.001428013	2558.542161	Auto
0.00142742	2558.910804	0.01
0.00143217	2559.19109	0.1
0.001425709	2559.413828	Auto
0.00145557	2559.768161	0.01
0.00143762	2560.026317	0.1
0.001424949	2560.237879	Auto
0.00142985	2560.626119	0.01
0.00142933	2560.907548	0.1
0.001427578	2561.136108	Auto
0.00143105	2561.504648	0.01
0.00143886	2561.778373	0.1
0.001429961	2561.974556	Auto
0.00143297	2562.343245	0.01
0.00143489	2562.61792	0.1
0.001435399	2562.812768	Auto
0.00143066	2563.181389	0.01
0.00143049	2563.455099	0.1
0.001437078	2563.650956	Auto
0.00143331	2564.017389	0.01
0.00143063	2564.281069	0.1
0.001430759	2564.486023	Auto
0.00143954	2564.855849	0.01
0.00143454	2565.136413	0.1
0.001437463	2565.358975	Auto
0.00144109	2565.739972	0.01
0.00140906	2566.013601	0.1
0.001436005	2566.235135	Auto
0.0014355	2566.590551	0.01
0.00143502	2566.846397	0.1
0.001438019	2567.059308	Auto
0.00144333	2567.428544	0.01
0.00144897	2567.709588	0.1
0.001438206	2567.931268	Auto
0.00144122	2568.287053	0.01
0.0014426	2568.56863	0.1
0.001442783	2568.782243	Auto
0.00144134	2569.144642	0.01
0.00144632	2569.425809	0.1
0.001443474	2569.648532	Auto
0.00144262	2570.031074	0.01
0.00144341	2570.297875	0.1
0.001447602	2570.493848	Auto
0.00144884	2570.862339	0.01
0.00144692	2571.136256	0.1
0.001449206	2571.337863	Auto
0.00144938	2571.707246	0.01
0.00144859	2571.990999	0.1
0.001449691	2572.179861	Auto
0.00145058	2572.538534	0.01
0.00144898	2572.812356	0.1
0.001454888	2573.007374	Auto
0.00145391	2573.37582	0.01
0.00146069	2573.631405	0.1
0.001456781	2573.832053	Auto
0.00145781	2574.201773	0.01
0.00145358	2574.462781	0.1
0.001455375	2574.690779	Auto
0.00145743	2575.053065	0.01
0.00145569	2575.333293	0.1
0.001463429	2575.555886	Auto
0.00145888	2575.917259	0.01
0.0014555	2576.179654	0.1
0.001455402	2576.413398	Auto
0.00145833	2576.76976	0.01
0.00145762	2577.04468	0.1
0.001454611	2577.246056	Auto
0.00145869	2577.609733	0.01
0.00146062	2577.882325	0.1
0.001458596	2578.077369	Auto
0.00146309	2578.446899	0.01
0.00145875	2578.721701	0.1
0.001462679	2578.917726	Auto
0.00145996	2579.29234	0.01
0.00147304	2579.554887	0.1
0.001446553	2579.756536	Auto
0.0014592	2580.125414	0.01
0.0014571	2580.399968	0.1
0.001456406	2580.601552	Auto
0.00145634	2580.963721	0.01
0.0014688	2581.238597	0.1
0.001475062	2581.434532	Auto
0.00146474	2581.803063	0.01
0.00146387	2582.077966	0.1
0.001462288	2582.272923	Auto
0.00147059	2582.641987	0.01
0.00147049	2582.915786	0.1
0.001468003	2583.111791	Auto
0.00149539	2583.480582	0.01
0.0014724	2583.754372	0.1
0.001470614	2583.949405	Auto
0.00147097	2584.318078	0.01
0.00147035	2584.608348	0.1
0.001467098	2584.799365	Auto
0.0014713	2585.15554	0.01
0.00147022	2585.411313	0.1
0.00147244	2585.624144	Auto
0.00147858	2586.007653	0.01
0.00147781	2586.262103	0.1
0.001477986	2586.482391	Auto
0.00146577	2586.851903	0.01
0.00147224	2587.126827	0.1
0.001456574	2587.322827	Auto
0.00148407	2587.699856	0.01
0.00148654	2587.972373	0.1
0.001478563	2588.201191	Auto
0.00148488	2588.57089	0.01
0.00148159	2588.851175	0.1
0.001482524	2589.073917	Auto
0.00148287	2589.448684	0.01
0.00147557	2589.704244	0.1
0.001476354	2589.90599	Auto
0.0014994	2590.244833	0.01
0.00147899	2590.501635	0.1
0.001475641	2590.703267	Auto
0.00147776	2591.066643	0.01
0.00147356	2591.347107	0.1
0.001491089	2591.555167	Auto
0.0014964	2591.931868	0.01
0.00149627	2592.19912	0.1
0.001491353	2592.394923	Auto
0.00149415	2592.770613	0.01
0.00149436	2593.032059	0.1
0.001499064	2593.23927	Auto
0.00148635	2593.585104	0.01
0.00151239	2593.835295	0.1
0.001497891	2594.030211	Auto
0.00149608	2594.398862	0.01
0.00149944	2594.65579	0.1
0.001496157	2594.869798	Auto
0.00149702	2595.229554	0.01
0.00150115	2595.479381	0.1
0.001496127	2595.701126	Auto
0.00149716	2596.057861	0.01
0.00150361	2596.338034	0.1
0.001501235	2596.560641	Auto
0.00150164	2596.916152	0.01
0.00149857	2597.19763	0.1
0.001499642	2597.406695	Auto
0.001504	2597.775717	0.01
0.00150114	2598.050707	0.1
0.001500566	2598.245433	Auto
0.00150481	2598.614086	0.01
0.00151533	2598.888928	0.1
0.001502732	2599.084056	Auto
0.00150777	2599.452604	0.01
0.00150543	2599.709551	0.1
0.001514329	2599.903691	Auto
0.00150884	2600.25634	0.01
0.00151065	2600.52211	0.1
0.001512507	2600.711894	Auto
0.00151512	2601.084887	0.01
0.00151035	2601.34063	0.1
0.001506696	2601.541261	Auto
0.0015079	2601.887628	0.01
0.00150925	2602.124635	0.1
0.001502751	2602.326167	Auto
0.00151088	2602.666765	0.01
0.00151059	2602.909238	0.1
0.001492822	2603.13103	Auto
0.00152539	2603.477653	0.01
0.00151626	2603.721141	0.1
0.001508139	2603.916178	Auto
0.00151061	2604.27497	0.01
0.00152523	2604.518426	0.1
0.001531239	2604.720946	Auto
0.00152301	2605.066995	0.01
0.00153388	2605.328367	0.1
0.001531222	2605.530873	Auto
0.00153002	2605.906343	0.01
0.00152937	2606.168783	0.1
0.001531544	2606.39673	Auto
0.0015326	2606.766195	0.01
0.00154494	2607.02759	0.1
0.001533855	2607.248845	Auto
0.00152085	2607.617244	0.01
0.00153411	2607.872004	0.1
0.001529926	2608.087174	Auto
0.00153409	2608.462965	0.01
0.00153548	2608.723276	0.1
0.00152844	2608.924859	Auto
0.00153891	2609.293573	0.01
0.00153152	2609.574887	0.1
0.001536538	2609.797681	Auto
0.00153557	2610.153905	0.01
0.00153679	2610.428695	0.1
0.001532751	2610.62464	Auto
0.00153915	2610.992263	0.01
0.00154055	2611.247308	0.1
0.001533172	2611.441424	Auto
0.00153332	2611.809246	0.01
0.00153887	2612.064106	0.1
0.001530922	2612.278844	Auto
0.00153646	2612.647245	0.01
0.00153945	2612.902	0.1
0.001541645	2613.117792	Auto
0.00153658	2613.48527	0.01
0.00153746	2613.749095	0.1
0.001540864	2613.994143	Auto
0.00153901	2614.397533	0.01
0.00153026	2614.652067	0.1
0.001535545	2614.872362	Auto
0.00154566	2615.241001	0.01
0.00154106	2615.532609	0.1
0.00154048	2615.724647	Auto
0.00154426	2616.080569	0.01
0.00154567	2616.354278	0.1
0.001540591	2616.549193	Auto
0.00155073	2616.918987	0.01
0.00154678	2617.198112	0.1
0.00154185	2617.42076	Auto
0.00155038	2617.796989	0.01
0.00154893	2618.070832	0.1
0.001546257	2618.265721	Auto
0.00155008	2618.63559	0.01
0.00154931	2618.909342	0.1
0.001550449	2619.104248	Auto
0.00155392	2619.479841	0.01
0.00155861	2619.741173	0.1
0.001555313	2619.975181	Auto
0.00155422	2620.321871	0.01
0.00155474	2620.572711	0.1
0.001559943	2620.794349	Auto
0.00155707	2621.140561	0.01
0.0015631	2621.384047	0.1
0.001558791	2621.579933	Auto
0.00155574	2621.946736	0.01
0.00156026	2622.183689	0.1
0.001561895	2622.379661	Auto
0.00155862	2622.749548	0.01
0.00156401	2623.017161	0.1
0.00156601	2623.251851	Auto
0.00158611	2623.607311	0.01
0.00156754	2623.887353	0.1
0.001562035	2624.109158	Auto
0.00156597	2624.471928	0.01
0.00156827	2624.733047	0.1
0.001576047	2624.954601	Auto
0.00157177	2625.322177	0.01
0.00157497	2625.577019	0.1
0.001574465	2625.791009	Auto
0.00157373	2626.160702	0.01
0.00157719	2626.44192	0.1
0.001572124	2626.650055	Auto
0.00159212	2627.025772	0.01
0.00157235	2627.28773	0.1
0.001564392	2627.488292	Auto
0.00158374	2627.857279	0.01
0.00158022	2628.131193	0.1
0.001571668	2628.325847	Auto
0.00158181	2628.694273	0.01
0.00154632	2628.9491	0.1
0.001573398	2629.169449	Auto
0.00157184	2629.53259	0.01
0.00157154	2629.806358	0.1
0.001575663	2630.008128	Auto
0.00157243	2630.369192	0.01
0.00157292	2630.666133	0.1
0.001591464	2630.85623	Auto
0.00158472	2631.2138	0.01
0.00158604	2631.475122	0.1
0.001582681	2631.676747	Auto
0.00158463	2632.023588	0.01
0.00158617	2632.259216	0.1
0.001583925	2632.461104	Auto
0.00158498	2632.823339	0.01
0.00157768	2633.097117	0.1
0.001581556	2633.291933	Auto
0.00157979	2633.660342	0.01
0.00158116	2633.934175	0.1
0.001581296	2634.129175	Auto
0.00158173	2634.498645	0.01
0.00158287	2634.772298	0.1
0.001591487	2634.96721	Auto
0.00159307	2635.335716	0.01
0.0015927	2635.592607	0.1
0.001592058	2635.812078	Auto
0.00159204	2636.182643	0.01
0.00159105	2636.455888	0.1
0.001590961	2636.679696	Auto
0.00159532	2637.034231	0.01
0.0015951	2637.308723	0.1
0.001592994	2637.51034	Auto
0.00159624	2637.872618	0.01
0.00159749	2638.147582	0.1
0.001594637	2638.349222	Auto
0.00159535	2638.688334	0.01
0.0015989	2638.924246	0.1
0.001596783	2639.119215	Auto
0.00159883	2639.488803	0.01
0.00159723	2639.763655	0.1
0.001596523	2639.958748	Auto
0.00159777	2640.327425	0.01
0.0015996	2640.601229	0.1
0.001596767	2640.796271	Auto
0.00159951	2641.164897	0.01
0.00160294	2641.439728	0.1
0.001600613	2641.635672	Auto
0.00160105	2642.003276	0.01
0.00160252	2642.260945	0.1
0.001597597	2642.480549	Auto
0.0016145	2642.826283	0.01
0.00160743	2643.089714	0.1
0.00160517	2643.291109	Auto
0.00160793	2643.667833	0.01
0.00160657	2643.934981	0.1
0.001606594	2644.129982	Auto
0.00160753	2644.497433	0.01
0.00159496	2644.771276	0.1
0.001599371	2644.966286	Auto
0.00160166	2645.334973	0.01
0.00160242	2645.608705	0.1
0.001600807	2645.804669	Auto
0.00160255	2646.173399	0.01
0.00160125	2646.454053	0.1
0.001599316	2646.668601	Auto
0.00161412	2647.031845	0.01
0.0016137	2647.322127	0.1
0.001611269	2647.512076	Auto
0.00161384	2647.875898	0.01
0.00161292	2648.13726	0.1
0.001616268	2648.339838	Auto
0.00160126	2648.698912	0.01
0.00160573	2648.959159	0.1
0.001596766	2649.155808	Auto
0.00161111	2649.520128	0.01
0.00161588	2649.775862	0.1
0.001613248	2649.977663	Auto
0.00161299	2650.346558	0.01
0.00159973	2650.627073	0.1
0.001627305	2650.842125	Auto
0.00161336	2651.204604	0.01
0.0016235	2651.479562	0.1
0.00161814	2651.681402	Auto
0.00162066	2652.049374	0.01
0.00162411	2652.310349	0.1
0.001619956	2652.511026	Auto
0.00162251	2652.880609	0.01
0.001623	2653.161272	0.1
0.001621468	2653.383875	Auto
0.0016225	2653.738339	0.01
0.00162513	2654.012273	0.1
0.001625361	2654.207054	Auto
0.00162742	2654.566688	0.01
0.00162577	2654.810194	0.1
0.001626113	2655.012843	Auto
0.00162763	2655.374068	0.01
0.00162873	2655.648835	0.1
0.001628648	2655.844871	Auto
0.00162787	2656.214945	0.01
0.00163782	2656.488632	0.1
0.001657	2656.682381	Auto
0.00164202	2657.058172	0.01
0.00164367	2657.319161	0.1
0.001634896	2657.520849	Auto
0.00164094	2657.888369	0.01
0.00164721	2658.145537	0.1
0.001642377	2658.345098	Auto
0.00165905	2658.684004	0.01
0.00164844	2658.92129	0.1
0.001652871	2659.115181	Auto
0.00165551	2659.484976	0.01
0.00164679	2659.758052	0.1
0.001644589	2659.959868	Auto
0.00165258	2660.322547	0.01
0.00165708	2660.590276	0.1
0.001650421	2660.791172	Auto
0.00165035	2661.159685	0.01
0.00165546	2661.415426	0.1
0.001653401	2661.63058	Auto
0.00165801	2661.99823	0.01
0.00165046	2662.272324	0.1
0.001662128	2662.467111	Auto
0.00165963	2662.835843	0.01
0.0016506	2663.110939	0.1
0.001655844	2663.312578	Auto
0.00166879	2663.652791	0.01
0.00166081	2663.915362	0.1
0.001660539	2664.13741	Auto
0.00165319	2664.492881	0.01
0.00166641	2664.767691	0.1
0.001660051	2664.962955	Auto
0.00166048	2665.331783	0.01
0.00166378	2665.606845	0.1
0.001660229	2665.801027	Auto
0.00166603	2666.170915	0.01
0.00166813	2666.444856	0.1
0.001665245	2666.647057	Auto
0.00166248	2666.993256	0.01
0.00166643	2667.255046	0.1
0.001662233	2667.477984	Auto
0.00166771	2667.864354	0.01
0.0016738	2668.145302	0.1
0.001652244	2668.35464	Auto
0.00166705	2668.722292	0.01
0.00167184	2668.997629	0.1
0.001672422	2669.199722	Auto
0.00167165	2669.561236	0.01
0.00167761	2669.835133	0.1
0.001672497	2670.029262	Auto
0.0016692	2670.39891	0.01
0.00167379	2670.673056	0.1
0.001671786	2670.874041	Auto
0.00167359	2671.213299	0.01
0.00167857	2671.469311	0.1
0.001675973	2671.664354	Auto
0.00167894	2672.05245	0.01
0.00167963	2672.32637	0.1
0.001679333	2672.527159	Auto
0.00168169	2672.889392	0.01
0.00167959	2673.164634	0.1
0.001681604	2673.359879	Auto
0.00168359	2673.72816	0.01
0.00167741	2674.009636	0.1
0.001668168	2674.238038	Auto
0.00168806	2674.62658	0.01
0.00168642	2674.901564	0.1
0.001684825	2675.097994	Auto
0.00168737	2675.465718	0.01
0.00168871	2675.756235	0.1
0.001686972	2675.947641	Auto
0.00168807	2676.304261	0.01
0.00168342	2676.584869	0.1
0.001679554	2676.80791	Auto
0.0016765	2677.189175	0.01
0.00168882	2677.451789	0.1
0.001686257	2677.686947	Auto
0.00168761	2678.031971	0.01
0.00169116	2678.27559	0.1
0.001687774	2678.470703	Auto
0.0016903	2678.840544	0.01
0.00168923	2679.115699	0.1
0.001688112	2679.317705	Auto
0.00169409	2679.679206	0.01
0.00169372	2679.953365	0.1
0.001692939	2680.149722	Auto
0.00169447	2680.517404	0.01
0.0016952	2680.792537	0.1
0.001692259	2680.987896	Auto
0.00169508	2681.357835	0.01
0.00169538	2681.632793	0.1
0.001695236	2681.8279	Auto
0.00169574	2682.187969	0.01
0.00169896	2682.44723	0.1
0.001696144	2682.635182	Auto
0.00169807	2683.00867	0.01
0.00169874	2683.263346	0.1
0.001697877	2683.483871	Auto
0.00169648	2683.853814	0.01
0.00170036	2684.12802	0.1
0.001704701	2684.322115	Auto
0.0016916	2684.69089	0.01
0.00169045	2684.965298	0.1
0.00169815	2685.167642	Auto
0.00169195	2685.529426	0.01
0.00169218	2685.810048	0.1
0.00169255	2686.019565	Auto
0.00170581	2686.387265	0.01
0.00170507	2686.66133	0.1
0.001702861	2686.856701	Auto
0.00170371	2687.226847	0.01
0.00170144	2687.500893	0.1
0.001704079	2687.696088	Auto
0.00170491	2688.064953	0.01
0.00169852	2688.338802	0.1
0.001694262	2688.534951	Auto
0.00169636	2688.902843	0.01
0.00169883	2689.177999	0.1
0.001697728	2689.378944	Auto
0.00169951	2689.717965	0.01
0.00170185	2689.991738	0.1
0.001714864	2690.187674	Auto
0.0017103	2690.552312	0.01
0.00171091	2690.807142	0.1
0.001707213	2691.008019	Auto
0.00171077	2691.376696	0.01
0.0017121	2691.651778	0.1
0.001706741	2691.847015	Auto
0.00171804	2692.21527	0.01
0.00171173	2692.489128	0.1
0.001712779	2692.69088	Auto
0.00170975	2693.044188	0.01
0.00170785	2693.294618	0.1
0.001711182	2693.51755	Auto
0.0017168	2693.892741	0.01
0.00169637	2694.167911	0.1
0.001712877	2694.362081	Auto
0.00171547	2694.731738	0.01
0.00171291	2695.012423	0.1
0.001711068	2695.234142	Auto
0.00171363	2695.589158	0.01
0.00171549	2695.869421	0.1
0.001723063	2696.092579	Auto
0.00171414	2696.438906	0.01
0.00171472	2696.688379	0.1
0.001712425	2696.917106	Auto
0.00170181	2697.305757	0.01
0.00171026	2697.580722	0.1
0.001706686	2697.776952	Auto
0.00173062	2698.144965	0.01
0.00171968	2698.418992	0.1
0.001718493	2698.620864	Auto
0.00172237	2698.960123	0.01
0.00171917	2699.1963	0.1
0.001719626	2699.391375	Auto
0.00171993	2699.759362	0.01
0.00171848	2700.034665	0.1
0.001723091	2700.229699	Auto
0.00172121	2700.589929	0.01
0.00172266	2700.840125	0.1
0.001719213	2701.0621	Auto
0.00172001	2701.416415	0.01
0.00172048	2701.707009	0.1
0.001720566	2701.905104	Auto
0.00172465	2702.261602	0.01
0.00174447	2702.522956	0.1
0.001722363	2702.730589	Auto
0.00172536	2703.100233	0.01
0.00172634	2703.383081	0.1
0.001724783	2703.581089	Auto
0.00172925	2703.930863	0.01
0.00172497	2704.205041	0.1
0.001727606	2704.406962	Auto
0.00168492	2704.767451	0.01
0.00172691	2705.048957	0.1
0.001727984	2705.25613	Auto
0.00172757	2705.625268	0.01
0.00172895	2705.899291	0.1
0.00172818	2706.093444	Auto
0.00172822	2706.462293	0.01
0.00173042	2706.736297	0.1
0.00172862	2706.937086	Auto
0.0017319	2707.29972	0.01
0.00173143	2707.580406	0.1
0.001732844	2707.809001	Auto
0.00173648	2708.177894	0.01
0.00173683	2708.452983	0.1
0.001734622	2708.65379	Auto
0.00173712	2709.000143	0.01
0.00173665	2709.262411	0.1
0.001736256	2709.471853	Auto
0.00174098	2709.835884	0.01
0.0017398	2710.12542	0.1
0.001737724	2710.317709	Auto
0.00174075	2710.67306	0.01
0.00174301	2710.964951	0.1
0.001742993	2711.161021	Auto
0.0017421	2711.509421	0.01
0.00174747	2711.784539	0.1
0.00177059	2711.987576	Auto
0.00175037	2712.356046	0.01
0.00175423	2712.616166	0.1
0.001749515	2712.844585	Auto
0.00175036	2713.191956	0.01
0.001751	2713.447693	0.1
0.001747242	2713.670746	Auto
0.00175291	2714.045081	0.01
0.00175321	2714.319942	0.1
0.001750594	2714.514115	Auto
0.0017559	2714.882958	0.01
0.00175601	2715.162411	0.1
0.001761233	2715.384387	Auto
0.00175559	2715.758419	0.01
0.00175709	2716.014349	0.1
0.001753239	2716.227122	Auto
0.00175912	2716.60394	0.01
0.00175585	2716.86336	0.1
0.001755298	2717.084187	Auto
0.00175691	2717.443241	0.01
0.00176106	2717.703789	0.1
0.001757417	2717.893032	Auto
0.00175948	2718.264273	0.01
0.00176088	2718.519093	0.1
0.001750275	2718.719978	Auto
0.00175868	2719.065727	0.01
0.00176021	2719.322726	0.1
0.001757411	2719.51892	Auto
0.00176536	2719.887928	0.01
0.00176029	2720.162159	0.1
0.001757802	2720.363893	Auto
0.00175349	2720.726745	0.01
0.00176695	2721.001842	0.1
0.001766509	2721.196766	Auto
0.00176556	2721.56668	0.01
0.00179028	2721.847102	0.1
0.00176412	2722.054434	Auto
0.00176717	2722.423068	0.01
0.00176604	2722.703451	0.1
0.001772343	2722.926543	Auto
0.00176965	2723.301095	0.01
0.00177225	2723.581734	0.1
0.00177929	2723.797194	Auto
0.00177522	2724.158382	0.01
0.00177481	2724.432372	0.1
0.001772205	2724.627577	Auto
0.00178067	2724.996558	0.01
0.00178009	2725.277159	0.1
0.001773387	2725.499954	Auto
0.001793	2725.85488	0.01
0.00178399	2726.128021	0.1
0.001783374	2726.329778	Auto
0.00178315	2726.698128	0.01
0.00178738	2726.972036	0.1
0.001784906	2727.19405	Auto
0.00178797	2727.555314	0.01
0.00178106	2727.828306	0.1
0.001775018	2728.037889	Auto
0.0017861	2728.40543	0.01
0.00177836	2728.68673	0.1
0.001781483	2728.909822	Auto
0.00178317	2729.284952	0.01
0.00178009	2729.558852	0.1
0.001791399	2729.753942	Auto
0.00179688	2730.12992	0.01
0.00179377	2730.390243	0.1
0.001795095	2730.591074	Auto
0.00179476	2730.959929	0.01
0.00179606	2731.241572	0.1
0.001792761	2731.449959	Auto
0.00178418	2731.818692	0.01
0.00179226	2732.093832	0.1
0.001779461	2732.288918	Auto
0.00178462	2732.664011	0.01
0.00180029	2732.924451	0.1
0.001797015	2733.159685	Auto
0.00180631	2733.51578	0.01
0.00180278	2733.790867	0.1
0.001804254	2733.992865	Auto
0.00180514	2734.35416	0.01
0.00180575	2734.628157	0.1
0.00180903	2734.829003	Auto
0.00181278	2735.191532	0.01
0.00181068	2735.472129	0.1
0.001808011	2735.686079	Auto
0.00180479	2736.039937	0.01
0.00180821	2736.282411	0.1
0.001808134	2736.485546	Auto
0.00180821	2736.861763	0.01
0.00181349	2737.117877	0.1
0.001805937	2737.317661	Auto
0.00182789	2737.663263	0.01
0.00181138	2737.919411	0.1
0.001815388	2738.115784	Auto
0.00181673	2738.491019	0.01
0.00181854	2738.752604	0.1
0.001815908	2738.973312	Auto
0.0018139	2739.332935	0.01
0.00181997	2739.576684	0.1
0.001803297	2739.772811	Auto
0.00180619	2740.131021	0.01
0.00180677	2740.381394	0.1
0.00180571	2740.595269	Auto
0.00180587	2740.942552	0.01
0.00180909	2741.212901	0.1
0.001806205	2741.407972	Auto
0.00182208	2741.7768	0.01
0.00182198	2742.068814	0.1
0.001820589	2742.258981	Auto
0.00182242	2742.614332	0.01
0.00182448	2742.888109	0.1
0.001824479	2743.08913	Auto
0.00182205	2743.428161	0.01
0.00179509	2743.684084	0.1
0.001803968	2743.88604	Auto
0.00182087	2744.225255	0.01
0.00182267	2744.48116	0.1
0.001836165	2744.682818	Auto
0.00182679	2745.036614	0.01
0.00183819	2745.279262	0.1
0.001837752	2745.474368	Auto
0.00183177	2745.849276	0.01
0.00183411	2746.110709	0.1
0.001857947	2746.338031	Auto
0.00182727	2746.677049	0.01
0.0018323	2746.950849	0.1
0.001825816	2747.140259	Auto
0.00183177	2747.519687	0.01
0.00182898	2747.773726	0.1
0.001834361	2747.988973	Auto
0.00183746	2748.363212	0.01
0.00183347	2748.636785	0.1
0.001826895	2748.859744	Auto
0.00183301	2749.215555	0.01
0.00186564	2749.513952	0.1
0.001832097	2749.702128	Auto
0.00183248	2750.052298	0.01
0.00183437	2750.326795	0.1
0.001837215	2750.562117	Auto
0.00183756	2750.950919	0.01
0.00183732	2751.225178	0.1
0.001844148	2751.419209	Auto
0.00183784	2751.787039	0.01
0.0018428	2752.062532	0.1
0.001842621	2752.263408	Auto
0.00184256	2752.62638	0.01
0.00184408	2752.906546	0.1
0.001839378	2753.129632	Auto
0.00187353	2753.511936	0.01
0.00184743	2753.779264	0.1
0.001846439	2753.980112	Auto
0.00184129	2754.319327	0.01
0.00184688	2754.575384	0.1
0.001853482	2754.771534	Auto
0.00185029	2755.140565	0.01
0.00184547	2755.414445	0.1
0.001846227	2755.615269	Auto
0.00185094	2755.978836	0.01
0.00184218	2756.258175	0.1
0.001849318	2756.480024	Auto
0.0018498	2756.83576	0.01
0.00185615	2757.117668	0.1
0.001846701	2757.326953	Auto
0.00185369	2757.694818	0.01
0.00185617	2757.97667	0.1
0.001852185	2758.191743	Auto
0.00185576	2758.553061	0.01
0.00185895	2758.844695	0.1
0.001853483	2759.035044	Auto
0.00186059	2759.391143	0.01
0.00184905	2759.68273	0.1
0.001853959	2759.873078	Auto
0.00186912	2760.237707	0.01
0.00185427	2760.511586	0.1
0.001860873	2760.733406	Auto
0.00185992	2761.079534	0.01
0.00185954	2761.329764	0.1
0.001855458	2761.538064	Auto
0.00185648	2761.907812	0.01
0.00186896	2762.189794	0.1
0.001858824	2762.397085	Auto
0.00185926	2762.765925	0.01
0.00186073	2763.040352	0.1
0.001861017	2763.234247	Auto
0.00186288	2763.610103	0.01
0.00186514	2763.872602	0.1
0.001862641	2764.107878	Auto
0.00186284	2764.462129	0.01
0.00186657	2764.736254	0.1
0.001861098	2764.937189	Auto
0.00185816	2765.277576	0.01
0.00187839	2765.550358	0.1
0.001868451	2765.738276	Auto
0.00186904	2766.110424	0.01
0.00187076	2766.365286	0.1
0.001868883	2766.555228	Auto
0.00186751	2766.921678	0.01
0.00186956	2767.182973	0.1
0.001855887	2767.403602	Auto
0.0018586	2767.772245	0.01
0.00186418	2768.053098	0.1
0.001858955	2768.260143	Auto
0.0018684	2768.629652	0.01
0.00185912	2768.904858	0.1
0.001862906	2769.099336	Auto
0.00188585	2769.468421	0.01
0.00188197	2769.741389	0.1
0.001889039	2769.944596	Auto
0.0018783	2770.306001	0.01
0.00188108	2770.57424	0.1
0.001877537	2770.77403	Auto
0.0018811	2771.143048	0.01
0.00187101	2771.416986	0.1
0.001870669	2771.618833	Auto
0.00187604	2771.981622	0.01
0.00187006	2772.263617	0.1
0.001871608	2772.471887	Auto
0.00186098	2772.840826	0.01
0.00187237	2773.122899	0.1
0.001898779	2773.330177	Auto
0.00189063	2773.706253	0.01
0.00189239	2773.967794	0.1
0.00189601	2774.175357	Auto
0.00189405	2774.514439	0.01
0.00189478	2774.771551	0.1
0.001896279	2774.966818	Auto
0.0018977	2775.336182	0.01
0.00191533	2775.632294	0.1
0.001898504	2775.820247	Auto
0.00189938	2776.172309	0.01
0.00189866	2776.453976	0.1
0.001898632	2776.661236	Auto
0.00190012	2777.037669	0.01
0.00190336	2777.298019	0.1
0.001911965	2777.506574	Auto
0.00191169	2777.846766	0.01
0.00191265	2778.090743	0.1
0.001918077	2778.298992	Auto
0.00191481	2778.667695	0.01
0.00191114	2778.949682	0.1
0.001912235	2779.177392	Auto
0.0019076	2779.565009	0.01
0.00191312	2779.856691	0.1
0.001911717	2780.053604	Auto
0.00191268	2780.418209	0.01
0.00191681	2780.67208	0.1
0.001900498	2780.873889	Auto
0.00192393	2781.242112	0.01
0.00192128	2781.516199	0.1
0.001918288	2781.710385	Auto
0.00191847	2782.07937	0.01
0.00191728	2782.377811	0.1
0.001913859	2782.568156	Auto
0.00191811	2782.924798	0.01
0.00190653	2783.18534	0.1
0.001899999	2783.406992	Auto
0.0019023	2783.782759	0.01
0.00190235	2784.05028	0.1
0.001906805	2784.24423	Auto
0.0019031	2784.612341	0.01
0.00190901	2784.893087	0.1
0.001923667	2785.100424	Auto
0.00192822	2785.476341	0.01
0.00192725	2785.759173	0.1
0.001931089	2785.95162	Auto
0.00192259	2786.313915	0.01
0.00193001	2786.575286	0.1
0.001924259	2786.796991	Auto
0.00190992	2787.164059	0.01
0.00191009	2787.438174	0.1
0.001903064	2787.639115	Auto
0.00192149	2788.0016	0.01
0.00191842	2788.275379	0.1
0.001923174	2788.477215	Auto
0.00191775	2788.839704	0.01
0.00192612	2789.114885	0.1
0.001935774	2789.309141	Auto
0.00193246	2789.684225	0.01
0.00193201	2789.952708	0.1
0.001917492	2790.147014	Auto
0.00193827	2790.515033	0.01
0.00193114	2790.789993	0.1
0.001940692	2790.990769	Auto
0.00192846	2791.352359	0.01
0.00192867	2791.633131	0.1
0.001924205	2791.855988	Auto
0.00193008	2792.229244	0.01
0.00193379	2792.520885	0.1
0.001934006	2792.719943	Auto
0.00193134	2793.066352	0.01
0.00192907	2793.357105	0.1
0.001929092	2793.548293	Auto
0.00193199	2793.903386	0.01
0.00193653	2794.184911	0.1
0.001932987	2794.414552	Auto
0.00193238	2794.802979	0.01
0.00193577	2795.076002	0.1
0.00193808	2795.271066	Auto
0.00194684	2795.639777	0.01
0.00193695	2795.920127	0.1
0.001941203	2796.14984	Auto
0.00194693	2796.537188	0.01
0.00194783	2796.811246	0.1
0.001950403	2797.007761	Auto
0.00194755	2797.375314	0.01
0.00195014	2797.649278	0.1
0.001939937	2797.844672	Auto
0.00194861	2798.213086	0.01
0.00195012	2798.487021	0.1
0.00194642	2798.681144	Auto
0.00194352	2799.050026	0.01
0.00194933	2799.330086	0.1
0.001949612	2799.552981	Auto
0.00195677	2799.90782	0.01
0.00195154	2800.189581	0.1
0.001948635	2800.404563	Auto
0.00195471	2800.766341	0.01
0.00195341	2801.047822	0.1
0.001950907	2801.270528	Auto
0.00195275	2801.625011	0.01
0.0019642	2801.905347	0.1
0.001949543	2802.114938	Auto
0.00195169	2802.48301	0.01
0.00195263	2802.757959	0.1
0.001950439	2802.95806	Auto
0.00195212	2803.320667	0.01
0.00195896	2803.595773	0.1
0.001951968	2803.790005	Auto
0.00195239	2804.159811	0.01
0.0019574	2804.434769	0.1
0.001954731	2804.636745	Auto
0.00195782	2804.976017	0.01
0.00195499	2805.239902	0.1
0.001952123	2805.46282	Auto
0.00195578	2805.83716	0.01
0.00195896	2806.112567	0.1
0.001959981	2806.307757	Auto
0.00195018	2806.676726	0.01
0.00195733	2806.951082	0.1
0.001952452	2807.152969	Auto
0.00195973	2807.514345	0.01
0.00195972	2807.795688	0.1
0.001957608	2808.003041	Auto
0.0019566	2808.37256	0.01
0.00195816	2808.653128	0.1
0.001954108	2808.868111	Auto
0.00196007	2809.23062	0.01
0.00196328	2809.505678	0.1
0.001963748	2809.700819	Auto
0.00196547	2810.070781	0.01
0.00196216	2810.351355	0.1
0.001957879	2810.559648	Auto
0.00196141	2810.929578	0.01
0.00196476	2811.211641	0.1
0.001959183	2811.41987	Auto
0.00196966	2811.788849	0.01
0.00196404	2812.06306	0.1
0.00196728	2812.257107	Auto
0.00196963	2812.633762	0.01
0.00197026	2812.924349	0.1
0.001963551	2813.113544	Auto
0.0019636	2813.464417	0.01
0.00196877	2813.739549	0.1
0.001962543	2813.934936	Auto
0.0019684	2814.311126	0.01
0.00196907	2814.571251	0.1
0.001953369	2814.798409	Auto
0.00195401	2815.16824	0.01
0.00195215	2815.451125	0.1
0.00196154	2815.649035	Auto
0.00197678	2815.998886	0.01
0.00197294	2816.272996	0.1
0.001970571	2816.47473	Auto
0.00198207	2816.836258	0.01
0.0019709	2817.11045	0.1
0.001975593	2817.305669	Auto
0.00197181	2817.674333	0.01
0.00197759	2817.948355	0.1
0.001973301	2818.143554	Auto
0.00197636	2818.503559	0.01
0.00197806	2818.764896	0.1
0.00197941	2818.967767	Auto
0.00197544	2819.326946	0.01
0.00197859	2819.581691	0.1
0.001987183	2819.809969	Auto
0.0019861	2820.171666	0.01
0.00197933	2820.453578	0.1
0.00200255	2820.6619	Auto
0.00198004	2820.932944	0.01
0.0019848	2821.215109	0.1
0.001980175	2821.410566	Auto
0.00198062	2821.781356	0.01
0.00198363	2822.038715	0.1
0.001979695	2822.258059	Auto
0.00198392	2822.627769	0.01
0.0019706	2822.919605	0.1
0.001969359	2823.118961	Auto
0.00197728	2823.466631	0.01
0.00197175	2823.741878	0.1
0.001968844	2823.936226	Auto
0.00197674	2824.305167	0.01
0.0019861	2824.579143	0.1
0.002001099	2824.780947	Auto
0.00200403	2825.119249	0.01
0.00199418	2825.375946	0.1
0.00200302	2825.571261	Auto
0.0019925	2825.841116	0.01
0.0020031	2826.11477	0.1
0.00200481	2826.308048	Auto
0.00200193	2826.580792	0.01
0.00198013	2826.838913	0.1
0.001990228	2827.062044	Auto
0.00199617	2827.407729	0.01
0.00199087	2827.651445	0.1
0.001984086	2827.847706	Auto
0.00199798	2828.216789	0.01
0.00197461	2828.497189	0.1
0.00200577	2828.719158	Auto
0.0020147	2828.983949	0.01
0.00201754	2829.228536	0.1
0.001986606	2829.430884	Auto
0.00200963	2829.771115	0.01
0.00200666	2830.007824	0.1
0.00201711	2830.202229	Auto
0.00200184	2830.490363	0.01
0.0020116	2830.751056	0.1
0.00201532	2830.960142	Auto
0.00201021	2831.231531	0.01
0.00201518	2831.489908	0.1
0.00201424	2831.712385	Auto
0.00201044	2831.971601	0.01
0.00201058	2832.222648	0.1
0.00201051	2832.425033	Auto
0.00201621	2832.676814	0.01
0.00201834	2832.971327	0.1
0.0020161	2833.166416	Auto
0.00202182	2833.451885	0.01
0.00204533	2833.713756	0.1
0.00203555	2833.915186	Auto
0.00202044	2834.186346	0.01
0.00200595	2834.437291	0.1
0.00201594	2834.638237	Auto
0.00202603	2834.890195	0.01
0.00203122	2835.178038	0.1
0.002021	2835.36429	Auto
0.00203	2835.62074	0.01
0.00202791	2835.903961	0.1
0.00202338	2836.098092	Auto
0.00200458	2836.358741	0.01
0.00202773	2836.624842	0.1
0.00202296	2836.833123	Auto
0.00207743	2837.0898	0.01
0.00203734	2837.357625	0.1
0.00204753	2837.565416	Auto
0.00203607	2837.83778	0.01
0.00203557	2838.095209	0.1
0.00203668	2838.31764	Auto
0.00204209	2838.582333	0.01
0.00204232	2838.83398	0.1
0.00204535	2839.05557	Auto
0.00204376	2839.320156	0.01
0.00204157	2839.571996	0.1
0.0020371	2839.792333	Auto
0.00204723	2840.07019	0.01
0.00204183	2840.321006	0.1
0.00204799	2840.523274	Auto
0.00204786	2840.774193	0.01
0.00204698	2841.045891	0.1
0.00205371	2841.267099	Auto
0.00205303	2841.52588	0.01
0.00205383	2841.790371	0.1
0.00205129	2842.005304	Auto
0.00205132	2842.270939	0.01
0.0020497	2842.515383	0.1
0.00204375	2842.710034	Auto
0.00206462	2842.981392	0.01
0.00204941	2843.239944	0.1
0.00205825	2843.460307	Auto
0.00205741	2843.718142	0.01
0.00205643	2843.969275	0.1
0.00206374	2844.171783	Auto
0.00206269	2844.43097	0.01
0.00205602	2844.673271	0.1
0.00205948	2844.896823	Auto
0.00206063	2845.161886	0.01
0.00206465	2845.413666	0.1
0.00206065	2845.622532	Auto
0.00204946	2845.894827	0.01
0.00205733	2846.152248	0.1
0.00207021	2846.375647	Auto
0.00205637	2846.633125	0.01
0.00206299	2846.898583	0.1
0.00205712	2847.107647	Auto
0.00206571	2847.359599	0.01
0.00206085	2847.638698	0.1
0.00206137	2847.854539	Auto
0.00206376	2848.119561	0.01
0.00206448	2848.381638	0.1
0.00206326	2848.577847	Auto
0.00206421	2848.83122	0.01
0.00206697	2849.089876	0.1
0.00206452	2849.313641	Auto
0.00206481	2849.57156	0.01
0.00206887	2849.853736	0.1
0.00206813	2850.049159	Auto
0.00210055	2850.324964	0.01
0.00207853	2850.561895	0.1
0.00208074	2850.757893	Auto
0.00208589	2851.030901	0.01
0.00208325	2851.297449	0.1
0.00208001	2851.48615	Auto
0.00207982	2851.747243	0.01
0.00207598	2852.015136	0.1
0.00207099	2852.20387	Auto
0.00208548	2852.465096	0.01
0.00208326	2852.723866	0.1
0.00207746	2852.946756	Auto
0.00207822	2853.204913	0.01
0.00209272	2853.470702	0.1
0.00209295	2853.686837	Auto
0.00208603	2853.944194	0.01
0.00208364	2854.202927	0.1
0.00208703	2854.431262	Auto
0.00209022	2854.703737	0.01
0.00208444	2854.954007	0.1
0.00209086	2855.156687	Auto
0.00209361	2855.40902	0.01
0.00209211	2855.689091	0.1
0.00209195	2855.885605	Auto
0.00208646	2856.146238	0.01
0.00209809	2856.404293	0.1
0.00209687	2856.619237	Auto
0.00210338	2856.883231	0.01
0.00214846	2857.134241	0.1
0.00209911	2857.363564	Auto
0.00209294	2857.634017	0.01
0.00209508	2857.892624	0.1
0.0020917	2858.123532	Auto
0.00209792	2858.39493	0.01
0.0021039	2858.662747	0.1
0.00209617	2858.852876	Auto
0.00209708	2859.113406	0.01
0.00209908	2859.381155	0.1
0.00210158	2859.577557	Auto
0.00209955	2859.838271	0.01
0.0021015	2860.090741	0.1
0.00209708	2860.312272	Auto
0.0021148	2860.56945	0.01
0.0021083	2860.858054	0.1
0.00210911	2861.046749	Auto
0.00210671	2861.322631	0.01
0.00210982	2861.560611	0.1
0.00210956	2861.756643	Auto
0.00211154	2862.028352	0.01
0.00210291	2862.285713	0.1
0.00210672	2862.508387	Auto
0.00210947	2862.772346	0.01
0.0021056	2863.017038	0.1
0.00211113	2863.219716	Auto
0.00211042	2863.471327	0.01
0.00211435	2863.715982	0.1
0.00210495	2863.917789	Auto
0.0021289	2864.169155	0.01
0.00211642	2864.440142	0.1
0.00210798	2864.662853	Auto
0.00211123	2864.920119	0.01
0.00211096	2865.171372	0.1
0.00211203	2865.37309	Auto
0.00209854	2865.631355	0.01
0.00211047	2865.888127	0.1
0.00211248	2866.090832	Auto
0.00210092	2866.350991	0.01
0.00210909	2866.604613	0.1
0.0020987	2866.79454	Auto
0.00210172	2867.055892	0.01
0.0021002	2867.307015	0.1
0.00209791	2867.502974	Auto
0.00210117	2867.780238	0.01
0.00207794	2868.024958	0.1
0.00211775	2868.219681	Auto
0.00212036	2868.491175	0.01
0.00213413	2868.759241	0.1
0.00211908	2868.947965	Auto
0.00211637	2869.208225	0.01
0.00212057	2869.466866	0.1
0.00211894	2869.69656	Auto
0.00211763	2869.97437	0.01
0.00211135	2870.236667	0.1
0.00211197	2870.424415	Auto
0.00211396	2870.686326	0.01
0.00209034	2870.943245	0.1
0.00211839	2871.165016	Auto
0.00212243	2871.431552	0.01
0.00212713	2871.675105	0.1
0.00212811	2871.870173	Auto
0.00212994	2872.141048	0.01
0.00213472	2872.392189	0.1
0.00213125	2872.58705	Auto
0.00213246	2872.859651	0.01
0.00213371	2873.123409	0.1
0.00212831	2873.325883	Auto
0.00213387	2873.604216	0.01
0.00213812	2873.849817	0.1
0.00213519	2874.051404	Auto
0.00213256	2874.309374	0.01
0.00213532	2874.547564	0.1
0.00213146	2874.769096	Auto
0.00213909	2875.027297	0.01
0.00215472	2875.264355	0.1
0.00213321	2875.493709	Auto
0.00213763	2875.75916	0.01
0.00216044	2876.003022	0.1
0.00213375	2876.204312	Auto
0.00213879	2876.46374	0.01
0.00214245	2876.718675	0.1
0.00213957	2876.908675	Auto
0.00214382	2877.176749	0.01
0.00214333	2877.428863	0.1
0.00213882	2877.658543	Auto
0.00214595	2877.929234	0.01
0.00212931	2878.187155	0.1
0.00212558	2878.409791	Auto
0.00212971	2878.686421	0.01
0.0021306	2878.961128	0.1
0.0021295	2879.151157	Auto
0.00213388	2879.404577	0.01
0.00213555	2879.673665	0.1
0.00210461	2879.863796	Auto
0.00215027	2880.131062	0.01
0.00214822	2880.382991	0.1
0.00215042	2880.597709	Auto
0.00215117	2880.85795	0.01
0.00215324	2881.120249	0.1
0.00215026	2881.342861	Auto
0.00215239	2881.607062	0.01
0.0021296	2881.858172	0.1
0.00214014	2882.073121	Auto
0.00214289	2882.329822	0.01
0.0021469	2882.605416	0.1
0.00214231	2882.794208	Auto
0.00213919	2883.056892	0.01
0.00214015	2883.314568	0.1
0.00211273	2883.536273	Auto
0.00215438	2883.795928	0.01
0.00216566	2884.063883	0.1
0.00216194	2884.252451	Auto
0.00216182	2884.513603	0.01
0.00215108	2884.795042	0.1
0.00215703	2884.991532	Auto
0.0021591	2885.26653	0.01
0.00215317	2885.505567	0.1
0.00216179	2885.700381	Auto
0.00215943	2885.971814	0.01
0.00216138	2886.223128	0.1
0.00216358	2886.425742	Auto
0.00215922	2886.682624	0.01
0.00216048	2886.922121	0.1
0.00216266	2887.117145	Auto
0.00216439	2887.388867	0.01
0.00216108	2887.640021	0.1
0.00218134	2887.841432	Auto
0.00216004	2888.093015	0.01
0.00216446	2888.360928	0.1
0.00216102	2888.558612	Auto
0.00216033	2888.824355	0.01
0.0021658	2889.076936	0.1
0.00216424	2889.279872	Auto
0.0021667	2889.531001	0.01
0.00218046	2889.808207	0.1
0.00216794	2890.010761	Auto
0.00216849	2890.288054	0.01
0.00216634	2890.549191	0.1
0.00217	2890.73898	Auto
0.00217213	2890.998308	0.01
0.00217111	2891.263243	0.1
0.00216778	2891.477159	Auto
0.00220971	2891.755226	0.01
0.00217858	2892.013082	0.1
0.00217377	2892.235573	Auto
0.00217936	2892.500947	0.01
0.00217612	2892.760126	0.1
0.00217566	2892.949031	Auto
0.00217416	2893.217247	0.01
0.00217706	2893.477273	0.1
0.00218138	2893.666002	Auto
0.00218131	2893.943372	0.01
0.00217794	2894.198242	0.1
0.00218107	2894.413954	Auto
0.00218604	2894.683332	0.01
0.00218443	2894.94107	0.1
0.00218455	2895.170546	Auto
0.00218811	2895.441889	0.01
0.00220949	2895.700533	0.1
0.0021864	2895.923444	Auto
0.00219001	2896.200309	0.01
0.00218734	2896.451388	0.1
0.00219011	2896.64637	Auto
0.00219545	2896.917176	0.01
0.00219389	2897.168372	0.1
0.00219194	2897.370839	Auto
0.00219141	2897.622249	0.01
0.0021963	2897.886712	0.1
0.00219987	2898.082868	Auto
0.00219721	2898.35434	0.01
0.00216012	2898.622295	0.1
0.0021929	2898.817728	Auto
0.00219826	2899.071337	0.01
0.00219556	2899.329127	0.1
0.00219838	2899.552742	Auto
0.00219694	2899.810194	0.01
0.00220798	2900.060431	0.1
0.00219756	2900.255199	Auto
0.00219604	2900.543355	0.01
0.00219874	2900.798069	0.1
0.00220105	2901.020938	Auto
0.00220009	2901.279	0.01
0.00220105	2901.522411	0.1
0.00219792	2901.744127	Auto
0.00219838	2902.008098	0.01
0.00220809	2902.259849	0.1
0.0022056	2902.468973	Auto
0.00219711	2902.746221	0.01
0.00220593	2903.005564	0.1
0.00220184	2903.206624	Auto
0.00220755	2903.485956	0.01
0.00219997	2903.729419	0.1
0.00220017	2903.931114	Auto
0.00220658	2904.183538	0.01
0.00220468	2904.470381	0.1
0.002205	2904.661567	Auto
0.00220495	2904.914141	0.01
0.00220218	2905.16536	0.1
0.00220585	2905.360191	Auto
0.00221617	2905.631562	0.01
0.00221013	2905.89936	0.1
0.00221393	2906.095898	Auto
0.00220956	2906.350541	0.01
0.00219705	2906.608129	0.1
0.00218784	2906.830814	Auto
0.00220622	2907.089915	0.01
0.00220765	2907.361008	0.1
0.00224374	2907.556871	Auto
0.00222424	2907.827221	0.01
0.00222042	2908.085167	0.1
0.00222278	2908.307837	Auto
0.00222132	2908.56525	0.01
0.00222291	2908.847768	0.1
0.0022227	2909.043188	Auto
0.00222331	2909.320927	0.01
0.00222295	2909.578949	0.1
0.00223028	2909.791784	Auto
0.00221423	2910.069258	0.01
0.00221613	2910.314859	0.1
0.00221574	2910.515378	Auto
0.00221457	2910.768561	0.01
0.00222529	2911.02909	0.1
0.00221661	2911.218722	Auto
0.00222867	2911.479245	0.01
0.00223499	2911.74707	0.1
0.00224343	2911.943753	Auto
0.00223701	2912.215589	0.01
0.00226795	2912.489316	0.1
0.00223269	2912.684273	Auto
0.00223723	2912.956804	0.01
0.00223727	2913.22162	0.1
0.00222853	2913.444742	Auto
0.00223849	2913.715059	0.01
0.00224409	2913.980127	0.1
0.00224274	2914.182705	Auto
0.00224245	2914.453156	0.01
0.00223871	2914.704332	0.1
0.00224517	2914.899345	Auto
0.00224215	2915.187878	0.01
0.00224313	2915.445937	0.1
0.00224327	2915.659861	Auto
0.0022449	2915.930402	0.01
0.00225035	2916.195268	0.1
0.00224832	2916.396672	Auto
0.0022629	2916.668851	0.01
0.00224529	2916.937807	0.1
0.00225401	2917.127888	Auto
0.00224186	2917.388189	0.01
0.00224677	2917.646004	0.1
0.00225197	2917.868635	Auto
0.00225033	2918.13423	0.01
0.00226333	2918.394174	0.1
0.00225009	2918.590581	Auto
0.00225284	2918.851949	0.01
0.0022491	2919.102231	0.1
0.0022339	2919.324853	Auto
0.00225731	2919.582261	0.01
0.00226204	2919.847028	0.1
0.00225443	2920.06226	Auto
0.00225738	2920.319342	0.01
0.00225976	2920.591023	0.1
0.0022548	2920.786889	Auto
0.00225526	2921.057386	0.01
0.00225207	2921.315039	0.1
0.00223877	2921.538702	Auto
0.00224056	2921.796947	0.01
0.00224136	2922.068585	0.1
0.0022466	2922.262373	Auto
0.00224605	2922.521424	0.01
0.00224582	2922.778313	0.1
0.00224079	2922.98003	Auto
0.00223721	2923.259583	0.01
0.00226274	2923.520028	0.1
0.00226439	2923.716659	Auto
0.00226249	2923.977375	0.01
0.00226477	2924.228693	0.1
0.0022652	2924.45039	Auto
0.00226565	2924.709887	0.01
0.00226522	2924.967922	0.1
0.00226164	2925.190813	Auto
0.002248	2925.448929	0.01
0.00224865	2925.714785	0.1
0.00224886	2925.917535	Auto
0.00224211	2926.195285	0.01
0.00226379	2926.44766	0.1
0.00226761	2926.669186	Auto
0.00226605	2926.940393	0.01
0.00226458	2927.184839	0.1
0.00226962	2927.407668	Auto
0.00227501	2927.67292	0.01
0.00226666	2927.924173	0.1
0.00226956	2928.146969	Auto
0.0022778	2928.40395	0.01
0.00227167	2928.668814	0.1
0.00226832	2928.877099	Auto
0.00227783	2929.129548	0.01
0.0022759	2929.393009	0.1
0.0022725	2929.588984	Auto
0.0022454	2929.859364	0.01
0.00230013	2930.111721	0.1
0.00228525	2930.306548	Auto
0.00228446	2930.595962	0.01
0.00228335	2930.857712	0.1
0.00228365	2931.065046	Auto
0.00227618	2931.343127	0.01
0.00227782	2931.587621	0.1
0.00228012	2931.78356	Auto
0.00227763	2932.055182	0.01
0.00228008	2932.313857	0.1
0.00228165	2932.542313	Auto
0.00227984	2932.813782	0.01
0.00227893	2933.072796	0.1
0.00228725	2933.308141	Auto
0.00228684	2933.559313	0.01
0.00228455	2933.8238	0.1
0.00228282	2934.026914	Auto
0.00228851	2934.278	0.01
0.0022842	2934.548788	0.1
0.00228971	2934.772678	Auto
0.00228851	2935.030729	0.01
0.00229029	2935.2953	0.1
0.00229011	2935.497807	Auto
0.0022907	2935.778834	0.01
0.00229765	2936.028832	0.1
0.00228879	2936.250352	Auto
0.00229298	2936.5087	0.01
0.00229081	2936.774573	0.1
0.00229334	2936.990818	Auto
0.00229437	2937.248311	0.01
0.00229237	2937.498066	0.1
0.00229593	2937.694128	Auto
0.00229649	2937.965686	0.01
0.00229248	2938.234882	0.1
0.00229403	2938.424775	Auto
0.00230418	2938.692723	0.01
0.00229538	2938.93739	0.1
0.00227849	2939.139173	Auto
0.00229444	2939.391673	0.01
0.00230338	2939.642619	0.1
0.00229746	2939.864261	Auto
0.00226212	2940.121293	0.01
0.00229493	2940.386065	0.1
0.00229384	2940.601118	Auto
0.0022972	2940.859172	0.01
0.00230892	2941.140668	0.1
0.00229554	2941.336164	Auto
0.00229735	2941.596263	0.01
0.00229735	2941.864059	0.1
0.00229692	2942.060641	Auto
0.00229914	2942.314233	0.01
0.00229673	2942.572881	0.1
0.00229943	2942.795637	Auto
0.00229307	2943.054947	0.01
0.00230096	2943.321555	0.1
0.00229713	2943.517039	Auto
0.00229842	2943.772705	0.01
0.00229808	2944.029297	0.1
0.00229988	2944.252799	Auto
0.00230229	2944.510796	0.01
0.00230032	2944.768355	0.1
0.00230505	2944.991128	Auto
0.0023042	2945.248142	0.01
0.00230142	2945.506234	0.1
0.00230719	2945.735549	Auto
0.0023051	2946.013097	0.01
0.00230796	2946.25853	0.1
0.00230849	2946.453444	Auto
0.00230548	2946.724898	0.01
0.0023049	2946.983959	0.1
0.00231544	2947.20581	Auto
0.00231259	2947.47004	0.01
0.00231495	2947.7216	0.1
0.00231192	2947.950371	Auto
0.00231627	2948.21535	0.01
0.00231542	2948.472128	0.1
0.00233543	2948.674786	Auto
0.00231623	2948.926284	0.01
0.00231762	2949.170981	0.1
0.00232429	2949.365865	Auto
0.00232112	2949.638791	0.01
0.002323	2949.906638	0.1
0.00232258	2950.102246	Auto
0.00232726	2950.356568	0.01
0.00231996	2950.614077	0.1
0.00232817	2950.844533	Auto
0.00232615	2951.115865	0.01
0.00232834	2951.381786	0.1
0.0023299	2951.583167	Auto
0.0023288	2951.855666	0.01
0.00232998	2952.119368	0.1
0.00232838	2952.334447	Auto
0.00233437	2952.593636	0.01
0.00232778	2952.858308	0.1
0.00232582	2953.060833	Auto
0.00231102	2953.331143	0.01
0.00231892	2953.582237	0.1
0.00231948	2953.777142	Auto
0.00232983	2954.049674	0.01
0.0023366	2954.307128	0.1
0.00233722	2954.529911	Auto
0.0023353	2954.788101	0.01
0.00234294	2955.03839	0.1
0.00233803	2955.233189	Auto
0.00233814	2955.504421	0.01
0.00233707	2955.75668	0.1
0.00234152	2955.952804	Auto
0.00233897	2956.225547	0.01
0.00233804	2956.496895	0.1
0.00234038	2956.692868	Auto
0.00234536	2956.965752	0.01
0.00234136	2957.222353	0.1
0.00234477	2957.451803	Auto
0.0023499	2957.73165	0.01
0.00234777	2957.992959	0.1
0.00235097	2958.181978	Auto
0.00234799	2958.441265	0.01
0.00234577	2958.699862	0.1
0.00238686	2958.922786	Auto
0.00234905	2959.180275	0.01
0.00235784	2959.445023	0.1
0.00234991	2959.667782	Auto
0.00234961	2959.939874	0.01
0.00234916	2960.191114	0.1
0.00234803	2960.393721	Auto
0.00235118	2960.645005	0.01
0.00234438	2960.889619	0.1
0.00233586	2961.085673	Auto
0.00233543	2961.36404	0.01
0.00236052	2961.615375	0.1
0.00233735	2961.837962	Auto
0.00233476	2962.094037	0.01
0.0023395	2962.35282	0.1
0.00233683	2962.575565	Auto
0.00230533	2962.834792	0.01
0.00236393	2963.100724	0.1
0.00235906	2963.308744	Auto
0.0023599	2963.561855	0.01
0.00236524	2963.825393	0.1
0.00235931	2964.027096	Auto
0.00235713	2964.279176	0.01
0.00236277	2964.543569	0.1
0.00236197	2964.745126	Auto
0.00234456	2964.997293	0.01
0.00234684	2965.274451	0.1
0.00234836	2965.47698	Auto
0.0023521	2965.74737	0.01
0.00234991	2965.999754	0.1
0.00235357	2966.195818	Auto
0.00234771	2966.473334	0.01
0.00234889	2966.724261	0.1
0.00237317	2966.94606	Auto
0.0023696	2967.211624	0.01
0.0023757	2967.45518	0.1
0.00237289	2967.658881	Auto
0.00237058	2967.91587	0.01
0.00237581	2968.182818	0.1
0.00237	2968.405582	Auto
0.00237324	2968.670114	0.01
0.00236937	2968.914729	0.1
0.00236574	2969.110814	Auto
0.00237591	2969.382263	0.01
0.00238347	2969.633354	0.1
0.00237403	2969.835925	Auto
0.00237014	2970.087388	0.01
0.00237473	2970.352912	0.1
0.00237646	2970.548782	Auto
0.00239231	2970.836218	0.01
0.00238053	2971.0921	0.1
0.00237894	2971.306972	Auto
0.00237971	2971.576362	0.01
0.00238053	2971.844175	0.1
0.00237949	2972.040716	Auto
0.00238275	2972.294035	0.01
0.00237988	2972.560828	0.1
0.00239029	2972.762279	Auto
0.00238129	2973.033775	0.01
0.00238535	2973.285838	0.1
0.00237944	2973.481815	Auto
0.0023838	2973.753348	0.01
0.00238242	2974.0057	0.1
0.002387	2974.207906	Auto
0.00238267	2974.460438	0.01
0.00237946	2974.704974	0.1
0.00239314	2974.899857	Auto
0.00239068	2975.177419	0.01
0.00238991	2975.422128	0.1
0.00239482	2975.617005	Auto
0.00238725	2975.905445	0.01
0.00238338	2976.17937	0.1
0.00236595	2976.374248	Auto
0.00237489	2976.646829	0.01
0.00239815	2976.917915	0.1
0.00240039	2977.121904	Auto
0.00239333	2977.373959	0.01
0.00239326	2977.617592	0.1
0.00238775	2977.813537	Auto
0.00239019	2978.085269	0.01
0.00239274	2978.343214	0.1
0.00239339	2978.565875	Auto
0.00239271	2978.823326	0.01
0.00239189	2979.088121	0.1
0.00239362	2979.290601	Auto
0.00239043	2979.569865	0.01
0.00239559	2979.830087	0.1
0.00240195	2980.019994	Auto
0.00240164	2980.287898	0.01
0.00239385	2980.533541	0.1
0.00239238	2980.728331	Auto
0.00239542	2980.999112	0.01
0.00239451	2981.250393	0.1
0.00239618	2981.445211	Auto
0.00240504	2981.724688	0.01
0.00239603	2981.969545	0.1
0.00239533	2982.178224	Auto
0.00239996	2982.456001	0.01
0.00240078	2982.707158	0.1
0.00241076	2982.902173	Auto
0.0024158	2983.173779	0.01
0.00240439	2983.425989	0.1
0.00240451	2983.620882	Auto
0.00239976	2983.892372	0.01
0.00240083	2984.144706	0.1
0.00240057	2984.340564	Auto
0.00242165	2984.611432	0.01
0.00240169	2984.863683	0.1
0.00240491	2985.059783	Auto
0.0024091	2985.330112	0.01
0.00241204	2985.588976	0.1
0.00240818	2985.811774	Auto
0.00240663	2986.089826	0.01
0.00240428	2986.362555	0.1
0.00241266	2986.557334	Auto
0.00240962	2986.828103	0.01
0.00240736	2987.09697	0.1
0.00241024	2987.285754	Auto
0.00241716	2987.546887	0.01
0.00241179	2987.798238	0.1
0.00241829	2987.993245	Auto
0.00241803	2988.265747	0.01
0.00240658	2988.534842	0.1
0.00242643	2988.723688	Auto
0.00241961	2988.985884	0.01
0.00242645	2989.237186	0.1
0.00242243	2989.432051	Auto
0.00242231	2989.704746	0.01
0.0024202	2989.969535	0.1
0.00242123	2990.185827	Auto
0.00242165	2990.4508	0.01
0.00242156	2990.695404	0.1
0.00242621	2990.890441	Auto
0.00242045	2991.162968	0.01
0.00241873	2991.430709	0.1
0.00242428	2991.626215	Auto
0.00242336	2991.88776	0.01
0.00242187	2992.139214	0.1
0.00242884	2992.36176	Auto
0.00241919	2992.619837	0.01
0.00242387	2992.8857	0.1
0.00243068	2993.087324	Auto
0.00242512	2993.359656	0.01
0.00242569	2993.611824	0.1
0.00242692	2993.813429	Auto
0.0024269	2994.0671	0.01
0.00242368	2994.336946	0.1
0.0024359	2994.558639	Auto
0.00242635	2994.817715	0.01
0.00242499	2995.099333	0.1
0.00242903	2995.293404	Auto
0.00242461	2995.555029	0.01
0.00241521	2995.806223	0.1
0.00241656	2996.008918	Auto
0.00242406	2996.267769	0.01
0.00243391	2996.511262	0.1
0.00242515	2996.734004	Auto
0.00242271	2996.992561	0.01
0.002433	2997.257371	0.1
0.00242657	2997.479968	Auto
0.00242549	2997.749243	0.01
0.00242641	2998.007212	0.1
0.00242718	2998.230777	Auto
0.00244283	2998.48811	0.01
0.002429	2998.7606	0.1
0.00242591	2998.956649	Auto
0.00241634	2999.227345	0.01
0.00242609	2999.478419	0.1
0.00242241	2999.680071	Auto
0.00243815	2999.932315	0.01
0.00243812	3000.196983	0.1
0.00242868	3000.391762	Auto
0.00243784	3000.663246	0.01
0.00243336	3000.93111	0.1
0.00243834	3001.120026	Auto
0.0024337	3001.38088	0.01
0.00243582	3001.632996	0.1
0.0024336	3001.83343	Auto
0.00243648	3002.096263	0.01
0.00245335	3002.363971	0.1
0.00244096	3002.564355	Auto
0.00244275	3002.843121	0.01
0.00243766	3003.087717	0.1
0.00243952	3003.289259	Auto
0.002436	3003.541397	0.01
0.0024405	3003.811353	0.1
0.00244514	3004.03422	Auto
0.00242722	3004.311743	0.01
0.0024274	3004.563865	0.1
0.00242575	3004.759821	Auto
0.00242759	3005.031372	0.01
0.00242907	3005.296006	0.1
0.00243396	3005.511046	Auto
0.00242451	3005.769116	0.01
0.00243428	3006.021556	0.1
0.0024299	3006.216184	Auto
0.00245688	3006.495677	0.01
0.00245191	3006.746128	0.1
0.00245688	3006.961019	Auto
0.00245113	3007.224126	0.01
0.00244857	3007.477656	0.1
0.00245054	3007.673604	Auto
0.00246042	3007.962264	0.01
0.0024515	3008.253826	0.1
0.00244148	3008.445909	Auto
0.0024423	3008.721912	0.01
0.00243427	3008.977595	0.1
0.00241709	3009.199155	Auto
0.00246296	3009.457189	0.01
0.00245268	3009.711922	0.1
0.00245846	3009.90868	Auto
0.00245893	3010.179362	0.01
0.00246322	3010.434085	0.1
0.00246494	3010.656068	Auto
0.00246154	3010.907313	0.01
0.00246773	3011.178551	0.1
0.00245964	3011.400247	Auto
0.00246268	3011.658434	0.01
0.00246765	3011.923247	0.1
0.00246823	3012.125795	Auto
0.00246423	3012.413344	0.01
0.00246119	3012.669276	0.1
0.00246662	3012.8907	Auto
0.00247013	3013.14906	0.01
0.00247103	3013.393706	0.1
0.00246874	3013.615338	Auto
0.00246759	3013.89638	0.01
0.00246851	3014.159915	0.1
0.00247233	3014.360415	Auto
0.00247621	3014.631839	0.01
0.00247406	3014.8906	0.1
0.00247332	3015.113455	Auto
0.00247706	3015.370283	0.01
0.00247833	3015.628009	0.1
0.00247415	3015.836222	Auto
0.00247621	3016.108567	0.01
0.00246445	3016.360693	0.1
0.00246195	3016.562279	Auto
0.00245663	3016.815696	0.01
0.00246276	3017.096876	0.1
0.00245935	3017.286787	Auto
0.00246471	3017.564743	0.01
0.00246308	3017.826271	0.1
0.00246516	3018.035608	Auto
0.00248475	3018.306897	0.01
0.0024874	3018.582762	0.1
0.00248735	3018.772734	Auto
0.00249064	3019.026388	0.01
0.00248298	3019.27745	0.1
0.00248502	3019.472349	Auto
0.00249032	3019.731247	0.01
0.00248521	3019.995781	0.1
0.00248635	3020.198595	Auto
0.0024715	3020.454365	0.01
0.00247244	3020.714444	0.1
0.00247152	3020.909376	Auto
0.00246964	3021.180913	0.01
0.00246751	3021.439794	0.1
0.00247127	3021.662561	Auto
0.00246796	3021.945817	0.01
0.00249593	3022.207244	0.1
0.00248448	3022.428698	Auto
0.00247601	3022.699019	0.01
0.00252971	3022.965901	0.1
0.00249495	3023.166395	Auto
0.00250545	3023.4252	0.01
0.00248704	3023.689665	0.1
0.00249657	3023.885751	Auto
0.00249582	3024.157312	0.01
0.00249454	3024.40845	0.1
0.00248763	3024.603349	Auto
0.00249982	3024.874805	0.01
0.00249107	3025.149407	0.1
0.00249114	3025.339312	Auto
0.00249605	3025.592973	0.01
0.00249812	3025.850958	0.1
0.00252914	3026.07831	Auto
0.00250468	3026.35075	0.01
0.00249424	3026.602968	0.1
0.00249903	3026.797794	Auto
0.00249532	3027.070614	0.01
0.00250047	3027.334272	0.1
0.00250002	3027.536832	Auto
0.00249609	3027.808292	0.01
0.00253943	3028.060617	0.1
0.00250283	3028.255271	Auto
0.00251597	3028.526663	0.01
0.00250121	3028.791443	0.1
0.00250531	3028.993065	Auto
0.00250127	3029.265606	0.01
0.00249936	3029.517817	0.1
0.00249982	3029.719261	Auto
0.00249567	3029.973924	0.01
0.00251286	3030.243816	0.1
0.00250848	3030.472278	Auto
0.00250314	3030.74364	0.01
0.00250921	3031.002677	0.1
0.00250898	3031.224115	Auto
0.00251077	3031.502346	0.01
0.00251299	3031.753447	0.1
0.00251257	3031.955135	Auto
0.00251154	3032.208872	0.01
0.00250889	3032.49229	0.1
0.00251252	3032.694977	Auto
0.00250657	3032.946689	0.01
0.00251227	3033.197405	0.1
0.0025138	3033.426799	Auto
0.00250986	3033.698618	0.01
0.0025283	3033.967584	0.1
0.00251732	3034.157827	Auto
0.00251743	3034.418849	0.01
0.00252183	3034.670985	0.1
0.00251663	3034.865995	Auto
0.00251945	3035.144728	0.01
0.00251949	3035.395856	0.1
0.00251826	3035.625219	Auto
0.00251646	3035.890902	0.01
0.00251829	3036.128072	0.1
0.0025166	3036.330648	Auto
0.00252075	3036.589912	0.01
0.00250733	3036.8346	0.1
0.00251963	3037.058553	Auto
0.00252204	3037.316691	0.01
0.00252514	3037.582536	0.1
0.00251886	3037.798703	Auto
0.00251771	3038.076215	0.01
0.00255652	3038.334716	0.1
0.00252316	3038.556431	Auto
0.00252073	3038.835757	0.01
0.0025266	3039.09476	0.1
0.00253847	3039.303813	Auto
0.00252496	3039.576539	0.01
0.00253096	3039.833126	0.1
0.00252709	3040.056049	Auto
0.00253027	3040.333657	0.01
0.00253889	3040.59114	0.1
0.00253043	3040.814825	Auto
0.00253326	3041.072445	0.01
0.00253006	3041.337142	0.1
0.00252859	3041.552144	Auto
0.00254589	3041.811548	0.01
0.00253508	3042.0698	0.1
0.00253415	3042.292573	Auto
0.00253814	3042.550601	0.01
0.00253339	3042.822819	0.1
0.00253312	3043.019946	Auto
0.00253545	3043.289238	0.01
0.00253583	3043.54026	0.1
0.00253233	3043.735239	Auto
0.00253937	3044.014784	0.01
0.00253973	3044.259171	0.1
0.00254676	3044.461732	Auto
0.00254237	3044.713018	0.01
0.00254161	3044.964389	0.1
0.00255149	3045.186216	Auto
0.00254781	3045.450161	0.01
0.00254169	3045.701412	0.1
0.00254255	3045.923206	Auto
0.00254127	3046.181369	0.01
0.0025559	3046.462748	0.1
0.002558	3046.658449	Auto
0.00255344	3046.942437	0.01
0.00255518	3047.205782	0.1
0.00255178	3047.40643	Auto
0.00255839	3047.685798	0.01
0.0025327	3047.930569	0.1
0.00253367	3048.13229	Auto
0.00253558	3048.384406	0.01
0.00253611	3048.654189	0.1
0.002534	3048.88458	Auto
0.0025408	3049.155999	0.01
0.00255636	3049.406023	0.1
0.00254066	3049.602999	Auto
0.00256809	3049.873723	0.01
0.0025698	3050.132642	0.1
0.00257541	3050.361043	Auto
0.00255826	3050.633561	0.01
0.00256124	3050.891107	0.1
0.0025647	3051.120703	Auto
0.00256824	3051.400711	0.01
0.0025664	3051.651812	0.1
0.00257186	3051.874547	Auto
0.00256588	3052.132743	0.01
0.00256512	3052.414115	0.1
0.00257423	3052.609365	Auto
0.00256416	3052.884144	0.01
0.00256826	3053.122086	0.1
0.00257778	3053.324886	Auto
0.00257175	3053.576319	0.01
0.00257384	3053.820982	0.1
0.00257696	3054.015968	Auto
0.00257793	3054.286129	0.01
0.00257217	3054.537242	0.1
0.00257554	3054.73321	Auto
0.00257553	3055.004898	0.01
0.00257414	3055.269369	0.1
0.00256812	3055.471898	Auto
0.00258297	3055.760279	0.01
0.0025703	3056.01513	0.1
0.0025785	3056.237776	Auto
0.00257621	3056.489088	0.01
0.00257377	3056.770329	0.1
0.00257818	3056.960542	Auto
0.00257662	3057.221694	0.01
0.00258328	3057.473846	0.1
0.00256193	3057.669811	Auto
0.00258805	3057.941406	0.01
0.00258765	3058.209295	0.1
0.00259319	3058.398046	Auto
0.00258862	3058.658175	0.01
0.00259037	3058.910554	0.1
0.00259184	3059.112331	Auto
0.00258711	3059.364207	0.01
0.00256952	3059.625411	0.1
0.00257021	3059.821974	Auto
0.0025653	3060.075714	0.01
0.00256403	3060.333265	0.1
0.00256549	3060.55692	Auto
0.00257075	3060.814964	0.01
0.00257211	3061.072069	0.1
0.00257176	3061.287788	Auto
0.00256765	3061.540094	0.01
0.00259422	3061.804599	0.1
0.00259822	3062.000677	Auto
0.00259253	3062.272776	0.01
0.002609	3062.539586	0.1
0.00259008	3062.741972	Auto
0.00259856	3063.013583	0.01
0.00259295	3063.280194	0.1
0.0025911	3063.469046	Auto
0.00257893	3063.730034	0.01
0.00258185	3063.981331	0.1
0.00257962	3064.176344	Auto
0.00256475	3064.448596	0.01
0.00260722	3064.700784	0.1
0.00259618	3064.903534	Auto
0.00260053	3065.163117	0.01
0.00259804	3065.433361	0.1
0.00262628	3065.635803	Auto
0.0026044	3065.914189	0.01
0.00260532	3066.164206	0.1
0.00261148	3066.387973	Auto
0.00260861	3066.644911	0.01
0.00260509	3066.896247	0.1
0.0026088	3067.09126	Auto
0.00260626	3067.363565	0.01
0.00260734	3067.615721	0.1
0.00259987	3067.817335	Auto
0.00259942	3068.070603	0.01
0.00260464	3068.341651	0.1
0.00259913	3068.565593	Auto
0.00260476	3068.842432	0.01
0.00257875	3069.094774	0.1
0.00264312	3069.296364	Auto
0.00260673	3069.549899	0.01
0.00260497	3069.820801	0.1
0.00261052	3070.043616	Auto
0.00260558	3070.302848	0.01
0.0026157	3070.554064	0.1
0.00261387	3070.749927	Auto
0.00260348	3071.022606	0.01
0.00260724	3071.286033	0.1
0.00261732	3071.502175	Auto
0.00261934	3071.766238	0.01
0.00261852	3072.028588	0.1
0.002618	3072.224004	Auto
0.0026127	3072.478547	0.01
0.00261839	3072.730762	0.1
0.00261419	3072.932452	Auto
0.002613	3073.185785	0.01
0.00259918	3073.449407	0.1
0.00263085	3073.651917	Auto
0.00263109	3073.904228	0.01
0.00263021	3074.168823	0.1
0.00262739	3074.364804	Auto
0.00262617	3074.636197	0.01
0.00262552	3074.894901	0.1
0.00262807	3075.125536	Auto
0.00262521	3075.396814	0.01
0.00262723	3075.6626	0.1
0.00262864	3075.878872	Auto
0.00263168	3076.143129	0.01
0.0026319	3076.394189	0.1
0.00263615	3076.616833	Auto
0.00264146	3076.875791	0.01
0.00263482	3077.141594	0.1
0.00262958	3077.343073	Auto
0.0026382	3077.614244	0.01
0.00263632	3077.872863	0.1
0.00263973	3078.102351	Auto
0.00265176	3078.373867	0.01
0.00263622	3078.625126	0.1
0.00263861	3078.82095	Auto
0.00263303	3079.079854	0.01
0.0026389	3079.344405	0.1
0.00263656	3079.539337	Auto
0.00264705	3079.82891	0.01
0.00264311	3080.109321	0.1
0.00264332	3080.332047	Auto
0.00263884	3080.589879	0.01
0.00263978	3080.871329	0.1
0.00263693	3081.067823	Auto
0.00263223	3081.343545	0.01
0.0026487	3081.588389	0.1
0.00264249	3081.810068	Auto
0.00263916	3082.069582	0.01
0.00263899	3082.326064	0.1
0.00264154	3082.549787	Auto
0.00263969	3082.808781	0.01
0.00263984	3083.074644	0.1
0.00264234	3083.290689	Auto
0.0026385	3083.548818	0.01
0.0026485	3083.800026	0.1
0.00264492	3084.003863	Auto
0.00264753	3084.262232	0.01
0.00265185	3084.526657	0.1
0.00264638	3084.749333	Auto
0.00264685	3085.006395	0.01
0.00264768	3085.271898	0.1
0.00265396	3085.488998	Auto
0.00265478	3085.74659	0.01
0.00264934	3086.028437	0.1
0.00265317	3086.230381	Auto
0.00264681	3086.491146	0.01
0.00265703	3086.752309	0.1
0.00265436	3086.955047	Auto
0.00266043	3087.202998	0.01
0.00265448	3087.460831	0.1
0.0026582	3087.683654	Auto
0.00266261	3087.949991	0.01
0.00265964	3088.199361	0.1
0.00266517	3088.42234	Auto
0.00266928	3088.699392	0.01
0.00266121	3088.951003	0.1
0.00266159	3089.153221	Auto
0.00266141	3089.405881	0.01
0.00266487	3089.650775	0.1
0.00266294	3089.853653	Auto
0.00267445	3090.105287	0.01
0.0026705	3090.356092	0.1
0.00266783	3090.578995	Auto
0.00266667	3090.857656	0.01
0.00267617	3091.138292	0.1
0.00266757	3091.334178	Auto
0.0026673	3091.595626	0.01
0.00266413	3091.847055	0.1
0.00266	3092.042313	Auto
0.002658	3092.314992	0.01
0.00266155	3092.572722	0.1
0.00267093	3092.795763	Auto
0.00267028	3093.053208	0.01
0.00270525	3093.305669	0.1
0.00266729	3093.501901	Auto
0.0026744	3093.774718	0.01
0.00266275	3094.039824	0.1
0.00267676	3094.241449	Auto
0.00267281	3094.513054	0.01
0.00267376	3094.771142	0.1
0.00267971	3094.993084	Auto
0.00268116	3095.250426	0.01
0.00268012	3095.502823	0.1
0.00267006	3095.698122	Auto
0.00266948	3095.970128	0.01
0.00266614	3096.234157	0.1
0.00267632	3096.450552	Auto
0.00266962	3096.70884	0.01
0.00266796	3096.980389	0.1
0.00268494	3097.18239	Auto
0.00268091	3097.435381	0.01
0.00267054	3097.685589	0.1
0.00267549	3097.915227	Auto
0.00267678	3098.186921	0.01
0.00267664	3098.438368	0.1
0.00267035	3098.640143	Auto
0.00267276	3098.899651	0.01
0.00269246	3099.16489	0.1
0.0026597	3099.394669	Auto
0.00265329	3099.666656	0.01
0.00265277	3099.925659	0.1
0.00265871	3100.154312	Auto
0.00265784	3100.42602	0.01
0.00265883	3100.68403	0.1
0.00265668	3100.899058	Auto
0.00269984	3101.157444	0.01
0.00268618	3101.421903	0.1
0.00268198	3101.645902	Auto
0.00268523	3101.927856	0.01
0.00268813	3102.196264	0.1
0.00268219	3102.397174	Auto
0.00267806	3102.650722	0.01
0.00268015	3102.921987	0.1
0.00267214	3103.150761	Auto
0.00266931	3103.422277	0.01
0.00266457	3103.680066	0.1
0.00266526	3103.902177	Auto
0.00266011	3104.167912	0.01
0.00266516	3104.435012	0.1
0.00265891	3104.630731	Auto
0.0026636	3104.879904	0.01
0.00270897	3105.153698	0.1
0.00269284	3105.355553	Auto
0.00268966	3105.608944	0.01
0.00268372	3105.878262	0.1
0.00269413	3106.107236	Auto
0.00268322	3106.37885	0.01
0.00267973	3106.630257	0.1
0.00268885	3106.825365	Auto
0.00269276	3107.104055	0.01
0.00268315	3107.349898	0.1
0.00268711	3107.545991	Auto
0.00268829	3107.815452	0.01
0.00268847	3108.074816	0.1
0.00269173	3108.303378	Auto
0.0026962	3108.575007	0.01
0.00269095	3108.833892	0.1
0.00271064	3109.056954	Auto
0.00268814	3109.320452	0.01
0.00269236	3109.589747	0.1
0.0026952	3109.778816	Auto
0.00269314	3110.034885	0.01
0.00269392	3110.299565	0.1
0.00269589	3110.523939	Auto
0.00269456	3110.782123	0.01
0.00269537	3111.053752	0.1
0.00269362	3111.282098	Auto
0.00268585	3111.553754	0.01
0.00269274	3111.812561	0.1
0.00269062	3112.036785	Auto
0.00268772	3112.314871	0.01
0.00268839	3112.583951	0.1
0.00269627	3112.772128	Auto
0.00272305	3113.032373	0.01
0.00269551	3113.290324	0.1
0.00269663	3113.499689	Auto
0.00269724	3113.778288	0.01
0.0026949	3114.023174	0.1
0.00269275	3114.218108	Auto
0.00270246	3114.489051	0.01
0.00270055	3114.75714	0.1
0.00270052	3114.953057	Auto
0.00265821	3115.22401	0.01
0.00266018	3115.504311	0.1
0.0026945	3115.727355	Auto
0.00270214	3116.029589	0.01
0.00270181	3116.291068	0.1
0.00269485	3116.499891	Auto
0.00269874	3116.759674	0.01
0.00270833	3117.004685	0.1
0.00270359	3117.226285	Auto
0.00270628	3117.49168	0.01
0.0026996	3117.754728	0.1
0.00270626	3117.945087	Auto
0.00270428	3118.203242	0.01
0.00270549	3118.455823	0.1
0.00270594	3118.651081	Auto
0.00271027	3118.923085	0.01
0.00270772	3119.174602	0.1
0.00271302	3119.370746	Auto
0.00271712	3119.642713	0.01
0.00270518	3119.908935	0.1
0.002712	3120.118715	Auto
0.00270115	3120.370047	0.01
0.00271303	3120.641718	0.1
0.00276021	3120.864544	Auto
0.00270768	3121.129984	0.01
0.00272797	3121.374805	0.1
0.00271373	3121.57661	Auto
0.00271611	3121.829232	0.01
0.00271358	3122.100654	0.1
0.00270678	3122.323634	Auto
0.00270811	3122.58819	0.01
0.002708	3122.853897	0.1
0.00270283	3123.049225	Auto
0.0027134	3123.320749	0.01
0.00271736	3123.572192	0.1
0.00270547	3123.767344	Auto
0.00271109	3124.055198	0.01
0.00271095	3124.310161	0.1
0.00271013	3124.525109	Auto
0.0026899	3124.796121	0.01
0.00270925	3125.064276	0.1
0.00271348	3125.259126	Auto
0.00271212	3125.514938	0.01
0.00270818	3125.773811	0.1
0.00271615	3125.996987	Auto
0.00271071	3126.273356	0.01
0.00271434	3126.525743	0.1
0.00271211	3126.721997	Auto
0.0027284	3126.992634	0.01
0.00271839	3127.251615	0.1
0.00271847	3127.474618	Auto
0.00272743	3127.732808	0.01
0.00272077	3127.984426	0.1
0.00272103	3128.180788	Auto
0.00271873	3128.451362	0.01
0.00272041	3128.703791	0.1
0.00272203	3128.899142	Auto
0.00272175	3129.195797	0.01
0.00272495	3129.457206	0.1
0.00272856	3129.684347	Auto
0.00271902	3129.936068	0.01
0.0027301	3130.217732	0.1
0.00273108	3130.414578	Auto
0.0027279	3130.668262	0.01
0.00273377	3130.937589	0.1
0.00272513	3131.127794	Auto
0.00272797	3131.387391	0.01
0.00272382	3131.64515	0.1
0.00272539	3131.867099	Auto
0.00273144	3132.133729	0.01
0.00274243	3132.37745	0.1
0.00272611	3132.579361	Auto
0.00273419	3132.831938	0.01
0.00273289	3133.102223	0.1
0.00273915	3133.324122	Auto
0.00271124	3133.590762	0.01
0.00274099	3133.835583	0.1
0.00273407	3134.031847	Auto
0.00274001	3134.302411	0.01
0.00273073	3134.554827	0.1
0.00275043	3134.757748	Auto
0.00274017	3135.009449	0.01
0.00273864	3135.280579	0.1
0.00273768	3135.502386	Auto
0.00274218	3135.76176	0.01
0.00273952	3136.034901	0.1
0.00274441	3136.236564	Auto
0.00275073	3136.488238	0.01
0.00276937	3136.739771	0.1
0.00274586	3136.962902	Auto
0.00274454	3137.227215	0.01
0.00274365	3137.489832	0.1
0.00273953	3137.678928	Auto
0.0027514	3137.9634	0.01
0.00274125	3138.238405	0.1
0.00273512	3138.460264	Auto
0.00273257	3138.724443	0.01
0.00276216	3138.975267	0.1
0.00275737	3139.197371	Auto
0.00276048	3139.455621	0.01
0.00275466	3139.707071	0.1
0.00275566	3139.902352	Auto
0.00275457	3140.190863	0.01
0.00273124	3140.454689	0.1
0.00278708	3140.662159	Auto
0.00276991	3140.933868	0.01
0.00277018	3141.186555	0.1
0.00276992	3141.381624	Auto
0.00276736	3141.653322	0.01
0.00276199	3141.905753	0.1
0.00276884	3142.101025	Auto
0.00276917	3142.372651	0.01
0.00277788	3142.624114	0.1
0.00274623	3142.819193	Auto
0.00274647	3143.097005	0.01
0.00275399	3143.34173	0.1
0.00274837	3143.537942	Auto
0.00275345	3143.809668	0.01
0.0027447	3144.061219	0.1
0.00275518	3144.255075	Auto
0.00274273	3144.527562	0.01
0.00278036	3144.785363	0.1
0.00279379	3145.007359	Auto
0.00278149	3145.266565	0.01
0.00277657	3145.532808	0.1
0.00278796	3145.733449	Auto
0.00278212	3146.005166	0.01
0.00277902	3146.263723	0.1
0.00278125	3146.486732	Auto
0.0027573	3146.75136	0.01
0.00275528	3146.995347	0.1
0.00275369	3147.19175	Auto
0.00276225	3147.463604	0.01
0.00277708	3147.752331	0.1
0.00277388	3147.948324	Auto
0.00278841	3148.202539	0.01
0.00278775	3148.454945	0.1
0.00279251	3148.649965	Auto
0.002779	3148.920643	0.01
0.00278476	3149.172302	0.1
0.00279095	3149.368546	Auto
0.00278524	3149.647212	0.01
0.00278053	3149.898664	0.1
0.00278534	3150.114927	Auto
0.00278222	3150.366419	0.01
0.00278798	3150.645732	0.1
0.00277781	3150.853114	Auto
0.00278289	3151.116294	0.01
0.00278502	3151.386556	0.1
0.00278225	3151.576631	Auto
0.00278144	3151.838014	0.01
0.00277789	3152.106199	0.1
0.00278235	3152.294128	Auto
0.00279706	3152.55525	0.01
0.00279843	3152.807723	0.1
0.00279237	3153.003117	Auto
0.0027983	3153.274577	0.01
0.00280323	3153.532358	0.1
0.00280027	3153.755398	Auto
0.00279366	3154.040874	0.01
0.00278494	3154.285545	0.1
0.00278492	3154.482862	Auto
0.00276366	3154.761972	0.01
0.00277	3155.012533	0.1
0.00276444	3155.234281	Auto
0.00276487	3155.49378	0.01
0.00276504	3155.74429	0.1
0.00279576	3155.94069	Auto
0.0027693	3156.213622	0.01
0.00281958	3156.46497	0.1
0.00279987	3156.659108	Auto
0.00279907	3156.931906	0.01
0.00280942	3157.183413	0.1
0.00279735	3157.385225	Auto
0.00279435	3157.639035	0.01
0.00279665	3157.907973	0.1
0.00280206	3158.136873	Auto
0.00280524	3158.425585	0.01
0.00276543	3158.681702	0.1
0.00276864	3158.89716	Auto
0.00277026	3159.16897	0.01
0.00277227	3159.426737	0.1
0.00277074	3159.649736	Auto
0.00276486	3159.907037	0.01
0.00276909	3160.159705	0.1
0.00276807	3160.35586	Auto
0.0027999	3160.628741	0.01
0.00280406	3160.89377	0.1
0.0028101	3161.096664	Auto
0.00279477	3161.368816	0.01
0.00278538	3161.637901	0.1
0.00284496	3161.826984	Auto
0.00281811	3162.088037	0.01
0.00280267	3162.355967	0.1
0.00280215	3162.544977	Auto
0.00279995	3162.805253	0.01
0.00280502	3163.057926	0.1
0.00279805	3163.259571	Auto
0.00280445	3163.519062	0.01
0.00279987	3163.756361	0.1
0.00279766	3163.959588	Auto
0.00280683	3164.21817	0.01
0.0028016	3164.455535	0.1
0.00280215	3164.68421	Auto
0.00280108	3164.957784	0.01
0.00280493	3165.195047	0.1
0.00280075	3165.389092	Auto
0.00281212	3165.661843	0.01
0.002815	3165.927083	0.1
0.00280011	3166.129992	Auto
0.00282064	3166.400633	0.01
0.00282405	3166.652093	0.1
0.0028147	3166.847189	Auto
0.00282493	3167.126535	0.01
0.00281572	3167.370288	0.1
0.00280709	3167.566599	Auto
0.00280818	3167.839854	0.01
0.00279538	3168.097221	0.1
0.00284223	3168.326924	Auto
0.00281782	3168.597361	0.01
0.00282186	3168.85524	0.1
0.00281936	3169.077282	Auto
0.00281661	3169.335687	0.01
0.00281368	3169.601917	0.1
0.00281926	3169.804769	Auto
0.00282696	3170.07659	0.01
0.00281783	3170.34573	0.1
0.00281888	3170.535961	Auto
0.00281098	3170.819391	0.01
0.00282795	3171.087852	0.1
0.0028311	3171.290713	Auto
0.00282708	3171.542221	0.01
0.00282082	3171.806007	0.1
0.00281826	3172.008157	Auto
0.00285277	3172.260792	0.01
0.0028256	3172.505795	0.1
0.00282454	3172.708655	Auto
0.00283781	3172.960263	0.01
0.00284866	3173.231583	0.1
0.00283234	3173.46023	Auto
0.0028328	3173.718381	0.01
0.00282791	3173.997768	0.1
0.00284457	3174.212228	Auto
0.00283312	3174.490257	0.01
0.00284119	3174.742768	0.1
0.00282085	3174.938017	Auto
0.00282283	3175.209702	0.01
0.00282644	3175.461128	0.1
0.00283099	3175.656285	Auto
0.00284286	3175.927156	0.01
0.00286259	3176.179714	0.1
0.00283136	3176.375941	Auto
0.00285322	3176.647551	0.01
0.00283064	3176.915606	0.1
0.00283091	3177.112618	Auto
0.00283506	3177.373393	0.01
0.00283273	3177.618227	0.1
0.00283425	3177.813427	Auto
0.00283591	3178.084138	0.01
0.00283524	3178.336536	0.1
0.0028354	3178.532741	Auto
0.00283462	3178.805849	0.01
0.00283748	3179.070937	0.1
0.0028357	3179.273806	Auto
0.002846	3179.546926	0.01
0.00283729	3179.82109	0.1
0.00284665	3180.003615	Auto
0.00284472	3180.28299	0.01
0.0028436	3180.562443	0.1
0.00283747	3180.784407	Auto
0.00283715	3181.043956	0.01
0.00284214	3181.301124	0.1
0.00284081	3181.523897	Auto
0.00283684	3181.781261	0.01
0.00284877	3182.046348	0.1
0.00284334	3182.26145	Auto
0.00285108	3182.539753	0.01
0.00285617	3182.79868	0.1
0.00284074	3183.028658	Auto
0.00284713	3183.309388	0.01
0.00284509	3183.569823	0.1
0.00284768	3183.781142	Auto
0.00286483	3184.059736	0.01
0.00284718	3184.328829	0.1
0.00284954	3184.517019	Auto
0.00284694	3184.796564	0.01
0.00285131	3185.065036	0.1
0.00285578	3185.285448	Auto
0.00285822	3185.567243	0.01
0.00284961	3185.823005	0.1
0.00287496	3186.057161	Auto
0.00282528	3186.314138	0.01
0.00282805	3186.579279	0.1
0.00282878	3186.78195	Auto
0.00283195	3187.052806	0.01
0.00281986	3187.304128	0.1
0.00283314	3187.499258	Auto
0.00284037	3187.771073	0.01
0.0028943	3188.028129	0.1
0.00286827	3188.250944	Auto
0.00286595	3188.508421	0.01
0.00284948	3188.773405	0.1
0.00285438	3188.98188	Auto
0.00285989	3189.24598	0.01
0.00285789	3189.498666	0.1
0.00286285	3189.694881	Auto
0.00286354	3189.974191	0.01
0.00286313	3190.224365	0.1
0.0028702	3190.446234	Auto
0.00286727	3190.711952	0.01
0.0028657	3190.972595	0.1
0.00285499	3191.169533	Auto
0.00286722	3191.423114	0.01
0.00286736	3191.698103	0.1
0.00286322	3191.887276	Auto
0.0028744	3192.192702	0.01
0.0028707	3192.448557	0.1
0.00288006	3192.683851	Auto
0.00287308	3192.949697	0.01
0.00288912	3193.230241	0.1
0.0028782	3193.426183	Auto
0.00287135	3193.697851	0.01
0.00290098	3193.960864	0.1
0.00287795	3194.175054	Auto
0.00287848	3194.42766	0.01
0.00287706	3194.698295	0.1
0.00288141	3194.920311	Auto
0.00288287	3195.185007	0.01
0.0028824	3195.430857	0.1
0.00287554	3195.62696	Auto
0.00285876	3195.897858	0.01
0.00287933	3196.166088	0.1
0.00289023	3196.354089	Auto
0.00289018	3196.616648	0.01
0.00289609	3196.867094	0.1
0.00288817	3197.062373	Auto
0.0028823	3197.334987	0.01
0.00288829	3197.592989	0.1
0.00289711	3197.814949	Auto
0.00286434	3198.072646	0.01
0.00286714	3198.340826	0.1
0.00287665	3198.537841	Auto
0.00288329	3198.798423	0.01
0.00286588	3199.050026	0.1
0.00287189	3199.272717	Auto
0.00287054	3199.537189	0.01
0.00286483	3199.799986	0.1
0.00290297	3199.987016	Auto
0.00291191	3200.24742	0.01
0.00290181	3200.505182	0.1
0.00290911	3200.735838	Auto
0.00290568	3201.024618	0.01
0.00290151	3201.305734	0.1
0.00290389	3201.529657	Auto
0.00290066	3201.787982	0.01
0.00287588	3202.052089	0.1
0.00287411	3202.267121	Auto
0.00284777	3202.525625	0.01
0.00290073	3202.797004	0.1
0.00291038	3202.992144	Auto
0.00290582	3203.263215	0.01
0.00291158	3203.531068	0.1
0.00290833	3203.720062	Auto
0.00291347	3203.988884	0.01
0.00291831	3204.240808	0.1
0.00291749	3204.463795	Auto
0.00292781	3204.722546	0.01
0.00291673	3204.974091	0.1
0.0029247	3205.168242	Auto
0.00291893	3205.440754	0.01
0.00291554	3205.709775	0.1
0.00291676	3205.906647	Auto
0.00291664	3206.161665	0.01
0.00291991	3206.430721	0.1
0.00291913	3206.625355	Auto
0.00291582	3206.880371	0.01
0.00292255	3207.144393	0.1
0.00292375	3207.360672	Auto
0.00291113	3207.618787	0.01
0.00296255	3207.894945	0.1
0.00290193	3208.081059	Auto
0.00294214	3208.337079	0.01
0.00293599	3208.588401	0.1
0.00293481	3208.791528	Auto
0.00293606	3209.043263	0.01
0.0029199	3209.293261	0.1
0.00291833	3209.515207	Auto
0.00293811	3209.781847	0.01
0.00293293	3210.026716	0.1
0.00293919	3210.228371	Auto
0.00292752	3210.485574	0.01
0.00293234	3210.762687	0.1
0.00293269	3210.952865	Auto
0.0029322	3211.214624	0.01
0.00293453	3211.479548	0.1
0.00292064	3211.688343	Auto
0.00293391	3211.940096	0.01
0.00294578	3212.184003	0.1
0.00294194	3212.379128	Auto
0.00294428	3212.650771	0.01
0.00294155	3212.909583	0.1
0.00294203	3213.140643	Auto
0.00294053	3213.411067	0.01
0.002944	3213.669117	0.1
0.00294459	3213.891096	Auto
0.00294192	3214.168239	0.01
0.00296038	3214.420666	0.1
0.00294452	3214.616862	Auto
0.00294843	3214.888881	0.01
0.00294332	3215.147912	0.1
0.00295939	3215.370937	Auto
0.00292407	3215.62811	0.01
0.00295897	3215.893103	0.1
0.00294916	3216.109619	Auto
0.00295376	3216.387651	0.01
0.00294198	3216.645369	0.1
0.00294333	3216.868369	Auto
0.00294375	3217.14605	0.01
0.00294183	3217.396271	0.1
0.00294926	3217.598066	Auto
0.00293966	3217.850427	0.01
0.00295287	3218.131973	0.1
0.00294563	3218.320991	Auto
0.00295317	3218.580128	0.01
0.00294948	3218.838941	0.1
0.00294682	3219.068661	Auto
0.00295303	3219.339325	0.01
0.0029297	3219.591745	0.1
0.00294638	3219.787876	Auto
0.00294417	3220.059919	0.01
0.00295073	3220.3281	0.1
0.00294999	3220.516038	Auto
0.00294555	3220.777262	0.01
0.00295762	3221.029012	0.1
0.00295963	3221.224959	Auto
0.00296477	3221.495756	0.01
0.00295814	3221.747157	0.1
0.00295756	3221.949126	Auto
0.00295547	3222.212261	0.01
0.00295721	3222.472718	0.1
0.00295389	3222.69559	Auto
0.00296085	3222.95326	0.01
0.00295481	3223.229545	0.1
0.00296782	3223.411861	Auto
0.00298203	3223.673663	0.01
0.00296259	3223.925197	0.1
0.00296536	3224.127096	Auto
0.00296687	3224.379639	0.01
0.00296826	3224.650861	0.1
0.00297689	3224.859263	Auto
0.00296298	3225.139538	0.01
0.00296774	3225.390599	0.1
0.00297075	3225.619293	Auto
0.00296397	3225.890019	0.01
0.00297757	3226.141444	0.1
0.00297031	3226.33758	Auto
0.00296706	3226.626376	0.01
0.00296554	3226.9004	0.1
0.0029662	3227.09669	Auto
0.00296686	3227.367141	0.01
0.00297144	3227.619561	0.1
0.00297274	3227.821343	Auto
0.00297157	3228.080778	0.01
0.00297445	3228.318082	0.1
0.00297128	3228.520885	Auto
0.00297213	3228.777946	0.01
0.00297555	3229.043762	0.1
0.00297437	3229.272173	Auto
0.00298565	3229.544752	0.01
0.00296565	3229.797578	0.1
0.00297536	3229.998313	Auto
0.00294043	3230.258926	0.01
0.00296915	3230.533865	0.1
0.00296705	3230.722896	Auto
0.00298015	3230.99036	0.01
0.00297441	3231.235293	0.1
0.00295538	3231.430346	Auto
0.00297977	3231.701343	0.01
0.00296754	3231.953887	0.1
0.00297904	3232.149143	Auto
0.00297865	3232.420108	0.01
0.00297747	3232.692669	0.1
0.00298266	3232.887904	Auto
0.00298175	3233.160924	0.01
0.00296886	3233.425857	0.1
0.00296497	3233.641294	Auto
0.00298896	3233.906164	0.01
0.00297904	3234.167816	0.1
0.00298405	3234.357915	Auto
0.00298783	3234.619627	0.01
0.00298886	3234.871069	0.1
0.00298111	3235.073882	Auto
0.00298974	3235.32669	0.01
0.00299835	3235.571731	0.1
0.00299821	3235.766844	Auto
0.00298863	3236.056776	0.01
0.00298761	3236.331726	0.1
0.00299572	3236.527929	Auto
0.0029901	3236.80671	0.01
0.0029795	3237.058369	0.1
0.00299007	3237.287787	Auto
0.00295829	3237.559738	0.01
0.00296032	3237.828074	0.1
0.00297666	3238.023276	Auto
0.00296985	3238.277868	0.01
0.00297137	3238.546996	0.1
0.0029571	3238.742727	Auto
0.00297486	3238.997674	0.01
0.00295637	3239.24919	0.1
0.00301376	3239.444246	Auto
0.00299706	3239.731356	0.01
0.00300312	3239.986383	0.1
0.00300428	3240.201856	Auto
0.00300026	3240.480831	0.01
0.00300359	3240.741213	0.1
0.00300077	3240.937312	Auto
0.00300114	3241.191279	0.01
0.00296706	3241.457544	0.1
0.00297793	3241.666942	Auto
0.0029703	3241.925668	0.01
0.00297781	3242.170566	0.1
0.00296909	3242.393539	Auto
0.00297292	3242.651144	0.01
0.00297293	3242.933064	0.1
0.00297905	3243.128731	Auto
0.00301914	3243.389311	0.01
0.00301701	3243.647797	0.1
0.00301537	3243.87793	Auto
0.00300798	3244.172122	0.01
0.0030147	3244.434973	0.1
0.00301244	3244.634217	Auto
0.00301102	3244.906299	0.01
0.00301294	3245.164965	0.1
0.00300955	3245.385358	Auto
0.00300258	3245.644533	0.01
0.00300365	3245.895176	0.1
0.00300921	3246.097337	Auto
0.00301451	3246.356433	0.01
0.00300786	3246.593016	0.1
0.00301196	3246.794252	Auto
0.00300475	3247.046318	0.01
0.00303198	3247.317767	0.1
0.00302187	3247.540176	Auto
0.00301415	3247.804825	0.01
0.00302479	3248.056797	0.1
0.00302266	3248.279058	Auto
0.00304453	3248.557589	0.01
0.00302747	3248.830872	0.1
0.00302454	3249.026613	Auto
0.00302949	3249.305996	0.01
0.00302245	3249.555592	0.1
0.00301896	3249.778037	Auto
0.00303412	3250.036883	0.01
0.0030212	3250.308174	0.1
0.00302848	3250.503776	Auto
0.00302449	3250.775849	0.01
0.00299733	3251.041389	0.1
0.00303599	3251.257549	Auto
0.0030373	3251.515593	0.01
0.00303948	3251.783124	0.1
0.00303647	3251.973792	Auto
0.00303276	3252.234617	0.01
0.00303631	3252.493048	0.1
0.0030427	3252.714393	Auto
0.00303433	3252.993836	0.01
0.00303158	3253.245859	0.1
0.00299424	3253.440375	Auto
0.0029955	3253.712024	0.01
0.00299447	3253.984677	0.1
0.0030297	3254.187592	Auto
0.00305315	3254.439596	0.01
0.00305183	3254.721701	0.1
0.00304331	3254.917913	Auto
0.00308719	3255.171234	0.01
0.00305047	3255.437066	0.1
0.00305153	3255.652793	Auto
0.0030542	3255.910568	0.01
0.00305354	3256.176199	0.1
0.00305326	3256.40567	Auto
0.00305098	3256.657665	0.01
0.00305577	3256.936551	0.1
0.00305915	3257.145547	Auto
0.00305321	3257.397392	0.01
0.00306488	3257.661593	0.1
0.00307508	3257.864026	Auto
0.0030437	3258.124778	0.01
0.00304333	3258.36169	0.1
0.0030482	3258.564573	Auto
0.00304055	3258.820992	0.01
0.00305207	3259.094586	0.1
0.00304733	3259.29675	Auto
0.00304962	3259.568008	0.01
0.00304832	3259.819816	0.1
0.00304462	3260.023606	Auto
0.0030502	3260.281362	0.01
0.00305832	3260.569309	0.1
0.00305913	3260.764276	Auto
0.00305173	3261.03978	0.01
0.00304591	3261.277343	0.1
0.00305203	3261.472928	Auto
0.00305952	3261.744001	0.01
0.00305348	3262.003734	0.1
0.00305667	3262.225868	Auto
0.00305732	3262.484677	0.01
0.00305565	3262.742235	0.1
0.00306479	3262.965731	Auto
0.0030578	3263.224839	0.01
0.00304864	3263.489226	0.1
0.0030577	3263.697126	Auto
0.00307801	3263.956249	0.01
0.00305635	3264.210097	0.1
0.0030506	3264.406694	Auto
0.00304494	3264.660816	0.01
0.00307342	3264.926406	0.1
0.0030519	3265.14257	Auto
0.00307287	3265.400764	0.01
0.00306533	3265.665362	0.1
0.00307	3265.880211	Auto
0.00306546	3266.146743	0.01
0.00306822	3266.4077	0.1
0.0030657	3266.598712	Auto
0.00306142	3266.866165	0.01
0.0030679	3267.110535	0.1
0.00307802	3267.306433	Auto
0.00307493	3267.578849	0.01
0.00306962	3267.837765	0.1
0.0030771	3268.060569	Auto
0.00308358	3268.325632	0.01
0.00307409	3268.570143	0.1
0.00306815	3268.765011	Auto
0.00308667	3269.036408	0.01
0.00308239	3269.287386	0.1
0.00306382	3269.482239	Auto
0.00308182	3269.754632	0.01
0.0030811	3270.01353	0.1
0.0030767	3270.235034	Auto
0.00307111	3270.493283	0.01
0.00309575	3270.745607	0.1
0.00305789	3270.94166	Auto
0.00308137	3271.230073	0.01
0.00306929	3271.511602	0.1
0.00308	3271.72636	Auto
0.00307163	3271.986853	0.01
0.00308662	3272.24487	0.1
0.00306881	3272.446359	Auto
0.00307181	3272.698655	0.01
0.00308694	3272.970784	0.1
0.00307093	3273.193773	Auto
0.00308223	3273.47166	0.01
0.00307928	3273.737356	0.1
0.00307582	3273.952434	Auto
0.00307873	3274.210557	0.01
0.0030742	3274.475152	0.1
0.00308898	3274.690226	Auto
0.00313133	3274.949729	0.01
0.0030783	3275.220405	0.1
0.00307385	3275.415247	Auto
0.00307808	3275.68764	0.01
0.00307542	3275.956706	0.1
0.00308599	3276.152243	Auto
0.00308164	3276.413975	0.01
0.0030814	3276.664161	0.1
0.00314284	3276.886013	Auto
0.00306589	3277.143256	0.01
0.00309686	3277.408906	0.1
0.00307956	3277.624965	Auto
0.00308607	3277.882103	0.01
0.00308387	3278.147853	0.1
0.00308562	3278.356074	Auto
0.00306927	3278.607292	0.01
0.00305776	3278.85291	0.1
0.00310999	3279.048581	Auto
0.00310072	3279.320246	0.01
0.00310537	3279.594748	0.1
0.00310202	3279.782622	Auto
0.00309505	3280.039545	0.01
0.00309472	3280.290445	0.1
0.00309502	3280.486319	Auto
0.00310168	3280.758779	0.01
0.00306184	3281.017071	0.1
0.00306345	3281.245837	Auto
0.00306123	3281.534005	0.01
0.00307554	3281.815047	0.1
0.00306231	3282.03786	Auto
0.00306912	3282.302788	0.01
0.00305928	3282.57472	0.1
0.0030757	3282.797159	Auto
0.00310786	3283.062602	0.01
0.00310588	3283.307404	0.1
0.00310443	3283.509002	Auto
0.00309908	3283.770556	0.01
0.00310609	3284.032745	0.1
0.00310885	3284.254295	Auto
0.00310247	3284.512442	0.01
0.00310509	3284.794065	0.1
0.00306738	3284.990739	Auto
0.00306948	3285.265628	0.01
0.00310595	3285.502446	0.1
0.00310123	3285.70527	Auto
0.00309494	3285.957693	0.01
0.00310332	3286.22897	0.1
0.00309571	3286.436033	Auto
0.00310072	3286.707274	0.01
0.00311346	3286.972204	0.1
0.00311646	3287.181529	Auto
0.00311903	3287.433828	0.01
0.00313088	3287.698309	0.1
0.00311098	3287.893249	Auto
0.00311027	3288.16583	0.01
0.00310813	3288.430558	0.1
0.00311244	3288.632026	Auto
0.00310501	3288.92023	0.01
0.00310767	3289.182111	0.1
0.00311326	3289.397972	Auto
0.00312455	3289.648144	0.01
0.00310989	3289.913723	0.1
0.00311199	3290.115415	Auto
0.00311684	3290.37473	0.01
0.00310574	3290.638261	0.1
0.003123	3290.860935	Auto
0.00312454	3291.119032	0.01
0.00311734	3291.391586	0.1
0.00312517	3291.585333	Auto
0.00312099	3291.85761	0.01
0.00311814	3292.109907	0.1
0.0031218	3292.305834	Auto
0.00312356	3292.594191	0.01
0.00309942	3292.850939	0.1
0.00308479	3293.051887	Auto
0.00307781	3293.303028	0.01
0.00308217	3293.583081	0.1
0.00308368	3293.772963	Auto
0.00308556	3294.033109	0.01
0.00308404	3294.30167	0.1
0.00308896	3294.490422	Auto
0.00312767	3294.769686	0.01
0.00312035	3295.050355	0.1
0.00312612	3295.272953	Auto
0.00311751	3295.530084	0.01
0.00312792	3295.79583	0.1
0.0031268	3295.997374	Auto
0.00313047	3296.269858	0.01
0.00312198	3296.52095	0.1
0.00310494	3296.723642	Auto
0.00309226	3296.982954	0.01
0.00308774	3297.236755	0.1
0.00309263	3297.426588	Auto
0.00308515	3297.687709	0.01
0.00308891	3297.945433	0.1
0.00308329	3298.167219	Auto
0.00309987	3298.42669	0.01
0.00314728	3298.691404	0.1
0.00313908	3298.893984	Auto
0.00312017	3299.163257	0.01
0.00313835	3299.42187	0.1
0.00313047	3299.645758	Auto
0.00314103	3299.903751	0.01
0.0031899	3300.162736	0.1
0.00313461	3300.391121	Auto
0.00315135	3300.670812	0.01
0.00313875	3300.931068	0.1
0.00312621	3301.120938	Auto
0.00312448	3301.381157	0.01
0.00313178	3301.647904	0.1
0.0031295	3301.849361	Auto
0.0031296	3302.120839	0.01
0.003125	3302.372951	0.1
0.00317258	3302.567877	Auto
0.00313272	3302.846048	0.01
0.0031248	3303.114241	0.1
0.00313347	3303.308587	Auto
0.00313237	3303.558767	0.01
0.00313931	3303.810942	0.1
0.0031332	3304.005926	Auto
0.00313756	3304.277188	0.01
0.0031526	3304.535711	0.1
0.00313488	3304.758408	Auto
0.00314138	3305.016746	0.01
0.00314064	3305.274426	0.1
0.00313491	3305.49615	Auto
0.00313256	3305.754144	0.01
0.00313176	3306.019159	0.1
0.00314006	3306.221569	Auto
0.00315559	3306.493958	0.01
0.00315593	3306.751538	0.1
0.00314793	3306.967752	Auto
0.00315366	3307.231661	0.01
0.00315548	3307.50268	0.1
0.00315941	3307.692616	Auto
0.00314947	3307.970842	0.01
0.00316128	3308.226818	0.1
0.00315243	3308.442565	Auto
0.00314714	3308.714174	0.01
0.0031551	3308.972974	0.1
0.00315641	3309.194889	Auto
0.00317941	3309.479739	0.01
0.003154	3309.72437	0.1
0.00315348	3309.920566	Auto
0.00314897	3310.209081	0.01
0.00319676	3310.465892	0.1
0.00316131	3310.680816	Auto
0.00316168	3310.952616	0.01
0.0031621	3311.241899	0.1
0.00318216	3311.438713	Auto
0.0031626	3311.699353	0.01
0.00316304	3311.957422	0.1
0.00316513	3312.166874	Auto
0.00314317	3312.41816	0.01
0.0031673	3312.662704	0.1
0.00315726	3312.866575	Auto
0.00314615	3313.118011	0.01
0.00315731	3313.388038	0.1
0.00316318	3313.61172	Auto
0.00315612	3313.869035	0.01
0.0031645	3314.120334	0.1
0.0031589	3314.315233	Auto
0.00316292	3314.587865	0.01
0.00316462	3314.856691	0.1
0.00317659	3315.04663	Auto
0.00317256	3315.308549	0.01
0.00316766	3315.560736	0.1
0.00319909	3315.756709	Auto
0.00317014	3316.028246	0.01
0.00316949	3316.296854	0.1
0.00317076	3316.486706	Auto
0.00316095	3316.765013	0.01
0.0031667	3317.020888	0.1
0.00316512	3317.243551	Auto
0.00317072	3317.495777	0.01
0.00318161	3317.774686	0.1
0.00317497	3317.983032	Auto
0.00316936	3318.235692	0.01
0.0031705	3318.486874	0.1
0.00317309	3318.710748	Auto
0.00317509	3318.968907	0.01
0.00317869	3319.257211	0.1
0.00316765	3319.446968	Auto
0.00317363	3319.707076	0.01
0.00317848	3319.965744	0.1
0.00318457	3320.188622	Auto
0.00318501	3320.454876	0.01
0.00319004	3320.722978	0.1
0.00319111	3320.91216	Auto
0.00319378	3321.209312	0.01
0.00318307	3321.471583	0.1
0.00318361	3321.693128	Auto
0.0031945	3321.965536	0.01
0.003197	3322.234602	0.1
0.00319929	3322.429409	Auto
0.00318924	3322.691009	0.01
0.00319068	3322.952245	0.1
0.00319802	3323.148998	Auto
0.00319372	3323.401358	0.01
0.00320423	3323.659022	0.1
0.00319487	3323.882849	Auto
0.00319446	3324.140994	0.01
0.00314259	3324.391214	0.1
0.00316289	3324.593734	Auto
0.00315842	3324.846947	0.01
0.00316371	3325.09166	0.1
0.00317184	3325.287563	Auto
0.00316507	3325.57592	0.01
0.00315938	3325.833979	0.1
0.00318895	3326.05935	Auto
0.00323484	3326.337237	0.01
0.00322043	3326.588326	0.1
0.00322917	3326.790914	Auto
0.00321412	3327.043418	0.01
0.00320572	3327.293241	0.1
0.00320648	3327.516071	Auto
0.00320388	3327.81074	0.01
0.0032007	3328.066676	0.1
0.00321425	3328.282687	Auto
0.00319671	3328.554965	0.01
0.00320059	3328.812707	0.1
0.00319501	3329.041155	Auto
0.00320447	3329.312312	0.01
0.00320558	3329.570142	0.1
0.00320258	3329.79286	Auto
0.00320915	3330.051092	0.01
0.00321347	3330.32214	0.1
0.00321071	3330.517026	Auto
0.00320611	3330.788191	0.01
0.00321002	3331.046883	0.1
0.00320421	3331.276153	Auto
0.00321357	3331.547831	0.01
0.00320901	3331.799042	0.1
0.00321352	3331.994029	Auto
0.00321677	3332.273759	0.01
0.00321462	3332.517311	0.1
0.00321237	3332.719887	Auto
0.00320935	3332.972209	0.01
0.00321074	3333.236812	0.1
0.00321003	3333.432724	Auto
0.00317109	3333.704368	0.01
0.00317599	3333.963606	0.1
0.00324646	3334.185407	Auto
0.003226	3334.442237	0.01
0.00322057	3334.7009	0.1
0.00321735	3334.924842	Auto
0.00321974	3335.182975	0.01
0.00322023	3335.450839	0.1
0.00321833	3335.640819	Auto
0.00322257	3335.901095	0.01
0.00319406	3336.152351	0.1
0.00317842	3336.347208	Auto
0.0031806	3336.635424	0.01
0.00317841	3336.891346	0.1
0.00315973	3337.112233	Auto
0.00318845	3337.36337	0.01
0.0031728	3337.614373	0.1
0.00318018	3337.836051	Auto
0.00322883	3338.094175	0.01
0.00322393	3338.365287	0.1
0.00322215	3338.560099	Auto
0.00322796	3338.83258	0.01
0.00323186	3339.083853	0.1
0.00322926	3339.285432	Auto
0.00323812	3339.538677	0.01
0.00322635	3339.802113	0.1
0.00322599	3339.997161	Auto
0.00319031	3340.269673	0.01
0.00317115	3340.528549	0.1
0.00322089	3340.737685	Auto
0.00322466	3341.00926	0.01
0.00321743	3341.260323	0.1
0.0032154	3341.462788	Auto
0.00323142	3341.721112	0.01
0.00322227	3341.984372	0.1
0.00322035	3342.207193	Auto
0.00322998	3342.471171	0.01
0.00324521	3342.722247	0.1
0.00324284	3342.944086	Auto
0.00323724	3343.20359	0.01
0.00323556	3343.467288	0.1
0.00323829	3343.689097	Auto
0.00323064	3343.961677	0.01
0.00321763	3344.212901	0.1
0.00321898	3344.408788	Auto
0.00322308	3344.687144	0.01
0.00322616	3344.949622	0.1
0.00322435	3345.144177	Auto
0.00322991	3345.399791	0.01
0.00322985	3345.651015	0.1
0.00322545	3345.846875	Auto
0.00324437	3346.126563	0.01
0.00322262	3346.37001	0.1
0.00324135	3346.565887	Auto
0.00322841	3346.845724	0.01
0.00322813	3347.106992	0.1
0.00323052	3347.295688	Auto
0.00324736	3347.556812	0.01
0.00324016	3347.814345	0.1
0.00324546	3348.037262	Auto
0.00324163	3348.294039	0.01
0.00323349	3348.546378	0.1
0.00323695	3348.748217	Auto
0.00323203	3349.000743	0.01
0.00323337	3349.244903	0.1
0.00323953	3349.440867	Auto
0.00323967	3349.720533	0.01
0.00326268	3349.971244	0.1
0.00323946	3350.193091	Auto
0.00324397	3350.450192	0.01
0.00324678	3350.718021	0.1
0.00325483	3350.914603	Auto
0.00323705	3351.169305	0.01
0.00323683	3351.427877	0.1
0.00323847	3351.650564	Auto
0.00323246	3351.908567	0.01
0.00324118	3352.173345	0.1
0.00323876	3352.375835	Auto
0.00323911	3352.64717	0.01
0.00323762	3352.905762	0.1
0.00324363	3353.135253	Auto
0.00324873	3353.406839	0.01
0.00324218	3353.665013	0.1
0.00324847	3353.8877	Auto
0.00325108	3354.145655	0.01
0.00326158	3354.410372	0.1
0.00328445	3354.625401	Auto
0.00324434	3354.891079	0.01
0.00325001	3355.135793	0.1
0.0032525	3355.331644	Auto
0.00325015	3355.603111	0.01
0.00324594	3355.853128	0.1
0.00324782	3356.049177	Auto
0.00324847	3356.319243	0.01
0.00325245	3356.578362	0.1
0.00325913	3356.800902	Auto
0.00323856	3357.065239	0.01
0.00326309	3357.325381	0.1
0.00325663	3357.521124	Auto
0.00325762	3357.783964	0.01
0.00324464	3358.033978	0.1
0.00324674	3358.255539	Auto
0.00324623	3358.521892	0.01
0.00325316	3358.765029	0.1
0.00329189	3358.961173	Auto
0.00325601	3359.255434	0.01
0.00326686	3359.517446	0.1
0.00326814	3359.744405	Auto
0.00325283	3359.99776	0.01
0.00325686	3360.242539	0.1
0.00326383	3360.44409	Auto
0.00326891	3360.696367	0.01
0.00326035	3360.966265	0.1
0.00323454	3361.188142	Auto
0.003276	3361.447603	0.01
0.00326538	3361.711274	0.1
0.00327609	3361.926366	Auto
0.00327497	3362.192758	0.01
0.00326815	3362.436198	0.1
0.00328006	3362.631089	Auto
0.00327183	3362.902352	0.01
0.00328205	3363.170238	0.1
0.00327763	3363.366717	Auto
0.00327606	3363.620204	0.01
0.00327218	3363.878908	0.1
0.00328003	3364.102895	Auto
0.00326769	3364.380644	0.01
0.00327846	3364.632759	0.1
0.00329394	3364.828706	Auto
0.00327206	3365.10022	0.01
0.00326745	3365.368865	0.1
0.00327235	3365.558697	Auto
0.00332054	3365.819977	0.01
0.00328147	3366.077691	0.1
0.00329185	3366.29931	Auto
0.00328366	3366.577293	0.01
0.00329356	3366.828358	0.1
0.00328884	3367.023368	Auto
0.00327585	3367.302555	0.01
0.00328811	3367.564693	0.1
0.00329332	3367.752449	Auto
0.00328601	3368.014141	0.01
0.00329264	3368.28289	0.1
0.00327801	3368.477329	Auto
0.0032785	3368.732016	0.01
0.00328349	3368.983275	0.1
0.00326551	3369.178161	Auto
0.00330078	3369.449743	0.01
0.00336437	3369.708589	0.1
0.00330154	3369.930357	Auto
0.0032877	3370.194426	0.01
0.00329323	3370.445422	0.1
0.00329355	3370.66704	Auto
0.00328563	3370.932312	0.01
0.00328332	3371.19367	0.1
0.00328918	3371.383531	Auto
0.00327652	3371.644823	0.01
0.00329836	3371.903965	0.1
0.00328697	3372.131404	Auto
0.00329452	3372.402129	0.01
0.00328879	3372.674832	0.1
0.00329098	3372.869766	Auto
0.00329378	3373.158362	0.01
0.00328032	3373.432997	0.1
0.00327884	3373.627952	Auto
0.00329584	3373.905224	0.01
0.00329371	3374.155183	0.1
0.00330319	3374.378915	Auto
0.00330626	3374.673834	0.01
0.00329414	3374.937758	0.1
0.00330179	3375.144077	Auto
0.00330751	3375.415437	0.01
0.00328645	3375.667568	0.1
0.00326742	3375.863614	Auto
0.00325695	3376.134076	0.01
0.00326032	3376.392858	0.1
0.00325963	3376.621226	Auto
0.00326308	3376.892677	0.01
0.00326201	3377.158639	0.1
0.00326131	3377.360105	Auto
0.00334181	3377.631424	0.01
0.00330649	3377.883601	0.1
0.00331196	3378.085299	Auto
0.00330154	3378.337549	0.01
0.00331834	3378.60871	0.1
0.00331353	3378.830384	Auto
0.00332228	3379.08981	0.01
0.00330786	3379.347685	0.1
0.00331189	3379.569372	Auto
0.00327351	3379.828819	0.01
0.00326843	3380.093584	0.1
0.00327543	3380.295103	Auto
0.00329404	3380.567944	0.01
0.00327434	3380.837209	0.1
0.00325818	3381.039009	Auto
0.00326257	3381.290973	0.01
0.00335252	3381.585609	0.1
0.00334377	3381.788539	Auto
0.00336543	3382.073767	0.01
0.00335315	3382.335324	0.1
0.00335241	3382.536256	Auto
0.00335713	3382.796981	0.01
0.00335762	3383.052849	0.1
0.00334665	3383.24863	Auto
0.0033749	3383.519217	0.01
0.0033317	3383.77038	0.1
0.00333599	3383.972195	Auto
0.00333459	3384.23037	0.01
0.00333387	3384.467342	0.1
0.00333983	3384.669001	Auto
0.00334621	3384.921398	0.01
0.00333335	3385.172592	0.1
0.00333703	3385.38745	Auto
0.003358	3385.639676	0.01
0.00336409	3385.927591	0.1
0.00336526	3386.116652	Auto
0.00335814	3386.379615	0.01
0.00337402	3386.624171	0.1
0.00334665	3386.819983	Auto
0.00334825	3387.113275	0.01
0.0033819	3387.374189	0.1
0.00334448	3387.57684	Auto
0.00334565	3387.847305	0.01
0.00335381	3388.105251	0.1
0.00334428	3388.320031	Auto
0.00335802	3388.572194	0.01
0.00333854	3388.84227	0.1
0.00328961	3389.07173	Auto
0.00328366	3389.343127	0.01
0.00337459	3389.601914	0.1
0.00337252	3389.83026	Auto
0.00336377	3390.101898	0.01
0.00338552	3390.37075	0.1
0.00336472	3390.560666	Auto
0.00336681	3390.828865	0.01
0.00336745	3391.074655	0.1
0.00336335	3391.268444	Auto
0.00330838	3391.540974	0.01
0.00329593	3391.798838	0.1
0.00333187	3392.021691	Auto
0.00338892	3392.28684	0.01
0.00334916	3392.58836	0.1
0.00336423	3392.783753	Auto
0.00337854	3393.038438	0.01
0.00337405	3393.289411	0.1
0.00338808	3393.484294	Auto
0.00338394	3393.756134	0.01
0.00338028	3394.020888	0.1
0.00337727	3394.236787	Auto
0.00338971	3394.495932	0.01
0.00339388	3394.752448	0.1
0.00337489	3394.97527	Auto
0.00339374	3395.232352	0.01
0.0033698	3395.497143	0.1
0.00343165	3395.712192	Auto
0.00335916	3395.97026	0.01
0.00338518	3396.221545	0.1
0.00338955	3396.416416	Auto
0.00337243	3396.675401	0.01
0.00338008	3396.919055	0.1
0.0033715	3397.114085	Auto
0.00338684	3397.386581	0.01
0.00337454	3397.638734	0.1
0.00336027	3397.834671	Auto
0.00337962	3398.113534	0.01
0.00337649	3398.365776	0.1
0.00337248	3398.587414	Auto
0.00336422	3398.852763	0.01
0.0033721	3399.114029	0.1
0.00336298	3399.302	Auto
0.00337926	3399.563109	0.01
0.00336996	3399.82168	0.1
0.00336889	3400.043407	Auto
0.00337523	3400.309582	0.01
0.00337151	3400.570714	0.1
0.00337076	3400.766361	Auto
0.00337115	3401.020447	0.01
0.0034258	3401.271407	0.1
0.0033801	3401.473928	Auto
0.00339278	3401.72615	0.01
0.00337696	3401.976224	0.1
0.00336943	3402.206751	Auto
0.00337898	3402.477028	0.01
0.00337831	3402.728139	0.1
0.00337668	3402.930838	Auto
0.00338231	3403.189073	0.01
0.00337732	3403.453283	0.1
0.00338846	3403.675025	Auto
0.00338022	3403.932177	0.01
0.00338111	3404.197097	0.1
0.00337708	3404.399557	Auto
0.00337324	3404.671903	0.01
0.0033684	3404.923369	0.1
0.00337623	3405.125064	Auto
0.0033974	3405.376383	0.01
0.00339621	3405.626401	0.1
0.00339425	3405.856863	Auto
0.00339612	3406.127307	0.01
0.00339465	3406.398438	0.1
0.00340112	3406.593295	Auto
0.00339238	3406.872919	0.01
0.00340033	3407.117751	0.1
0.00336575	3407.319346	Auto
0.00337526	3407.571693	0.01
0.00338038	3407.83615	0.1
0.0033828	3408.038818	Auto
0.00339269	3408.290961	0.01
0.00337111	3408.554385	0.1
0.00339637	3408.756016	Auto
0.00334699	3409.015624	0.01
0.0033937	3409.28691	0.1
0.00342541	3409.495096	Auto
0.00339831	3409.748541	0.01
0.00339777	3409.992262	0.1
0.00339614	3410.187228	Auto
0.00340078	3410.465592	0.01
0.00341137	3410.710128	0.1
0.00338421	3410.912837	Auto
0.00340858	3411.164308	0.01
0.00338523	3411.445546	0.1
0.00337772	3411.642676	Auto
0.00338497	3411.913112	0.01
0.00337693	3412.16869	0.1
0.00340196	3412.390195	Auto
0.00338791	3412.641405	0.01
0.00340003	3412.923635	0.1
0.00345688	3413.120603	Auto
0.00339637	3413.374388	0.01
0.00339151	3413.655713	0.1
0.00339276	3413.851247	Auto
0.00339608	3414.126109	0.01
0.00340889	3414.380584	0.1
0.00336841	3414.569365	Auto
0.00339659	3414.830377	0.01
0.00339237	3415.088272	0.1
0.00340103	3415.310895	Auto
0.00339346	3415.569057	0.01
0.00338653	3415.834774	0.1
0.00338865	3416.043126	Auto
0.00340452	3416.301141	0.01
0.00332233	3416.575707	0.1
0.00333154	3416.765736	Auto
0.00335938	3417.033984	0.01
0.00341227	3417.29494	0.1
0.00341361	3417.489262	Auto
0.0034144	3417.744687	0.01
0.00341228	3418.002446	0.1
0.00340817	3418.224857	Auto
0.0034001	3418.483992	0.01
0.00339868	3418.748589	0.1
0.00339894	3418.957945	Auto
0.00333931	3419.208366	0.01
0.00335232	3419.489549	0.1
0.00334214	3419.685169	Auto
0.00333625	3419.93926	0.01
0.00334236	3420.19724	0.1
0.00333649	3420.426677	Auto
0.00334339	3420.697014	0.01
0.00334508	3420.95504	0.1
0.00341143	3421.177859	Auto
0.00342199	3421.436267	0.01
0.00340863	3421.718818	0.1
0.00341883	3421.920966	Auto
0.0034086	3422.173438	0.01
0.00340253	3422.4321	0.1
0.00341192	3422.654759	Auto
0.00341053	3422.912157	0.01
0.00334549	3423.177095	0.1
0.00341049	3423.392143	Auto
0.00341265	3423.649232	0.01
0.00340374	3423.914058	0.1
0.00339961	3424.129202	Auto
0.00340286	3424.39419	0.01
0.0033898	3424.65431	0.1
0.00339802	3424.850746	Auto
0.00342158	3425.106622	0.01
0.00342961	3425.374296	0.1
0.00343279	3425.563037	Auto
0.00342593	3425.84096	0.01
0.00341927	3426.10254	0.1
0.00343022	3426.317444	Auto
0.00342399	3426.569787	0.01
0.00341768	3426.83434	0.1
0.00340408	3427.029279	Auto
0.00342565	3427.300565	0.01
0.00341802	3427.558237	0.1
0.00342014	3427.781038	Auto
0.00339669	3428.045166	0.01
0.0034042	3428.290581	0.1
0.00341288	3428.492144	Auto
0.00341675	3428.750432	0.01
0.00344674	3429.004116	0.1
0.00344908	3429.19382	Auto
0.003446	3429.462039	0.01
0.00343772	3429.712246	0.1
0.00343391	3429.935147	Auto
0.00343953	3430.212977	0.01
0.00343634	3430.463028	0.1
0.00344297	3430.658915	Auto
0.00340341	3430.931692	0.01
0.00337939	3431.200959	0.1
0.00338383	3431.38866	Auto
0.00336585	3431.650793	0.01
0.00338201	3431.902969	0.1
0.00337695	3432.104666	Auto
0.00336276	3432.356998	0.01
0.00335951	3432.620365	0.1
0.00337224	3432.822918	Auto
0.00344976	3433.081391	0.01
0.00344588	3433.342087	0.1
0.00345396	3433.524191	Auto
0.0034399	3433.784306	0.01
0.00344425	3434.036606	0.1
0.0034546	3434.231358	Auto
0.00345904	3434.503708	0.01
0.0034452	3434.755896	0.1
0.00339827	3434.951008	Auto
0.00338604	3435.222351	0.01
0.00338973	3435.473448	0.1
0.0033871	3435.668386	Auto
0.00337842	3435.94088	0.01
0.00337442	3436.1988	0.1
0.00336532	3436.421583	Auto
0.00331693	3436.680799	0.01
0.00344243	3436.939546	0.1
0.00345095	3437.161311	Auto
0.00345539	3437.419331	0.01
0.00348662	3437.701927	0.1
0.00346103	3437.896416	Auto
0.00366062	3438.158663	0.01
0.0034483	3438.410034	0.1
0.00347313	3438.612599	Auto
0.00346242	3438.864799	0.01
0.0034487	3439.135845	0.1
0.00345545	3439.359597	Auto
0.00344759	3439.624056	0.01
0.00346042	3439.874983	0.1
0.00346263	3440.103424	Auto
0.00347746	3440.374941	0.01
0.00346124	3440.6553	0.1
0.00345971	3440.858559	Auto
0.00347172	3441.112388	0.01
0.00345372	3441.364599	0.1
0.00346683	3441.560578	Auto
0.0034523	3441.839908	0.01
0.00346218	3442.090128	0.1
0.00347154	3442.312822	Auto
0.00345221	3442.571867	0.01
0.00345891	3442.837634	0.1
0.00346554	3443.05374	Auto
0.00345343	3443.311098	0.01
0.00345524	3443.576887	0.1
0.00345618	3443.785199	Auto
0.00347771	3444.03643	0.01
0.00345789	3444.300718	0.1
0.00345977	3444.50357	Auto
0.00346189	3444.756012	0.01
0.00349267	3445.017542	0.1
0.00347378	3445.212669	Auto
0.0034822	3445.484108	0.01
0.00347926	3445.739706	0.1
0.00347503	3445.955725	Auto
0.00348221	3446.226116	0.01
0.0034744	3446.47729	0.1
0.00346188	3446.672258	Auto
0.00346574	3446.944789	0.01
0.00346092	3447.21505	0.1
0.0034627	3447.410931	Auto
0.00345902	3447.699439	0.01
0.00348194	3447.973357	0.1
0.00347773	3448.168403	Auto
0.00345592	3448.440881	0.01
0.00348726	3448.711947	0.1
0.00349332	3448.913712	Auto
0.00350165	3449.166166	0.01
0.00350435	3449.426289	0.1
0.00349574	3449.615018	Auto
0.00348592	3449.876719	0.01
0.00349869	3450.128063	0.1
0.0034903	3450.323841	Auto
0.00348161	3450.611335	0.01
0.00358992	3450.866093	0.1
0.00350276	3451.088142	Auto
0.00346512	3451.344716	0.01
0.00346873	3451.60475	0.1
0.00350074	3451.80779	Auto
0.00347588	3452.059369	0.01
0.00349407	3452.329329	0.1
0.00348384	3452.551928	Auto
0.00350746	3452.816039	0.01
0.00348285	3453.061707	0.1
0.00349491	3453.257553	Auto
0.00350013	3453.529048	0.01
0.00350309	3453.786554	0.1
0.00348406	3454.009373	Auto
0.00349209	3454.286232	0.01
0.00349562	3454.544766	0.1
0.00348616	3454.766434	Auto
0.0034758	3455.025659	0.01
0.00348783	3455.29091	0.1
0.00347691	3455.492436	Auto
0.00347161	3455.763992	0.01
0.00348008	3456.028728	0.1
0.00351519	3456.230055	Auto
0.00348306	3456.502571	0.01
0.00349998	3456.773713	0.1
0.00349546	3456.975394	Auto
0.00349073	3457.227902	0.01
0.00350424	3457.471236	0.1
0.00350925	3457.706316	Auto
0.00350795	3457.97894	0.01
0.00349617	3458.235588	0.1
0.00350276	3458.444672	Auto
0.00349824	3458.7162	0.01
0.00349733	3458.968583	0.1
0.00348379	3459.169355	Auto
0.00347691	3459.427339	0.01
0.00348666	3459.671756	0.1
0.00348675	3459.902567	Auto
0.00349522	3460.173062	0.01
0.00347755	3460.44073	0.1
0.00350156	3460.630715	Auto
0.00349539	3460.89191	0.01
0.00350492	3461.150983	0.1
0.00349846	3461.371373	Auto
0.00350814	3461.628276	0.01
0.00349429	3461.896112	0.1
0.00349191	3462.085021	Auto
0.00349298	3462.345076	0.01
0.00341279	3462.610704	0.1
0.00344265	3462.812099	Auto
0.00342058	3463.083768	0.01
0.00344602	3463.341292	0.1
0.00343868	3463.563	Auto
0.00342551	3463.820795	0.01
0.00342432	3464.086626	0.1
0.00342394	3464.302716	Auto
0.00351599	3464.560849	0.01
0.00350628	3464.832308	0.1
0.00351485	3465.027275	Auto
0.00352204	3465.298724	0.01
0.00350886	3465.550916	0.1
0.00351082	3465.746806	Auto
0.00351905	3466.025738	0.01
0.00350239	3466.276792	0.1
0.00349151	3466.505211	Auto
0.00349872	3466.775448	0.01
0.00350077	3467.02777	0.1
0.00349606	3467.22921	Auto
0.00350031	3467.482561	0.01
0.00349425	3467.732071	0.1
0.00349632	3467.947944	Auto
0.0034879	3468.208898	0.01
0.0035321	3468.480237	0.1
0.00351776	3468.668028	Auto
0.00353385	3468.930617	0.01
0.00352829	3469.197413	0.1
0.00352081	3469.393072	Auto
0.00352334	3469.647563	0.01
0.00348962	3469.899751	0.1
0.00351639	3470.102755	Auto
0.00351392	3470.358389	0.01
0.00350126	3470.617364	0.1
0.00351376	3470.812177	Auto
0.00350083	3471.083665	0.01
0.00350341	3471.358289	0.1
0.00351139	3471.54835	Auto
0.00343991	3471.800772	0.01
0.00343528	3472.069696	0.1
0.00344174	3472.259552	Auto
0.00352431	3472.537564	0.01
0.00352484	3472.792397	0.1
0.00352535	3473.0131	Auto
0.00351934	3473.264126	0.01
0.00352124	3473.529584	0.1
0.00352819	3473.724445	Auto
0.00351271	3474.002157	0.01
0.00352298	3474.269974	0.1
0.00345685	3474.458033	Auto
0.00346477	3474.712184	0.01
0.00345291	3474.96238	0.1
0.00345014	3475.164119	Auto
0.00340154	3475.416736	0.01
0.00343688	3475.679166	0.1
0.00342805	3475.881939	Auto
0.00343724	3476.140295	0.01
0.00353897	3476.37714	0.1
0.0035234	3476.572915	Auto
0.00353362	3476.843372	0.01
0.0035344	3477.101156	0.1
0.00354523	3477.323779	Auto
0.0035308	3477.588176	0.01
0.00352381	3477.832806	0.1
0.00353005	3478.035819	Auto
0.00347895	3478.287778	0.01
0.00354087	3478.56889	0.1
0.00353801	3478.757756	Auto
0.00353001	3479.01806	0.01
0.00353356	3479.269173	0.1
0.00353328	3479.464042	Auto
0.00351084	3479.735571	0.01
0.00351942	3479.994747	0.1
0.00352436	3480.202947	Auto
0.00353415	3480.474732	0.01
0.003539	3480.738389	0.1
0.00351309	3480.954555	Auto
0.00354849	3481.232042	0.01
0.00353456	3481.502123	0.1
0.00353564	3481.697034	Auto
0.0035404	3481.968773	0.01
0.00359208	3482.220188	0.1
0.00353	3482.414923	Auto
0.00352789	3482.686428	0.01
0.00351513	3482.943035	0.1
0.00352641	3483.1728	Auto
0.00352523	3483.443174	0.01
0.00352633	3483.69429	0.1
0.00355367	3483.889229	Auto
0.00357888	3484.160649	0.01
0.00354755	3484.412826	0.1
0.00355515	3484.607682	Auto
0.00353873	3484.88939	0.01
0.00353318	3485.14615	0.1
0.00356365	3485.364117	Auto
0.00354239	3485.653676	0.01
0.00355627	3485.944073	0.1
0.00356136	3486.149116	Auto
0.00354954	3486.393948	0.01
0.00355312	3486.660759	0.1
0.00355473	3486.849761	Auto
0.00356916	3487.110128	0.01
0.00355333	3487.361225	0.1
0.00354569	3487.563861	Auto
0.00356567	3487.815162	0.01
0.0035614	3488.079755	0.1
0.00360114	3488.275635	Auto
0.00357799	3488.553987	0.01
0.00357581	3488.797531	0.1
0.00357117	3488.999155	Auto
0.00356774	3489.258663	0.01
0.00355972	3489.502381	0.1
0.00356301	3489.716187	Auto
0.00356474	3489.968561	0.01
0.0035546	3490.232125	0.1
0.00355129	3490.434689	Auto
0.00354858	3490.686199	0.01
0.00355852	3490.96759	0.1
0.00357044	3491.163576	Auto
0.00356045	3491.417121	0.01
0.00355551	3491.675928	0.1
0.00356074	3491.891827	Auto
0.00359109	3492.150214	0.01
0.00358944	3492.393971	0.1
0.0035772	3492.601071	Auto
0.00356222	3492.879714	0.01
0.00356601	3493.123339	0.1
0.00357094	3493.318273	Auto
0.0035731	3493.588452	0.01
0.00357007	3493.840635	0.1
0.00358336	3494.0367	Auto
0.00356642	3494.30799	0.01
0.00356228	3494.575785	0.1
0.00356258	3494.772597	Auto
0.00357077	3495.026194	0.01
0.00359167	3495.290671	0.1
0.00357774	3495.499977	Auto
0.00356099	3495.757915	0.01
0.0035716	3496.001445	0.1
0.00356963	3496.223756	Auto
0.00356955	3496.488054	0.01
0.00357153	3496.739602	0.1
0.00358178	3496.961335	Auto
0.00356895	3497.226865	0.01
0.00356902	3497.477948	0.1
0.00357532	3497.699698	Auto
0.00359868	3497.957239	0.01
0.0035828	3498.221146	0.1
0.00359209	3498.421439	Auto
0.00358531	3498.680294	0.01
0.00358191	3498.961544	0.1
0.00355976	3499.150649	Auto
0.00358679	3499.418799	0.01
0.00357867	3499.686638	0.1
0.00357545	3499.87782	Auto
0.0035984	3500.150389	0.01
0.00360855	3500.414007	0.1
0.00360727	3500.622108	Auto
0.00360383	3500.873277	0.01
0.00358396	3501.143213	0.1
0.00358909	3501.365927	Auto
0.00361308	3501.623098	0.01
0.00359649	3501.888797	0.1
0.00358351	3502.089242	Auto
0.0035748	3502.360409	0.01
0.00356712	3502.610443	0.1
0.00357884	3502.8053	Auto
0.00355776	3503.077838	0.01
0.00357741	3503.34126	0.1
0.00357169	3503.543768	Auto
0.00357785	3503.814356	0.01
0.00361344	3504.072121	0.1
0.00361215	3504.294642	Auto
0.00360466	3504.55985	0.01
0.00360707	3504.810909	0.1
0.00361481	3505.033674	Auto
0.00359428	3505.298797	0.01
0.00360995	3505.549956	0.1
0.00361735	3505.77723	Auto
0.00360573	3506.048127	0.01
0.00359485	3506.328177	0.1
0.0036067	3506.524585	Auto
0.00361118	3506.785551	0.01
0.00358035	3507.042257	0.1
0.00358758	3507.264719	Auto
0.00358028	3507.53007	0.01
0.00357763	3507.780933	0.1
0.00363107	3507.989216	Auto
0.00359309	3508.267737	0.01
0.00360784	3508.51183	0.1
0.00362307	3508.707882	Auto
0.00361311	3508.979667	0.01
0.00361423	3509.230936	0.1
0.003607	3509.426893	Auto
0.00361261	3509.697412	0.01
0.00358929	3509.965256	0.1
0.00358999	3510.160828	Auto
0.00360649	3510.414257	0.01
0.00358499	3510.672125	0.1
0.00358832	3510.894891	Auto
0.00358779	3511.172838	0.01
0.00358876	3511.429329	0.1
0.00358184	3511.651007	Auto
0.00360466	3511.908378	0.01
0.00362311	3512.190936	0.1
0.00363323	3512.385135	Auto
0.00361753	3512.65354	0.01
0.00362729	3512.904752	0.1
0.0036129	3513.127642	Auto
0.00360421	3513.405544	0.01
0.00361219	3513.656643	0.1
0.00356853	3513.852762	Auto
0.00351341	3514.141598	0.01
0.00352794	3514.422128	0.1
0.00353184	3514.644645	Auto
0.00352926	3514.90911	0.01
0.00353678	3515.153643	0.1
0.00354101	3515.354234	Auto
0.0035363	3515.606616	0.01
0.00363302	3515.867864	0.1
0.00362729	3516.057876	Auto
0.00362183	3516.318898	0.01
0.00363748	3516.569016	0.1
0.00362084	3516.764934	Auto
0.00361387	3517.043599	0.01
0.00362456	3517.304579	0.1
0.00360271	3517.500293	Auto
0.00359426	3517.771851	0.01
0.00354321	3518.05243	0.1
0.00354853	3518.274884	Auto
0.00353918	3518.539247	0.01
0.00358236	3518.796079	0.1
0.00354995	3518.998816	Auto
0.0035362	3519.286287	0.01
0.00353946	3519.566396	0.1
0.00375041	3519.788158	Auto
0.00364952	3520.06532	0.01
0.00364501	3520.332974	0.1
0.00364617	3520.528607	Auto
0.00365897	3520.782024	0.01
0.00363798	3521.03453	0.1
0.0036271	3521.229157	Auto
0.00364416	3521.50767	0.01
0.00362333	3521.758207	0.1
0.00361589	3521.980945	Auto
0.00359689	3522.238545	0.01
0.00362124	3522.505272	0.1
0.003622	3522.694078	Auto
0.00361454	3522.955538	0.01
0.00362538	3523.222351	0.1
0.00361327	3523.418064	Auto
0.00366724	3523.689648	0.01
0.00363329	3523.971553	0.1
0.00364456	3524.193338	Auto
0.00364004	3524.48728	0.01
0.00363781	3524.768753	0.1
0.00365123	3524.997211	Auto
0.00364487	3525.268971	0.01
0.00363953	3525.545958	0.1
0.00362676	3525.767637	Auto
0.00363291	3526.06264	0.01
0.0036355	3526.336181	0.1
0.00362204	3526.538943	Auto
0.00357852	3526.796399	0.01
0.00355721	3527.084586	0.1
0.00355467	3527.279171	Auto
0.0035559	3527.540646	0.01
0.00366171	3527.804311	0.1
0.0036562	3528.00625	Auto
0.0036387	3528.277655	0.01
0.00363274	3528.529809	0.1
0.0036257	3528.725685	Auto
0.00364983	3528.997689	0.01
0.00364134	3529.24803	0.1
0.0036344	3529.44392	Auto
0.00360747	3529.714311	0.01
0.00371977	3529.982225	0.1
0.00362679	3530.177051	Auto
0.00364406	3530.431648	0.01
0.00365315	3530.683805	0.1
0.00363974	3530.879857	Auto
0.00364245	3531.168566	0.01
0.0036607	3531.442311	0.1
0.0036845	3531.637338	Auto
0.00366279	3531.908127	0.01
0.00366656	3532.176688	0.1
0.00366314	3532.366803	Auto
0.00366004	3532.626133	0.01
0.00368179	3532.877537	0.1
0.00367058	3533.073867	Auto
0.00365843	3533.345589	0.01
0.00364868	3533.602386	0.1
0.00364678	3533.824085	Auto
0.00366084	3534.088337	0.01
0.00364838	3534.355322	0.1
0.00366283	3534.543129	Auto
0.00366794	3534.798111	0.01
0.00364103	3535.062119	0.1
0.00365237	3535.28464	Auto
0.00369048	3535.562988	0.01
0.00366401	3535.806839	0.1
0.0036456	3536.009777	Auto
0.00365676	3536.268782	0.01
0.00365879	3536.526852	0.1
0.00364531	3536.728615	Auto
0.0036609	3536.980098	0.01
0.00367075	3537.244945	0.1
0.00366051	3537.445688	Auto
0.00365465	3537.697407	0.01
0.00366673	3537.941261	0.1
0.00366443	3538.136596	Auto
0.0036398	3538.40722	0.01
0.00365542	3538.658279	0.1
0.00364912	3538.852385	Auto
0.00363739	3539.12405	0.01
0.00365487	3539.404246	0.1
0.00365564	3539.606265	Auto
0.00365714	3539.860042	0.01
0.0036646	3540.110421	0.1
0.00366905	3540.312191	Auto
0.0036749	3540.564894	0.01
0.0036702	3540.834246	0.1
0.00366438	3541.05623	Auto
0.00367351	3541.314617	0.01
0.00365474	3541.572016	0.1
0.00365836	3541.780001	Auto
0.00366214	3542.051801	0.01
0.00366328	3542.309679	0.1
0.00364975	3542.532728	Auto
0.00365071	3542.817759	0.01
0.00366131	3543.062793	0.1
0.00364085	3543.26334	Auto
0.00366824	3543.523887	0.01
0.00370151	3543.78776	0.1
0.00369419	3544.002882	Auto
0.00367856	3544.261015	0.01
0.00368343	3544.505628	0.1
0.00367494	3544.727443	Auto
0.00367821	3544.992705	0.01
0.00365633	3545.250275	0.1
0.00365885	3545.451817	Auto
0.00367242	3545.730556	0.01
0.00365922	3545.975579	0.1
0.00367324	3546.176401	Auto
0.0036524	3546.435995	0.01
0.00365886	3546.67299	0.1
0.00366291	3546.866166	Auto
0.00367327	3547.137386	0.01
0.00369076	3547.408999	0.1
0.00369109	3547.610879	Auto
0.00369564	3547.861108	0.01
0.00370798	3548.12591	0.1
0.00369496	3548.321988	Auto
0.00368263	3548.592644	0.01
0.00367844	3548.86301	0.1
0.00368512	3549.058295	Auto
0.00370075	3549.329876	0.01
0.00366271	3549.601696	0.1
0.00366138	3549.797896	Auto
0.0036731	3550.076052	0.01
0.00366523	3550.325004	0.1
0.00365161	3550.547021	Auto
0.00363547	3550.804912	0.01
0.00364223	3551.087759	0.1
0.00364008	3551.28219	Auto
0.0036468	3551.543617	0.01
0.00364205	3551.810312	0.1
0.0036472	3551.999213	Auto
0.00364519	3552.259363	0.01
0.00363992	3552.511548	0.1
0.00365508	3552.713177	Auto
0.00367518	3552.965608	0.01
0.00367177	3553.216081	0.1
0.00365609	3553.438886	Auto
0.00366049	3553.696228	0.01
0.00365441	3553.970371	0.1
0.00363105	3554.158236	Auto
0.00360968	3554.412065	0.01
0.00359571	3554.67054	0.1
0.00359738	3554.892369	Auto
0.00359956	3555.15701	0.01
0.00368335	3555.400386	0.1
0.0036856	3555.595433	Auto
0.0036726	3555.86615	0.01
0.00367306	3556.130142	0.1
0.00367253	3556.332851	Auto
0.00367586	3556.628619	0.01
0.00366444	3556.889695	0.1
0.00367072	3557.110409	Auto
0.00361312	3557.382391	0.01
0.00360899	3557.632407	0.1
0.00362415	3557.827216	Auto
0.00361591	3558.098709	0.01
0.00361222	3558.356419	0.1
0.00362867	3558.578974	Auto
0.00363207	3558.835253	0.01
0.00361573	3559.106034	0.1
0.00369065	3559.314364	Auto
0.00367721	3559.609536	0.01
0.00367758	3559.901664	0.1
0.00368495	3560.093312	Auto
0.00368844	3560.350623	0.01
0.00367378	3560.602044	0.1
0.00368163	3560.796058	Auto
0.00369513	3561.074218	0.01
0.00367982	3561.325552	0.1
0.0036739	3561.554122	Auto
0.00367837	3561.825657	0.01
0.00367131	3562.113059	0.1
0.00367894	3562.305635	Auto
0.00367083	3562.563724	0.01
0.00368434	3562.828619	0.1
0.00367581	3563.030431	Auto
0.0036802	3563.301293	0.01
0.00368219	3563.565227	0.1
0.00368608	3563.766879	Auto
0.00370943	3564.046879	0.01
0.00367708	3564.289386	0.1
0.00369667	3564.491196	Auto
0.00369387	3564.750729	0.01
0.00368116	3565.004698	0.1
0.0036944	3565.199028	Auto
0.00368983	3565.478809	0.01
0.00367114	3565.739067	0.1
0.00367848	3565.980926	Auto
0.00368158	3566.252586	0.01
0.0036756	3566.510735	0.1
0.00366495	3566.73364	Auto
0.00367832	3567.005025	0.01
0.00368552	3567.24294	0.1
0.00369868	3567.436966	Auto
0.00368461	3567.708725	0.01
0.00368356	3567.96604	0.1
0.00369643	3568.17337	Auto
0.00371527	3568.444423	0.01
0.00369994	3568.715893	0.1
0.00369762	3568.911262	Auto
0.00364187	3569.182221	0.01
0.00362779	3569.463695	0.1
0.00364614	3569.658975	Auto
0.00364085	3569.920582	0.01
0.00364263	3570.188544	0.1
0.00363331	3570.376246	Auto
0.00364864	3570.637176	0.01
0.00363317	3570.905051	0.1
0.00373858	3571.100596	Auto
0.00370284	3571.355773	0.01
0.00370489	3571.620728	0.1
0.00371201	3571.822449	Auto
0.00370508	3572.094722	0.01
0.00370639	3572.359564	0.1
0.00370373	3572.560217	Auto
0.0037081	3572.831194	0.01
0.00368172	3573.0827	0.1
0.00365303	3573.278942	Auto
0.0036542	3573.548047	0.01
0.00364332	3573.806655	0.1
0.00363226	3574.029591	Auto
0.00364183	3574.306126	0.01
0.00363594	3574.577236	0.1
0.00362973	3574.772175	Auto
0.0037217	3575.050705	0.01
0.00370853	3575.31196	0.1
0.00369962	3575.50097	Auto
0.00372742	3575.761692	0.01
0.0037079	3576.042404	0.1
0.00371912	3576.244599	Auto
0.00371149	3576.505406	0.01
0.00371414	3576.76696	0.1
0.00371385	3576.955151	Auto
0.00369739	3577.215336	0.01
0.00369678	3577.466766	0.1
0.00369947	3577.669614	Auto
0.00370971	3577.921174	0.01
0.00371219	3578.191704	0.1
0.00370527	3578.414638	Auto
0.003717	3578.6922	0.01
0.00383684	3578.956199	0.1
0.00370911	3579.164703	Auto
0.00372173	3579.417653	0.01
0.00371111	3579.667158	0.1
0.00370954	3579.889246	Auto
0.00371349	3580.167653	0.01
0.00371964	3580.439622	0.1
0.00373347	3580.640408	Auto
0.00372744	3580.89297	0.01
0.00372371	3581.156776	0.1
0.00370436	3581.351894	Auto
0.00371274	3581.624793	0.01
0.00371985	3581.896617	0.1
0.00370772	3582.09182	Auto
0.00370897	3582.363559	0.01
0.00370965	3582.614991	0.1
0.0037171	3582.809141	Auto
0.00372782	3583.080944	0.01
0.00373374	3583.344879	0.1
0.00373217	3583.560126	Auto
0.00373113	3583.817291	0.01
0.00372658	3584.074275	0.1
0.00373045	3584.296252	Auto
0.00373192	3584.574834	0.01
0.00373258	3584.832853	0.1
0.00372131	3585.055989	Auto
0.00372581	3585.312095	0.01
0.00372276	3585.583547	0.1
0.00373449	3585.779673	Auto
0.00373279	3586.050352	0.01
0.00371901	3586.331829	0.1
0.00372686	3586.534989	Auto
0.00370104	3586.811275	0.01
0.00372908	3587.073937	0.1
0.00375571	3587.301175	Auto
0.0037489	3587.559405	0.01
0.00374019	3587.803097	0.1
0.00375264	3588.010381	Auto
0.00375768	3588.28995	0.01
0.00373705	3588.540637	0.1
0.00375772	3588.748939	Auto
0.00372419	3589.020926	0.01
0.00373828	3589.279665	0.1
0.00373252	3589.502604	Auto
0.00372781	3589.760921	0.01
0.00372877	3590.025069	0.1
0.00373493	3590.22543	Auto
0.00372709	3590.49798	0.01
0.00372152	3590.755814	0.1
0.00373385	3590.970924	Auto
0.00374087	3591.223881	0.01
0.00373579	3591.468713	0.1
0.00373345	3591.663833	Auto
0.00373788	3591.935966	0.01
0.00373033	3592.199946	0.1
0.00373657	3592.421837	Auto
0.00374917	3592.693615	0.01
0.00374319	3592.961789	0.1
0.00375486	3593.150971	Auto
0.00373262	3593.417262	0.01
0.00374181	3593.668099	0.1
0.0037355	3593.890159	Auto
0.00373987	3594.168649	0.01
0.00375435	3594.443719	0.1
0.00374628	3594.632983	Auto
0.0037511	3594.886925	0.01
0.00374793	3595.154261	0.1
0.00374264	3595.349009	Auto
0.00374866	3595.603883	0.01
0.00375695	3595.868875	0.1
0.00375254	3596.071769	Auto
0.00375966	3596.34231	0.01
0.00374869	3596.59939	0.1
0.00375213	3596.821307	Auto
0.00375914	3597.079993	0.01
0.00374551	3597.343914	0.1
0.00375496	3597.545609	Auto
0.00374386	3597.817864	0.01
0.0037477	3598.085028	0.1
0.0037518	3598.280865	Auto
0.0037341	3598.535697	0.01
0.00375609	3598.804762	0.1
0.00376366	3599.000912	Auto
0.00375939	3599.253325	0.01
0.00376527	3599.522535	0.1
0.00375531	3599.717359	Auto
0.0037706	3599.971293	0.01
0.0037609	3600.23534	0.1
0.00376135	3600.437953	Auto
0.00372657	3600.725559	0.01
0.00369715	3601.016228	0.1
0.00370824	3601.21323	Auto
0.00369232	3601.465998	0.01
0.00369216	3601.722669	0.1
0.00370999	3601.952665	Auto
0.00369819	3602.240278	0.01
0.00376849	3602.521753	0.1
0.00378687	3602.72999	Auto
0.00379002	3603.001781	0.01
0.00377519	3603.265267	0.1
0.00378834	3603.494173	Auto
0.00376479	3603.751427	0.01
0.00377602	3604.015059	0.1
0.00375822	3604.222108	Auto
0.00376057	3604.501747	0.01
0.00375318	3604.746541	0.1
0.00375736	3604.948726	Auto
0.0037726	3605.201536	0.01
0.00376329	3605.46419	0.1
0.00375361	3605.666969	Auto
0.00375058	3605.918551	0.01
0.0037452	3606.19934	0.1
0.00375083	3606.387351	Auto
0.0038388	3606.647062	0.01
0.00376214	3606.905783	0.1
0.00376425	3607.114247	Auto
0.00377184	3607.38505	0.01
0.00377388	3607.649082	0.1
0.00376779	3607.850826	Auto
0.00375839	3608.123664	0.01
0.00377313	3608.38864	0.1
0.00379654	3608.596995	Auto
0.00376954	3608.857995	0.01
0.00375901	3609.12738	0.1
0.0037423	3609.323313	Auto
0.00370694	3609.594281	0.01
0.00371503	3609.875641	0.1
0.00370313	3610.083924	Auto
0.00371084	3610.355952	0.01
0.00381833	3610.613715	0.1
0.00380004	3610.842294	Auto
0.00378103	3611.113351	0.01
0.0037837	3611.364657	0.1
0.00377775	3611.559822	Auto
0.00378323	3611.831645	0.01
0.00377869	3612.083141	0.1
0.0037744	3612.277092	Auto
0.00377395	3612.549842	0.01
0.00371303	3612.814807	0.1
0.00372898	3613.016608	Auto
0.00372783	3613.28806	0.01
0.00373246	3613.569638	0.1
0.0037233	3613.771824	Auto
0.00371278	3614.03356	0.01
0.00371531	3614.27823	0.1
0.00376921	3614.472229	Auto
0.00380599	3614.744021	0.01
0.00378827	3615.001924	0.1
0.00379391	3615.224595	Auto
0.00380694	3615.482404	0.01
0.00379994	3615.750565	0.1
0.00380182	3615.939697	Auto
0.00386275	3616.200313	0.01
0.00383004	3616.469557	0.1
0.00379735	3616.664233	Auto
0.00378182	3616.91962	0.01
0.00378584	3617.170296	0.1
0.00379974	3617.37211	Auto
0.00377496	3617.624554	0.01
0.00379502	3617.895671	0.1
0.00379411	3618.103095	Auto
0.0037766	3618.392015	0.01
0.00380693	3618.673654	0.1
0.00380656	3618.881069	Auto
0.00380656	3619.169093	0.01
0.00381256	3619.450792	0.1
0.00381427	3619.672746	Auto
0.00381217	3619.930225	0.01
0.00380457	3620.202061	0.1
0.00380406	3620.396094	Auto
0.00381356	3620.667656	0.01
0.00379238	3620.936971	0.1
0.00380483	3621.124977	Auto
0.00378436	3621.384262	0.01
0.00378858	3621.652298	0.1
0.00383701	3621.840296	Auto
0.00381593	3622.101943	0.01
0.00380824	3622.358919	0.1
0.00381235	3622.581831	Auto
0.00382073	3622.839249	0.01
0.00380306	3623.096166	0.1
0.00382507	3623.318087	Auto
0.00381279	3623.575131	0.01
0.00381585	3623.843261	0.1
0.00381563	3624.038152	Auto
0.00382233	3624.292681	0.01
0.00379952	3624.568551	0.1
0.00381316	3624.76467	Auto
0.00381907	3625.039901	0.01
0.00381209	3625.300088	0.1
0.00382058	3625.496039	Auto
0.00380551	3625.767955	0.01
0.00381196	3626.047295	0.1
0.00380894	3626.276705	Auto
0.00384181	3626.571085	0.01
0.00383216	3626.833559	0.1
0.00382803	3627.060938	Auto
0.00382208	3627.312172	0.01
0.00383059	3627.582263	0.1
0.00383423	3627.804239	Auto
0.00383412	3628.063581	0.01
0.00385408	3628.331577	0.1
0.00381965	3628.51937	Auto
0.00381466	3628.781804	0.01
0.00383362	3629.032444	0.1
0.00382876	3629.22733	Auto
0.00382933	3629.498109	0.01
0.00382503	3629.75604	0.1
0.00381337	3629.970073	Auto
0.00382698	3630.222949	0.01
0.00383138	3630.492306	0.1
0.00384428	3630.714127	Auto
0.00383406	3630.972719	0.01
0.00383626	3631.244679	0.1
0.00384078	3631.439743	Auto
0.00383231	3631.728582	0.01
0.00382755	3632.003868	0.1
0.00383778	3632.204312	Auto
0.00381627	3632.463905	0.01
0.00383233	3632.701186	0.1
0.00381981	3632.895267	Auto
0.00383212	3633.166992	0.01
0.00381909	3633.434985	0.1
0.00383172	3633.622997	Auto
0.00382507	3633.882144	0.01
0.00383863	3634.134671	0.1
0.00383077	3634.329765	Auto
0.00383252	3634.601358	0.01
0.00382309	3634.852752	0.1
0.0038267	3635.048034	Auto
0.00382232	3635.319611	0.01
0.00383073	3635.587662	0.1
0.00382469	3635.784982	Auto
0.0038318	3636.037948	0.01
0.00384511	3636.288278	0.1
0.00383355	3636.489241	Auto
0.00383076	3636.741801	0.01
0.00383872	3637.00938	0.1
0.00383668	3637.204972	Auto
0.00384496	3637.451994	0.01
0.00383899	3637.703602	0.1
0.00383614	3637.898848	Auto
0.00390594	3638.177895	0.01
0.00385585	3638.422615	0.1
0.00386363	3638.623337	Auto
0.00386558	3638.877261	0.01
0.00384525	3639.139891	0.1
0.00383268	3639.334968	Auto
0.00383891	3639.606644	0.01
0.00385109	3639.87465	0.1
0.00385869	3640.071858	Auto
0.00383689	3640.342698	0.01
0.00384027	3640.617782	0.1
0.00384542	3640.812917	Auto
0.00383574	3641.08511	0.01
0.00384145	3641.349892	0.1
0.00383327	3641.551566	Auto
0.0038376	3641.82934	0.01
0.00383309	3642.08021	0.1
0.00385608	3642.295194	Auto
0.00385724	3642.547778	0.01
0.0038726	3642.79734	0.1
0.00386429	3643.019334	Auto
0.00384825	3643.283407	0.01
0.00384695	3643.544795	0.1
0.00388565	3643.733879	Auto
0.00384313	3643.995555	0.01
0.00384309	3644.254897	0.1
0.00384763	3644.462127	Auto
0.00384397	3644.733758	0.01
0.00385022	3644.999969	0.1
0.00385032	3645.200759	Auto
0.0038431	3645.472618	0.01
0.00384018	3645.737625	0.1
0.00383729	3645.946249	Auto
0.00386023	3646.198937	0.01
0.0038561	3646.442773	0.1
0.00385771	3646.643422	Auto
0.00386954	3646.903075	0.01
0.00386142	3647.139378	0.1
0.00385332	3647.333376	Auto
0.00385792	3647.605113	0.01
0.00386254	3647.869312	0.1
0.00388049	3648.077775	Auto
0.0038599	3648.336196	0.01
0.00385713	3648.587867	0.1
0.00386009	3648.789615	Auto
0.0038661	3649.077218	0.01
0.00385601	3649.368796	0.1
0.00385511	3649.567177	Auto
0.00386024	3649.818864	0.01
0.00390371	3650.086102	0.1
0.00387057	3650.275084	Auto
0.00386734	3650.553602	0.01
0.00388247	3650.827437	0.1
0.00386939	3651.02831	Auto
0.00386787	3651.280832	0.01
0.0038666	3651.5519	0.1
0.00387104	3651.774902	Auto
0.00384677	3652.033616	0.01
0.0038155	3652.297362	0.1
0.00379762	3652.520656	Auto
0.00379422	3652.790261	0.01
0.00380353	3653.048337	0.1
0.00380092	3653.255379	Auto
0.00379175	3653.527079	0.01
0.00380808	3653.798846	0.1
0.00389387	3654.000808	Auto
0.00389003	3654.25298	0.01
0.00388348	3654.529018	0.1
0.00388502	3654.744374	Auto
0.00386741	3655.009947	0.01
0.00387424	3655.259083	0.1
0.00388767	3655.48106	Auto
0.00387951	3655.766638	0.01
0.0038345	3656.027068	0.1
0.00381745	3656.215238	Auto
0.00381698	3656.476629	0.01
0.00380976	3656.747105	0.1
0.00381176	3656.949158	Auto
0.00382442	3657.201032	0.01
0.00378196	3657.44477	0.1
0.00386788	3657.64091	Auto
0.00387511	3657.91207	0.01
0.00389423	3658.176165	0.1
0.00389242	3658.383409	Auto
0.00388828	3658.635881	0.01
0.0038766	3658.906005	0.1
0.00390052	3659.128057	Auto
0.00388574	3659.386541	0.01
0.00389102	3659.674911	0.1
0.0038861	3659.870864	Auto
0.00387481	3660.125816	0.01
0.00386418	3660.37716	0.1
0.00387922	3660.571106	Auto
0.00387234	3660.867719	0.01
0.00388101	3661.128865	0.1
0.00391922	3661.356337	Auto
0.00387189	3661.608791	0.01
0.00392569	3661.870567	0.1
0.00388354	3662.065396	Auto
0.00390482	3662.31989	0.01
0.0039056	3662.571342	0.1
0.00389976	3662.765349	Auto
0.00389354	3663.037175	0.01
0.00388599	3663.301882	0.1
0.00390133	3663.524979	Auto
0.00389011	3663.795596	0.01
0.00388499	3664.063894	0.1
0.00388444	3664.258375	Auto
0.00383061	3664.512022	0.01
0.00382212	3664.770962	0.1
0.00383724	3664.99204	Auto
0.00382517	3665.270703	0.01
0.0038169	3665.528652	0.1
0.00381469	3665.737012	Auto
0.00390929	3666.008828	0.01
0.00390727	3666.279057	0.1
0.00391455	3666.474191	Auto
0.00389779	3666.745783	0.01
0.00389455	3667.004347	0.1
0.00388375	3667.218098	Auto
0.0039221	3667.4707	0.01
0.00393159	3667.715738	0.1
0.00390059	3667.910996	Auto
0.00391559	3668.181159	0.01
0.0038985	3668.445027	0.1
0.00390961	3668.660324	Auto
0.00390618	3668.938916	0.01
0.0039062	3669.206087	0.1
0.00389508	3669.394121	Auto
0.00389443	3669.654423	0.01
0.00393567	3669.906893	0.1
0.00392619	3670.108903	Auto
0.00392217	3670.367403	0.01
0.00392402	3670.605646	0.1
0.00391531	3670.800727	Auto
0.00392694	3671.073673	0.01
0.00395103	3671.331718	0.1
0.00393208	3671.546775	Auto
0.00392429	3671.799619	0.01
0.0039201	3672.080227	0.1
0.00391213	3672.275896	Auto
0.00391632	3672.530692	0.01
0.00391269	3672.789553	0.1
0.0039142	3673.01144	Auto
0.00391004	3673.269569	0.01
0.00390377	3673.5346	0.1
0.00395425	3673.736355	Auto
0.00391767	3674.007386	0.01
0.00389447	3674.271067	0.1
0.00389129	3674.493905	Auto
0.00391487	3674.764292	0.01
0.00392721	3675.029449	0.1
0.00392357	3675.23767	Auto
0.00393999	3675.496316	0.01
0.00390957	3675.749243	0.1
0.00391623	3675.937389	Auto
0.00391436	3676.198995	0.01
0.00392359	3676.463775	0.1
0.00392026	3676.664391	Auto
0.00392136	3676.936431	0.01
0.00391837	3677.193315	0.1
0.00391299	3677.41524	Auto
0.00395685	3677.69236	0.01
0.0039295	3677.949281	0.1
0.00394914	3678.171399	Auto
0.00393788	3678.436862	0.01
0.00393716	3678.697436	0.1
0.00393583	3678.886725	Auto
0.00393763	3679.154207	0.01
0.0039498	3679.422669	0.1
0.00395695	3679.604046	Auto
0.003937	3679.864349	0.01
0.00393032	3680.133682	0.1
0.00393364	3680.329538	Auto
0.00393656	3680.590117	0.01
0.00391994	3680.85858	0.1
0.0039211	3681.046682	Auto
0.00393506	3681.326551	0.01
0.003997	3681.594886	0.1
0.00394627	3681.796599	Auto
0.00394787	3682.055399	0.01
0.00395999	3682.298901	0.1
0.00395123	3682.521938	Auto
0.00395645	3682.806233	0.01
0.00396182	3683.064769	0.1
0.00395778	3683.265301	Auto
0.00394218	3683.537077	0.01
0.00393818	3683.818695	0.1
0.0039454	3684.013294	Auto
0.00395731	3684.280405	0.01
0.00395203	3684.54288	0.1
0.00394233	3684.738802	Auto
0.00393002	3684.993706	0.01
0.0039186	3685.275756	0.1
0.00395392	3685.477907	Auto
0.0039298	3685.739658	0.01
0.00394959	3685.990068	0.1
0.00393871	3686.212177	Auto
0.00395858	3686.489088	0.01
0.00393614	3686.741593	0.1
0.00395467	3686.936815	Auto
0.00395019	3687.208673	0.01
0.00395787	3687.459121	0.1
0.00393578	3687.66101	Auto
0.00394493	3687.920779	0.01
0.00393701	3688.174708	0.1
0.00395097	3688.363801	Auto
0.00393651	3688.624192	0.01
0.00394347	3688.882378	0.1
0.00393376	3689.097568	Auto
0.00393449	3689.3491	0.01
0.00397531	3689.593902	0.1
0.00396461	3689.789057	Auto
0.00395641	3690.067894	0.01
0.00396497	3690.312707	0.1
0.00395237	3690.513451	Auto
0.00395496	3690.765026	0.01
0.00396335	3691.05357	0.1
0.00396287	3691.235754	Auto
0.00400289	3691.497585	0.01
0.00395498	3691.764835	0.1
0.00393489	3691.954066	Auto
0.00389961	3692.221371	0.01
0.00388407	3692.473847	0.1
0.0038948	3692.688894	Auto
0.00389333	3692.948538	0.01
0.00388819	3693.186862	0.1
0.00388819	3693.381974	Auto
0.00398121	3693.669701	0.01
0.00399398	3693.944001	0.1
0.00399749	3694.138348	Auto
0.00398285	3694.409194	0.01
0.0039711	3694.66164	0.1
0.0039672	3694.863635	Auto
0.00397057	3695.115315	0.01
0.00396303	3695.39241	0.1
0.00391758	3695.600736	Auto
0.00391112	3695.859263	0.01
0.00389215	3696.097734	0.1
0.00390086	3696.292796	Auto
0.00390115	3696.571274	0.01
0.00389039	3696.815019	0.1
0.00391134	3697.010227	Auto
0.00390027	3697.287405	0.01
0.00397394	3697.53808	0.1
0.00398666	3697.760066	Auto
0.00401534	3698.03719	0.01
0.00398854	3698.294249	0.1
0.00399652	3698.523841	Auto
0.00399365	3698.812699	0.01
0.00397718	3699.110366	0.1
0.00398071	3699.301713	Auto
0.00397474	3699.55342	0.01
0.00398242	3699.8116	0.1
0.00397754	3700.034801	Auto
0.00396048	3700.299368	0.01
0.00395843	3700.557846	0.1
0.00396868	3700.76515	Auto
0.00397033	3701.017742	0.01
0.00397456	3701.281403	0.1
0.00399791	3701.490204	Auto
0.0040001	3701.75591	0.01
0.00399492	3702.015396	0.1
0.00399689	3702.204333	Auto
0.00399449	3702.48142	0.01
0.00400444	3702.736216	0.1
0.00400388	3702.95624	Auto
0.00399767	3703.212675	0.01
0.00398698	3703.497775	0.1
0.00398148	3703.693882	Auto
0.00398208	3703.962841	0.01
0.00399328	3704.213424	0.1
0.00398169	3704.407383	Auto
0.00398942	3704.679915	0.01
0.00397461	3704.932548	0.1
0.00398165	3705.127785	Auto
0.00401037	3705.39957	0.01
0.0039994	3705.650372	0.1
0.00401959	3705.859205	Auto
0.00400466	3706.153737	0.01
0.00399943	3706.408929	0.1
0.00399121	3706.624231	Auto
0.00398269	3706.912923	0.01
0.00400243	3707.187174	0.1
0.00393728	3707.380377	Auto
0.00392703	3707.653935	0.01
0.00393504	3707.928716	0.1
0.00392265	3708.126856	Auto
0.00393183	3708.372816	0.01
0.00392941	3708.641914	0.1
0.00391595	3708.830983	Auto
0.00391384	3709.108606	0.01
0.00400641	3709.389179	0.1
0.00400108	3709.610244	Auto
0.00401885	3709.87525	0.01
0.00401236	3710.119679	0.1
0.00400602	3710.321965	Auto
0.00401667	3710.573725	0.01
0.00400026	3710.844606	0.1
0.00401283	3711.067639	Auto
0.00394049	3711.325655	0.01
0.00394223	3711.607407	0.1
0.00394034	3711.802995	Auto
0.00393181	3712.087387	0.01
0.00393543	3712.348656	0.1
0.00393349	3712.54939	Auto
0.00398632	3712.821074	0.01
0.00400532	3713.088175	0.1
0.00404287	3713.282308	Auto
0.00406488	3713.537185	0.01
0.00405361	3713.794448	0.1
0.00402199	3714.016007	Auto
0.00401142	3714.273529	0.01
0.0040057	3714.525607	0.1
0.00401361	3714.720969	Auto
0.00400314	3714.992177	0.01
0.00400051	3715.249796	0.1
0.0040077	3715.472696	Auto
0.00400058	3715.731603	0.01
0.00401317	3716.004401	0.1
0.00401547	3716.192602	Auto
0.00400638	3716.448203	0.01
0.00400225	3716.705136	0.1
0.00400916	3716.927445	Auto
0.00403388	3717.185226	0.01
0.00400853	3717.436111	0.1
0.0040102	3717.631677	Auto
0.00401336	3717.903061	0.01
0.00401811	3718.167596	0.1
0.00400169	3718.375432	Auto
0.00400848	3718.627096	0.01
0.00402066	3718.890228	0.1
0.0040058	3719.085992	Auto
0.00401382	3719.363566	0.01
0.00402459	3719.614344	0.1
0.00402319	3719.842355	Auto
0.00401132	3720.114016	0.01
0.00402114	3720.365034	0.1
0.00401914	3720.560544	Auto
0.00400518	3720.831732	0.01
0.00408154	3721.082449	0.1
0.00403249	3721.277291	Auto
0.00403252	3721.54826	0.01
0.00406231	3721.813751	0.1
0.00403495	3722.022791	Auto
0.00402804	3722.274621	0.01
0.00403957	3722.555395	0.1
0.00403944	3722.7516	Auto
0.00405353	3723.00578	0.01
0.00403498	3723.256367	0.1
0.00402347	3723.452043	Auto
0.00401509	3723.722112	0.01
0.00404119	3723.973065	0.1
0.00401716	3724.175692	Auto
0.00402174	3724.42743	0.01
0.0040164	3724.678605	0.1
0.00401267	3724.907847	Auto
0.00402844	3725.178242	0.01
0.00404798	3725.429028	0.1
0.00404681	3725.624643	Auto
0.00404429	3725.896113	0.01
0.00405982	3726.147016	0.1
0.00405161	3726.348208	Auto
0.00402085	3726.599088	0.01
0.00404742	3726.870866	0.1
0.00402843	3727.099078	Auto
0.00402291	3727.371593	0.01
0.00403622	3727.635001	0.1
0.00402826	3727.843236	Auto
0.00402595	3728.09562	0.01
0.00402826	3728.353687	0.1
0.00402917	3728.56841	Auto
0.00401866	3728.82515	0.01
0.00404526	3729.083778	0.1
0.00404254	3729.306253	Auto
0.00402829	3729.583699	0.01
0.00402954	3729.848205	0.1
0.00404335	3730.063106	Auto
0.00403429	3730.321856	0.01
0.004031	3730.579104	0.1
0.004053	3730.794586	Auto
0.0040356	3731.055303	0.01
0.00405688	3731.296245	0.1
0.00404616	3731.519594	Auto
0.00403702	3731.777975	0.01
0.00402615	3732.045708	0.1
0.00403223	3732.233068	Auto
0.00401425	3732.494322	0.01
0.004028	3732.762858	0.1
0.00404231	3732.952604	Auto
0.00404884	3733.212375	0.01
0.00405927	3733.470659	0.1
0.00405994	3733.69326	Auto
0.00405527	3733.964365	0.01
0.00404559	3734.225852	0.1
0.00405084	3734.414409	Auto
0.0040491	3734.668578	0.01
0.00406381	3734.927621	0.1
0.00404606	3735.149083	Auto
0.00404211	3735.414079	0.01
0.0040484	3735.674841	0.1
0.00403721	3735.870193	Auto
0.00403467	3736.124369	0.01
0.00399587	3736.375244	0.1
0.00400158	3736.570346	Auto
0.00398189	3736.840372	0.01
0.00406354	3737.098315	0.1
0.00406317	3737.320753	Auto
0.00405325	3737.623642	0.01
0.00405481	3737.885658	0.1
0.00404911	3738.093912	Auto
0.00407603	3738.345105	0.01
0.00405877	3738.610714	0.1
0.00405877	3738.812945	Auto
0.00397324	3739.063202	0.01
0.00399058	3739.340293	0.1
0.00399224	3739.556661	Auto
0.00398237	3739.814248	0.01
0.00394554	3740.071275	0.1
0.00404119	3740.293191	Auto
0.00404684	3740.557125	0.01
0.00408375	3740.825183	0.1
0.0040699	3741.006239	Auto
0.00407217	3741.267917	0.01
0.00406028	3741.526716	0.1
0.00408449	3741.755881	Auto
0.00406643	3742.026212	0.01
0.00406305	3742.277169	0.1
0.00406907	3742.472792	Auto
0.00405685	3742.761212	0.01
0.00405531	3743.042556	0.1
0.00405904	3743.264757	Auto
0.00405655	3743.523903	0.01
0.00405258	3743.792585	0.1
0.00404371	3743.994848	Auto
0.00405631	3744.24144	0.01
0.0040677	3744.514569	0.1
0.00405932	3744.716039	Auto
0.0040947	3744.974263	0.01
0.00408322	3745.245882	0.1
0.00408736	3745.446299	Auto
0.00410004	3745.725754	0.01
0.0040693	3745.969371	0.1
0.00407643	3746.164364	Auto
0.00407625	3746.435028	0.01
0.00407219	3746.693748	0.1
0.00407931	3746.902998	Auto
0.00402241	3747.172368	0.01
0.00400982	3747.430643	0.1
0.00401566	3747.65977	Auto
0.00400835	3747.948974	0.01
0.00399588	3748.213733	0.1
0.00398959	3748.425704	Auto
0.00396655	3748.684346	0.01
0.00409752	3748.938639	0.1
0.00407164	3749.133178	Auto
0.00408157	3749.387879	0.01
0.00409098	3749.663668	0.1
0.0040816	3749.85041	Auto
0.00408231	3750.106166	0.01
0.00408679	3750.364158	0.1
0.00408238	3750.571099	Auto
0.00400506	3750.843608	0.01
0.00399317	3751.118854	0.1
0.00400837	3751.3147	Auto
0.00401277	3751.561407	0.01
0.00401092	3751.829895	0.1
0.00400685	3752.019622	Auto
0.00401147	3752.297405	0.01
0.00399613	3752.559835	0.1
0.0040816	3752.774075	Auto
0.00409497	3753.025298	0.01
0.00408997	3753.289644	0.1
0.00408869	3753.485593	Auto
0.0041028	3753.75728	0.01
0.00409117	3754.015567	0.1
0.00407812	3754.237056	Auto
0.00409059	3754.494088	0.01
0.00408317	3754.759976	0.1
0.00407145	3754.961554	Auto
0.00407946	3755.233558	0.01
0.00407618	3755.504913	0.1
0.00406968	3755.700907	Auto
0.00407395	3755.989533	0.01
0.00407345	3756.263374	0.1
0.00406988	3756.45822	Auto
0.00410124	3756.730662	0.01
0.00407523	3756.994441	0.1
0.0041021	3757.196096	Auto
0.00409152	3757.467729	0.01
0.0041167	3757.726551	0.1
0.00409912	3757.955135	Auto
0.00409919	3758.233902	0.01
0.00409998	3758.477423	0.1
0.00407732	3758.672243	Auto
0.00407698	3758.950717	0.01
0.00412283	3759.195397	0.1
0.00411638	3759.396104	Auto
0.00407706	3759.648307	0.01
0.00407568	3759.898309	0.1
0.00407775	3760.120141	Auto
0.00406819	3760.397849	0.01
0.00408547	3760.666606	0.1
0.00408689	3760.869291	Auto
0.00409959	3761.123291	0.01
0.00411435	3761.367727	0.1
0.0040971	3761.563601	Auto
0.00410266	3761.834943	0.01
0.00410936	3762.10282	0.1
0.00409615	3762.29291	Auto
0.00412651	3762.560077	0.01
0.00409089	3762.810233	0.1
0.00407661	3763.032957	Auto
0.00409162	3763.290873	0.01
0.00410424	3763.55868	0.1
0.00408681	3763.754295	Auto
0.0040867	3764.008856	0.01
0.0040932	3764.266182	0.1
0.00410591	3764.489854	Auto
0.00410541	3764.754957	0.01
0.00412239	3764.99858	0.1
0.00410873	3765.200308	Auto
0.00410136	3765.458405	0.01
0.00411237	3765.702083	0.1
0.00410943	3765.924748	Auto
0.00410173	3766.182366	0.01
0.00411539	3766.446029	0.1
0.00410862	3766.661053	Auto
0.00408306	3766.919348	0.01
0.00408936	3767.200947	0.1
0.00408418	3767.394001	Auto
0.00411503	3767.655241	0.01
0.00409931	3767.907531	0.1
0.00409691	3768.108144	Auto
0.00408441	3768.369569	0.01
0.00410224	3768.641802	0.1
0.00409705	3768.831837	Auto
0.0040922	3769.092088	0.01
0.00411661	3769.343249	0.1
0.00411697	3769.5381	Auto
0.00409931	3769.808362	0.01
0.00409498	3770.06623	0.1
0.00408513	3770.288836	Auto
0.00408644	3770.546953	0.01
0.00410649	3770.81167	0.1
0.00408959	3771.034567	Auto
0.00409909	3771.312848	0.01
0.00408822	3771.556317	0.1
0.00409199	3771.758894	Auto
0.00408293	3772.011274	0.01
0.00409119	3772.261354	0.1
0.00411915	3772.483006	Auto
0.00408279	3772.767866	0.01
0.00408861	3773.018893	0.1
0.00409991	3773.241427	Auto
0.0040874	3773.5069	0.01
0.00411025	3773.777223	0.1
0.00410567	3773.999033	Auto
0.00410161	3774.256376	0.01
0.0040863	3774.507865	0.1
0.00410741	3774.710847	Auto
0.00410718	3774.969189	0.01
0.0041069	3775.242719	0.1
0.00409439	3775.432624	Auto
0.00409217	3775.693773	0.01
0.00410352	3775.945042	0.1
0.00409381	3776.147592	Auto
0.00417663	3776.399817	0.01
0.00414481	3776.663278	0.1
0.00410576	3776.858278	Auto
0.0041252	3777.129797	0.01
0.00411241	3777.381973	0.1
0.00409956	3777.576768	Auto
0.00411664	3777.84723	0.01
0.00410894	3778.122091	0.1
0.0041303	3778.317951	Auto
0.00410177	3778.607275	0.01
0.00410456	3778.86954	0.1
0.00409909	3779.070312	Auto
0.00411213	3779.359775	0.01
0.00410674	3779.634581	0.1
0.00410795	3779.835268	Auto
0.00410362	3780.088573	0.01
0.0041646	3780.352008	0.1
0.00413045	3780.55459	Auto
0.00412403	3780.813817	0.01
0.00413305	3781.05092	0.1
0.00413318	3781.252378	Auto
0.00425173	3781.508442	0.01
0.00412462	3781.775669	0.1
0.00412614	3781.99729	Auto
0.00415345	3782.255831	0.01
0.00411625	3782.526938	0.1
0.00410319	3782.722934	Auto
0.00410773	3782.995626	0.01
0.00411263	3783.276202	0.1
0.00410633	3783.470425	Auto
0.00411006	3783.76296	0.01
0.00411457	3784.018859	0.1
0.00409994	3784.21825	Auto
0.00414576	3784.477246	0.01
0.00413621	3784.74058	0.1
0.00411703	3784.936666	Auto
0.00412423	3785.20826	0.01
0.00412984	3785.472971	0.1
0.00412714	3785.687013	Auto
0.00412549	3785.944022	0.01
0.00414814	3786.212925	0.1
0.00411956	3786.402688	Auto
0.00412298	3786.663938	0.01
0.00412636	3786.915296	0.1
0.00411356	3787.110209	Auto
0.00413293	3787.380427	0.01
0.00411888	3787.632669	0.1
0.00411029	3787.828615	Auto
0.00409893	3788.106046	0.01
0.00416566	3788.357336	0.1
0.00414627	3788.579913	Auto
0.00414224	3788.837918	0.01
0.00413049	3789.089265	0.1
0.00415192	3789.284058	Auto
0.00413063	3789.579564	0.01
0.0041344	3789.841848	0.1
0.00413539	3790.063529	Auto
0.00406258	3790.335832	0.01
0.00407902	3790.593094	0.1
0.00406712	3790.815803	Auto
0.00405751	3791.080123	0.01
0.00406574	3791.331816	0.1
0.00406079	3791.560169	Auto
0.00405615	3791.832643	0.01
0.00404535	3792.103016	0.1
0.00416124	3792.298684	Auto
0.00415519	3792.587403	0.01
0.00414609	3792.868978	0.1
0.00417235	3793.090765	Auto
0.00414808	3793.368695	0.01
0.00414961	3793.637807	0.1
0.00414046	3793.832141	Auto
0.00409168	3794.104877	0.01
0.00406752	3794.385976	0.1
0.00407842	3794.613216	Auto
0.00409323	3794.884409	0.01
0.00407407	3795.142394	0.1
0.00412289	3795.35615	Auto
0.00413456	3795.608245	0.01
0.00415108	3795.878272	0.1
0.00418624	3796.100141	Auto
0.00415432	3796.364122	0.01
0.00415936	3796.60973	0.1
0.00416768	3796.811174	Auto
0.00417448	3797.063666	0.01
0.00417003	3797.334659	0.1
0.0041606	3797.543837	Auto
0.00416316	3797.815271	0.01
0.00417255	3798.067612	0.1
0.00414504	3798.261371	Auto
0.00415295	3798.5336	0.01
0.0041535	3798.785861	0.1
0.00415564	3798.981998	Auto
0.00416059	3799.269562	0.01
0.00414226	3799.543363	0.1
0.00415109	3799.745975	Auto
0.00413934	3799.996341	0.01
0.00418086	3800.266313	0.1
0.00417493	3800.489973	Auto
0.00417242	3800.74638	0.01
0.00416559	3801.010343	0.1
0.00416388	3801.225271	Auto
0.00416413	3801.502232	0.01
0.00419455	3801.784036	0.1
0.00422691	3802.009145	Auto
0.0041001	3802.29337	0.01
0.00410505	3802.530387	0.1
0.00409491	3802.732025	Auto
0.00408235	3802.983441	0.01
0.00410449	3803.234808	0.1
0.00410511	3803.443903	Auto
0.00409285	3803.71437	0.01
0.00419239	3803.972309	0.1
0.00418187	3804.194104	Auto
0.00418769	3804.451358	0.01
0.00418072	3804.702597	0.1
0.00420123	3804.898661	Auto
0.00425197	3805.1716	0.01
0.00418215	3805.452209	0.1
0.00419615	3805.64778	Auto
0.0041758	3805.932058	0.01
0.00418339	3806.213861	0.1
0.00417176	3806.414189	Auto
0.00419774	3806.703579	0.01
0.00417421	3807.001731	0.1
0.00416995	3807.196014	Auto
0.00416932	3807.444171	0.01
0.00416907	3807.695204	0.1
0.00417351	3807.897853	Auto
0.00420263	3808.152588	0.01
0.00420158	3808.401817	0.1
0.00421418	3808.622345	Auto
0.00421309	3808.880371	0.01
0.004222	3809.144371	0.1
0.00419966	3809.346942	Auto
0.00418587	3809.633449	0.01
0.00418919	3809.907234	0.1
0.00418407	3810.102274	Auto
0.004197	3810.37356	0.01
0.0041746	3810.631191	0.1
0.00418415	3810.853855	Auto
0.00419401	3811.119389	0.01
0.00418571	3811.369408	0.1
0.00416757	3811.598729	Auto
0.00426914	3811.886249	0.01
0.00419924	3812.160106	0.1
0.00418084	3812.355999	Auto
0.00418291	3812.625087	0.01
0.00419129	3812.883599	0.1
0.00418884	3813.10533	Auto
0.00418414	3813.370286	0.01
0.00418993	3813.620365	0.1
0.00421385	3813.849774	Auto
0.00419381	3814.122879	0.01
0.00418629	3814.3906	0.1
0.00417896	3814.578361	Auto
0.00418169	3814.84002	0.01
0.00418021	3815.107868	0.1
0.00418794	3815.303335	Auto
0.00418626	3815.581739	0.01
0.00425557	3815.850737	0.1
0.00421818	3816.045966	Auto
0.00422825	3816.322096	0.01
0.00421211	3816.580119	0.1
0.00421246	3816.782601	Auto
0.00421934	3817.070099	0.01
0.00420662	3817.360442	0.1
0.0042059	3817.552568	Auto
0.00424588	3817.811725	0.01
0.00419614	3818.077572	0.1
0.00420555	3818.279019	Auto
0.00417794	3818.550603	0.01
0.00419522	3818.808385	0.1
0.00422671	3819.030063	Auto
0.00419734	3819.287917	0.01
0.00419661	3819.553812	0.1
0.00421586	3819.755238	Auto
0.0042165	3820.026109	0.01
0.00422328	3820.284828	0.1
0.00421518	3820.506432	Auto
0.00422448	3820.790423	0.01
0.00422337	3821.035065	0.1
0.00424337	3821.229678	Auto
0.00422712	3821.501987	0.01
0.00423188	3821.752128	0.1
0.00421624	3821.94717	Auto
0.00423131	3822.218235	0.01
0.0042158	3822.469423	0.1
0.00420031	3822.671916	Auto
0.0042149	3822.923425	0.01
0.00420413	3823.204672	0.1
0.00422052	3823.392363	Auto
0.00422003	3823.671641	0.01
0.00421895	3823.952055	0.1
0.00423008	3824.181546	Auto
0.00420816	3824.452312	0.01
0.00422499	3824.703439	0.1
0.00421766	3824.899537	Auto
0.00423666	3825.187399	0.01
0.0042279	3825.461175	0.1
0.00423323	3825.656093	Auto
0.00422426	3825.934651	0.01
0.00423616	3826.186053	0.1
0.00422873	3826.401779	Auto
0.00421357	3826.660942	0.01
0.0042226	3826.924718	0.1
0.00422141	3827.153237	Auto
0.00422576	3827.431632	0.01
0.00421521	3827.682951	0.1
0.00426501	3827.904779	Auto
0.00424945	3828.170205	0.01
0.00424236	3828.41462	0.1
0.0042301	3828.60942	Auto
0.00423492	3828.880903	0.01
0.00423166	3829.132244	0.1
0.00423285	3829.327098	Auto
0.00421807	3829.597319	0.01
0.0041653	3829.855314	0.1
0.00416661	3830.084739	Auto
0.00416306	3830.373055	0.01
0.00416623	3830.64779	0.1
0.0041659	3830.84369	Auto
0.00415032	3831.114056	0.01
0.0041499	3831.396574	0.1
0.00419593	3831.592003	Auto
0.00425777	3831.872374	0.01
0.0042481	3832.124662	0.1
0.00425188	3832.319561	Auto
0.00425492	3832.598014	0.01
0.00423575	3832.842555	0.1
0.00425794	3833.038674	Auto
0.00424383	3833.310155	0.01
0.00424731	3833.577877	0.1
0.00416903	3833.77454	Auto
0.00418403	3834.045422	0.01
0.00416791	3834.31999	0.1
0.00416211	3834.521745	Auto
0.0041793	3834.780877	0.01
0.00417013	3835.038899	0.1
0.0041775	3835.240403	Auto
0.00416206	3835.492832	0.01
0.00426853	3835.770932	0.1
0.00426384	3835.986201	Auto
0.00426441	3836.243292	0.01
0.00424919	3836.508143	0.1
0.00426623	3836.723173	Auto
0.00426259	3837.000277	0.01
0.00427885	3837.257324	0.1
0.00426242	3837.465387	Auto
0.00424524	3837.737605	0.01
0.00425183	3837.995335	0.1
0.0042356	3838.21709	Auto
0.00426746	3838.475241	0.01
0.00425334	3838.739977	0.1
0.00424352	3838.947275	Auto
0.00424881	3839.206665	0.01
0.00424303	3839.460327	0.1
0.00428352	3839.656103	Auto
0.00426338	3839.910683	0.01
0.00428838	3840.16859	0.1
0.00426248	3840.390295	Auto
0.00426941	3840.648175	0.01
0.00427392	3840.930564	0.1
0.00426587	3841.126213	Auto
0.00426757	3841.403017	0.01
0.00424288	3841.664403	0.1
0.00425027	3841.872779	Auto
0.00425466	3842.144387	0.01
0.00425019	3842.408008	0.1
0.00425697	3842.61753	Auto
0.00424155	3842.869806	0.01
0.004248	3843.141908	0.1
0.00424372	3843.364557	Auto
0.00426475	3843.629924	0.01
0.00426357	3843.873404	0.1
0.00427946	3844.068406	Auto
0.00425994	3844.340202	0.01
0.00426359	3844.598887	0.1
0.00426716	3844.827112	Auto
0.00426499	3845.105965	0.01
0.00426909	3845.355784	0.1
0.00419004	3845.578374	Auto
0.00418661	3845.835252	0.01
0.00419535	3846.117991	0.1
0.00418672	3846.312172	Auto
0.00418601	3846.572295	0.01
0.00418179	3846.830879	0.1
0.00418882	3847.054782	Auto
0.00418403	3847.312679	0.01
0.00428099	3847.584829	0.1
0.00428291	3847.786379	Auto
0.00427973	3848.045727	0.01
0.00428138	3848.28358	0.1
0.00428997	3848.4851	Auto
0.00429401	3848.737176	0.01
0.0043059	3849.001757	0.1
0.0042707	3849.196391	Auto
0.00419818	3849.485951	0.01
0.00420254	3849.765996	0.1
0.00420525	3849.988786	Auto
0.00416803	3850.246938	0.01
0.00429383	3850.521375	0.1
0.00428526	3850.70909	Auto
0.00432458	3850.964861	0.01
0.00427926	3851.216164	0.1
0.00426345	3851.411023	Auto
0.00428045	3851.682374	0.01
0.0042816	3851.939013	0.1
0.00429471	3852.162861	Auto
0.0042906	3852.440786	0.01
0.00428609	3852.692972	0.1
0.00429246	3852.894807	Auto
0.00428003	3853.146129	0.01
0.00427292	3853.416948	0.1
0.00429514	3853.639684	Auto
0.00426864	3853.90404	0.01
0.00427914	3854.155653	0.1
0.00427378	3854.370364	Auto
0.00427567	3854.629235	0.01
0.00427637	3854.873127	0.1
0.00427684	3855.09576	Auto
0.00432572	3855.353856	0.01
0.00429724	3855.61978	0.1
0.00428107	3855.828974	Auto
0.00428359	3856.086393	0.01
0.0042908	3856.347647	0.1
0.0042944	3856.538762	Auto
0.00429114	3856.791392	0.01
0.00429447	3857.049043	0.1
0.00429945	3857.271636	Auto
0.00428938	3857.528442	0.01
0.00429647	3857.793279	0.1
0.00429243	3858.002888	Auto
0.00429381	3858.25496	0.01
0.00430343	3858.51839	0.1
0.00429345	3858.71321	Auto
0.0042706	3858.984943	0.01
0.00432841	3859.2521	0.1
0.00431667	3859.447659	Auto
0.00432112	3859.702035	0.01
0.00432227	3859.953265	0.1
0.00432148	3860.15512	Auto
0.00431124	3860.406256	0.01
0.00431193	3860.683142	0.1
0.00430749	3860.898243	Auto
0.00430361	3861.163707	0.01
0.00429518	3861.40834	0.1
0.00429794	3861.603087	Auto
0.00429857	3861.881724	0.01
0.00429569	3862.142348	0.1
0.00430122	3862.338787	Auto
0.00430058	3862.592142	0.01
0.004332	3862.867019	0.1
0.0043205	3863.056198	Auto
0.00431693	3863.310548	0.01
0.00433059	3863.568158	0.1
0.00433031	3863.790818	Auto
0.0043604	3864.048817	0.01
0.00433267	3864.317851	0.1
0.00432136	3864.507849	Auto
0.00431711	3864.76889	0.01
0.00432144	3865.027884	0.1
0.00431969	3865.243604	Auto
0.00430164	3865.495889	0.01
0.00431156	3865.767127	0.1
0.00430861	3865.996665	Auto
0.00431047	3866.267968	0.01
0.00431898	3866.524435	0.1
0.0042932	3866.746135	Auto
0.00431291	3867.0059	0.01
0.00431925	3867.256779	0.1
0.00432141	3867.452686	Auto
0.00432194	3867.723114	0.01
0.00432018	3867.98108	0.1
0.00431751	3868.203857	Auto
0.00433003	3868.461832	0.01
0.00435352	3868.719445	0.1
0.00430438	3868.942359	Auto
0.00431141	3869.21933	0.01
0.00431411	3869.477076	0.1
0.00432427	3869.699725	Auto
0.00430986	3869.95733	0.01
0.00432142	3870.215149	0.1
0.0043172	3870.437807	Auto
0.00432713	3870.702012	0.01
0.00430158	3870.947711	0.1
0.00437576	3871.148381	Auto
0.00435321	3871.401737	0.01
0.0043416	3871.672614	0.1
0.0043478	3871.894441	Auto
0.00433649	3872.159767	0.01
0.00433705	3872.411742	0.1
0.00433284	3872.633324	Auto
0.00434353	3872.890265	0.01
0.00433027	3873.155165	0.1
0.0043242	3873.357639	Auto
0.00432481	3873.62997	0.01
0.00425834	3873.896757	0.1
0.00427338	3874.100555	Auto
0.00427889	3874.354229	0.01
0.00426783	3874.61662	0.1
0.00424378	3874.812557	Auto
0.00441062	3875.066375	0.01
0.0043567	3875.331029	0.1
0.00434906	3875.532393	Auto
0.00434792	3875.80316	0.01
0.00436106	3876.061823	0.1
0.00434782	3876.283411	Auto
0.00434334	3876.542709	0.01
0.0043547	3876.806397	0.1
0.00434123	3877.02842	Auto
0.00427255	3877.299706	0.01
0.00425767	3877.557231	0.1
0.00427084	3877.779937	Auto
0.00436629	3878.038108	0.01
0.00434602	3878.303634	0.1
0.00434186	3878.51967	Auto
0.00434466	3878.777936	0.01
0.00435287	3879.043954	0.1
0.00437145	3879.243129	Auto
0.00440871	3879.515547	0.01
0.0043602	3879.774577	0.1
0.00436431	3879.996319	Auto
0.00435748	3880.260208	0.01
0.0043563	3880.528126	0.1
0.00436276	3880.716855	Auto
0.00440024	3880.972142	0.01
0.00434652	3881.236911	0.1
0.00434325	3881.459057	Auto
0.00434061	3881.746124	0.01
0.00434533	3882.001851	0.1
0.00435167	3882.230045	Auto
0.00434615	3882.508887	0.01
0.00435442	3882.777683	0.1
0.00443202	3882.973222	Auto
0.00438291	3883.227224	0.01
0.00436159	3883.50864	0.1
0.00435805	3883.70496	Auto
0.00437068	3883.989065	0.01
0.00436047	3884.250292	0.1
0.00438418	3884.458605	Auto
0.00436277	3884.710036	0.01
0.00428475	3884.970299	0.1
0.00427839	3885.159249	Auto
0.00429466	3885.426107	0.01
0.0042889	3885.687241	0.1
0.00428351	3885.883741	Auto
0.00428148	3886.154262	0.01
0.00428231	3886.411077	0.1
0.00429598	3886.624685	Auto
0.00438886	3886.913173	0.01
0.00438399	3887.187118	0.1
0.00436911	3887.382002	Auto
0.00438192	3887.652339	0.01
0.00439464	3887.917232	0.1
0.00438418	3888.132405	Auto
0.0043777	3888.397732	0.01
0.00438824	3888.668778	0.1
0.00432375	3888.892801	Auto
0.00430627	3889.157336	0.01
0.00428777	3889.418665	0.1
0.0042803	3889.613031	Auto
0.00427513	3889.875182	0.01
0.00429506	3890.119718	0.1
0.00431394	3890.315642	Auto
0.00428767	3890.587124	0.01
0.00439807	3890.851766	0.1
0.00438827	3891.053404	Auto
0.00439226	3891.325112	0.01
0.00441108	3891.589787	0.1
0.00437258	3891.805047	Auto
0.00439869	3892.06944	0.01
0.00440208	3892.364129	0.1
0.00440345	3892.558386	Auto
0.0044072	3892.820759	0.01
0.00437217	3893.096701	0.1
0.00438673	3893.290357	Auto
0.00436883	3893.539749	0.01
0.00436713	3893.79733	0.1
0.00437023	3894.019075	Auto
0.00436684	3894.276823	0.01
0.00437471	3894.535877	0.1
0.0044411	3894.764292	Auto
0.00440533	3895.043791	0.01
0.00439699	3895.294974	0.1
0.00439016	3895.516562	Auto
0.00440428	3895.775636	0.01
0.00440011	3896.041538	0.1
0.0044068	3896.250532	Auto
0.00443464	3896.502732	0.01
0.00444362	3896.790052	0.1
0.00439184	3896.979009	Auto
0.0043885	3897.233634	0.01
0.00438959	3897.491314	0.1
0.00437949	3897.71306	Auto
0.00437885	3897.972537	0.01
0.00438948	3898.223856	0.1
0.00437441	3898.425373	Auto
0.00439098	3898.677651	0.01
0.00444913	3898.942277	0.1
0.00444076	3899.144918	Auto
0.00441503	3899.396135	0.01
0.00441468	3899.660574	0.1
0.00441114	3899.862327	Auto
0.0044117	3900.122538	0.01
0.00442103	3900.359397	0.1
0.00439993	3900.554173	Auto
0.00439934	3900.825606	0.01
0.00441908	3901.0847	0.1
0.0044018	3901.307532	Auto
0.00438485	3901.573884	0.01
0.00441566	3901.824233	0.1
0.00439031	3902.046059	Auto
0.00440348	3902.303749	0.01
0.00439006	3902.572632	0.1
0.00443899	3902.768375	Auto
0.00442962	3903.022138	0.01
0.00446296	3903.290955	0.1
0.00443475	3903.485413	Auto
0.00442157	3903.739917	0.01
0.00442695	3903.998064	0.1
0.00444803	3904.220867	Auto
0.00441872	3904.47931	0.01
0.00440634	3904.736383	0.1
0.00443366	3904.958128	Auto
0.00442123	3905.224742	0.01
0.00444008	3905.46719	0.1
0.00440474	3905.663128	Auto
0.00442044	3905.934086	0.01
0.00441215	3906.192721	0.1
0.00440689	3906.421095	Auto
0.00446988	3906.70977	0.01
0.00442804	3906.968	0.1
0.00446703	3907.159841	Auto
0.00442949	3907.418069	0.01
0.00442786	3907.689905	0.1
0.00443375	3907.918411	Auto
0.00442788	3908.196859	0.01
0.00441899	3908.44143	0.1
0.00444758	3908.636333	Auto
0.00441334	3908.90893	0.01
0.00442267	3909.1768	0.1
0.00440752	3909.373552	Auto
0.00441288	3909.628591	0.01
0.00443056	3909.886237	0.1
0.00441651	3910.108069	Auto
0.00441056	3910.372406	0.01
0.00447384	3910.617975	0.1
0.00443188	3910.812834	Auto
0.00443834	3911.083296	0.01
0.00442227	3911.341841	0.1
0.00442245	3911.565607	Auto
0.00443284	3911.823741	0.01
0.00442607	3912.112056	0.1
0.00443141	3912.300767	Auto
0.00446815	3912.562993	0.01
0.00443781	3912.820972	0.1
0.00444598	3913.042819	Auto
0.00443545	3913.300086	0.01
0.00442905	3913.581421	0.1
0.00442241	3913.777928	Auto
0.00442453	3914.038039	0.01
0.00442087	3914.306997	0.1
0.00448332	3914.501375	Auto
0.00444162	3914.755842	0.01
0.00444882	3915.021582	0.1
0.00444993	3915.24453	Auto
0.00445647	3915.516117	0.01
0.00445726	3915.780788	0.1
0.00445022	3916.003694	Auto
0.00445045	3916.275199	0.01
0.00445775	3916.542914	0.1
0.00445193	3916.739611	Auto
0.0044431	3917.002776	0.01
0.00445003	3917.263725	0.1
0.00445644	3917.459142	Auto
0.00443389	3917.729377	0.01
0.0044339	3917.984247	0.1
0.00439738	3918.206033	Auto
0.00453513	3918.457141	0.01
0.00447774	3918.722631	0.1
0.00446383	3918.925584	Auto
0.00443441	3919.177821	0.01
0.00449485	3919.441244	0.1
0.0045088	3919.636151	Auto
0.00446554	3919.915622	0.01
0.00445451	3920.159247	0.1
0.00447933	3920.361839	Auto
0.00444258	3920.614175	0.01
0.00445456	3920.881432	0.1
0.00445265	3921.07082	Auto
0.00444731	3921.342584	0.01
0.00444981	3921.597214	0.1
0.00445993	3921.819632	Auto
0.00443845	3922.071084	0.01
0.00444368	3922.341876	0.1
0.00449194	3922.565756	Auto
0.00448188	3922.830798	0.01
0.0044674	3923.082083	0.1
0.00447071	3923.304714	Auto
0.00448513	3923.569032	0.01
0.00447667	3923.837937	0.1
0.00447834	3924.028125	Auto
0.00448514	3924.28183	0.01
0.0044526	3924.545354	0.1
0.0044639	3924.74792	Auto
0.00446641	3925.020083	0.01
0.00445382	3925.283443	0.1
0.0044632	3925.485954	Auto
0.00445312	3925.756235	0.01
0.00441975	3926.024082	0.1
0.00437948	3926.226251	Auto
0.00450682	3926.473949	0.01
0.00449168	3926.755283	0.1
0.0044794	3926.950771	Auto
0.00450032	3927.219329	0.01
0.00447863	3927.46916	0.1
0.00446941	3927.691889	Auto
0.00446857	3927.950126	0.01
0.0044781	3928.215967	0.1
0.00443259	3928.422996	Auto
0.0044147	3928.681206	0.01
0.00441742	3928.918242	0.1
0.00440025	3929.120979	Auto
0.00440451	3929.371261	0.01
0.00439421	3929.632643	0.1
0.0043904	3929.828366	Auto
0.00437662	3930.082968	0.01
0.00452255	3930.340688	0.1
0.00451636	3930.56241	Auto
0.00450364	3930.828872	0.01
0.00450714	3931.089246	0.1
0.0045036	3931.29114	Auto
0.00451968	3931.538962	0.01
0.00450649	3931.796549	0.1
0.00450308	3932.018349	Auto
0.00449975	3932.276361	0.01
0.00439728	3932.555687	0.1
0.00441151	3932.763702	Auto
0.00449233	3933.036556	0.01
0.00448949	3933.293098	0.1
0.00452314	3933.523699	Auto
0.0044776	3933.795619	0.01
0.00449295	3934.083092	0.1
0.00451086	3934.279906	Auto
0.0045212	3934.550204	0.01
0.00455564	3934.824952	0.1
0.00451011	3935.019019	Auto
0.00451393	3935.290389	0.01
0.00451857	3935.542656	0.1
0.00450605	3935.736449	Auto
0.0045077	3936.008029	0.01
0.00450924	3936.276622	0.1
0.00449008	3936.466656	Auto
0.00448061	3936.727041	0.01
0.004489	3936.985146	0.1
0.00448671	3937.207873	Auto
0.00450177	3937.472122	0.01
0.00448346	3937.716939	0.1
0.0044927	3937.911952	Auto
0.00451861	3938.207573	0.01
0.0045141	3938.469852	0.1
0.00451551	3938.697869	Auto
0.00451885	3938.949263	0.01
0.00452404	3939.230675	0.1
0.00451527	3939.426135	Auto
0.00451515	3939.687141	0.01
0.00451199	3939.948604	0.1
0.00451182	3940.144172	Auto
0.00444872	3940.405559	0.01
0.00443283	3940.657737	0.1
0.00442568	3940.886321	Auto
0.00442351	3941.157622	0.01
0.00441065	3941.42677	0.1
0.00442232	3941.622441	Auto
0.00442546	3941.893982	0.01
0.0045277	3942.191617	0.1
0.00462736	3942.378142	Auto
0.00455369	3942.63434	0.01
0.00455101	3942.884405	0.1
0.00454548	3943.086212	Auto
0.00454498	3943.346706	0.01
0.00452322	3943.609932	0.1
0.00453376	3943.833724	Auto
0.00453033	3944.09114	0.01
0.00453856	3944.342369	0.1
0.00451495	3944.537204	Auto
0.00451821	3944.808788	0.01
0.00452204	3945.067586	0.1
0.00452648	3945.276745	Auto
0.00450081	3945.548974	0.01
0.00451037	3945.816744	0.1
0.00449957	3946.006689	Auto
0.00454962	3946.267729	0.01
0.00451669	3946.526545	0.1
0.00457092	3946.741376	Auto
0.00452689	3946.994827	0.01
0.00452546	3947.255131	0.1
0.00453974	3947.451566	Auto
0.00452242	3947.705252	0.01
0.00452198	3947.973216	0.1
0.00450194	3948.162123	Auto
0.00451636	3948.422248	0.01
0.00454986	3948.680827	0.1
0.00451744	3948.896168	Auto
0.00452225	3949.149828	0.01
0.00449649	3949.392397	0.1
0.00451122	3949.58723	Auto
0.00451312	3949.866611	0.01
0.00455717	3950.128015	0.1
0.00453062	3950.316702	Auto
0.00452714	3950.578797	0.01
0.00452504	3950.85335	0.1
0.0045359	3951.04805	Auto
0.00450504	3951.296987	0.01
0.00452097	3951.547155	0.1
0.0045273	3951.749821	Auto
0.00452475	3952.002296	0.01
0.00452463	3952.266547	0.1
0.00451908	3952.461425	Auto
0.00452449	3952.750817	0.01
0.00451636	3953.025751	0.1
0.00451434	3953.228585	Auto
0.00453577	3953.480051	0.01
0.00450918	3953.724658	0.1
0.00451669	3953.920763	Auto
0.00457607	3954.192177	0.01
0.00456068	3954.45025	0.1
0.0045437	3954.672894	Auto
0.00457602	3954.930176	0.01
0.00453568	3955.182624	0.1
0.00454379	3955.384295	Auto
0.00454928	3955.637774	0.01
0.00455182	3955.905692	0.1
0.00453201	3956.10378	Auto
0.00452535	3956.349799	0.01
0.00452811	3956.601955	0.1
0.00452636	3956.796819	Auto
0.00453134	3957.082415	0.01
0.00452057	3957.326254	0.1
0.00452861	3957.548929	Auto
0.0045261	3957.808636	0.01
0.00455745	3958.066776	0.1
0.0045479	3958.289542	Auto
0.00456902	3958.554555	0.01
0.00455232	3958.79926	0.1
0.00455319	3959.001908	Auto
0.00456517	3959.254948	0.01
0.00455455	3959.51858	0.1
0.00455956	3959.721553	Auto
0.00454623	3959.973051	0.01
0.00452444	3960.23337	0.1
0.00460594	3960.429767	Auto
0.00454221	3960.684216	0.01
0.004544	3960.942265	0.1
0.00453375	3961.171805	Auto
0.00452767	3961.443564	0.01
0.00454873	3961.712686	0.1
0.00455057	3961.902672	Auto
0.00455234	3962.163961	0.01
0.00455248	3962.431005	0.1
0.00454988	3962.62075	Auto
0.00455521	3962.898159	0.01
0.00454553	3963.153203	0.1
0.00454203	3963.354867	Auto
0.00455321	3963.60733	0.01
0.00458872	3963.858731	0.1
0.00453705	3964.067005	Auto
0.00455168	3964.338563	0.01
0.00453213	3964.59628	0.1
0.00454005	3964.811116	Auto
0.00456714	3965.070326	0.01
0.00457817	3965.324961	0.1
0.00452861	3965.51378	Auto
0.00453999	3965.774047	0.01
0.00456415	3966.04299	0.1
0.00458908	3966.231696	Auto
0.00458029	3966.493901	0.01
0.00457574	3966.752915	0.1
0.00455973	3966.975694	Auto
0.00459376	3967.233793	0.01
0.0045454	3967.502899	0.1
0.00456653	3967.692773	Auto
0.00447757	3967.977175	0.01
0.00448847	3968.24445	0.1
0.00446146	3968.439388	Auto
0.00446826	3968.711773	0.01
0.00446677	3968.980717	0.1
0.00446786	3969.175411	Auto
0.00446874	3969.430173	0.01
0.00443223	3969.681331	0.1
0.00459479	3969.88311	Auto
0.00457097	3970.142768	0.01
0.00458444	3970.38515	0.1
0.00457615	3970.594241	Auto
0.00457904	3970.865695	0.01
0.00457029	3971.124604	0.1
0.00456553	3971.34639	Auto
0.00460565	3971.624232	0.01
0.00447953	3971.87537	0.1
0.00448056	3972.070278	Auto
0.00449007	3972.349552	0.01
0.00447982	3972.601894	0.1
0.00446991	3972.830296	Auto
0.00447377	3973.101687	0.01
0.00445333	3973.370677	0.1
0.00445102	3973.560617	Auto
0.00459566	3973.838843	0.01
0.00461511	3974.094737	0.1
0.00461948	3974.289921	Auto
0.00460837	3974.5498	0.01
0.00460671	3974.813345	0.1
0.00459833	3975.008408	Auto
0.00460114	3975.280656	0.01
0.00458987	3975.556565	0.1
0.00459338	3975.75197	Auto
0.00458245	3975.999261	0.01
0.00456121	3976.267157	0.1
0.00457739	3976.455858	Auto
0.00456737	3976.717932	0.01
0.004567	3976.976907	0.1
0.00458031	3977.199755	Auto
0.00456329	3977.457943	0.01
0.00463926	3977.722745	0.1
0.00462583	3977.924376	Auto
0.00461697	3978.196134	0.01
0.00460667	3978.464999	0.1
0.00460387	3978.660692	Auto
0.0046137	3978.914347	0.01
0.00461094	3979.182179	0.1
0.0045938	3979.378099	Auto
0.00461934	3979.631341	0.01
0.00458935	3979.899126	0.1
0.00458782	3980.095708	Auto
0.00457745	3980.366269	0.01
0.00459014	3980.62314	0.1
0.00459116	3980.836774	Auto
0.00452862	3981.109529	0.01
0.00451113	3981.361738	0.1
0.00448975	3981.557685	Auto
0.00463785	3981.829221	0.01
0.00460787	3982.094005	0.1
0.00462676	3982.309974	Auto
0.00460887	3982.586701	0.01
0.0046088	3982.844339	0.1
0.00460849	3983.067268	Auto
0.00460927	3983.331375	0.01
0.00459564	3983.593745	0.1
0.00451298	3983.783943	Auto
0.00453603	3984.043092	0.01
0.00452836	3984.301294	0.1
0.00452689	3984.530857	Auto
0.00450002	3984.801144	0.01
0.00451759	3985.052375	0.1
0.00451737	3985.247173	Auto
0.00450761	3985.519983	0.01
0.00462984	3985.78774	0.1
0.00462807	3985.977715	Auto
0.00463225	3986.23822	0.01
0.00463748	3986.51379	0.1
0.00462594	3986.709567	Auto
0.0046138	3986.975566	0.01
0.00461845	3987.238622	0.1
0.0046351	3987.446785	Auto
0.00457756	3987.718156	0.01
0.00469623	3987.98606	0.1
0.00459578	3988.182925	Auto
0.00465369	3988.437583	0.01
0.0046213	3988.705397	0.1
0.00462282	3988.89431	Auto
0.00461758	3989.172761	0.01
0.00461111	3989.428545	0.1
0.00463808	3989.64945	Auto
0.0046255	3989.902807	0.01
0.00463682	3990.197027	0.1
0.00463604	3990.391389	Auto
0.00465707	3990.660581	0.01
0.00463106	3990.918218	0.1
0.00463626	3991.13339	Auto
0.00462785	3991.398595	0.01
0.00460563	3991.650569	0.1
0.00462727	3991.872261	Auto
0.00462823	3992.138965	0.01
0.00461099	3992.388764	0.1
0.00463048	3992.611552	Auto
0.00461063	3992.884633	0.01
0.00462635	3993.128193	0.1
0.00462004	3993.35088	Auto
0.00465315	3993.609996	0.01
0.00464715	3993.887158	0.1
0.00462882	3994.109905	Auto
0.0046326	3994.38783	0.01
0.00463428	3994.645342	0.1
0.00466165	3994.86817	Auto
0.0046404	3995.145435	0.01
0.00466251	3995.39766	0.1
0.00463228	3995.600599	Auto
0.00464228	3995.852917	0.01
0.00463653	3996.123926	0.1
0.00464156	3996.353429	Auto
0.00462915	3996.631795	0.01
0.00462672	3996.87627	0.1
0.0046444	3997.071237	Auto
0.00462998	3997.359444	0.01
0.00466741	3997.650924	0.1
0.00468631	3997.850531	Auto
0.00467969	3998.119043	0.01
0.00469266	3998.400045	0.1
0.00467318	3998.622071	Auto
0.00466496	3998.9063	0.01
0.004657	3999.158691	0.1
0.00467852	3999.387242	Auto
0.00463717	3999.658995	0.01
0.00464308	3999.916964	0.1
0.00464833	4000.138809	Auto
0.00464185	4000.396219	0.01
0.00464356	4000.661984	0.1
0.00462853	4000.863637	Auto
0.00465451	4001.135359	0.01
0.00466811	4001.385396	0.1
0.00472063	4001.58158	Auto
0.00466586	4001.860127	0.01
0.00467998	4002.111373	0.1
0.00467658	4002.333192	Auto
0.00468783	4002.5916	0.01
0.00467489	4002.857734	0.1
0.00467518	4003.060552	Auto
0.00471836	4003.331032	0.01
0.00465825	4003.606828	0.1
0.0046524	4003.802981	Auto
0.00464185	4004.049173	0.01
0.00464886	4004.300059	0.1
0.00464318	4004.510718	Auto
0.00463883	4004.795037	0.01
0.00466199	4005.040732	0.1
0.00466507	4005.236723	Auto
0.00466974	4005.507245	0.01
0.00466299	4005.772162	0.1
0.00465998	4005.987439	Auto
0.00466476	4006.252905	0.01
0.00467124	4006.504142	0.1
0.00466654	4006.733694	Auto
0.00467183	4007.023646	0.01
0.00469451	4007.29737	0.1
0.00467381	4007.492426	Auto
0.00465483	4007.763293	0.01
0.00466742	4008.031247	0.1
0.00467184	4008.234724	Auto
0.00467483	4008.489914	0.01
0.0046591	4008.740142	0.1
0.00464861	4008.963143	Auto
0.00465062	4009.221684	0.01
0.00470661	4009.486377	0.1
0.0046962	4009.688097	Auto
0.00469716	4009.983785	0.01
0.00468437	4010.24662	0.1
0.00467817	4010.447379	Auto
0.00469089	4010.726046	0.01
0.0047168	4010.970886	0.1
0.00469231	4011.17384	Auto
0.00459844	4011.425432	0.01
0.00460012	4011.669241	0.1
0.00460613	4011.864261	Auto
0.00458306	4012.136893	0.01
0.00462237	4012.394371	0.1
0.00458333	4012.616063	Auto
0.00458891	4012.898061	0.01
0.00459176	4013.15942	0.1
0.00470629	4013.366432	Auto
0.00469029	4013.626839	0.01
0.00468185	4013.871556	0.1
0.00469034	4014.094547	Auto
0.0047101	4014.352246	0.01
0.00468303	4014.624916	0.1
0.00468308	4014.827839	Auto
0.00470316	4015.079389	0.01
0.00476616	4015.343109	0.1
0.00468637	4015.53823	Auto
0.00468316	4015.819195	0.01
0.00468594	4016.07518	0.1
0.00468923	4016.296825	Auto
0.00468902	4016.568586	0.01
0.00468208	4016.820956	0.1
0.00470573	4017.015183	Auto
0.00472378	4017.28686	0.01
0.0047182	4017.545763	0.1
0.00474816	4017.774308	Auto
0.00471071	4018.053258	0.01
0.00472111	4018.304581	0.1
0.00472186	4018.527583	Auto
0.00471202	4018.7858	0.01
0.00471685	4019.051031	0.1
0.00468723	4019.252452	Auto
0.00469736	4019.52302	0.01
0.00469347	4019.781344	0.1
0.00468833	4020.003427	Auto
0.00468063	4020.26186	0.01
0.00468776	4020.530029	0.1
0.00468134	4020.725761	Auto
0.00469332	4020.981688	0.01
0.0047268	4021.253614	0.1
0.00473212	4021.449722	Auto
0.00472834	4021.721893	0.01
0.00473617	4021.986898	0.1
0.0047426	4022.209067	Auto
0.00472115	4022.504643	0.01
0.00470815	4022.766118	0.1
0.00473062	4022.967088	Auto
0.00462581	4023.245977	0.01
0.00463441	4023.496124	0.1
0.0046217	4023.718809	Auto
0.00460989	4023.983247	0.01
0.00459138	4024.245576	0.1
0.00461017	4024.433426	Auto
0.00461942	4024.71967	0.01
0.00460747	4024.981108	0.1
0.00475276	4025.208248	Auto
0.00473747	4025.461125	0.01
0.00472104	4025.710446	0.1
0.00471131	4025.933615	Auto
0.00473403	4026.191973	0.01
0.00475978	4026.449886	0.1
0.00471412	4026.672895	Auto
0.00472829	4026.930407	0.01
0.00463806	4027.195363	0.1
0.00465281	4027.404611	Auto
0.00464139	4027.656873	0.01
0.00462609	4027.921567	0.1
0.00464319	4028.123352	Auto
0.0046379	4028.376983	0.01
0.00462839	4028.626202	0.1
0.00462071	4028.848905	Auto
0.00471526	4029.130144	0.01
0.00475225	4029.393559	0.1
0.00476547	4029.614177	Auto
0.00476335	4029.909801	0.01
0.00476053	4030.172552	0.1
0.00474399	4030.387177	Auto
0.00475073	4030.645554	0.01
0.00475258	4030.917408	0.1
0.0047424	4031.112643	Auto
0.00473143	4031.391177	0.01
0.00473198	4031.642557	0.1
0.00472187	4031.864408	Auto
0.00473373	4032.123899	0.01
0.00472278	4032.381668	0.1
0.00472076	4032.605668	Auto
0.00472547	4032.883829	0.01
0.00477763	4033.142941	0.1
0.00478231	4033.364768	Auto
0.00490173	4033.622141	0.01
0.00477967	4033.874724	0.1
0.0047883	4034.070986	Auto
0.0047556	4034.348565	0.01
0.00474847	4034.593344	0.1
0.00477214	4034.789545	Auto
0.00476031	4035.061668	0.01
0.00474697	4035.312889	0.1
0.00475286	4035.508074	Auto
0.00475602	4035.780748	0.01
0.0047365	4036.049919	0.1
0.00474434	4036.238933	Auto
0.0047413	4036.501741	0.01
0.00475182	4036.766709	0.1
0.00481623	4036.975319	Auto
0.00483227	4037.227959	0.01
0.00478607	4037.507206	0.1
0.00476262	4037.6962	Auto
0.0047878	4037.957832	0.01
0.00479551	4038.216874	0.1
0.00479024	4038.446572	Auto
0.00477465	4038.724238	0.01
0.00476581	4038.969127	0.1
0.00475505	4039.163231	Auto
0.00477307	4039.452045	0.01
0.00477813	4039.733914	0.1
0.00476404	4039.956007	Auto
0.004766	4040.214883	0.01
0.00475391	4040.482991	0.1
0.00476756	4040.671962	Auto
0.00480452	4040.932553	0.01
0.00479027	4041.184158	0.1
0.00481104	4041.379193	Auto
0.00481878	4041.650751	0.01
0.00478567	4041.902239	0.1
0.0048062	4042.098562	Auto
0.00480429	4042.369126	0.01
0.00481654	4042.627107	0.1
0.00477977	4042.849127	Auto
0.00479344	4043.114096	0.01
0.00478993	4043.36579	0.1
0.0047947	4043.588675	Auto
0.0048012	4043.846879	0.01
0.0047989	4044.115289	0.1
0.00479217	4044.310102	Auto
0.00478272	4044.57292	0.01
0.00481716	4044.824735	0.1
0.00478338	4045.047799	Auto
0.00478843	4045.32583	0.01
0.00478023	4045.594949	0.1
0.00479522	4045.782236	Auto
0.00480382	4046.043828	0.01
0.00480408	4046.302948	0.1
0.00479952	4046.517032	Auto
0.00483742	4046.769616	0.01
0.00480513	4047.057159	0.1
0.00478849	4047.245045	Auto
0.00479061	4047.514743	0.01
0.00479165	4047.759567	0.1
0.00478271	4047.982653	Auto
0.00479229	4048.240275	0.01
0.00478845	4048.491762	0.1
0.00480274	4048.687985	Auto
0.00480784	4048.976842	0.01
0.0047962	4049.251995	0.1
0.00480991	4049.445039	Auto
0.00480461	4049.734702	0.01
0.00482114	4050.003998	0.1
0.0048402	4050.203317	Auto
0.0048572	4050.475006	0.01
0.00483629	4050.743064	0.1
0.00481101	4050.938309	Auto
0.00481978	4051.192161	0.01
0.00479174	4051.444614	0.1
0.00481836	4051.639757	Auto
0.00480168	4051.911348	0.01
0.00478988	4052.170565	0.1
0.00480926	4052.392292	Auto
0.00481385	4052.650548	0.01
0.00482486	4052.908338	0.1
0.00484532	4053.130319	Auto
0.00485223	4053.387452	0.01
0.0048364	4053.645282	0.1
0.00482095	4053.867279	Auto
0.00483088	4054.133082	0.01
0.00484839	4054.383263	0.1
0.00482753	4054.605121	Auto
0.004813	4054.869314	0.01
0.00481992	4055.128858	0.1
0.0048109	4055.344097	Auto
0.00480726	4055.601145	0.01
0.00481109	4055.859342	0.1
0.00479816	4056.081427	Auto
0.00482577	4056.359987	0.01
0.00488673	4056.627972	0.1
0.00484279	4056.815079	Auto
0.00483903	4057.077936	0.01
0.0048447	4057.345942	0.1
0.00485888	4057.534963	Auto
0.00485765	4057.80121	0.01
0.00484895	4058.046093	0.1
0.00483675	4058.24884	Auto
0.0048572	4058.512832	0.01
0.00482467	4058.766591	0.1
0.00482135	4058.969564	Auto
0.00482184	4059.221007	0.01
0.00484023	4059.485692	0.1
0.00482125	4059.681885	Auto
0.00482833	4059.961829	0.01
0.0048228	4060.206749	0.1
0.00480422	4060.402918	Auto
0.00485446	4060.674985	0.01
0.00486476	4060.932095	0.1
0.0048414	4061.161896	Auto
0.00484583	4061.433554	0.01
0.00485442	4061.692728	0.1
0.00484714	4061.9157	Auto
0.00484992	4062.180127	0.01
0.00485849	4062.424844	0.1
0.00484679	4062.620097	Auto
0.00483049	4062.899041	0.01
0.00485136	4063.15057	0.1
0.00484656	4063.373533	Auto
0.00474306	4063.631031	0.01
0.0047427	4063.883622	0.1
0.004732	4064.079877	Auto
0.00475192	4064.350415	0.01
0.00488307	4064.609924	0.1
0.00484847	4064.818243	Auto
0.00485328	4065.106059	0.01
0.00483614	4065.398734	0.1
0.00482897	4065.595574	Auto
0.00485198	4065.848309	0.01
0.00485242	4066.100826	0.1
0.00485423	4066.303885	Auto
0.00477538	4066.556576	0.01
0.00476068	4066.800393	0.1
0.00474793	4067.002221	Auto
0.00475057	4067.263987	0.01
0.00478063	4067.498445	0.1
0.0047501	4067.693713	Auto
0.00475637	4067.973628	0.01
0.00473389	4068.224083	0.1
0.00476589	4068.446937	Auto
0.0048757	4068.724079	0.01
0.00487185	4068.976651	0.1
0.00486793	4069.179608	Auto
0.00487638	4069.438243	0.01
0.00487748	4069.675375	0.1
0.00485778	4069.871664	Auto
0.00483089	4070.142449	0.01
0.0048878	4070.394904	0.1
0.00484187	4070.589011	Auto
0.00483843	4070.848158	0.01
0.00485577	4071.11841	0.1
0.00484961	4071.340335	Auto
0.00483747	4071.605645	0.01
0.00483588	4071.857945	0.1
0.00483892	4072.093695	Auto
0.00485331	4072.351275	0.01
0.00487376	4072.639766	0.1
0.00488439	4072.834191	Auto
0.00490044	4073.113767	0.01
0.00489607	4073.388835	0.1
0.00488498	4073.58498	Auto
0.00487538	4073.85444	0.01
0.00488072	4074.106095	0.1
0.00489129	4074.308009	Auto
0.00488329	4074.560559	0.01
0.00487264	4074.825591	0.1
0.00485297	4075.021931	Auto
0.00485358	4075.292371	0.01
0.00486854	4075.574067	0.1
0.00485652	4075.782261	Auto
0.0048389	4076.0308	0.01
0.00484824	4076.282103	0.1
0.00490685	4076.484991	Auto
0.00490219	4076.736604	0.01
0.00489716	4077.004452	0.1
0.00488433	4077.193392	Auto
0.00487026	4077.446283	0.01
0.00487589	4077.704155	0.1
0.0048825	4077.913674	Auto
0.00488305	4078.185596	0.01
0.00479927	4078.444708	0.1
0.00480905	4078.667676	Auto
0.00480627	4078.945094	0.01
0.0049048	4079.204602	0.1
0.00484059	4079.419576	Auto
0.00489765	4079.678041	0.01
0.00488381	4079.949664	0.1
0.00487364	4080.165135	Auto
0.00492211	4080.42314	0.01
0.00489416	4080.687926	0.1
0.00491705	4080.890854	Auto
0.00491674	4081.162587	0.01
0.00490614	4081.43164	0.1
0.00490557	4081.634291	Auto
0.00490777	4081.882827	0.01
0.00489427	4082.164805	0.1
0.00487616	4082.366931	Auto
0.00490599	4082.622847	0.01
0.00488573	4082.887779	0.1
0.00488405	4083.103295	Auto
0.00488528	4083.361531	0.01
0.00488628	4083.627591	0.1
0.00488996	4083.843868	Auto
0.00487587	4084.101344	0.01
0.00491363	4084.353912	0.1
0.00492754	4084.555678	Auto
0.0049295	4084.808158	0.01
0.00491387	4085.078338	0.1
0.00490844	4085.300191	Auto
0.00491022	4085.557231	0.01
0.00491106	4085.809785	0.1
0.00492037	4086.005113	Auto
0.00491347	4086.277591	0.01
0.00490267	4086.529009	0.1
0.0049032	4086.731969	Auto
0.00490661	4086.983744	0.01
0.00491187	4087.227634	0.1
0.00490818	4087.423781	Auto
0.00490478	4087.69538	0.01
0.00488641	4087.952232	0.1
0.00490879	4088.175302	Auto
0.00490564	4088.469361	0.01
0.00489793	4088.761111	0.1
0.00491557	4088.950202	Auto
0.00491461	4089.210674	0.01
0.00491246	4089.476788	0.1
0.00490606	4089.692079	Auto
0.00496902	4089.949343	0.01
0.0049395	4090.201938	0.1
0.0049141	4090.396104	Auto
0.00490393	4090.685671	0.01
0.00488566	4090.960918	0.1
0.00490103	4091.156216	Auto
0.00490515	4091.444924	0.01
0.00490298	4091.700059	0.1
0.00490554	4091.914387	Auto
0.00492468	4092.185094	0.01
0.00494782	4092.453248	0.1
0.00493094	4092.649112	Auto
0.00494138	4092.903766	0.01
0.00493098	4093.155301	0.1
0.00492427	4093.364112	Auto
0.00493428	4093.641174	0.01
0.00492609	4093.906168	0.1
0.00493631	4094.11575	Auto
0.00494669	4094.367334	0.01
0.00491594	4094.631059	0.1
0.00491652	4094.8339	Auto
0.00491316	4095.093588	0.01
0.00490247	4095.337128	0.1
0.00492719	4095.54535	Auto
0.00489664	4095.817265	0.01
0.00495187	4096.088111	0.1
0.00495499	4096.283177	Auto
0.00495039	4096.561601	0.01
0.00494271	4096.813405	0.1
0.00492501	4097.022908	Auto
0.00493393	4097.293436	0.01
0.0049633	4097.561425	0.1
0.00493156	4097.751537	Auto
0.00497073	4098.012874	0.01
0.00495432	4098.281138	0.1
0.00494142	4098.470171	Auto
0.00493985	4098.731593	0.01
0.00492139	4098.983155	0.1
0.00492764	4099.17842	Auto
0.00492907	4099.449889	0.01
0.00492766	4099.708788	0.1
0.00493244	4099.932954	Auto
0.00496521	4100.190746	0.01
0.00491901	4100.455609	0.1
0.0049393	4100.671963	Auto
0.00493936	4100.935254	0.01
0.00495839	4101.187971	0.1
0.00496164	4101.416662	Auto
0.00494316	4101.687359	0.01
0.00498362	4101.962145	0.1
0.00495615	4102.157054	Auto
0.00493158	4102.413679	0.01
0.00492591	4102.657391	0.1
0.00493233	4102.853644	Auto
0.00492229	4103.124261	0.01
0.00493023	4103.376622	0.1
0.00492919	4103.572817	Auto
0.00494354	4103.845797	0.01
0.0049761	4104.113072	0.1
0.00496368	4104.302336	Auto
0.00500949	4104.579328	0.01
0.00493921	4104.836012	0.1
0.00494828	4105.049227	Auto
0.0049563	4105.320967	0.01
0.00496745	4105.578015	0.1
0.00494849	4105.80093	Auto
0.00485934	4106.066688	0.01
0.0048499	4106.317045	0.1
0.00489248	4106.547767	Auto
0.0049478	4106.825347	0.01
0.00496516	4107.086881	0.1
0.00494046	4107.2769	Auto
0.00494843	4107.538844	0.01
0.00494577	4107.790331	0.1
0.00500588	4107.99213	Auto
0.00507443	4108.243928	0.01
0.00509543	4108.526529	0.1
0.00508997	4108.722209	Auto
0.00506764	4108.976151	0.01
0.00510809	4109.227406	0.1
0.00508974	4109.429981	Auto
0.00508703	4109.680129	0.01
0.00495813	4109.945868	0.1
0.00497266	4110.141206	Auto
0.00496495	4110.412125	0.01
0.00493153	4110.671552	0.1
0.00496214	4110.894617	Auto
0.00497312	4111.189959	0.01
0.00504694	4111.477977	0.1
0.00506133	4111.678035	Auto
0.00508235	4111.949405	0.01
0.00510794	4112.201676	0.1
0.0051173	4112.403331	Auto
0.00510718	4112.66373	0.01
0.00512013	4112.906318	0.1
0.00514031	4113.129063	Auto
0.0051234	4113.386055	0.01
0.00512907	4113.65182	0.1
0.00512503	4113.853345	Auto
0.00507147	4114.12584	0.01
0.00507129	4114.384615	0.1
0.00508815	4114.60731	Auto
0.00508707	4114.864142	0.01
0.00507005	4115.123938	0.1
0.00507886	4115.34665	Auto
0.00505358	4115.605706	0.01
0.00501793	4115.870142	0.1
0.00513041	4116.092824	Auto
0.00512244	4116.365656	0.01
0.00515089	4116.629339	0.1
0.0051477	4116.831843	Auto
0.00516526	4117.120324	0.01
0.00516147	4117.375106	0.1
0.00513981	4117.590032	Auto
0.00507627	4117.862579	0.01
0.00512995	4118.120294	0.1
0.00496784	4118.342951	Auto
0.00501078	4118.600039	0.01
0.00501881	4118.851091	0.1
0.00499847	4119.053669	Auto
0.00495956	4119.30622	0.01
0.00497289	4119.567729	0.1
0.00510249	4119.757842	Auto
0.00509487	4120.018948	0.01
0.00513506	4120.276543	0.1
0.00512105	4120.499277	Auto
0.00508865	4120.756335	0.01
0.00510868	4121.02886	0.1
0.00511061	4121.22467	Auto
0.00513166	4121.496902	0.01
0.0050992	4121.765728	0.1
0.00501994	4121.955813	Auto
0.00502621	4122.217142	0.01
0.00500033	4122.485588	0.1
0.00499509	4122.680224	Auto
0.00499799	4122.935148	0.01
0.00501228	4123.203375	0.1
0.00500052	4123.399601	Auto
0.00498863	4123.65468	0.01
0.00511614	4123.906165	0.1
0.00510417	4124.108915	Auto
0.00512162	4124.367952	0.01
0.00509033	4124.625805	0.1
0.00535284	4124.828556	Auto
0.005131	4125.080955	0.01
0.00515617	4125.351961	0.1
0.00510477	4125.559044	Auto
0.00512675	4125.831568	0.01
0.00513857	4126.083831	0.1
0.0051429	4126.279797	Auto
0.00512308	4126.569688	0.01
0.00515289	4126.843323	0.1
0.00514965	4127.045979	Auto
0.00514002	4127.297095	0.01
0.00515545	4127.561535	0.1
0.00510196	4127.758595	Auto
0.00516918	4128.02909	0.01
0.00515386	4128.304721	0.1
0.00513392	4128.491404	Auto
0.00514496	4128.748223	0.01
0.00516811	4129.00057	0.1
0.0051651	4129.20267	Auto
0.00518758	4129.455873	0.01
0.00509086	4129.719262	0.1
0.00515071	4129.915269	Auto
0.00514154	4130.193906	0.01
0.00516844	4130.445852	0.1
0.00513446	4130.668601	Auto
0.00514566	4130.947925	0.01
0.005145	4131.199246	0.1
0.00513289	4131.394123	Auto
0.00509335	4131.673541	0.01
0.00517969	4131.934935	0.1
0.00516458	4132.124908	Auto
0.00516503	4132.386929	0.01
0.0052103	4132.645769	0.1
0.0052117	4132.874232	Auto
0.00518757	4133.146883	0.01
0.0052105	4133.39899	0.1
0.00518896	4133.593929	Auto
0.00514185	4133.883575	0.01
0.00516447	4134.158542	0.1
0.00513046	4134.36008	Auto
0.00513058	4134.619291	0.01
0.00513931	4134.863886	0.1
0.00513593	4135.086728	Auto
0.00515333	4135.344741	0.01
0.00514128	4135.602364	0.1
0.00518642	4135.825031	Auto
0.00521596	4136.084681	0.01
0.00520849	4136.348262	0.1
0.00521366	4136.563249	Auto
0.00519317	4136.822684	0.01
0.00518922	4137.088566	0.1
0.00516786	4137.290948	Auto
0.00511979	4137.562731	0.01
0.00515732	4137.813932	0.1
0.00513133	4138.009971	Auto
0.00514235	4138.304389	0.01
0.00514254	4138.566742	0.1
0.00515864	4138.768264	Auto
0.0051778	4139.039085	0.01
0.00518778	4139.297542	0.1
0.00524367	4139.520246	Auto
0.00511989	4139.777176	0.01
0.00521056	4140.043123	0.1
0.00519821	4140.258911	Auto
0.00518858	4140.516302	0.01
0.00520194	4140.781052	0.1
0.00517902	4140.996232	Auto
0.00520244	4141.262569	0.01
0.00513454	4141.513786	0.1
0.00519102	4141.735412	Auto
0.00515638	4141.994568	0.01
0.00515264	4142.266824	0.1
0.00517198	4142.462769	Auto
0.00517635	4142.741374	0.01
0.00519468	4142.992545	0.1
0.00518019	4143.215229	Auto
0.00516015	4143.479259	0.01
0.00518791	4143.724856	0.1
0.00521829	4143.920935	Auto
0.00519148	4144.193533	0.01
0.00521266	4144.458189	0.1
0.00520392	4144.673261	Auto
0.00510318	4144.938558	0.01
0.0052019	4145.190216	0.1
0.00522669	4145.419592	Auto
0.00513413	4145.691093	0.01
0.00517608	4145.949096	0.1
0.00514547	4146.164939	Auto
0.00517729	4146.42329	0.01
0.00520822	4146.660412	0.1
0.00518558	4146.862139	Auto
0.00515819	4147.114292	0.01
0.00520161	4147.36424	0.1
0.00522672	4147.601021	Auto
0.00515257	4147.853593	0.01
0.00516105	4148.104984	0.1
0.00517274	4148.319709	Auto
0.00518447	4148.571978	0.01
0.00519015	4148.842013	0.1
0.00518268	4149.064037	Auto
0.00518807	4149.322971	0.01
0.0050513	4149.594663	0.1
0.00507097	4149.789249	Auto
0.00505573	4150.061321	0.01
0.00505408	4150.311912	0.1
0.00506671	4150.514244	Auto
0.00506835	4150.767649	0.01
0.00506261	4151.018021	0.1
0.00503619	4151.253021	Auto
0.00516737	4151.50593	0.01
0.00518638	4151.756168	0.1
0.00517468	4151.979959	Auto
0.00518267	4152.236182	0.01
0.00524898	4152.501997	0.1
0.00518708	4152.702424	Auto
0.00521304	4152.981016	0.01
0.00524762	4153.239098	0.1
0.0051965	4153.461932	Auto
0.00519815	4153.740671	0.01
0.00518848	4153.984277	0.1
0.00518181	4154.180293	Auto
0.00521725	4154.451578	0.01
0.00518689	4154.703792	0.1
0.00517814	4154.907679	Auto
0.00518002	4155.177192	0.01
0.00521909	4155.44054	0.1
0.00522245	4155.636166	Auto
0.00522995	4155.890886	0.01
0.00522991	4156.149857	0.1
0.00523711	4156.358009	Auto
0.00522103	4156.629356	0.01
0.00525124	4156.887246	0.1
0.00525707	4157.110016	Auto
0.00515411	4157.367379	0.01
0.00518298	4157.619863	0.1
0.00522219	4157.815767	Auto
0.00520157	4158.087245	0.01
0.00519615	4158.338329	0.1
0.00520653	4158.533143	Auto
0.00521078	4158.812928	0.01
0.00518562	4159.063056	0.1
0.00507733	4159.285609	Auto
0.00518878	4159.544575	0.01
0.00521754	4159.802384	0.1
0.00523279	4160.024245	Auto
0.00524261	4160.282259	0.01
0.00522679	4160.547952	0.1
0.0052257	4160.748394	Auto
0.00521804	4161.027224	0.01
0.0050617	4161.271585	0.1
0.00508618	4161.466182	Auto
0.00508202	4161.738409	0.01
0.00512414	4161.996007	0.1
0.00509148	4162.2188	Auto
0.00509711	4162.485543	0.01
0.00505565	4162.729113	0.1
0.00508222	4162.924764	Auto
0.00513845	4163.196317	0.01
0.0051925	4163.45431	0.1
0.00522981	4163.676818	Auto
0.00522355	4163.934788	0.01
0.00521519	4164.201826	0.1
0.00523714	4164.409925	Auto
0.0052246	4164.662144	0.01
0.00523717	4164.949342	0.1
0.00524268	4165.139741	Auto
0.00509382	4165.393128	0.01
0.00509592	4165.651862	0.1
0.00509076	4165.874542	Auto
0.00512049	4166.133749	0.01
0.00516838	4166.399575	0.1
0.00520159	4166.608688	Auto
0.0051963	4166.860035	0.01
0.00530643	4167.141321	0.1
0.00524404	4167.336692	Auto
0.00522306	4167.608279	0.01
0.00522955	4167.86392	0.1
0.00523893	4168.079077	Auto
0.00524214	4168.34931	0.01
0.00523991	4168.617245	0.1
0.00525073	4168.806075	Auto
0.0052409	4169.084311	0.01
0.0052253	4169.365882	0.1
0.0052209	4169.588569	Auto
0.00522104	4169.846948	0.01
0.00523058	4170.118637	0.1
0.0053234	4170.320376	Auto
0.00513471	4170.579696	0.01
0.00517759	4170.857207	0.1
0.00520529	4171.059174	Auto
0.00521395	4171.317131	0.01
0.00523967	4171.554339	0.1
0.00529282	4171.749247	Auto
0.00527386	4172.02186	0.01
0.00528282	4172.278351	0.1
0.0052492	4172.501057	Auto
0.0052612	4172.76068	0.01
0.00516753	4173.04109	0.1
0.00521651	4173.23618	Auto
0.00524821	4173.521991	0.01
0.00521128	4173.782195	0.1
0.00524796	4173.991649	Auto
0.00522434	4174.247432	0.01
0.00525336	4174.523258	0.1
0.00522689	4174.719096	Auto
0.00523686	4174.980191	0.01
0.00528713	4175.237245	0.1
0.00527802	4175.439682	Auto
0.00527158	4175.711073	0.01
0.00527993	4175.969682	0.1
0.00525209	4176.192571	Auto
0.0052794	4176.458052	0.01
0.00526241	4176.719702	0.1
0.005274	4176.907441	Auto
0.00522061	4177.169641	0.01
0.00523861	4177.427192	0.1
0.00524823	4177.6509	Auto
0.00524748	4177.909587	0.01
0.00524489	4178.180857	0.1
0.00525928	4178.376894	Auto
0.00525139	4178.648139	0.01
0.00525523	4178.899274	0.1
0.00525856	4179.094291	Auto
0.00525715	4179.390637	0.01
0.00529401	4179.674324	0.1
0.00528413	4179.866597	Auto
0.00523348	4180.132695	0.01
0.00526217	4180.394815	0.1
0.00529677	4180.59165	Auto
0.00526731	4180.86219	0.01
0.00525953	4181.117011	0.1
0.00524172	4181.332006	Auto
0.00523031	4181.619111	0.01
0.00528946	4181.883972	0.1
0.00530413	4182.096911	Auto
0.0052847	4182.348129	0.01
0.00527171	4182.613671	0.1
0.00529241	4182.815233	Auto
0.0052891	4183.074778	0.01
0.0053074	4183.332736	0.1
0.00530456	4183.535694	Auto
0.00530784	4183.787014	0.01
0.00527965	4184.038667	0.1
0.00530349	4184.260248	Auto
0.00530755	4184.518399	0.01
0.00533539	4184.783159	0.1
0.00527045	4184.998189	Auto
0.00528154	4185.255244	0.01
0.00528404	4185.526426	0.1
0.00529931	4185.735044	Auto
0.00530813	4186.013977	0.01
0.00529337	4186.281642	0.1
0.00530661	4186.477313	Auto
0.00526013	4186.749964	0.01
0.00530625	4187.040625	0.1
0.00531061	4187.232593	Auto
