0.46725302740599045
0.4677884002549389
0.46715105162523857
0.4654174633524532
0.46365838113447994
0.46211599745060494
0.45899298916507275
0.46014021669853367
0.4642829827915864
0.4643977055449325
0.4618992989165067
0.45957934990439714
0.46030592734225567
0.4608285532186101
0.45818992989165025
0.45700446144040735
0.45839388145315435
0.45709369024856533
0.45321861057998664
0.4560229445506685
0.45507966857871196
0.45532186105799816
0.457973231357552
0.45664754620777503
0.45899298916507275
0.45954110898661527
0.45855959209687636
0.45826641172721433
0.45838113448056034
0.45722115997450546
0.45680050987890325
0.45626513702995475
0.45571701720841246
0.45450605481198153
0.4535500318674308
0.4525175270873162
0.45352453792224284
0.4499681325685144
0.44902485659655783
0.44913957934990373
0.4485149776927974
0.4463607393244099
0.4468068833652004
0.44913957934990384
0.44880815806245966
0.4509751434034411
0.4530146590184825
0.4559592096876986
0.45564053537284827
0.45621414913957875
0.4600127469725935
0.45983428935627735
0.46182281708094275
0.4625621414913952
0.4645634161886546
0.46409177820267633
0.4633652007648178
0.46359464627150987
0.46557042702358126
0.46585086042064944
0.46650095602294395
0.46874442319948956
0.46934353091140785
0.46666666666666606
0.4689483747609937
0.47114085404716327
0.47594646271510455
0.4770681963033773
0.48026768642447365
0.48351816443594586
0.4839133205863603
0.4885787125557675
0.4927852135117905
0.49641810070108305
0.49782026768642396
0.49867431485022257
0.499362651370299
0.5008540471637981
0.5012237093690246
0.5071892925430205
0.5078011472275329
0.5105799872530269
0.5068706182281703
0.5019247928616948
0.5006500956022939
0.4990312300828548
0.4984066284257482
0.4977692797960479
0.4931676226896107
0.48629700446143986
0.48772466539196885
0.4826258763543652
0.48302103250477957
0.48223072020395114
0.47653282345442904
0.473473550031867
0.47012109623964254
0.4684002549394515
0.46628425748884583
0.4627915869980873
0.4632632249840657
0.46249840662842506
0.4601147227533454
0.45739961759082165
0.4568897386870613
0.4599999999999996
0.46003824091778145
0.4661950286806878
0.47126832377310335
0.4827788400254933
0.48736775015933653
0.49430210325047746
0.49820267686424435
0.5066029318036962
0.5109114085404711
0.5124920331421283
0.513702995538559
0.5110006373486292
0.5080943275971952
0.5011089866156782
0.5003824091778197
0.5030082855321855
0.4969789674952193
0.49403441682600324
0.49398342893562724
0.49361376673040086
0.4907329509241549
0.4924792861695343
0.4960611854684507
0.4984576163161244
0.49683875079668505
0.5005481198215419
0.5048948374760989
0.5047928616953469
0.5054174633524532
0.5087316762268955
0.5124282982791581
0.5094582536647541
0.5119821542383679
0.5153346080305923
0.5198852772466535
0.5170681963033774
0.5183301465901843
0.5197578075207133
0.5224729126832373
0.5244614404079028
0.5245506692160607
0.5290503505417459
0.5281708094327593
0.5352071383046522
0.5325047801147222
0.5382154238368382
0.5404079031230078
0.5409560229445504
0.5446781389420008
0.5394646271510511
0.5475207138304649
0.542243467176545
0.5466156787762902
0.5458381134480557
0.5468196303377945
0.5503377947737406
0.5555003186743144
0.5599490121096234
0.5614149139579346
0.5689611217335878
0.5710643722115993
0.5788655194391328
0.5788145315487567
0.5794773741236451
0.5858508604206496
0.5896494582536642
0.5894200127469723
0.599145952836201
0.6050478011472271
0.609075844486934
0.615054174633524
0.6224856596558314
0.623581899298916
0.6267049075844482
0.6312045889101333
0.6329764181007007
0.6304015296367108
0.6259910771191838
0.620497131931166
0.6169917144678133
0.607852135117909
0.6063862332695981
0.60346717654557
0.6026513702995533
0.5949776927979601
0.587711918419375
0.5850350541746331
0.586195028680688
0.5876354365838111
0.5873295092415547
0.5865901848311023
0.5845379222434667
0.5822689611217332
0.5807520713830462
0.5824091778202672
0.5885659655831735
0.5901720841300186
0.5910006373486294
0.5914595283620135
0.5905035054174629
0.5917399617590817
0.591931166347992
0.5929381771829186
0.5922498406628423
0.5898279158699805
0.585111536010197
0.5834671765455701
0.5755385595920964
0.5734225621414909
0.5728871892925425
0.5661695347354999
0.566322498406628
0.5667304015296363
0.5704397705544929
0.5800764818355637
0.5868578712555763
0.6036711281070742
0.6149394518801781
0.6289228808158057
0.643250478011472
0.6651370299553853
0.6837858508604204
0.6967622689611216
0.7068578712555766
0.7044231994901209
0.713435309114085
0.7160866794136389
0.7178457616316121
0.7247673677501592
0.7225876354365836
0.7186870618228169
0.7111790949649455
0.7097514340344164
0.7068068833652003
0.7156532823454429
0.7117272147864877
0.7029190567240278
0.7008795411089863
0.6959082217973228
0.697221159974506
0.693103887826641
0.6996940726577435
0.698852772466539
0.6998725302740596
0.6942128744423196
0.6952708731676225
0.7034671765455702
0.707660930528999
0.7100191204588908
0.7115615041427658
0.7113575525812617
0.7144423199490118
0.7094837476099424
0.7150159337157422
0.7207138304652643
0.7229572976418099
0.7268706182281707
0.7227788400254935
0.7240917782026767
0.7217845761631609
0.7328871892925426
0.7280305927342253
0.7278138942001271
0.7202421924792859
0.72050987890376
0.7112810707456976
0.7041427660930527
0.7108476736775013
0.7121223709369021
0.7089101338432121
0.7126832377310384
0.7152071383046523
0.7215678776290627
0.7288591459528361
0.7326959847036326
0.7402676864244738
0.7457616316124918
0.7427278521351175
0.7457106437221156
0.7549012109623963
0.7585723390694707
0.7661057998725301
0.7665774378585083
0.7771829190567237
0.7777565328234542
0.7710133843212235
0.7757297641810068
0.7762651370299551
0.7718419375398341
0.7672657743785847
0.7532186105799871
0.7505035054174632
0.7473295092415548
0.7351561504142763
0.7399362651370296
0.7436073932441041
0.7324665391969404
0.736010197578075
0.7369024856596554
0.7472657743785848
0.7592606755895472
0.7676226896112172
0.7676609305289991
0.7709751434034413
0.7740471637985975
0.7891140854047161
0.8053154875717015
0.8179094964945823
0.838495857233907
0.8452899936265136
0.8534735500318672
0.8541618865519436
0.8752581261950284
0.8858891013384319
0.8924410452517525
0.8951688973868706
0.8921606118546844
0.8875717017208412
0.8799107711918417
0.8755513065646906
0.8778967495219883
0.8850478011472274
0.8733843212237092
0.8708221797323135
0.8685277246653917
0.8689611217335881
0.875920968769917
0.870248565965583
0.8739961759082217
0.8775015933715741
0.871561504142766
0.8710516252390055
0.867278521351179
0.8633524537922243
0.8681453154875716
0.8671510516252386
0.8679413639260674
0.8717527087316761
0.8735627788400254
0.8750924155513066
0.8811727214786488
0.8738049713193115
0.8912300828553217
0.8940599107711917
0.8926449968132567
0.8972339069470999
0.8910516252390056
0.895959209687699
0.8988272785213511
0.8969789674952197
0.906258763543658
0.9077884002549391
0.9057998725302738
0.9104907584448693
0.9120203951561502
0.9110261312938176
0.9147864882090501
0.9128362014021667
0.9090376035691522
0.9134735500318673
0.9042065009560228
0.9180752071383044
0.9195538559592096
0.9222179732313573
0.9265264499681325
0.9327979604843849
0.944423199490121
0.9524920331421286
0.9718929254302102
0.9809560229445508
0.9983683875079667
0.9999490121096237
1.0132823454429571
1.0181134480560865
1.0231867431485022
1.021440407903123
1.0182536647546208
1.0161249203314213
0.9998215423836837
1.001708094327597
0.9931166347992352
0.9890503505417462
0.9823072020395155
0.9751179094964942
0.9678011472275333
0.972938177182919
0.9738177182919054
0.983173996175908
0.9883875079668577
0.9924665391969408
0.9929381771829189
0.9984321223709365
0.9993116634799233
1.011714467813894
1.014518801784576
1.0190949649458252
1.0257488846398979
1.033116634799235
1.0416826003824091
1.0426386233269598
1.0468706182281708
1.0474059910771192
1.0568005098789035
1.0478648820905034
1.0608922880815805
1.0549139579349904
1.0523135755258126
1.0493562778840024
1.048629700446144
1.047469725940089
1.0469343530911406
1.05189292543021
1.0426131293817718
1.0571064372211598
1.0535755258126194
1.058852772466539
1.0590439770554494
1.0653027405991076
1.061440407903123
1.061669853409815
1.0694455066921604
1.0675589547482471
1.0751816443594646
1.0698024219247926
1.0707202039515615
1.068948374760994
1.070044614404079
1.069177820267686
1.0721606118546843
1.0796175908221795
1.0765965583173995
1.0775780752071382
1.0804461440407902
1.0798215423836834
1.0911918419375395
1.101529636711281
1.1083110261312938
1.1044741873804969
1.120178457616316
1.1177310388782662
1.1309623964308475
1.1406373486297003
1.144474187380497
1.1614404079031229
1.1541618865519436
1.1526322498406627
1.1533843212237096
1.1675844486934353
1.1620267686424472
1.1703250478011473
1.161988527724665
1.167214786488209
1.1644231994901209
1.1692797960484385
1.1787253027405988
1.1844486934353091
1.1921096239643083
1.1865137029955384
1.1907202039515612
1.1877629063097515
1.2009177820267685
1.1968769917144677
1.2008285532186107
1.1966602931803696
1.1935882727852136
1.2023709369024855
1.2020012746972595
1.2055449330783938
1.205901848311026
1.2065901848311027
1.2009942638623325
1.2062077756532823
1.2163161249203314
1.214187380497132
1.2183301465901848
1.2069980879541107
1.2062587635436581
1.2050605481198213
1.2091650732950923
1.2091140854047164
1.2175780752071383
1.2133588272785212
1.2063862332695985
1.2109623964308476
1.2048311026131293
1.211548757170172
1.2083365200764817
1.2116889738687062
1.210108349267049
1.2091778202676864
1.2018738049713191
1.2106182281708093
1.215564053537285
1.2085659655831742
1.221504142766093
1.2184321223709367
1.2327979604843848
1.233256851497769
1.2397705544933078
1.2479668578712555
1.2506692160611854
1.242817080943276
1.241440407903123
1.2481963033779477
1.2520841300191203
1.2654684512428296
1.2650223072020392
1.26534098151689
1.2758572339069472
1.2751688973868707
1.2876609305289994
1.3067304015296366
1.3152963671128106
1.3249968132568513
1.3255576800509878
1.330121096239643
1.3289866156787762
1.3368514977692796
1.3316634799235179
1.3452899936265137
1.3433779477374124
1.341491395793499
1.3350924155513064
1.3381389420012748
1.3319311663479922
1.3312428298279158
1.335831739961759
1.3422307202039514
1.3360611854684512
1.3351943913320585
1.3318291905672404
1.3348119821542384
1.3454429572976419
1.3439260675589546
1.3590439770554492
1.3609432759719569
1.3594518801784574
1.3622689611217336
1.3720331421287444
1.3667431485022306
1.3804588910133844
1.3747482472912682
1.3796430847673677
1.3780369662205227
1.372912683237731
1.371841937539834
1.3808795411089867
1.378559592096877
1.3877374123645634
1.3911536010197576
1.3847291268323774
1.388463989802422
1.3931676226896113
1.3950796685787126
1.403072020395156
1.4110261312938177
1.415615041427661
1.416073932441045
1.4144933078393882
1.4191841937539835
1.4269853409815167
1.4364435946462712
1.4368005098789038
1.4490503505417462
1.453193116634799
1.4538177182919054
1.4507329509241556
1.457119184193754
1.4527597195666029
1.4579349904397705
1.4551051625239004
1.4547609942638624
1.4522880815806247
1.4556532823454431
1.4591714467813892
1.4636711281070747
1.4608030592734225
1.4650350541746335
1.4663989802421924
1.4672147864882092
1.4750414276609305
1.4748247291268324
1.4792351816443592
1.4662205226258764
1.4695729764181007
1.467087316762269
1.4794518801784575
1.473154875717017
1.484525175270873
1.484550669216061
1.4811089866156786
1.4812109623964307
1.489968132568515
1.5078011472275334
1.5036073932441045
1.5073550031867433
1.50861695347355
1.5152453792224347
1.5105672402804335
1.509840662842575
1.51402166985341
1.5146717654557043
1.5039260675589547
1.4933843212237092
1.4918291905672403
1.4984831102613128
1.491421287444232
1.4920713830465264
1.4893690248565963
1.4890121096239641
1.4841810070108348
1.485927342256214
1.4777437858508602
1.4798725302740596
1.4749394518801782
1.4580497131931163
1.4604588910133842
1.450006373486297
1.4439898024219249
1.4452135117909495
1.4491523263224981
1.4405608667941365
1.4537157425111535
1.454200127469726
1.4618865519439133
1.4775143403441684
1.4808540471637985
1.4981261950286808
1.5140216698534097
1.5123135755258126
1.5202676864244742
1.5320203951561504
1.5390057361376672
1.5479668578712555
1.5586998087954111
1.5531421287444231
1.560152963671128
1.5615806246016573
1.5591077119184196
1.5634671765455703
1.5616698534098152
1.5630465264499682
1.5534353091140856
1.5487826641172722
1.544639898024219
1.5417080943275974
1.5374633524537922
1.531013384321224
1.5380497131931163
1.5403824091778204
1.5388655194391334
1.5402166985340984
1.5541108986615682
1.5613001912045892
1.55974506054812
1.5729381771829192
1.573970681963034
1.5828043339706819
1.581631612492033
1.5859910771191843
1.5895729764181008
1.6024346717654556
1.598980242192479
1.5996813256851496
1.607393244104525
1.6166857871255575
1.6250732950924156
1.633167622689611
1.6383428935627788
1.6519184193753982
1.6634416826003826
1.6638750796685786
1.67729764181007
1.6837985978330146
1.685736137667304
1.682791586998088
1.6833906947100066
1.6757297641810072
1.6775908221797324
1.6747992351816443
1.6677756532823456
1.6697514340344168
1.6697259400892288
1.6655576800509877
1.6721733588272787
1.6676099426386235
1.6755385595920966
1.6795028680688338
1.681516889738687
1.6796940726577438
1.6809942638623327
1.677272147864882
1.670006373486297
1.6771956660293181
1.6676991714467815
1.6672657743785853
1.662549394518802
1.6618228170809433
1.661325685149777
1.659923518164436
1.6667941363926067
1.6667304015296367
1.6759592096876994
1.6709241555130658
1.6751688973868708
1.6781007010834927
1.6747227533460802
1.6859655831739964
1.685685149776928
1.7018865519439133
1.7000127469725939
1.7052390057361375
1.7007010834926706
1.7098024219247925
1.7218228170809433
1.7245251752708735
1.734187380497132
1.7247928616953474
1.7340216698534097
1.732912683237731
1.7394518801784575
1.747151051625239
1.753065646908859
1.7586615678776292
1.7472912683237731
1.7550541746335244
1.7551561504142768
1.763008285532186
1.764372211599745
1.7637093690248566
1.770172084130019
1.7676226896112173
1.777055449330784
1.7711790949649455
1.787100063734863
1.7859655831739965
1.795755258126195
1.7943148502230721
1.7995920968769918
1.791102613129382
1.7907711918419376
1.7847673677501594
1.7722115997450605
1.7788400254939452
1.7724028043339706
1.7792734225621414
1.7751179094964944
1.7725175270873168
1.7674442319949013
1.7734990439770555
1.7700446144040791
1.7695857233906946
1.7748502230720202
1.7726067558954746
1.769636711281071
1.7635309114085405
1.7534735500318674
1.761096239643085
1.7538559592096876
1.7545570427023582
1.7523773103887827
1.7577055449330785
1.7598215423836838
1.758801784576163
1.7704397705544934
1.76874442319949
1.777310388782664
1.7743658381134482
1.785621414913958
1.792797960484385
1.794391332058636
1.7979477374123647
1.7996175908221796
1.8090376035691524
1.811586998087954
1.8141236456341618
1.8098024219247928
1.818712555768005
1.8273932441045253
1.8296749521988527
1.8420777565328232
1.848323773103888
1.8538049713193117
1.8552963671128107
1.8584193753983431
1.864308476736775
1.8844614404079034
1.8861822817080944
1.8865646908859144
1.8935755258126197
1.887125557680051
1.8819247928616951
1.8864244741873806
1.8829445506692162
1.8877884002549392
1.887061822817081
1.877157425111536
1.8739451880178455
1.8693307839388145
1.85697896749522
1.8707839388145318
1.8751179094964945
1.8706309751434036
1.874939451880178
1.8662587635436583
1.8680305927342258
1.866908859145953
1.8650605481198217
1.8690121096239645
1.871472275334608
1.8639260675589548
1.8614276609305291
1.8571829190567242
1.8597960484384957
1.8533078393881455
1.8623836838750798
1.8630082855321861
1.8733843212237096
1.8781644359464629
1.8831739961759082
1.8822689611217338
1.8827023581899303
1.8928489483747613
1.8949012109623964
1.9029572976418099
1.9044486934353093
1.919885277246654
1.9242574888463988
1.9191204588910133
1.92855321861058
1.937195666029318
1.9522498406628424
1.9597960484384958
1.955704270235819
1.963110261312938
1.967304015296367
1.9584958572339068
1.9586488209050352
1.9622689611217339
1.9677119184193752
1.9666156787762907
1.9710643722115997
1.965838113448056
1.9756660293180368
1.9769279796048438
1.979859783301466
1.9893690248565965
1.9966602931803696
1.998368387507967
1.9880688336520078
1.9920713830465264
1.9876736775015935
1.9943148502230719
1.987304015296367
1.992492033142129
1.9778075207138306
1.972887189292543
1.966768642447419
1.968578712555768
1.9765583173996175
1.9806755895474824
1.9913702995538558
1.9997068196303378
2.0063989802421927
2.0163798597833016
2.0377565328234546
2.0538177182919055
2.0704015296367113
2.087202039515615
2.092797960484385
2.099145952836201
2.1010197578075207
2.107762906309752
2.1225111536010197
2.1150414276609304
2.118967495219885
2.111395793499044
2.1059910771191843
2.108285532186106
2.104193753983429
2.1072147864882087
2.1062842574888467
2.0888463989802424
2.078572339069471
2.0794391332058635
2.0687826641172724
2.0762014021669852
2.0629190567240285
2.0523900573613765
2.05459528362014
2.0497259400892287
2.046118546845124
2.047253027405991
2.049853409815169
2.0487444231994902
2.0465137029955387
2.033397068196303
2.035028680688337
2.031841937539834
2.0210070108349267
2.004563416188655
1.9982409177820266
1.9997833014659017
1.9894964945825366
1.9822307202039517
1.9761504142766093
1.9817335882727853
1.9853537284894838
1.9894964945825364
2.00540471637986
2.0144805608667946
2.0235946462715106
2.026016571064372
2.040242192479286
2.0462332695984706
2.061708094327597
2.0650732950924158
2.0813766730401526
2.0818610579987253
2.0893945188017846
2.0978457616316124
2.10527724665392
2.1098279158699813
2.1165073295092416
2.118942001274697
2.124308476736775
2.141223709369025
2.1439898024219253
2.1466029318036965
2.1403314212874442
2.141606118546845
2.1336775015933713
2.137310388782664
2.1336137667304014
2.1493307839388147
2.1452262587635436
2.135946462715105
2.125634161886552
2.1395283620140213
2.1421924792861695
2.150235818992989
2.155780752071383
2.1498916507329513
2.1548119821542384
2.1409687699171447
2.1478138942001275
2.1532823454429573
2.1676864244741876
2.160956022944551
2.153906947100064
2.1599617590822175
2.160178457616316
2.168820905035054
2.1632504780114723
2.1752836201402164
2.181312938177183
2.1796685787125556
2.1791586998087955
2.1880305927342256
2.199757807520714
2.2013001912045884
2.206972594008923
2.2154620777565333
2.224601657106437
2.2265519439133206
2.2308731676226894
2.234327597195666
2.228285532186106
2.2202421924792866
2.2262077756532825
2.2351816443594648
2.2354110898661568
2.2393753983428937
2.2369407265774384
2.2449840662842577
2.2443977055449333
2.24257488846399
2.244486934353091
2.255360101975781
2.2514595283620142
2.2473677501593374
2.2455066921606117
2.2448693435309113
2.2457998725302746
2.241618865519439
2.232479286169535
2.2318546845124283
2.2328616953473555
2.224142766093053
2.229929891650733
2.2289866156787763
2.241746335245379
2.235666029318037
2.2378967495219886
2.233065646908859
2.2398470363288716
2.2465646908859145
2.253091140854047
2.2585086042065003
2.2537412364563414
2.258381134480561
2.2506309751434035
2.265188017845762
2.2761759082217976
2.286959847036329
2.2869980879541107
2.2992351816443595
2.299541108986616
2.3113702995538556
2.328311026131294
2.32244741873805
2.332619502868069
2.3345697896749518
2.3375270873167624
2.345544933078394
2.357501593371574
2.3580114722753343
2.3700828553218614
2.368578712555768
2.364168260038241
2.371051625239006
2.3731548757170176
2.36848948374761
2.3613894200127468
2.351548757170172
2.348260038240918
2.34302103250478
2.3316507329509237
2.3183938814531553
2.3137029955385597
2.3052899936265137
2.3021414913957936
2.295347355003187
2.3018610579987255
2.3
2.301096239643085
2.288400254939452
2.2928107074569786
2.2994391332058632
2.2914977692797964
2.2918929254302105
2.285710643722116
2.293129381771829
2.2837476099426386
2.2820905035054175
2.278126195028681
2.284270235818993
2.2834161886551945
2.292657743785851
2.302995538559592
2.313052899936265
2.318699808795411
2.323900573613767
2.330184831102613
2.3415551306564693
2.356303377947737
2.3708986615678778
2.377960484384958
2.3815041427660932
2.3892288081580624
2.3953601019757804
2.4029063097514345
2.4061440407903123
2.4105672402804337
2.423008285532186
2.4220395156150416
2.4236456341618866
2.4284639898024216
2.4325685149776928
2.434110898661568
2.4305927342256215
2.439757807520714
2.4440280433397064
2.45363926067559
2.449980879541109
2.44346717654557
2.448655194391332
2.4451497769279795
2.444958572339069
2.4482217973231357
2.4556660293180372
2.445838113448056
2.449942638623327
2.4404716379859783
2.442281708094327
2.4493817718291906
2.44308476736775
2.4441045251752707
2.445889101338432
2.442268961121733
2.4395920968769915
2.436673040152964
2.4282345442957296
2.434200127469726
2.437029955385596
2.43176545570427
2.435474824729127
2.4310261312938177
2.422523900573614
2.421618865519439
2.4212364563416187
2.429636711281071
2.4267813894200128
2.433269598470363
2.4313320586360745
2.4419757807520712
2.444971319311664
2.45370299553856
2.469878903760357
2.483365200764818
2.497131931166348
2.5032377310388783
2.5209942638623324
2.5275589547482475
2.52772466539197
2.535079668578712
2.534888463989802
2.5435946462715107
2.5415806246016572
2.542307202039516
2.5336392606755895
2.5302740599107714
2.525901848311026
2.5193753983428935
2.5205991077119183
2.515462077756533
2.519069471000637
2.5209560229445502
2.5161631612492035
2.5189420012746973
2.52629700446144
2.521249203314213
2.528769917144678
2.5337284894837473
2.5364563416188655
2.529917144678139
2.533486297004461
2.5321223709369023
2.5420012746972596
2.540433397068196
2.5407138304652643
2.5575780752071378
2.552504780114723
2.5463352453792223
2.537769279796049
2.54534098151689
2.5469853409815166
2.548731676226896
2.5502103250478014
2.5486169534735503
2.545035054174634
2.539018483110261
2.5461567877629063
2.546003824091778
2.558840025493945
2.555615041427661
2.551969407265774
2.547609942638623
2.5449075844486937
2.543097514340344
2.551612492033142
2.5603951561504146
2.55685149776928
2.573065646908859
2.5745315487571703
2.584652644996813
2.5964945825366477
2.611395793499044
2.6178330146590185
2.6288081580624603
2.627138304652645
2.630427023581899
2.637565328234544
2.6418228170809432
2.6383811344805608
2.637845761631613
2.6388527724665396
2.631867431485022
2.633613766730402
2.6366730401529637
2.6420650095602296
2.6444614404079037
2.6381516889738688
2.63949012109624
2.6409560229445512
2.649649458253665
2.6456086679413637
2.6544168260038243
2.6512810707456977
2.647648183556406
2.641261950286807
2.6304525175270874
2.638814531548757
2.6289228808158063
2.6319821542383686
2.6234544295729765
2.621669853409815
2.615818992989165
2.617055449330784
2.618521351179095
2.6236838750796685
2.630503505417464
2.6290630975143405
2.6310133843212236
2.634582536647546
2.644091778202677
2.6478393881453153
2.6550414276609304
2.664754620777565
2.674480560866794
2.674582536647546
2.6819375398342893
2.6765073295092416
2.6866921606118543
2.688731676226896
2.689126832377311
2.68906309751434
2.686449968132568
2.678674314850223
2.6776800509878904
2.6863479923518168
2.6848056086679413
2.684933078393881
2.6831357552581263
2.6784703632887186
2.6783301465901848
2.6815041427660926
2.6866411727214787
2.6887954110898664
2.677080943275972
2.672759719566603
2.665098789037603
2.671918419375399
2.6660930528999365
2.677144678138942
2.6766730401529637
2.68019120458891
2.6722115997450606
2.680203951561504
2.6933715742511155
2.687571701720841
2.694544295729764
2.6930401529636714
2.7047673677501596
2.705481198215424
2.711586998087954
2.7150286806883366
2.7205863607393246
2.708145315487572
2.702919056724028
2.7093307839388143
2.7139834289356277
2.7134480560866794
2.714416826003824
2.708884639898024
2.7119439133205865
2.7078393881453153
2.7093307839388143
2.7223454429572977
2.727699171446781
2.7269088591459525
2.7291778202676866
2.733741236456342
2.728591459528362
2.735143403441682
2.730223072020395
2.726794136392607
2.7247291268323774
2.7217845761631616
2.716367112810708
2.7288081580624604
2.723887826641173
2.72836201402167
2.724321223709369
2.7261185468451243
2.722268961121734
2.724588910133843
2.7280305927342257
2.727482472912683
2.7339834289356277
2.726806883365201
2.7308604206500955
2.733129381771829
2.7419885277246654
2.743428935627788
2.753970681963034
2.7644614404079033
2.7772084130019117
2.7822307202039513
2.7874187380497135
2.795717017208413
2.799464627151052
2.80193753983429
2.805481198215424
2.8036711281070743
2.7960356915232634
2.8008285532186106
2.798253664754621
2.7999490121096238
2.8046144040790315
2.7958317399617596
2.803454429572976
2.8009815168897383
2.8055321861058
2.8039260675589546
2.81427660930529
2.8091778202676863
2.807469725940089
2.8089993626513707
2.8000127469725937
2.81151051625239
2.8000509878903763
2.7980624601657107
2.787189292543021
2.7961121733588272
2.7888209050350548
2.789585723390695
2.7869980879541107
2.7916507329509246
2.797743785850861
2.7994391332058632
2.807584448693435
2.8154748247291264
2.8170554493307844
2.819694072657744
2.8211599745060547
2.8269088591459526
2.825200764818356
2.8203186743148505
2.8186615678776294
2.8109114085404716
2.80508604206501
2.8049330783938817
2.8044231994901208
2.804499681325685
2.809330783938814
2.8132186105799875
2.8241045251752706
2.8335882727852133
2.851166347992352
2.860012746972594
2.8794136392606755
2.886411727214786
2.8962141491395794
2.8992224346717657
2.9021542383683876
2.900344168260038
2.899528362014022
2.902664117272148
2.892517527087317
2.8992989165073295
2.895933715742511
2.902868068833652
2.9018483110261313
2.90295729764181
2.90534098151689
2.9069853409815174
2.908629700446144
2.9051497769279795
2.898623326959848
2.8955513065646907
2.8923518164435946
2.8834544295729767
2.8897769279796046
2.8859655831739963
2.890758444869344
2.881797323135755
2.873779477374124
2.8780624601657108
2.883671128107075
2.884665391969407
2.880280433397068
2.885519439133206
2.8837985978330147
2.894200127469726
2.889330783938815
2.899847036328872
2.91748884639898
2.9159974506054813
2.9276481835564057
2.928948374760994
2.9369917144678146
2.9418483110261313
2.948247291268324
2.9579604843849583
2.968859145952836
2.9719184193753985
2.97453154875717
2.9888973868706183
2.9825748884639895
2.9944678138942
2.9977055449330785
3.0028298279158703
3.0029827915869984
3.002600382409178
3.002868068833652
3.010949649458254
3.001797323135755
2.9955130656469087
2.9985213511790954
2.9896876991714465
2.9944678138942
2.9910516252390056
2.999515615041428
2.989789674952199
2.9937539834289355
2.986768642447419
3.002243467176546
3.0064627151051626
3.0121606118546844
3.016927979604844
3.019732313575526
3.0179732313575527
3.0181644359464626
3.0254557042702355
3.021886551943913
3.029993626513703
3.0165200764818354
3.004933078393881
3.002664117272148
3.001988527724665
3.0016188655194393
2.999069471000637
2.9942256214149134
2.9838368387507965
2.9862970044614405
2.978852772466539
2.9900446144040793
2.9912555768005102
2.991599745060548
2.9893690248565967
2.986131293817718
2.985634161886552
2.991242829827916
2.9948119821542383
2.991727214786488
3.002804333970682
3.0022817080943276
3.006998087954111
3.0100573613766732
3.009292543021033
3.013945188017846
3.0283110261312935
3.0252135117909495
3.0339069471000637
3.041886551943913
3.0421924792861694
3.037692797960485
3.052976418100701
3.0543148502230717
3.0606755895474826
3.0647291268323777
3.057068196303378
3.063237731038878
3.061414913957935
3.0567622689611214
3.054161886551944
3.0560611854684514
3.0532058636073933
3.057348629700446
3.0649968132568515
3.0592861695347353
3.063033779477374
3.072695984703633
3.083377947737412
3.0972339069470998
3.1047418738049712
3.1123263224984066
3.110248565965583
3.1093817718291903
3.1035181644359464
3.1060420650095604
3.1176545570427026
3.1098151688973874
3.111854684512428
3.108961121733588
3.109674952198853
3.1206883365200766
3.1292160611854687
3.1363033779477374
3.149496494582537
3.1650860420650093
3.173218610579987
3.1787762906309753
3.1823836838750794
3.186666666666667
3.190732950924156
3.1833906947100066
3.178036966220523
3.1804461440407903
3.1704015296367114
3.160356915232632
3.1475207138304655
3.1433142128744427
3.130095602294455
3.1234416826003826
3.114200127469726
3.112096876991714
3.111892925430211
3.0923263224984066
3.080101975780752
3.080178457616316
3.0707711918419376
3.0687189292543025
3.0654811982154238
3.06333970681963
3.060458891013384
3.0564308476736777
3.0486424474187377
3.0518674314850225
3.0656978967495223
3.054442319949012
3.0602039515615043
3.055079668578713
3.0610197578075202
3.054391332058636
3.056061185468451
3.062358189929892
3.0747355003186745
3.0884130019120457
3.0885659655831743
3.1035309114085408
3.1209687699171447
3.1434289356277882
3.15176545570427
3.1747482472912685
3.1809560229445504
3.187074569789675
3.1888081580624603
3.199834289356278
3.2119184193753982
3.215258126195028
3.204346717654557
3.1968260038240914
3.188655194391332
3.1898279158699805
3.196876991714468
3.198865519439133
3.197654557042702
3.193244104525175
3.1907074569789673
3.1822817080943278
3.187214786488209
3.190286806883365
3.1894455066921608
3.1822562141491395
3.1818738049713193
3.1708859145952832
3.1706564690885917
3.1666029318036966
3.156214149139579
3.169572976418101
3.1633142128744423
3.155538559592097
3.1664499681325684
3.17138304652645
3.167992351816444
3.1812619502868067
3.1779477374123646
3.1835564053537286
3.190261312938177
3.1840025493945188
3.1971574251115356
3.207163798597833
3.210758444869344
3.2178712555768008
3.221185468451243
3.22836201402167
3.245697896749522
3.254569789674952
3.268897386870618
3.2847418738049714
3.2891905672402806
3.282944550669216
3.2863607393244108
3.278814531548757
3.283938814531549
3.2758062460165713
3.2668196303377948
3.2572594008922877
3.240943275971957
3.22899936265137
3.218546845124283
3.2211854684512433
3.2194773741236458
3.213945188017846
3.2126322498406625
3.2144678138942
3.214735500318674
3.208731676226896
3.2148757170172084
3.198470363288719
3.1897131931166354
3.1820777565328235
3.1731676226896113
3.1793881453154875
3.1777182919056726
3.172122370936903
3.177284894837476
3.177845761631612
3.1828680688336517
3.2010962396430847
3.2133205863607395
3.2191841937539833
3.222166985340982
3.214378585086042
3.2155258126195028
3.229432759719567
3.2277119184193754
3.240076481835564
3.241618865519439
3.243033779477374
3.247648183556406
3.261389420012747
3.2637476099426386
3.2753601019757808
3.279464627151052
3.2886042065009558
3.2893180369662205
3.30025493945188
3.312721478648821
3.3158572339069474
3.319961759082218
3.325200764818356
3.339604843849586
3.348476736775016
3.3503760356915233
3.3453282345442954
3.3521861057998725
3.352033142128744
3.343900573613767
3.354200127469726
3.3550031867431485
3.3556660293180367
3.357374123645634
3.360433397068196
3.3659273422562137
3.369751434034417
3.3647546207775654
3.3654557042702358
3.3690630975143407
3.3614149139579355
3.3675717017208417
3.358827278521351
3.3649458253664752
3.353256851497769
3.352288081580624
3.345086042065009
3.3535882727852138
3.3491650732950924
3.3441937539834288
3.357182919056724
3.347125557680051
3.357246653919694
3.3448948374760996
3.3519311663479927
3.350656469088592
3.3504142766093055
3.3420905035054176
3.3402804333970684
3.3484257488846403
3.335984703632887
3.3472275334608033
3.347405991077119
3.3580497131931164
3.362970044614404
3.3618100701083495
3.3653409815168898
3.37112810707457
3.3770299553855962
3.3776163161249206
3.3823581899298913
3.381759082217973
3.3782791586998084
3.364588910133843
3.36
3.3667176545570427
3.3594391332058633
3.3624984066284256
3.361657106437221
3.3566602931803695
3.3507839388145317
3.3461312938177183
3.3388910133843215
3.339031230082855
3.335576800509879
3.3370299553855958
3.3363926067558953
3.3297259400892285
3.319821542383684
3.3201784576163162
3.31968132568515
3.3238878266411724
3.330006373486297
3.341975780752071
3.341007010834927
3.3383811344805605
3.341912045889101
3.348413001912046
3.3520841300191204
3.3561759082217972
3.358674314850223
3.360726577437858
3.3569279796048437
3.3464499681325686
3.3492033142128745
3.3476864244741873
3.3519056724028045
3.3513065646908857
3.3626641172721476
3.3638495857233908
3.3667558954748245
3.365697896749522
3.3746845124282983
3.3821414913957937
3.3922880815806247
3.3960994263862334
3.397820267686425
3.4018483110261313
3.3898151688973868
3.388604206500956
3.395971956660293
3.397131931166348
3.3980879541108986
3.3964945825366475
3.392734225621415
3.3887444231994897
3.3946207775653283
3.388795411089866
3.393282345442957
3.388973868706182
3.380140216698534
3.378189929891651
3.3723008285532186
3.3825621414913956
3.383836838750797
3.3881580624601657
3.3844741873804973
3.3860675589547484
3.38887189292543
3.386462715105163
3.390121096239643
3.387202039515615
3.3935755258126195
3.3865519439133207
3.395602294455067
3.4035436583811345
3.40855321861058
3.4144678138942
3.4235436583811345
3.4287826641172727
3.436673040152964
3.443033779477374
3.4478393881453155
3.456609305289994
3.451485022307202
3.449521988527725
3.4517144678138942
3.4512300828553215
3.451688973868706
3.4490630975143404
3.4506564690885915
3.4475207138304658
3.4492033142128746
3.448897386870618
3.4432887189292543
3.4476354365838113
3.4411089866156788
3.4400637348629703
3.4406883365200764
3.4475079668578714
3.4452517527087316
3.442753346080306
3.4469216061185466
3.444678138942001
3.454760994263862
3.4450860420650096
3.4498789037603568
3.4549267049075847
3.449279796048439
3.4597578075207136
3.4681453154875714
3.478546845124283
3.4678776290630977
3.4782409177820273
3.4775143403441686
3.491357552581262
3.5006246016571065
3.512555768005099
3.525621414913958
3.5376673040152964
3.537399617590822
3.538355640535373
3.551497769279796
3.553269598470363
3.565685149776928
3.572504780114723
3.575768005098789
3.5784193753983424
3.5681198215423837
3.559451880178458
3.558865519439133
3.573996175908222
3.569700446144041
3.5706692160611855
3.5617463352453793
3.5569917144678143
3.5502868068833653
3.5518036966220525
3.559719566602932
3.559031230082855
3.561172721478649
3.547163798597833
3.5539069471000637
3.5495219885277245
3.5519184193753985
3.5556787762906312
3.5603951561504146
3.553065646908859
3.558419375398343
3.555755258126195
3.5573868706182283
3.5673932441045246
3.56585086042065
3.5651880178457613
3.571523263224984
3.5698151688973865
3.570656469088592
3.575717017208413
3.5765710643722115
3.59074569789675
3.592797960484385
3.599133205863607
3.6016953473550037
3.609662205226259
3.601198215423837
3.604996813256851
3.614251115360102
3.6176927979604847
3.6236201402166985
3.618483110261313
3.6154620777565327
3.6152836201402168
3.6185213511790955
3.6205991077119184
3.635028680688337
3.6337157425111535
3.635857233906947
3.629917144678139
3.6320586360739324
3.6378967495219885
3.6378202676864246
3.6263352453792224
3.6282982791586997
3.625965583173996
3.6222179732313577
3.6291013384321222
3.6177437858508603
3.6230592734225624
3.62314850223072
3.6147482472912684
3.6229955385595924
3.6242319949012107
3.623862332695985
3.6227023581899296
3.6234289356277887
3.614263862332696
3.6298024219247926
3.6277884002549396
3.6267686424474186
3.6331293817718295
3.634161886551944
3.6462587635436585
3.649878903760357
3.6618738049713193
3.670121096239643
3.6852899936265135
3.68540471637986
3.694977692797961
3.7004971319311664
3.704066284257489
3.7140599107711916
3.7117782026768644
3.7150286806883366
3.7080943275971956
3.710044614404079
3.700369662205226
3.705838113448056
3.7048565965583173
3.7046653919694075
3.702243467176545
3.7035691523263226
3.704933078393881
3.7099043977055444
3.719286169534736
3.7174633524537923
3.725455704270236
3.7149267049075845
3.717501593371574
3.7035564053537287
3.712339069471001
3.7032504780114723
3.702931803696622
3.6939706819630334
3.6848056086679413
3.6844741873804976
3.6731038878266413
3.6664627151051628
3.660012746972594
3.667597195666029
3.6604588910133846
3.668247291268324
3.669713193116635
3.678432122370937
3.6794136392606758
3.672746972594009
3.6856978967495224
3.6925175270873165
3.702817080943276
3.7051115360101976
3.710172084130019
3.7159082217973234
3.714544295729764
3.717221159974506
3.721249203314213
3.736022944550669
3.7378585086042064
3.7495219885277247
3.7531931166347996
3.7649840662842573
3.7773996175908224
3.7838878266411724
3.7993626513702994
3.803454429572976
3.8071637985978333
3.804206500956023
3.8072402804333967
3.796940726577438
3.7932950924155513
3.7756405353728493
3.750758444869343
3.7337539834289353
3.715742511153601
3.7006373486297006
3.695436583811345
3.682523900573614
3.6764308476736773
3.675768005098789
3.6641300191204587
3.6736265137029953
3.6881325685149777
3.687469725940089
3.6922498406628423
3.7032377310388784
3.7016316124920334
3.7031102613129385
3.7016188655194386
3.7035946462715104
3.7073167622689613
3.7117144678138945
3.7125430210325048
3.713855959209688
3.717221159974506
3.721057998725303
3.7260165710643727
3.7396303377947735
3.745838113448056
3.7578202676864243
3.7613766730401528
3.763645634161887
3.767584448693435
3.772836201402167
3.77093690248566
3.7676481835564055
3.7633014659018484
3.758699808795411
3.7489993626513707
3.7484002549394515
3.7552708731676225
3.7467176545570426
3.7479286169534736
3.7518674314850227
3.750261312938177
3.7408540471637988
3.742919056724028
3.744550669216061
3.7503887826641176
3.7409815168897387
3.732759719566603
3.736800509878903
3.721478648820905
3.714327597195666
3.718534098151689
3.7238113448056085
3.731497769279796
3.727010834926705
3.733371574251115
3.735653282345443
3.7535882727852137
3.753957934990439
3.7723518164435945
3.777437858508604
3.7930146590184832
3.7965455704270235
3.801057998725303
3.8153728489483747
3.8216188655194387
3.8247801147227536
3.8138177182919057
3.823492670490759
3.8288463989802426
3.8331293817718293
3.8254684512428296
3.8381899298916506
3.8369152326322498
3.8379094964945826
3.834187380497132
3.8435436583811344
3.854365838113448
3.8584066284257488
3.8477119184193747
3.8549139579349903
3.85685149776928
3.8577947737412366
3.8577310388782666
3.860790312300829
3.861542383683875
3.865264499681326
3.8651880178457616
3.866832377310389
3.8835564053537284
3.889369024856596
3.8966475462077756
3.899056724028043
3.908629700446144
3.906003824091778
3.9112300828553215
3.9152708731676227
3.918738049713193
3.904996813256852
3.89672402804334
3.885774378585086
3.8860930528999362
3.8714085404716374
3.8636711281070744
3.864550669216061
3.855704270235819
3.845137029955386
3.83408540471638
3.835615041427661
3.8318036966220523
3.8392096876991713
3.827100063734863
3.841899298916507
3.8476609305289995
3.8434416826003828
3.848910133843212
3.8442702358189935
3.852441045251753
3.855589547482473
3.8495219885277248
3.845876354365838
3.8450478011472278
3.8408795411089867
3.838942001274697
3.8464372211599747
3.854697259400892
3.869980879541109
3.8692288081580624
3.8831357552581265
3.8961121733588273
3.9048820905035053
3.91993626513703
3.9295984703632882
3.9289866156787765
3.93453154875717
3.928336520076482
3.9293562778840028
3.9351306564690884
3.931778202676864
3.9373103887826644
3.932708731676227
3.9357425111536006
3.924729126832377
3.927686424474187
3.9207903123008285
3.923964308476737
3.9180369662205226
3.9183556405353728
3.91949012109624
3.9233779477374124
3.9229955385595923
3.9188527724665394
3.920624601657107
3.9209432759719567
3.91955385595921
3.9168514977692794
3.921924792861695
3.9176927979604836
3.916188655194391
3.9028298279158697
3.898942001274697
3.892543021032505
3.8989547482472915
3.8978075207138305
3.9053664754620776
3.9143658381134485
3.909203314212875
3.9121988527724665
3.9123900573613763
3.922931803696622
3.9308094327597196
3.932555768005098
3.9195666029318037
3.926398980242192
3.920114722753346
3.92289356277884
3.9238623326959843
3.9216698534098153
3.9155768005098786
3.9171319311663475
3.91182919056724
3.9106947100063736
3.9258636073932442
3.929165073295092
3.9290630975143404
3.925901848311026
3.9359337157425114
3.9374760994263864
3.9530146590184834
3.9525940089228806
3.9561376673040156
3.9704780114722755
3.9662715105162527
3.9660930528999363
3.9812237093690244
3.9892925430210324
3.991344805608668
3.994289356277884
3.9979732313575522
3.994646271510516
4.005391969407266
4.007342256214149
4.013830465264499
4.015462077756533
4.00251115360102
3.999528362014022
3.9894837476099427
3.996685787125558
3.985876354365838
3.9930146590184834
3.9867304015296368
3.981580624601657
3.9824091778202675
3.982472912683238
3.9811344805608666
3.9799107711918422
3.989789674952199
3.983275971956661
3.990057361376673
3.993575525812619
3.991688973868706
3.9933078393881454
3.990414276609305
3.9945188017845763
4.004346717654557
4.0087571701720845
3.9977310388782663
4.008017845761632
4.008961121733589
4.001363926067559
4.0116507329509234
4.012135117909496
4.013652007648183
4.023186743148503
4.0203441682600385
4.0227533460803055
4.031816443594646
4.037017208413002
4.037973231357553
4.053677501593372
4.050783938814532
4.057068196303378
4.055882727852135
4.042230720203952
4.049534735500319
4.044435946462715
4.0544678138942
4.042345442957298
4.0511790949649455
4.0378840025493945
4.045506692160612
4.048731676226897
4.057807520713831
4.067597195666029
4.067253027405991
4.077578075207137
4.066003824091778
4.068272785213512
4.063492670490758
4.063186743148502
4.063441682600382
4.0539324410452515
4.0543913320586356
4.048119821542383
4.049165073295092
4.048565965583174
4.0621797323135755
4.06810707456979
4.060994263862333
4.074480560866793
4.067533460803059
4.069228808158063
4.05980879541109
4.059502868068834
4.056889738687063
4.047673677501593
4.04302103250478
4.039847036328871
4.041567877629063
4.03427660930529
4.033473550031867
4.041963033779478
4.055768005098789
4.059655831739962
4.065073295092415
4.068272785213511
4.062625876354367
4.064882090503505
4.073320586360739
4.0745570427023585
4.082995538559592
4.083824091778203
4.075768005098789
4.06823454429573
4.066921606118547
4.058546845124282
4.055500318674315
4.053499043977055
4.044359464627152
4.032504780114723
4.02797960484385
4.014034416826004
4.018100701083493
4.03068196303378
4.0311281070745695
4.047495219885277
4.05929891650733
4.072479286169535
4.087061822817081
4.109024856596558
4.11157425111536
4.137004461440409
4.136316124920332
4.138674314850223
4.143123008285532
4.147482472912683
4.155869980879541
4.154620777565329
4.156099426386233
4.153804971319312
4.1617845761631616
4.156494582536648
4.160012746972594
4.161759082217973
4.160216698534098
4.159082217973231
4.144780114722754
4.1437985978330145
4.136214149139579
4.132708731676226
4.128884639898025
4.123326959847037
4.117985978330147
4.116698534098152
4.122103250478012
4.121708094327596
4.130427023581899
4.133193116634799
4.130630975143403
4.127737412364564
4.115997450605481
4.119311663479924
4.1149139579349905
4.112224346717655
4.101185468451242
4.102727852135118
4.096290630975143
4.0884384958572335
4.086156787762906
4.09646908859146
4.102485659655832
4.103887826641173
4.11402166985341
4.113167622689611
4.111561504142766
4.1088336520076485
4.113205863607393
4.121389420012747
4.1350924155513065
4.128183556405354
4.124703632887189
4.119604843849586
4.116022944550669
4.119732313575526
4.134875717017208
4.126641172721478
4.1295857233906945
4.120038240917782
4.114072657743786
4.109165073295092
4.123008285532186
4.122562141491396
4.121963033779477
4.124040790312301
4.115181644359464
4.12508604206501
4.1170936902485655
4.118177182919056
4.115283620140216
4.117144678138942
4.107558954748248
4.115449330783939
4.121338432122371
4.11646908859146
4.12585086042065
4.1264754620777575
4.138215423836838
4.142817080943276
4.148311026131294
4.159592096876992
4.162625876354365
4.160713830465264
4.158304652644997
4.1659273422562135
4.1568769917144675
4.159196940726578
4.148820905035055
4.153397068196304
4.151421287444232
4.149840662842575
4.159133205863608
4.16604206500956
4.169343530911409
4.173690248565966
4.18572339069471
4.182345442957297
4.19570427023582
4.188629700446144
4.201504142766093
4.195627788400254
4.187966857871256
4.187686424474188
4.189177820267687
4.181440407903123
4.183275971956661
4.19061822817081
4.192530274059911
4.204346717654556
4.205940089228808
4.207010834926705
4.21131931166348
4.210312300828553
4.2188910133843205
4.220726577437858
4.225315487571701
4.221007010834927
4.227061822817081
4.2262205226258756
4.2327469725940094
4.240331421287444
4.252377310388783
4.25363926067559
4.26333970681963
4.26791586998088
4.2706947100063735
4.277731038878267
4.27717017208413
4.27780752071383
4.260127469725941
4.261363926067559
4.257667304015296
4.249993626513703
4.236685787125558
4.2359464627151056
4.220101975780752
4.219439133205864
4.202523900573614
4.193397068196303
4.194314850223071
4.195117909496494
4.183428935627789
4.17878903760357
4.179439133205864
4.170452517527087
4.176838750796685
4.1679923518164435
4.173562778840025
4.1728999362651376
4.170235818992989
4.1567495219885275
4.15151051625239
4.1533078393881455
4.143161249203314
4.153001912045889
4.147202039515615
4.1528616953473545
4.148285532186106
4.146985340981517
4.154888463989802
4.158763543658381
4.1708476736775015
4.177476099426387
4.181873804971319
4.1772721478648815
4.180803059273423
4.1843722115997455
4.192810707456979
4.208413001912046
4.20842574888464
4.2162396430847675
4.2286297004461435
4.2271255576800515
4.240637348629701
4.242472912683239
4.2534862970044625
4.246284257488847
4.255615041427661
4.259528362014022
4.252517527087317
4.259910771191842
4.2472020395156145
4.261453154875717
4.2537284894837475
4.266144040790311
4.260535372848947
4.272390057361377
4.261988527724665
4.258240917782027
4.266577437858509
4.26785213511791
4.27685149776928
4.268884639898024
4.275321861057998
4.270197578075207
4.278967495219885
4.285251752708732
4.296430847673678
4.304550669216062
4.305315487571702
4.308463989802422
4.314620777565328
4.322651370299553
4.331816443594646
4.333397068196303
4.340777565328235
4.336647546207776
4.343773103887826
4.345965583173996
4.348056086679414
4.352402804333971
4.342281708094327
4.349012109623964
4.347890376035691
4.352517527087317
4.348221797323136
4.3493307839388144
4.341593371574252
4.3292670490758445
4.338891013384322
4.331752708731676
4.339604843849585
4.333766730401531
4.326730401529637
4.326322498406628
4.319987253027406
4.323416188655194
4.318279158699809
4.329241555130656
4.324168260038241
4.321669853409815
4.312874442319949
4.311472275334608
4.307635436583811
4.311688973868706
4.319515615041428
4.312262587635436
4.32476736775016
4.31414913957935
4.319311663479923
4.323390694710007
4.3364818355640535
4.342396430847674
4.358317399617591
4.355079668578713
4.34817080943276
4.349050350541747
4.3495474824729135
4.355334608030592
4.354391332058636
4.354378585086042
4.3534608030592725
4.3458763543658385
4.343913320586361
4.3415296367112814
4.3411854684512425
4.3407265774378585
4.339451880178458
4.3419885277246655
4.337119184193755
4.342715105162524
4.33491395793499
4.338189929891651
4.334059910771192
4.331931166347992
4.335143403441682
4.337884002549394
4.336647546207776
4.332823454429573
4.345672402804334
4.33678776290631
4.342613129381772
4.3508094327597195
4.352428298279159
4.357335882727852
4.350133843212237
4.351688973868706
4.344920331421288
4.351701720841301
4.346424474187381
4.346947100063734
4.339196940726578
4.334964945825367
4.33074569789675
4.3329254302103255
4.340242192479286
4.345124282982791
4.345264499681326
4.343518164435945
4.33704270235819
4.348247291268324
4.366921606118547
4.364308476736775
4.367495219885277
4.375615041427661
4.376252390057361
4.381389420012747
4.387253027405991
4.395844486934354
4.398393881453155
4.399477374123646
4.383428935627788
4.377476099426387
4.3801529636711285
4.377055449330784
4.375946462715105
4.374901210962397
4.376303377947737
4.37882727852135
4.375768005098789
4.376634799235181
4.389827915869981
4.403186743148503
4.407367750159337
4.4015933715742515
4.403416188655195
4.402409177820268
4.407418738049713
4.407112810707457
4.419069471000638
4.420242192479287
4.415857233906946
4.4219885277246656
4.412721478648821
4.4242574888464
4.436685787125558
4.441516889738687
4.444856596558316
4.445073295092416
4.440140216698534
4.442727852135119
4.454378585086043
4.4431994901210965
4.457119184193755
4.45087316762269
4.444333970681964
4.443849585723391
4.43949012109624
4.437782026768642
4.450694710006373
4.45049075844487
4.449980879541108
4.466755895474824
4.4641810070108345
4.476137667304016
4.483161249203315
4.47789674952199
4.476201402166986
4.474008922880816
4.467418738049712
4.465162523900573
4.456762268961122
4.450643722115998
4.4437731038878265
4.4378712555768
4.433932441045251
4.443530911408541
4.445570427023582
4.448859145952836
4.446666666666666
4.440318674314851
4.434123645634162
4.437845761631611
4.439018483110262
4.437973231357553
4.441198215423836
4.4380497131931165
4.435627788400255
4.436864244741874
4.43125557680051
4.4390694710006375
4.448629700446144
4.445417463352454
4.447584448693435
4.444525175270873
4.445621414913958
4.435041427660931
4.44476736775016
4.435691523263225
4.445889101338432
4.441465901848312
4.438992989165073
4.428336520076482
4.426067558954748
4.422868068833651
4.4182026768642455
4.424588910133844
4.414493307839388
4.424423199490121
4.42114722753346
4.429687699171447
4.4331166347992355
4.441453154875717
4.449904397705545
4.463632887189292
4.46706182281708
4.467826641172722
4.475117909496494
4.485391969407267
4.4991332058636075
4.492390057361376
4.500356915232633
4.504831102613129
4.508655194391332
4.508833652007649
4.517080943275972
4.525353728489484
4.5293052899936255
4.531625239005737
4.524461440407903
4.530579987253026
4.532543021032505
4.532135117909497
4.537998725302741
4.5346717654557045
4.528718929254302
4.5264244741873805
4.534225621414914
4.5326067558954755
4.53838113448056
4.547023581899299
4.542740599107712
4.552224346717655
4.558712555768005
4.558381134480561
4.572632249840663
4.571918419375399
4.572415551306565
4.572759719566603
4.579247928616953
4.581287444231995
4.589547482472913
4.581185468451243
4.57825366475462
4.586883365200765
4.580229445506692
4.597361376673041
4.60038240917782
4.613588272785213
4.608349267049076
4.608884639898024
4.604130019120458
4.619451880178459
4.617501593371574
4.620560866794137
4.62527724665392
4.614964945825366
4.616456341618865
4.600101975780753
4.604754620777566
4.603518164435946
4.609789674952199
4.596163161249203
4.593524537922243
4.585468451242829
4.575500318674314
4.570987890376035
4.55974506054812
4.550095602294455
4.53910771191842
4.529866156787763
4.518980242192479
4.515780752071383
4.509407265774379
4.510095602294455
4.5053282345442955
4.5072912683237725
4.510605481198216
4.512861695347354
4.512797960484385
4.510095602294455
4.510044614404079
4.510630975143403
4.519617590822179
4.515666029318037
4.520930528999362
4.520956022944551
4.515895474824728
4.524359464627151
4.52674314850223
4.5311281070745695
4.534110898661568
4.533167622689611
4.533550031867431
4.534391332058637
4.530796685787125
4.533677501593371
4.538470363288719
4.532007648183556
4.526080305927343
4.528973868706182
4.528629700446145
4.534416826003824
4.531625239005736
4.533906947100064
4.531102613129382
4.534659018483111
4.532186105799872
4.541223709369024
4.545200764818356
4.545838113448056
4.556099426386234
4.553346080305928
4.560012746972594
4.566118546845125
4.580726577437858
4.577437858508604
4.5912938177182925
4.587711918419376
4.594365838113449
4.602332695984704
4.607176545570427
4.610796685787125
4.6192734225621415
4.622868068833651
4.622434671765456
4.627686424474188
4.625188017845762
4.635857233906947
4.6395666029318035
4.637386870618228
4.631153601019758
4.638687061822817
4.635818992989165
4.633473550031868
4.636902485659656
4.6468068833652
4.645137029955386
4.649024856596558
4.652441045251753
4.660165710643722
4.669330783938814
4.676711281070745
4.676622052262587
4.675360101975781
4.682804333970682
4.678304652644997
4.676787762906309
4.670975143403441
4.670337794773742
4.671599745060549
4.6577820267686425
4.655411089866156
4.644537922243466
4.652823454429573
4.649139579349904
4.651739961759081
4.662281708094328
4.657820267686424
4.6589420012746965
4.655117909496495
4.665111536010198
4.661249203314213
4.6690121096239645
4.6678776290630974
4.671306564690886
4.670401529636711
4.671854684512428
4.676596558317399
4.680458891013384
4.676532823454429
4.680662842574889
4.682995538559592
4.687316762268961
4.684079031230083
4.6868068833652
4.686500956022944
4.684295729764181
4.681886551943912
4.67516889738687
4.685098789037603
4.682281708094328
4.684231994901212
4.6833397068196305
4.691191841937539
4.680815806246017
4.675347355003187
4.6787507966857875
4.687852135117909
4.6987125557680045
4.698648820905034
4.702600382409177
4.706016571064373
4.705493945188018
4.702740599107712
4.701580624601657
4.712071383046527
4.709101338432123
4.710184831102613
4.70874442319949
4.70378585086042
4.7010070108349264
4.692135117909497
4.690197578075208
4.695462077756533
4.707393244104525
4.699349904397706
4.699579349904398
4.690936902485659
4.687456978967496
4.679477374123645
4.67427660930529
4.670133843212237
4.663900573613766
4.657820267686425
4.648119821542384
4.640203951561503
4.633167622689611
4.627240280433398
4.622345442957298
4.62
4.617182919056724
4.618623326959847
4.609534735500319
4.60674314850223
4.6031102613129375
4.607635436583812
4.59917144678139
4.600407903123008
4.599018483110262
4.599706819630337
4.598189929891651
4.609942638623327
4.62321223709369
4.615525812619503
4.614888463989803
4.614926704907585
4.626233269598471
4.630031867431485
4.634365838113449
4.641924792861695
4.648017845761632
4.63761631612492
4.634824729126832
4.650414276609306
4.65357552581262
4.660140216698535
4.651281070745698
4.654748247291268
4.650758444869343
4.658419375398343
4.654085404716381
4.662039515615041
4.664231994901211
4.663250478011472
4.661899298916508
4.663798597833015
4.669458253664754
4.676137667304015
4.6810579987253025
4.679413639260677
4.687202039515615
4.692925430210325
4.6952581261950295
4.699286169534735
4.700267686424475
4.698891013384322
4.714225621414914
4.709241555130657
4.711714467813894
4.716112173358828
4.720522625876354
4.720815806246017
4.73189292543021
4.723569152326323
4.724525175270872
4.7276991714467815
4.714824729126833
4.724550669216061
4.729611217335883
4.727431485022307
4.726054811982156
4.720548119821542
4.711077119184193
4.712045889101338
4.714123645634162
4.712084130019121
4.720458891013385
4.707928616953473
4.705417463352454
4.704270235818993
4.6995028680688335
4.690834926704907
4.694671765455704
4.688591459528362
4.688986615678777
4.689636711281071
4.67901848311026
4.6778457616316125
4.679209687699171
4.680739324410452
4.692989165073295
4.702549394518802
4.70353091140854
4.712147864882091
4.719655831739962
4.725838113448057
4.735219885277247
4.743008285532185
4.742434671765456
4.752772466539197
4.751281070745698
4.75389420012747
4.761363926067558
4.759515615041428
4.763505417463352
4.7604843849585725
4.762562141491396
4.771026131293818
4.779490121096241
4.77055449330784
4.775895474824728
4.781249203314213
4.783607393244105
4.79227533460803
4.793677501593372
4.797488846398981
4.796991714467813
4.786118546845125
4.778801784576163
4.773499043977055
4.760752071383046
4.746258763543658
4.734952198852773
4.726271510516253
4.724882090503505
4.716150414276609
4.7164563416188665
4.7150924155513065
4.710210325047801
4.7097131931166345
4.711179094964947
4.713664754620777
4.722307202039516
4.725277246653919
4.723569152326323
4.727597195666029
4.728820905035055
4.73485022307202
4.7413511790949645
4.7395156150414275
4.7455959209687695
4.7579732313575525
4.748132568514978
4.749521988527724
4.750235818992989
4.752033142128744
4.74804333970682
4.747928616953473
4.751077119184194
4.75955385595921
4.755168897386871
4.755270873167624
4.751408540471639
4.757896749521988
4.754569789674952
4.751994901210962
4.752390057361377
4.745838113448056
4.743428935627788
4.739961759082218
4.734735500318674
4.726921606118546
4.730031867431485
4.725455704270235
4.724652644996812
4.7288591459528355
4.728221797323136
4.734480560866794
4.730707456978966
4.738444869343531
4.7441045251752705
4.7484639898024215
4.754569789674953
4.752772466539197
4.758151688973868
4.761975780752071
4.775423836838751
4.778164435946462
4.7851370299553855
4.7783556405353735
4.788209050350542
4.787699171446781
4.798521351179094
4.801886551943913
4.802370936902486
4.79576800509879
4.793180369662205
4.784805608667941
4.780866794136393
4.790388782664117
4.778304652644997
4.779209687699171
4.761963033779476
4.766590184831102
4.761848311026131
4.767966857871255
4.755933715742511
4.7607138304652645
4.764091778202677
4.766207775653282
4.770439770554493
4.7803314212874435
4.799324410452517
4.798801784576164
4.809509241555131
4.808769917144678
4.826921606118546
4.843046526449967
4.855181644359464
4.859349904397705
4.868349267049076
4.870312300828554
4.875678776290631
4.879566602931804
4.886985340981517
4.894990439770554
4.896622052262588
4.895742511153601
4.8930019120458885
4.89602294455067
4.90057361376673
4.90648820905035
4.900420650095603
4.907456978967495
4.8993626513703
4.905685149776928
4.894455066921606
4.895474824729127
4.89583173996176
4.8925430210325045
4.882931803696623
4.870019120458891
4.871892925430211
4.869598470363289
4.864703632887189
4.857756532823455
4.8685914595283615
4.858534098151688
4.851089866156788
4.845111536010198
4.849866156787763
4.859056724028044
4.8587253027405986
4.854926704907585
4.859949012109625
4.860777565328234
4.860165710643722
4.87119184193754
4.881835564053537
4.881236456341619
4.882791586998088
4.874569789674952
4.878610579987253
4.879847036328871
4.888336520076482
4.884181007010836
4.885226258763544
4.8763798597833015
4.869279796048438
4.872402804333971
4.877233906947099
4.87917144678139
4.881261950286808
4.886730401529637
4.885073295092416
4.8854302103250475
4.888502230720204
4.891166347992352
4.901784576163161
4.906500956022945
4.911523263224983
4.918738049713193
4.908145315487572
4.911637985978331
4.90887189292543
4.925927342256213
4.922154238368388
4.933652007648184
4.922842574888463
4.92578712555768
4.920140216698534
4.916099426386234
4.9216571064372205
4.921542383683875
4.927533460803059
4.912415551306564
4.908056086679413
4.90012746972594
4.901070745697897
4.906118546845124
4.9033142128744425
4.910796685787125
4.910376035691523
4.915372848948374
4.912173358827278
4.925073295092415
4.935551306564691
4.944359464627151
4.958967495219886
4.953129381771829
4.95402166985341
4.961606118546846
4.963467176545571
4.9617845761631605
4.968145315487573
4.969751434034417
4.968833652007648
4.969241555130656
4.965506692160612
4.9699171446781385
4.973562778840026
4.970031867431485
4.9755385595920965
4.976086679413639
4.969611217335883
4.968922880815807
4.967074569789674
4.960548119821542
4.961924792861696
4.95949012109624
4.962944550669216
4.961567877629063
4.95717017208413
4.9517017208412994
4.952976418100701
4.95068196303378
4.9511153601019755
4.95980879541109
4.949241555130657
4.9479031230082855
4.936800509878904
4.934314850223072
4.932581261950287
4.9249713193116635
4.91968132568515
4.911778202676865
4.90604206500956
4.893205863607393
4.897782026768642
4.895691523263226
4.899604843849586
4.887622689611217
4.882115997450605
4.89246653919694
4.892109623964309
4.894225621414914
4.900484384958573
4.910146590184831
4.913027405991077
4.9125940089228815
4.912619502868069
4.918942001274697
4.930159337157425
4.9331931166348
4.946781389420012
4.951854684512429
4.955143403441682
4.9593626513702995
4.957055449330785
4.967240280433397
4.972606755895476
4.978750796685787
4.978559592096877
4.971727214786488
4.970847673677502
4.972300828553219
4.971599745060548
4.966539196940727
4.968030592734225
4.961822817080943
4.969267049075845
4.978457616316125
4.9744678138942
4.978801784576163
4.974760994263862
4.969254302103251
4.977692797960485
4.978049713193117
4.983696622052262
4.985391969407265
4.9781644359464625
4.976915232632249
4.984028043339707
4.986704907584448
4.989674952198853
4.995640535372849
4.990223072020394
5.0030337794773745
5.00378585086042
5.012504780114722
5.012249840662842
5.012453792224347
5.01014659018483
5.013562778840026
5.0227533460803055
5.030133843212238
5.022919056724027
5.010694710006373
5.010898661567878
5.005009560229446
5.013753983428935
5.0002804333970685
4.995538559592098
4.993524537922244
4.979260675589548
4.974391332058636
4.979987253027406
4.9861950286806875
4.988209050350542
4.984792861695347
4.973868706182282
4.984984066284257
4.987813894200126
4.987941363926068
5.00076481835564
5.00257488846399
5.001108986615678
5.007265774378585
5.009534735500319
5.020382409177819
5.031663479923519
5.03666029318037
5.049521988527725
5.047074569789675
5.042103250478012
5.047648183556404
5.055015933715742
5.046653919694073
5.046003824091779
5.036303377947736
5.033295092415551
5.023734862970045
5.015449330783939
5.017208413001912
5.018801784576163
5.007992351816443
5.0078521351179095
5.006513702995538
5.006207775653282
5.010274059910771
5.0126704907584445
5.011332058636074
5.014174633524538
5.01768005098789
5.010414276609305
5.009547482472913
5.005047801147227
5.010006373486297
5.003620140216698
5.00970044614404
5.002345442957297
5.012122370936903
5.008667941363926
5.0130146590184825
5.019464627151051
5.030847673677502
5.033346080305928
5.0233269598470365
5.024869343530912
5.022919056724027
5.0267686424474185
5.030860420650096
5.031204588910134
5.023416188655194
5.029687699171446
5.030439770554493
5.0300956022944545
5.040471637985977
5.04251115360102
5.038240917782026
5.049369024856597
5.039451880178458
5.041631612492034
5.050962396430848
5.040433397068196
5.041300191204589
5.042740599107712
5.045047801147228
5.0461312938177185
5.054072657743785
5.048999362651371
5.059005736137667
5.0555385595920965
5.054569789674953
5.0685914595283625
5.066437221159974
5.064448693435309
5.065544933078393
5.06451242829828
5.059987253027406
5.0551943913320585
5.0448693435309115
5.05427660930529
5.052466539196941
5.052823454429572
5.043186743148502
5.052823454429573
5.050745697896749
5.0605991077119175
5.063964308476737
5.077374123645634
5.094875717017209
5.095538559592097
5.10759719566603
5.113205863607393
5.132632249840663
5.13536010197578
5.13583173996176
5.130452517527088
5.127278521351179
5.119451880178458
5.110834926704908
5.109305289993626
5.092466539196941
5.086628425748884
5.070822179732314
5.060624601657107
5.065239005736138
5.069509241555131
5.06527724665392
5.066475462077756
5.065086042065009
5.068234544295729
5.067622689611217
5.0619502868068835
5.067877629063098
5.0716889738687065
5.069534735500318
5.05621414913958
5.062727852135118
5.06667941363926
5.0765073295092416
5.071332058636074
5.081580624601657
5.072071383046526
5.071089866156788
5.071892925430211
5.083365200764819
5.107520713830465
5.113550031867432
5.111217335882728
5.111242829827916
5.120471637985978
5.126335245379223
5.149929891650734
5.161121733588272
5.16244741873805
5.1582409177820265
5.144652644996814
5.145149776927979
5.149356277884002
5.143887826641173
5.131102613129382
5.1240917782026765
5.115920968769917
5.112109623964309
5.112211599745061
5.11017208413002
5.118508604206501
5.116201402166986
5.107444231994902
5.109509241555131
5.1205226258763545
5.122778840025495
5.115372848948375
5.113448056086679
5.112275334608031
5.10416826003824
5.098674314850222
5.098610579987254
5.107584448693435
5.09993626513703
5.100267686424474
5.0929764181007
5.104066284257488
5.1076864244741875
5.104002549394519
5.110465264499682
5.110184831102613
5.115551306564691
5.108514977692797
5.118202676864245
5.121096239643085
5.126220522625876
5.126003824091778
5.116341618865519
5.118840025493945
5.115334608030593
5.122230720203952
5.123785850860421
5.130860420650095
5.131625239005736
5.136494582536648
5.140828553218611
5.143135755258126
5.145468451242829
5.161516889738687
5.166513702995538
5.161924792861695
5.16378585086042
5.167367750159337
5.169789674952199
5.167316762268962
5.1720968769917155
5.169623964308476
5.179158699808795
5.178559592096877
5.175717017208413
5.177170172084129
5.1671892925430205
5.165761631612491
5.159209687699171
5.157131931166347
5.1490630975143405
5.14289356277884
5.13929891650733
5.125748884639898
5.128476736775015
5.12263862332696
5.13344805608668
5.132836201402167
5.139464627151051
5.137221159974506
5.142919056724027
5.14912683237731
5.155678776290632
5.168158062460165
5.168400254939452
5.1840407903123005
5.1861695347355
5.1852899936265135
5.176430847673677
5.183798597833014
5.183288718929255
5.193919694072658
5.1961759082217975
5.200713830465264
5.208731676226896
5.20757170172084
5.210261312938178
5.213065646908859
5.229292543021033
5.226564690885914
5.223964308476737
5.216010197578075
5.217654557042702
5.206717654557043
5.211931166347993
5.211982154238369
5.202944550669216
5.208961121733589
5.197845761631613
5.202817080943276
5.204423199490121
5.211332058636073
5.2110898661567875
5.209458253664755
5.206794136392607
5.1979094964945824
5.200981516889739
5.200497131931167
5.203377947737413
5.201312938177184
5.196252390057361
5.195283620140216
5.183581899298916
5.194391332058636
5.18565965583174
5.1960739324410445
5.192568514977692
5.1875844486934355
5.185098789037602
5.188910133843212
5.1951561504142765
5.190707456978966
5.200025493945188
5.196940726577438
5.199107711918419
5.19806246016571
5.196316124920332
5.2
5.20435946462715
5.19306564690886
5.190630975143404
5.19293817718292
5.189840662842575
5.184767367750159
5.184257488846399
5.183365200764818
5.183288718929255
5.183607393244105
5.177960484384959
5.181159974506055
5.1893052899936265
5.180586360739324
5.1870235818992985
5.1807138304652645
5.181606118546845
5.1742766093052905
5.174314850223072
5.164512428298279
5.168247291268323
5.172492033142128
5.163645634161887
5.170643722115997
5.166692160611856
5.176163161249203
5.173065646908859
5.173116634799236
5.179247928616953
5.183428935627789
5.186284257488847
5.184499681325685
5.1917017208413005
5.19580624601657
5.1936775015933705
5.190732950924156
5.195194391332059
5.200739324410453
5.204525175270873
5.208948374760994
5.210019120458892
5.203926067558955
5.206513702995538
5.1934353091140855
5.19100063734863
5.1887444231994895
5.191561504142767
5.18193753983429
5.179158699808795
5.17414913957935
5.170758444869343
5.169037603569152
5.16817080943276
5.174429572976418
5.173116634799235
5.174760994263862
5.174760994263862
5.187189292543021
5.190924155513065
5.19570427023582
5.194773741236457
5.201465901848311
5.201861057998725
5.198087954110899
5.211026131293818
5.22502230720204
5.228209050350542
5.234837476099427
5.23189292543021
5.2388145315487575
5.244818355640535
5.259706819630337
5.258789037603568
5.267061822817081
5.260356915232633
5.262829827915869
5.265035054174633
5.267673677501594
5.274251115360102
5.276086679413639
5.2750414276609305
5.267864882090503
5.2793626513703
5.281376673040152
5.289534735500319
5.285583173996176
5.294251115360102
5.285761631612491
5.286386233269598
5.284512428298279
5.2924665391969405
5.2956915232632245
5.293664754620778
5.2924792861695344
5.284512428298279
5.287609942638624
5.28231994901211
5.288438495857235
5.288897386870618
5.288604206500956
5.28855321861058
5.288056086679414
5.281797323135755
5.283365200764818
5.291115360101976
5.279247928616953
5.2752836201402165
5.270006373486297
5.263658381134481
5.253715742511154
5.245965583173997
5.237705544933079
5.232708731676227
5.227992351816444
5.227393244104525
5.226692160611854
5.225086042065009
5.219987253027407
5.226131293817718
5.238164435946462
5.248183556405354
5.249623964308477
5.259362651370299
5.261759082217973
5.262651370299554
5.272441045251753
5.269738687061823
5.276927979604844
5.269216061185468
5.276711281070746
5.2695729764181
5.27555130656469
5.27583173996176
5.280560866794136
5.285149776927979
5.289968132568515
5.292058636073932
5.29576800509879
5.299859783301466
5.296073932441045
5.2965838113448065
5.2959082217973235
5.291395793499044
5.304461440407903
5.29993626513703
5.302421924792862
5.311026131293818
5.319362651370299
5.324882090503505
5.318075207138305
5.323441682600381
5.31987253027406
5.316405353728489
5.310478011472275
5.315666029318036
5.317590822179732
5.321873804971319
5.312033142128744
5.319069471000638
5.323326959847036
5.327954110898661
5.334353091140854
5.344958572339071
5.338495857233907
5.3307584448693435
5.327380497131931
5.322485659655831
5.318814531548757
5.307648183556405
5.31208413001912
5.299490121096239
5.301708094327598
5.290643722115998
5.295385595920968
5.2969407265774375
5.2972848948374756
5.289993626513703
5.288056086679414
5.2941746335245385
5.285175270873168
5.294773741236456
5.292135117909496
5.2975143403441685
5.2911026131293815
5.286488209050351
5.276927979604844
5.281453154875717
5.284882090503505
5.285863607393244
5.284818355640535
5.2819120458891
5.279451880178458
5.284193753983429
5.280968769917145
5.284792861695347
5.2839770554493315
5.278763543658381
5.2837603569152325
5.284079031230083
5.286526449968133
5.2921096239643095
5.292568514977693
5.2944168260038245
5.299732313575526
5.303543658381134
5.304066284257488
5.307877629063097
5.307380497131931
5.303518164435945
5.308629700446144
5.301351179094966
5.30718929254302
5.3100063734862974
5.314506054811982
5.320611854684512
5.323569152326323
5.323352453792224
5.317437858508605
5.317845761631612
5.317399617590822
5.316940726577437
5.322421924792861
5.3211344805608665
5.32108349267049
5.3222562141491405
5.332899936265137
5.343186743148503
5.350898661567878
5.364142766093053
5.361784576163161
5.373843212237093
5.377323135755259
5.376405353728488
5.378368387507966
5.377807520713831
5.3691395793499055
5.370860420650095
5.369241555130656
5.3680050987890375
5.369343530911409
5.366947100063735
5.356137667304015
5.36155513065647
5.360637348629701
5.359082217973231
5.360943275971955
5.3567622689611225
5.355181644359464
5.351931166347992
5.349254302103251
5.34810707456979
5.348463989802422
5.348400254939452
5.351089866156788
5.350567240280434
5.346794136392606
5.347355003186743
5.353333333333333
5.354977692797961
5.354059910771191
5.353091140854048
5.358126195028681
5.355436583811345
5.354926704907585
5.357998725302741
5.359770554493307
5.359796048438496
5.350732950924155
5.340662842574888
5.345748884639898
5.34302103250478
5.344193753983428
5.344754620777565
5.344652644996813
5.336265137029955
5.342154238368388
5.341491395793499
5.340777565328235
5.343428935627788
5.342128744423199
5.3468068833652005
5.342396430847674
5.338687061822817
5.337310388782663
5.337374123645634
5.33646908859146
5.33010834926705
5.344678138942001
5.354161886551944
5.363875079668579
5.360293180369662
5.369789674952199
5.374212874442319
5.386029318036966
5.387966857871255
5.395232632249842
5.399133205863607
5.3970172084130015
5.391497769279796
5.396673040152963
5.403059273422562
5.399056724028044
5.40384958572339
5.396379859783302
5.405940089228808
5.399286169534736
5.406908859145952
5.403900573613766
5.410121096239643
5.401427660930529
5.393524537922243
5.399349904397706
5.394008922880816
5.400956022944551
5.398024219247929
5.403505417463353
5.40050987890376
5.406016571064372
5.402307202039516
5.407125557680051
5.4201529636711285
5.4155768005098786
5.412530274059911
5.410987890376036
5.405391969407266
5.412670490758445
5.416660293180369
5.419898024219249
5.415564053537285
5.417055449330784
5.4124920331421285
5.416826003824092
5.423734862970044
5.421708094327598
5.42455066921606
5.414327597195666
5.41910771191842
5.418483110261313
5.426526449968133
5.431051625239006
5.433167622689611
5.42295729764181
5.423428935627789
5.426246016571064
5.43497769279796
5.43878903760357
5.434327597195667
5.4287699171446775
5.431790949649458
5.4256596558317405
5.428667941363926
5.442179732313575
5.442664117272147
5.443900573613767
5.440050987890376
5.447444231994901
5.455742511153601
5.461708094327598
5.464244741873805
5.471357552581262
5.470643722115997
5.472695984703633
5.470669216061185
5.474187380497132
5.470834926704908
5.465595920968771
5.451663479923519
5.4443467176545575
5.431026131293817
5.422855321861057
5.415933715742511
5.401351179094965
5.393753983428936
5.389139579349904
5.38270235818993
5.3799362651370295
5.387597195666029
5.3869216061185465
5.390465264499681
5.390070108349268
5.38938177182919
5.393524537922243
5.396583811344805
5.397871255576801
5.405672402804334
5.410834926704908
5.4158062460165715
5.421618865519439
5.427801147227533
5.425621414913958
5.428629700446144
5.428323773103887
5.428833652007648
5.4267049075844485
5.423173996175908
5.418559592096877
5.402077756532824
5.402931803696622
5.401937539834289
5.404512428298279
5.3991841937539835
5.4053792224346715
5.405391969407265
5.397603569152326
5.404588910133843
5.401274697259401
5.408094327597196
5.40457616316125
5.394952198852772
5.3854174633524545
5.379681325685151
5.372950924155513
5.367788400254939
5.376800509878904
5.368196303377948
5.374926704907585
5.372517527087317
5.371536010197578
5.377667304015297
5.38257488846399
5.394620777565328
5.3925430210325045
5.40546845124283
5.400420650095603
5.41093690248566
5.407189292543022
5.4093690248565975
5.416571064372212
5.428795411089865
5.434697259400892
5.443696622052263
5.450987890376036
5.453091140854047
5.4576545570427015
5.4505544933078385
5.452300828553219
5.463977055449331
5.463900573613766
5.455105162523901
5.4584576163161245
5.457603569152326
5.456328871892926
5.450732950924156
5.450210325047801
5.460305927342256
5.461376673040153
5.4597195666029315
5.465035054174633
5.4707202039515614
5.471332058636074
5.46025493945188
5.458750796685786
5.462753346080306
5.467431485022307
5.462268961121733
5.458521351179095
5.452848948374761
5.456762268961122
5.44604206500956
5.447775653282346
5.452339069471002
5.448642447418738
5.440752071383046
5.430312300828554
5.430044614404078
5.424359464627152
5.428068833652008
5.410834926704908
5.40887189292543
5.39627788400255
5.3943785850860415
5.402817080943276
5.409483747609942
5.42133843212237
5.419579349904398
5.432441045251752
5.42572339069471
5.43570427023582
5.4398725302740605
5.454161886551944
5.462906309751434
5.47055449330784
5.4707329509241545
5.462001274697259
5.472351816443594
5.47968132568515
5.495513065646909
5.502868068833652
5.514913957934991
5.517157425111535
5.518457616316125
5.512377310388783
5.524499681325684
5.532313575525813
5.533550031867431
5.5267686424474185
5.524028043339706
5.515219885277247
5.518992989165073
5.516048438495856
5.524869343530912
5.524321223709369
5.5219630337794765
5.523428935627789
5.522778840025494
5.518406628425749
5.518929254302103
5.527482472912684
5.514582536647547
5.516061185468451
5.5101465901848306
5.515028680688336
5.50333970681963
5.508744423199491
5.502090503505417
5.507877629063098
5.499885277246655
5.495857233906947
5.504219247928617
5.501478648820905
5.494047163798598
5.493422562141491
5.494289356277884
5.481465901848312
5.488591459528362
5.493371574251116
5.4926067558954745
5.486054811982154
5.4793116634799235
5.481210962396431
5.477922243467176
5.478546845124282
5.4803441682600385
5.493550031867431
5.486704907584448
5.4795411089866155
5.478049713193117
5.484971319311663
5.495933715742512
5.495066921606119
5.495793499043977
5.4875589547482475
5.490962396430848
5.4890503505417465
5.486500956022945
5.491153601019758
5.487240280433398
5.480140216698533
5.466947100063734
5.467686424474187
5.469738687061823
5.471395793499044
5.478674314850224
5.478865519439133
5.481414913957934
5.48263862332696
5.495908221797324
5.502014021669853
5.503811344805609
5.504996813256851
5.514735500318674
5.522995538559592
5.527775653282346
5.5314595283620145
5.5402804333970685
5.538164435946462
5.5402804333970685
5.540713830465265
5.553613766730401
5.5573868706182274
5.549050350541747
5.545149776927979
5.529815168897386
5.520713830465264
5.5233269598470365
5.523696622052264
5.514289356277884
5.512275334608031
5.500701083492671
5.487087316762269
5.498279158699809
5.493486297004462
5.497756532823455
5.495321861057998
5.497246653919694
5.4990184831102615
5.511790949649458
5.51055449330784
5.51427660930529
5.520140216698534
5.509623964308477
5.520293180369662
5.517272147864882
5.514773741236456
5.511089866156788
5.512084130019121
5.512938177182919
5.516507329509242
5.522498406628426
5.518801784576163
5.524295729764182
5.516418100701084
5.521427660930529
5.526717654557044
5.515615041427661
5.509713193116634
5.503352453792225
5.497246653919695
5.495513065646909
5.497845761631612
5.491994901210962
5.490592734225621
5.4866411727214786
5.486003824091778
5.494544295729764
5.497119184193753
5.503645634161886
5.517246653919694
5.520828553218609
5.531841937539834
5.544614404079031
5.558891013384321
5.568400254939451
5.580854047163798
5.580560866794136
5.591179094964946
5.586462715105163
5.58193753983429
5.574391332058636
5.5714722753346075
5.560841300191205
5.560535372848949
5.557119184193754
5.555920968769917
5.557514340344168
5.556430847673677
5.558049713193117
5.562562141491396
5.565570427023582
5.559630337794773
5.564461440407903
5.560407903123008
5.56025493945188
5.558432122370938
5.553652007648183
5.555168897386871
5.5561121733588275
5.55685149776928
5.562498406628426
5.5754875717017205
5.570006373486296
5.566284257488847
5.566896112173359
5.559719566602932
5.570694710006374
5.56874442319949
5.574748247291268
5.570643722115998
5.567648183556406
5.566398980242193
5.574225621414914
5.579005736137668
5.579502868068833
5.591943913320587
5.591892925430209
5.595704270235819
5.594671765455704
5.602128744423199
5.60251115360102
5.599247928616953
5.6003696622052255
5.600777565328235
5.605226258763544
5.6106819630337785
5.610847673677501
5.613154875717017
5.6068068833652
5.609139579349904
5.616099426386234
5.626985340981516
5.631548757170172
5.62712555768005
5.623186743148501
5.608374760994264
5.610133843212237
5.600930528999363
5.599043977055449
5.597922243467176
5.5953091140854045
5.58031867431485
5.570809432759719
5.583569152326323
5.58244741873805
5.592237093690248
5.591688973868706
5.602052262587636
5.61052899936265
5.603875079668579
5.596073932441045
5.601873804971319
5.605073295092416
5.595920968769917
5.595398342893563
5.5915232632249845
5.593524537922243
5.579439133205863
5.580815806246017
5.583887826641172
5.594314850223071
5.591994901210962
5.5928999362651375
5.602613129381772
5.601975780752071
5.59974506054812
5.592504780114722
5.600764818355641
5.5996685787125555
5.5980752071383035
5.60251115360102
5.60365838113448
5.612644996813256
5.602931803696622
5.615869980879541
5.620229445506692
5.618495857233906
5.613932441045252
5.605239005736139
5.608782664117272
5.600420650095603
5.60683237731039
5.598024219247929
5.609968132568515
5.604333970681963
5.609509241555131
5.615360101975781
5.626794136392606
5.637106437221161
5.634748247291268
5.634161886551944
5.639732313575525
5.648769917144678
5.646819630337795
5.6553728489483746
5.65265774378585
5.659133205863607
5.651383046526449
5.648438495857234
5.645149776927979
5.640293180369662
5.625672402804335
5.622090503505418
5.611637985978329
5.601491395793499
5.597335882727852
5.586998087954111
5.591026131293818
5.588107074569789
5.594735500318674
5.599961759082218
5.603887826641173
5.5966985340981505
5.60372211599745
5.599464627151051
5.597119184193754
5.602141491395793
5.605264499681326
5.606360739324411
5.6076991714467805
5.6186998087954105
5.622460165710644
5.637998725302741
5.636609305289993
5.643734862970045
5.649611217335883
5.653460803059272
5.658827278521351
5.673205863607394
5.670197578075207
5.674608030592734
5.673626513702996
5.670860420650095
5.671905672402804
5.679082217973232
5.682880815806246
5.695933715742512
5.695066921606119
5.689789674952199
5.702460165710643
5.69627788400255
5.6991586998087955
5.6981389420012745
5.696609305289993
5.697259400892288
5.692657743785851
5.675831739961759
5.6666156787762905
5.661848311026132
5.661504142766093
5.6644231994901215
5.6743913320586366
5.67049075844487
5.681007010834927
5.683097514340344
5.690197578075207
5.697093690248566
5.704397705544933
5.710184831102612
5.699643084767367
5.696061185468451
5.689815168897387
5.698521351179095
5.695538559592097
5.693741236456341
5.691153601019757
5.690630975143404
5.684321223709369
5.685226258763543
5.688527724665392
5.691204588910134
5.689917144678139
5.69278521351179
5.694569789674952
5.698891013384322
5.703110261312937
5.698610579987252
5.701886551943914
5.698776290630975
5.692492033142129
5.696749521988528
5.704053537284895
5.694901210962397
5.6903505417463345
5.685570427023581
5.678967495219886
5.683097514340344
5.676724028043339
5.679235181644359
5.681912045889102
5.672785213511791
5.669878903760357
5.671778202676864
5.675181644359465
5.675717017208413
5.6734862970044615
5.677017208413002
5.68855321861058
5.684333970681964
5.686195028680688
5.681567877629063
5.671982154238368
5.661861057998726
5.65357552581262
5.653218610579987
5.657055449330784
5.653269598470364
5.655755258126195
5.6543403441682605
5.667265774378585
5.671561504142765
5.678291905672403
5.691778202676864
5.696163161249204
5.701287444231996
5.697017208413001
5.703938814531548
5.694557042702359
5.698100701083493
5.6938942001274695
5.69980879541109
5.703581899298917
5.710860420650096
5.715245379222435
5.706003824091779
5.718432122370937
5.713919694072658
5.710528999362651
5.71312938177183
5.705430210325048
5.705812619502868
5.7065009560229445
5.693970681963034
5.6880433397068195
5.690146590184831
5.684474187380497
5.688718929254302
5.692670490758445
5.699796048438496
5.703250478011472
5.703046526449968
5.70187380497132
5.7163543658381135
5.733804971319311
5.746373486297005
5.752288081580624
5.752887189292544
5.7600254939451885
5.768489483747611
5.77834289356278
5.784384958572339
5.788425748884641
5.7846781389420014
5.777922243467176
5.775296367112811
5.773231357552581
5.770834926704907
5.771472275334608
5.757578075207139
5.754123645634162
5.756838750796686
5.76057361376673
5.762778840025494
5.763428935627789
5.756507329509242
5.754059910771192
5.753001912045889
5.748056086679414
5.7469725940089225
5.750949649458255
5.738113448056087
5.736609305289993
5.7317017208413
5.734187380497132
5.743454429572977
5.742523900573613
5.739018483110261
5.739413639260675
5.738113448056087
5.726335245379223
5.7289611217335885
5.717629063097514
5.7160229445506685
5.704410452517527
5.692810707456979
5.693065646908859
5.700458891013384
5.7025876354365845
5.697692797960484
5.696290630975143
5.690924155513066
5.700242192479286
5.697922243467176
5.706526449968132
5.713715742511154
5.724461440407904
5.733409815168897
5.746539196940727
5.758444869343531
5.764627151051625
5.768311026131293
5.763773103887827
5.770172084130019
5.763339706819631
5.75729764181007
5.750019120458891
5.7385086042065
5.734773741236457
5.730019120458891
5.736673040152963
5.735245379222435
5.741274697259401
5.734620777565328
5.743199490121095
5.748362014021669
5.740280433397068
5.735194391332058
5.721924792861695
5.7228935627788395
5.707954110898661
5.703454429572976
5.697399617590822
5.693817718291906
5.688910133843212
5.67929891650733
5.6871383046526445
5.695997450605482
5.697131931166348
5.699031230082855
5.709292543021032
5.725124282982792
5.725226258763544
5.733843212237094
5.730694710006373
5.739094964945825
5.737310388782664
5.741618865519439
5.7512045889101335
5.7562268961121745
5.7589929891650735
5.758011472275335
5.7734353091140855
5.778113448056086
5.795869980879541
5.801848311026132
5.810312300828553
5.8049585723390695
5.813142128744423
5.8115105162523895
5.820395156150414
5.827112810707456
5.818763543658381
5.824550669216062
5.827699171446782
5.823390694710007
5.829050350541746
5.830847673677502
5.82238368387508
5.817323135755259
5.813792224346718
5.8006373486297
5.795181644359464
5.7896112173358825
5.771625239005735
5.782166985340982
5.774786488209051
5.775704270235819
5.774888463989803
5.790376035691524
5.785672402804334
5.802294455066922
5.819974506054812
5.828043339706819
5.841797323135755
5.828693435309114
5.8229572976418105
5.818750796685787
5.824461440407903
5.811064372211599
5.808604206500956
5.796775015933715
5.779107711918419
5.774748247291268
5.769394518801785
5.769649458253665
5.777692797960484
5.788068833652007
5.786347992351818
5.791931166347992
5.789827915869981
5.7978457616316135
5.796787762906309
5.789075844486935
5.781261950286807
5.781963033779477
5.772339069471001
5.771625239005735
5.772224346717654
5.7734353091140855
5.773779477374123
5.76483110261313
5.770363288718929
5.775513065646909
5.788578712555768
5.797896749521988
5.801389420012748
5.7965965583174
5.794620777565329
5.796864244741874
5.809407265774379
5.809075844486934
5.809993626513703
5.812453792224346
5.805787125557679
5.806577437858509
5.81729764181007
5.819413639260676
5.825302740599108
5.826080305927342
5.827291268323774
5.836736775015933
5.83793499043977
5.833779477374124
5.834837476099427
5.826054811982154
5.82495857233907
5.825736137667303
5.82451242829828
5.8128616953473555
5.807813894200128
5.80687061822817
5.812262587635436
5.807801147227533
5.8010579987253035
5.805162523900574
5.80263862332696
5.808107074569789
5.809738687061823
5.81729764181007
5.812007648183557
5.8159592096876995
5.817399617590822
5.827711918419376
5.832198852772467
5.8336392606755885
5.8275462077756535
5.82797960484385
5.829764181007011
5.839910771191842
5.842409177820267
5.8435818992989175
5.845060548119822
5.846500956022944
5.854059910771191
5.852288081580625
5.865098789037603
5.856966220522627
5.856507329509242
5.846411727214787
5.853932441045251
5.845213511790949
5.83618865519439
5.833409815168898
5.826195028680688
5.826347992351816
5.820420650095602
5.819617590822179
5.820917782026769
5.8260548119821545
5.820815806246017
5.826998087954111
5.830108349267049
5.82868068833652
5.840254939451881
5.846908859145953
5.844780114722754
5.8463479923518165
5.842090503505417
5.835283620140217
5.843224984066284
5.834582536647547
5.839209687699172
5.835717017208412
5.833677501593371
5.8340726577437865
5.83414913957935
5.834939451880178
5.829267049075844
5.826641172721478
5.820688336520077
5.833282345442957
5.833358827278521
5.841019757807521
5.838776290630975
5.841606118546846
5.835946462715105
5.839375398342892
5.836991714467813
5.83917144678139
5.833779477374124
5.823454429572976
5.818279158699809
5.8143530911408545
5.808693435309114
5.807571701720842
5.812504780114723
5.818546845124283
5.8305289993626515
5.835971956660293
5.834862970044615
5.849662205226259
5.855449330783939
5.8559847036328865
5.856367112810708
5.850643722115998
5.863377947737412
5.855755258126195
5.852836201402167
5.8571319311663474
5.86804333970682
5.861045251752709
5.858623326959847
5.8572466539196935
5.8643467176545565
5.8747737412364565
5.8688081580624605
5.8683620140216695
5.869318036966221
5.875984703632887
5.87144678138942
5.871434034416827
5.872058636073932
5.870133843212238
5.865863607393243
5.867546207775653
5.861618865519439
5.86231994901211
5.858878266411727
5.855321861057999
5.855640535372849
5.858253664754621
5.859375398342894
5.8737412364563415
5.878750796685788
5.873983428935627
5.878342893562778
5.8830210325047805
5.888846398980242
5.887813894200127
5.886908859145953
5.878738049713193
5.884015296367114
5.871982154238368
5.877692797960484
5.879604843849585
5.877884002549394
5.872402804333971
5.872925430210325
5.866781389420013
5.8662842574888465
5.8715615041427665
5.863773103887827
5.873256851497769
5.874212874442319
5.876507329509241
5.885200764818355
5.902294455066921
5.903785850860421
5.909598470363289
5.913690248565966
5.916647546207775
5.923033779477374
5.92534098151689
5.927826641172722
5.932173358827279
5.929929891650733
5.917476099426386
5.920713830465265
5.914850223072021
5.912351816443594
5.919311663479924
5.91325685149777
5.914760994263863
5.901504142766093
5.893116634799235
5.886781389420013
5.888604206500957
5.8786743148502225
5.887355003186744
5.88676864244742
5.88231994901211
5.8839260675589555
5.879757807520713
5.884028043339707
5.8854174633524545
5.895500318674315
5.894901210962397
5.904741873804971
5.89961759082218
5.91408540471638
5.920611854684512
5.92861695347355
5.940752071383046
5.9455066921606115
5.947456978967495
5.948514977692799
5.963875079668578
5.970223072020395
5.982664117272148
5.97459528362014
5.965634161886552
5.960471637985979
5.950860420650096
5.953040152963672
5.950286806883366
5.952096876991714
5.945315487571702
5.940764818355641
5.940076481835564
5.93923518164436
5.937093690248566
5.937412364563416
5.926437221159974
5.926921606118547
5.930388782664117
5.926641172721479
5.92257488846399
5.914518801784577
5.898368387507967
5.896647546207776
5.90282982791587
5.907074569789675
5.912415551306565
5.911204588910134
5.903365200764817
5.898942001274697
5.892288081580625
5.895984703632887
5.896927979604844
5.904410452517527
5.902052262587636
5.9007903123008285
5.907265774378585
5.897947737412366
5.906309751434034
5.906577437858508
5.904907584448694
5.907928616953473
5.909980879541109
5.907877629063098
5.917323135755257
5.926335245379223
5.924053537284895
5.93344805608668
5.927660930528999
5.93376673040153
5.951472275334608
5.945748884639898
5.958712555768005
5.963314212874442
5.959579349904398
5.944945825366474
5.951179094964946
5.958330146590184
5.965863607393244
5.972504780114723
5.9714085404716375
5.979617590822179
5.968769917144678
5.967941363926068
5.9660038240917785
5.979681325685149
5.973142128744423
5.960943275971957
5.953435309114085
5.950044614404079
5.93761631612492
5.939910771191842
5.945404716379859
5.948833652007648
5.942192479286169
5.941682600382409
5.947558954748248
5.953052899936265
5.954353091140854
5.957476099426386
5.965799872530273
5.95646908859146
5.960815806246018
5.95281070745698
5.9654302103250485
5.957284894837477
5.947915869980879
5.9471000637348626
5.952377310388783
5.9500828553218605
5.945493945188018
5.956124920331422
5.948145315487571
5.95717017208413
5.951943913320586
5.961351179094965
5.964525175270873
5.959324410452517
5.9621159974506055
5.949623964308477
5.945838113448056
5.931727214786489
5.935666029318037
5.924002549394518
5.921159974506055
5.911994901210962
5.908986615678776
5.91685149776928
5.913154875717017
5.923059273422561
5.921121733588272
5.929101338432122
5.926743148502231
5.93151051625239
5.936520076481836
5.9453792224346715
5.949929891650733
5.947507966857871
5.946449968132569
5.944741873804971
5.959311663479924
5.96855321861058
5.966845124282983
5.970057361376673
5.962345442957298
5.960356915232632
5.960535372848947
5.961822817080943
5.963760356915233
5.966220522625877
5.96251115360102
5.958011472275335
5.971204588910133
5.976061185468451
5.982230720203952
5.991421287444232
5.9960484384958574
6.007775653282345
6.016048438495857
6.016583811344806
6.019273422562141
6.022370936902486
6.015729764181006
6.021963033779477
6.023135755258126
6.017119184193755
6.020726577437858
6.022294455066921
6.0227533460803055
6.025442957297642
6.0326195028680685
6.034684512428298
6.043199490121096
6.038342893562779
6.042995538559593
6.039005736137668
6.045430210325048
6.045825366475462
6.039643084767368
6.039732313575525
6.0329509241555135
6.035398342893562
6.02912683237731
6.026105799872529
6.023696622052263
6.024614404079032
6.016813256851498
6.010771191841938
6.024257488846399
6.033052899936266
6.041363926067559
6.037718291905673
6.045086042065009
6.056775015933716
6.062740599107712
6.070006373486296
6.079082217973231
6.084869343530912
6.079477374123646
6.080446144040789
6.072861695347354
6.073499043977055
6.07119184193754
6.068068833652007
6.059043977055449
6.058840025493945
6.0444104525175275
6.042268961121733
6.03293817718292
6.026743148502231
6.024741873804972
6.01755258126195
6.00868068833652
5.999898024219248
5.997170172084131
5.991905672402805
5.993626513702996
5.9910643722116
5.992657743785851
5.999923518164436
6.006080305927342
6.018980242192479
6.019094964945825
6.014608030592733
6.020280433397068
6.0166730401529644
6.0178712555768
6.003862332695984
6.000548119821543
5.983403441682601
5.979400892288081
5.968578712555768
5.9756277884002555
5.986564690885914
5.987291268323774
6.004091778202676
6.007635436583811
6.027903123008285
6.042409177820267
6.0523263224984065
6.065455704270236
6.070924155513066
6.07602294455067
6.070822179732313
6.076405353728489
6.060471637985979
6.065774378585086
6.060560866794137
6.0541618865519435
6.0508476736775005
6.0435054174633525
6.039094964945826
6.025353728489484
6.023033779477374
6.012109623964308
6.011931166347993
6.001873804971319
5.987762906309752
5.986704907584448
5.978228170809432
5.9671637985978325
5.9654302103250485
5.970694710006374
5.965557680050988
5.96791586998088
5.971536010197577
5.9799745060548135
5.9818228170809435
5.978763543658381
5.984703632887189
5.987648183556406
5.983836838750796
5.987839388145315
5.991408540471639
5.989993626513703
5.983862332695985
5.982727852135118
5.986806883365201
5.983926067558954
5.981210962396432
5.981478648820905
5.984639898024219
5.985493945188018
5.992390057361377
6.0007520713830464
6.00604206500956
5.997157425111536
6.004907584448693
6.013065646908859
6.014200127469725
6.020943275971956
6.016953473550032
6.018546845124283
6.007813894200128
6.009534735500319
6.012479286169535
6.026896112173358
6.026475462077756
6.020611854684513
6.028527724665392
6.028973868706182
6.038814531548757
6.039375398342893
6.050465264499682
6.056838750796686
6.062880815806246
6.062676864244741
6.067699171446781
6.085328234544295
6.084066284257489
6.085264499681325
6.0879796048438495
6.091293817718292
6.0956405353728496
6.092925430210325
6.0876226896112176
6.086462715105162
6.090427023581899
6.084244741873805
6.091357552581262
6.0846526449968135
6.0877501593371575
6.080560866794136
6.075869980879541
6.078062460165711
6.088221797323135
6.085493945188017
6.071943913320586
6.063734862970045
6.066462715105163
6.0786998087954105
6.081057998725302
6.0890248565965575
6.099630337794774
6.100216698534098
6.106373486297004
6.118317399617591
6.139400892288082
6.145200764818355
6.139426386233269
6.1366985340981515
6.143862332695986
6.142396430847674
6.132377310388783
6.125519439133205
6.108298279158699
6.098279158699809
6.0864882090503505
6.077629063097515
6.071230082855322
6.063824091778202
6.0415423836838755
6.029955385595921
6.017399617590822
6.0112938177182915
6.007100063734864
6.005965583173997
6.003785850860421
6.011370299553856
6.0110643722116
6.009521988527725
6.022434671765455
6.023123008285532
6.041198215423837
6.046411727214786
6.059732313575526
6.060790312300829
6.059757807520715
6.067622689611217
6.08559592096877
6.095895474824729
6.103186743148502
6.115079668578713
6.118661567877628
6.125710643722116
6.124678138942001
6.13376673040153
6.13138304652645
6.122217973231358
6.105519439133206
6.103938814531549
6.097208413001913
6.099235181644359
6.093843212237093
6.094773741236456
6.094595283620141
6.086360739324411
6.085812619502868
6.088795411089867
6.099362651370299
6.103734862970045
6.102982791586998
6.097080943275972
6.105481198215424
6.104461440407903
6.104257488846399
6.10985340981517
6.12200127469726
6.13414913957935
6.138903760356915
6.128221797323136
6.1363543658381134
6.141083492670491
6.1306054811982165
6.132466539196941
6.136787762906309
6.134901210962397
6.140293180369663
6.1297131931166335
6.1302613129381776
6.135079668578713
6.134327597195666
6.132249840662842
6.144627151051625
6.144499681325686
6.140879541108986
6.139706819630338
6.132390057361376
6.145379222434672
6.135755258126195
6.1387253027406
6.139834289356278
6.142906309751435
6.137616316124921
6.131739961759083
6.128285532186105
6.127813894200127
6.121924792861695
6.096876991714468
6.0981771829190565
6.091969407265775
6.082523900573614
6.080229445506691
6.085188017845762
6.08938177182919
6.096775015933716
6.09825366475462
6.108374760994264
6.122906309751434
6.1233906947100065
6.131000637348629
6.131905672402804
6.127431485022308
6.120471637985979
6.1110643722116
6.104537922243467
6.102307202039516
6.089929891650734
6.092581261950286
6.088451242829828
6.086398980242193
6.089968132568515
6.0972721478648815
6.098189929891651
6.110006373486297
6.109534735500319
6.105608667941364
6.111089866156788
6.103314212874443
6.114646271510516
6.1095219885277245
6.111612492033142
6.115755258126195
6.121274697259401
6.12117272147865
6.124231994901212
6.1287826641172725
6.133677501593371
6.136481835564054
6.135411089866158
6.134136392606757
6.128961121733588
6.118393881453155
6.108757170172084
6.101899298916508
6.102511153601021
6.102409177820268
6.103428935627789
6.106998087954111
6.105901848311026
6.115385595920968
6.128247291268324
6.137871255576801
6.13980879541109
6.146628425748885
6.151179094964946
6.153409815168898
6.156622052262588
6.150860420650096
6.157399617590823
6.155882727852135
6.1535372848948375
6.145124282982792
6.15370299553856
6.154059910771192
6.154990439770555
6.156214149139579
6.159630337794773
6.172785213511791
6.177909496494582
6.179770554493309
6.184754620777564
6.192275334608031
6.190248565965583
6.199655831739962
6.202536647546209
6.198623326959847
6.192797960484385
6.184461440407904
6.1706182281708095
6.1660293180369665
6.158980242192479
6.153244104525175
6.145200764818355
6.130822179732314
6.123072020395156
6.125825366475462
6.11453154875717
6.117323135755258
6.1145697896749525
6.118011472275335
6.1167367750159345
6.115551306564691
6.121300191204589
6.12687061822817
6.121300191204589
6.123926067558954
6.129929891650733
6.127966857871256
6.129840662842574
6.128221797323136
6.134187380497131
6.142052262587636
6.143785850860421
6.140382409177819
6.152874442319949
6.147954110898661
6.147023581899298
6.152797960484385
6.159107711918419
6.156035691523264
6.145672402804334
6.132887189292543
6.1305035054174635
6.131370299553856
6.1227660930529
6.1201784576163165
6.124690885914595
6.119783301465901
6.119298916507329
6.117705544933077
6.118164435946463
6.122549394518801
6.124461440407903
6.122868068833652
6.126921606118547
6.134416826003824
6.136826003824091
6.146985340981517
6.148540471637986
6.15949012109624
6.157131931166347
6.172390057361378
6.169279796048438
6.181414913957935
6.178355640535372
6.18470363288719
6.178534098151689
6.169572976418101
6.163505417463352
6.1655831739961755
6.176226896112174
6.172492033142129
6.177412364563416
6.166959847036329
6.1751051625239
6.16540471637986
6.167189292543021
6.173613766730401
6.179821542383683
6.176430847673677
6.174901210962397
6.17672402804334
6.173868706182282
6.172045889101338
6.161351179094965
6.165200764818356
6.161606118546845
6.160203951561504
6.153231357552582
6.149942638623327
6.1472530274059904
6.146258763543659
6.150312300828554
6.159005736137668
6.168323773103888
6.165825366475462
6.175462077756533
6.174200127469725
6.187049075844488
6.192734225621415
6.200662842574889
6.200560866794135
6.202268961121734
6.197833014659018
6.20038240917782
6.213320586360739
6.20597833014659
6.2052390057361375
6.197858508604206
6.193218610579987
6.191548757170172
6.190949649458255
6.191370299553856
6.193129381771829
6.1924028043339705
6.18193753983429
6.1884002549394515
6.187711918419376
6.182243467176545
6.187074569789675
6.182982791586998
6.188183556405354
6.180280433397067
6.1763543658381135
6.17440407903123
6.184130019120459
6.181529636711282
6.176762268961121
6.179413639260676
6.17774378585086
6.176851497769279
6.17580624601657
6.181975780752071
6.186539196940727
6.185672402804334
6.178381134480561
6.177386870618229
6.181759082217973
6.178317399617591
6.178852772466539
6.17491395793499
6.166373486297004
6.171676226896112
6.170095602294455
6.1708476736775015
6.1647673677501595
6.172785213511791
6.172632249840663
6.183543658381134
6.17974506054812
6.1880433397068195
6.192925430210325
6.193843212237093
6.193626513702996
6.190962396430848
6.20025493945188
6.194429572976419
6.2016953473550025
6.197017208413001
6.203097514340344
6.202498406628426
6.2005353728489485
6.203416188655194
6.203123008285532
6.2143021032504775
6.214952198852773
6.217769279796047
6.215551306564691
6.213065646908859
6.212045889101338
6.20642447418738
6.211586998087954
6.2075462077756525
6.216634799235182
6.215258126195028
6.217323135755257
6.219324410452518
6.217896749521989
6.226156787762906
6.221261950286808
6.222307202039516
6.22578712555768
6.2249713193116625
6.219349904397705
6.21799872530274
6.211523263224985
6.206998087954111
6.206564690885915
6.200152963671128
6.21055449330784
6.216851497769279
6.2125685149776935
6.211077119184194
6.210337794773741
6.211739961759082
6.2217335882727856
6.228795411089865
6.22219247928617
6.224372211599745
6.2178457616316125
6.214735500318674
6.219847036328872
6.212695984703633
6.215372848948374
6.210070108349267
6.20880815806246
6.208693435309113
6.219260675589547
6.213384321223709
6.210095602294455
6.2058253664754615
6.19923518164436
6.210541746335245
6.205991077119184
6.205379222434671
6.204512428298278
6.197259400892288
6.202077756532824
6.207304015296367
6.210962396430848
6.224346717654557
6.223428935627789
6.219936265137029
6.230465264499681
6.236367112810707
6.228757170172085
6.235449330783939
6.22559592096877
6.23427660930529
6.239311663479925
6.22778840025494
6.226934353091141
6.2247291268323774
6.21942638623327
6.206947100063735
6.217119184193754
6.218699808795411
6.227852135117909
6.2185213511790955
6.22044614404079
6.223658381134481
6.2293052899936265
6.225723390694711
6.230949649458254
6.244079031230084
6.237998725302742
6.240803059273422
6.241453154875717
6.247648183556405
6.238406628425749
6.248017845761631
6.240739324410453
6.248782664117272
6.246246016571065
6.235653282345442
6.231115360101976
6.212288081580624
6.202880815806247
6.19557680050988
6.197374123645634
6.184142766093053
6.187635436583811
6.175283620140217
6.166628425748885
6.175959209687699
6.175079668578713
6.181465901848311
6.1746335245379225
6.182409177820268
6.188820905035055
6.190885914595284
6.185226258763543
6.1958317399617595
6.202205226258764
6.199579349904397
6.209445506692161
6.210885914595283
6.223645634161887
6.223632887189292
6.226883365200765
6.233129381771828
6.246564690885915
6.250783938814532
6.2530274059910775
6.257705544933078
6.249012109623965
6.247813894200127
6.240892288081581
6.233333333333333
6.230694710006373
6.222243467176545
6.220458891013385
6.217654557042702
6.220497131931166
6.223760356915232
6.23370299553856
6.242817080943277
6.243416188655194
6.240012746972593
6.233728489483747
6.237514340344169
6.234748247291269
6.226054811982155
6.2235818992989165
6.211459528362013
6.202230720203952
6.20333970681963
6.213269598470363
6.218929254302103
6.218355640535373
6.212135117909496
6.207304015296367
6.214862970044615
6.208068833652008
6.213384321223709
6.216048438495857
6.213460803059273
6.212708731676226
6.224933078393882
6.236762268961123
6.247112810707457
6.249318036966222
6.2548757170172085
6.259286169534735
6.26495857233907
6.266347992351816
6.26778840025494
6.265608667941364
6.2589929891650735
6.25402166985341
6.261389420012747
6.269751434034417
6.2689611217335885
6.276966220522627
6.281835564053537
6.287571701720841
6.290847673677502
6.296507329509241
6.300879541108986
6.308132568514978
6.310860420650095
6.313244104525176
6.312441045251752
6.302944550669217
6.2945442957297635
6.295168897386872
6.297833014659019
6.298636073932441
6.291013384321224
6.291790949649459
6.287686424474186
6.286398980242192
6.287852135117909
6.2931548757170175
6.294862970044614
6.297259400892288
6.286258763543658
6.2824984066284255
6.284231994901211
6.280828553218611
6.277029955385596
6.275615041427661
6.274238368387508
6.281083492670491
6.278419375398342
6.280611854684512
6.285035054174634
6.282141491395794
6.289369024856597
6.2841045251752705
6.282676864244742
6.278036966220522
6.27208413001912
6.259260675589547
6.262511153601019
6.247941363926068
6.245850860420649
6.243951561504143
6.244703632887189
6.2363033779477375
6.230197578075207
6.230121096239643
6.233116634799235
6.2383683875079665
6.229305289993626
6.2376800509878905
6.237437858508604
6.232211599745061
6.2264499681325685
6.234327597195667
6.241261950286807
6.234098151688974
6.237539834289357
6.230490758444869
6.241746335245379
6.234620777565328
6.237093690248566
6.234455066921607
6.226080305927343
6.224206500956023
6.218508604206501
6.220050987890376
6.211332058636073
6.216571064372212
6.204563416188655
6.205404716379859
6.196328871892926
6.207469725940089
6.215079668578713
6.209700446144041
6.201975780752071
6.203046526449969
6.2083237731038885
6.2058253664754615
6.211485022307203
6.208145315487571
6.22155513065647
6.221236456341619
6.216966220522627
6.225672402804334
6.234187380497132
6.244639898024219
6.2553346080305925
6.2595538559592105
6.274161886551944
6.2906309751434035
6.2937157425111545
6.302396430847674
6.313180369662206
6.317450605481198
6.3226258763543655
6.3189547482472905
6.3127597195666025
6.32572339069471
6.324971319311664
6.3193626513703
6.325073295092415
6.326449968132568
6.326985340981517
6.335678776290631
6.338648820905035
6.348349267049075
6.343135755258126
6.334289356277884
6.331306564690886
6.335640535372849
6.331752708731676
6.325430210325048
6.327469725940089
6.317157425111537
6.324703632887188
6.321644359464628
6.329024856596558
6.326462715105162
6.3170044614404075
6.311931166347993
6.312198852772466
6.312453792224347
6.311905672402805
6.312428298279158
6.307762906309752
6.299069471000637
6.295462077756532
6.298368387507966
6.29414913957935
6.29402166985341
6.291548757170172
6.294888463989802
6.297119184193754
6.294939451880179
6.288922880815807
6.2917782026768645
6.289114085404717
6.296099426386234
6.3054302103250475
6.3014913957935
6.300293180369661
6.295015933715742
6.291089866156788
6.286309751434035
6.292606755895475
6.2909623964308485
6.288667941363926
6.281440407903122
6.28019120458891
6.281210962396432
6.280956022944549
6.275806246016572
6.273205863607393
6.275513065646909
6.271982154238368
6.273575525812619
6.286985340981516
6.282995538559593
6.2823964308476725
6.295181644359465
6.29987253027406
6.298444869343531
6.302065009560229
6.30076481835564
6.296927979604844
6.289356277884003
6.273728489483747
6.271523263224984
6.262804333970682
6.258801784576163
6.24727852135118
6.2516634799235185
6.244219247928617
6.250439770554493
6.252721478648821
6.263072020395156
6.266513702995539
6.275079668578712
6.281185468451242
6.274098151688975
6.272963671128108
6.282549394518802
6.285175270873167
6.286755895474825
6.29414913957935
6.301236456341618
6.30880815806246
6.302001274697259
6.303390694710006
6.309356277884003
6.316902485659655
6.304142766093053
6.305200764818356
6.30346717654557
6.300675589547483
6.289687699171448
6.2834161886551945
6.288782664117272
6.291089866156788
6.284652644996813
6.289636711281071
6.298508604206502
6.29761631612492
6.292734225621415
6.291217335882728
6.29627788400255
6.307125557680052
6.31434034416826
6.319949012109624
6.323900573613766
6.318903760356916
6.318942001274698
6.321644359464628
6.321007010834927
6.322689611217336
6.32082855321861
6.3084130019120455
6.294710006373486
6.293333333333333
6.293690248565966
6.2936265137029945
6.2877629063097515
6.282868068833652
6.291739961759082
6.285761631612492
6.286615678776291
6.286029318036967
6.29536010197578
6.290924155513065
6.292249840662842
6.290732950924156
6.305124282982791
6.31748884639898
6.314671765455704
6.314760994263863
6.313307839388146
6.328285532186105
6.325608667941364
6.332836201402166
6.326653919694072
6.326080305927343
6.313346080305927
6.300344168260038
6.302689611217336
6.302396430847674
6.299094964945825
6.2938304652645
6.289420012746972
6.287112810707457
6.297080943275971
6.2959082217973235
6.2996940726577435
6.30559592096877
6.305838113448056
6.311434034416827
6.313295092415552
6.313843212237094
6.316953473550032
6.3131931166348
6.304601657106437
6.310133843212237
6.307966857871255
6.311077119184194
6.303505417463352
6.2988910133843214
6.293652007648183
6.294365838113449
6.294735500318674
6.288769917144678
6.288757170172084
6.282421924792861
6.277131931166347
6.268833652007648
6.2760739324410455
6.278495857233907
6.286590184831102
6.282536647546208
6.285442957297642
6.292517527087317
6.30231994901211
6.314786488209051
6.328922880815806
6.33472275334608
6.3406118546845125
6.346195028680689
6.348578712555768
6.3565965583174
6.363607393244105
6.365481198215424
6.364652644996814
6.359158699808796
6.358674314850224
6.356303377947737
6.355398342893563
6.346704907584449
6.342625876354366
6.333167622689611
6.329050350541746
6.325812619502868
6.322396430847673
6.317578075207138
6.311038878266412
6.317042702358189
6.30321223709369
6.308017845761632
6.309878903760357
6.321083492670491
6.316622052262587
6.323428935627788
6.322052262587635
6.3323645634161885
6.332428298279159
6.334161886551944
6.349572976418101
6.356099426386233
6.351038878266411
6.34687061822817
6.35176545570427
6.33929891650733
6.339043977055449
6.32874442319949
6.339056724028043
6.342600382409177
6.335487571701721
6.326042065009561
6.335398342893562
6.323671128107074
6.32206500956023
6.327724665391969
6.331089866156787
6.341185468451243
6.329471000637349
6.3214913957935
6.320599107711919
6.3278903760356915
6.32899936265137
6.339821542383684
6.335079668578712
6.342166985340982
6.340854047163798
6.345583173996176
6.34308476736775
6.337195666029318
6.330592734225622
6.3263989802421925
6.326908859145953
6.330490758444869
6.327788400254939
6.325825366475462
6.3330401529636715
6.325200764818355
6.334506054811982
6.342115997450605
6.355997450605481
6.367316762268961
6.365812619502869
6.366641172721479
6.3778712555768
6.376316124920331
6.3682472912683235
6.365748884639898
6.366475462077757
6.375780752071383
6.369840662842575
6.36406628425749
6.363046526449969
6.3541236456341625
6.350197578075208
6.34998087954111
6.356392606755897
6.361835564053538
6.359566602931803
6.358177182919056
6.362472912683239
6.365493945188018
6.364614404079031
6.375092415551307
6.372415551306564
6.377246653919694
6.3767240280433395
6.374378585086042
6.383008285532186
6.375538559592097
6.38270235818993
6.3795793499043985
6.389751434034418
6.385162523900575
6.3894455066921605
6.394200127469726
6.3900063734862975
6.394493307839388
6.385799872530274
6.388884639898024
6.390949649458253
6.391408540471637
6.383747609942638
6.388017845761632
6.390834926704907
6.384639898024219
6.384843849585724
6.387291268323773
6.3858891013384325
6.37818992989165
6.366195028680688
6.3595283620140215
6.360739324410453
6.3559592096877
6.357272147864882
6.34998087954111
6.34887189292543
6.348349267049076
6.350478011472275
6.356953473550032
6.355449330783939
6.3576927979604845
6.3532186105799875
6.358087954110898
6.353307839388145
6.362472912683239
6.360841300191205
6.352109623964309
6.352402804333971
6.344474187380496
6.350745697896749
6.34972594008923
6.350975143403442
6.34238368387508
6.339451880178458
6.337386870618229
6.343811344805609
6.340854047163798
6.335640535372849
6.339961759082218
6.341096239643084
6.338725302740599
6.339859783301465
6.345137029955385
6.352288081580625
6.35672402804334
6.356099426386234
6.367304015296367
6.374378585086042
6.376405353728488
6.372288081580624
6.383620140216698
6.391688973868707
6.393269598470363
6.39704270235819
6.385825366475462
6.383989802421924
6.375704270235818
6.375627788400255
6.374391332058637
6.3809687699171445
6.368451242829828
6.366896112173359
6.3649330783938805
6.356864244741875
6.3663989802421925
6.370975143403442
6.374557042702358
6.372453792224346
6.376889738687061
6.36797960484385
6.377119184193754
6.384117272147864
6.38282982791587
6.391982154238368
6.387750159337156
6.38906309751434
6.387571701720841
6.394404079031231
6.387342256214149
6.398240917782027
6.3986233269598465
6.38057361376673
6.377323135755259
6.366896112173359
6.360420650095603
6.363110261312938
6.358240917782027
6.354302103250478
6.361414913957934
6.355678776290631
6.34976418100701
6.353397068196303
6.360879541108987
6.359949012109625
6.362970044614404
6.347966857871256
6.35408540471638
6.343173996175908
6.337042702358191
6.328718929254302
6.332887189292543
6.336545570427023
6.332517527087317
6.336787762906311
6.347265774378585
6.3572339069471
6.356927979604845
6.371994901210962
6.373486297004462
6.3920841300191205
6.389547482472913
6.391421287444231
6.389815168897387
6.388107074569789
6.381504142766092
6.379184193753983
6.386080305927343
6.381338432122372
6.381720841300192
6.367966857871255
6.374748247291269
6.368757170172084
6.369241555130657
6.3708731676226895
6.373868706182281
6.37793499043977
6.381963033779478
6.38540471637986
6.392861695347355
6.399260675589547
6.400611854684513
6.409432759719566
6.416813256851497
6.422702358189929
6.42
6.425175270873168
6.416086679413639
6.411931166347993
6.411778202676865
6.413601019757807
6.405774378585086
6.402205226258764
6.394429572976419
6.382855321861058
6.381822817080942
6.380267686424474
6.376392606755896
6.373728489483748
6.369241555130656
6.364257488846399
6.36868068833652
6.368387507966858
6.372976418100701
6.383722115997451
6.394416826003824
6.3903632887189294
6.392734225621415
6.4068706182281705
6.406666666666666
6.4163798597833015
6.424869343530912
6.420446144040789
6.425774378585086
6.420879541108987
6.4192479286169535
6.419337157425111
6.425583173996175
6.417119184193754
6.41774378585086
6.404945825366476
6.392772466539197
6.398827278521352
6.392326322498407
6.3996303377947745
6.394773741236456
6.391446781389419
6.383008285532186
6.379617590822179
6.386067558954748
6.388667941363926
6.393601019757808
6.392938177182919
6.391026131293819
6.392326322498407
6.387482472912684
6.396112173358827
6.399515615041428
6.404282982791588
6.405914595283621
6.417641810070108
6.424907584448694
6.42302103250478
6.437425111536011
6.4390694710006375
6.4436583811344805
6.447533460803059
6.457310388782665
6.461682600382408
6.452249840662843
6.451816443594646
6.443441682600382
6.444028043339707
6.435984703632887
6.428629700446143
6.438521351179095
6.429649458253666
6.415487571701721
6.414811982154239
6.418024219247928
6.410286806883365
6.406322498406629
6.406539196940727
6.401159974506054
6.40855321861058
6.397960484384958
6.3997578075207135
6.409521988527724
6.40327597195666
6.408565965583175
6.4128362014021665
6.4226768642447425
6.430949649458253
6.4372339069471
6.431204588910134
6.4399999999999995
6.440981516889739
6.439056724028044
6.441453154875717
6.433078393881453
6.436252390057361
6.432186105799873
6.428349267049075
6.432555768005098
6.43710643722116
6.4295729764181
6.430006373486297
6.439732313575526
6.445175270873168
6.448565965583174
6.434697259400892
6.435423836838751
6.43478648820905
6.4267049075844485
6.430223072020396
6.425009560229445
6.423403441682601
6.410274059910771
6.410962396430848
6.406322498406629
6.414850223072021
6.4139834289356275
6.419056724028043
6.427112810707457
6.417004461440408
6.417794773741236
6.423046526449968
6.434901210962397
6.430885914595284
6.44257488846399
6.436571064372211
6.441198215423836
6.440777565328235
6.441338432122372
6.440433397068196
6.454187380497132
6.4458381134480565
6.4401147227533455
6.43917144678139
6.437552581261949
6.439056724028044
6.43427660930529
6.429343530911408
6.426105799872531
6.428463989802422
6.422970044614404
6.422625876354366
6.431841937539835
6.4331931166348
6.4359974506054805
6.4430847673677505
6.453205863607393
6.456367112810708
6.461695347355003
6.469496494582536
6.470478011472275
6.474773741236456
6.471943913320588
6.474811982154239
6.470439770554493
6.473894200127471
6.468311026131294
6.475130656469089
6.471230082855322
6.4676226896112174
6.469471000637348
6.4660165710643716
6.462970044614404
6.461695347355003
6.465685149776928
6.4565965583174
6.44899936265137
6.4392989165073296
6.432402804333972
6.433728489483747
6.421440407903122
6.428820905035054
6.417578075207137
6.415971956660294
6.407023581899299
6.405532186105799
6.403824091778203
6.397106437221161
6.396175908221798
6.38817080943276
6.392976418100701
6.388910133843212
6.399247928616953
6.406246016571064
6.416762268961122
6.428604206500956
6.440688336520076
6.454072657743786
6.466921606118547
6.47704270235819
6.489101338432122
6.492568514977693
6.490184831102614
6.488731676226896
6.484321223709369
6.478151688973869
6.475283620140217
6.4765965583174
6.466908859145952
6.45968132568515
6.4583428935627785
6.455219885277247
6.4594773741236455
6.455564053537285
6.449649458253664
6.447036328871893
6.44810707456979
6.444601657106436
6.447966857871256
6.452415551306564
6.4429700446144045
6.442651370299553
6.428209050350542
6.429471000637348
6.429471000637348
6.4291140854047155
6.4287699171446775
6.422727852135118
6.418279158699808
6.413244104525176
6.409662205226259
6.403734862970045
6.411918419375398
6.41214786488209
6.422026768642448
6.424780114722753
6.428247291268323
6.429840662842575
6.434123645634162
6.440637348629701
6.455054174633525
6.466704907584449
6.467903123008285
6.470885914595283
6.4628935627788415
6.4686551943913315
6.46759719566603
6.47287444231995
6.472237093690249
6.465251752708732
6.458585086042066
6.456940726577438
6.456443594646271
6.452695984703633
6.452989165073295
6.445901848311026
6.448183556405354
6.444104525175271
6.446653919694072
6.450516252390057
6.4551179094964946
6.450172084130019
6.457578075207139
6.460956022944551
6.463926067558955
6.4632759719566595
6.46146590184831
6.4665901848311025
6.470057361376674
6.4715232632249835
6.47402166985341
6.475576800509879
6.4723008285532195
6.469292543021032
6.467431485022307
6.466437221159974
6.467138304652645
6.459783301465902
6.45799872530274
6.451599745060548
6.444181007010835
6.441950286806884
6.445277246653919
6.439158699808795
6.440611854684512
6.446781389420012
6.443352453792225
6.442217973231357
6.435717017208414
6.440994263862333
6.440650095602295
6.448999362651371
6.440267686424474
6.451931166347992
6.458317399617591
6.456647546207776
6.462001274697259
6.473001912045889
6.477501593371574
6.484053537284896
6.493282345442958
6.491013384321223
6.49291268323773
6.493333333333333
6.496214149139579
6.497412364563416
6.49755258126195
6.488897386870618
6.491625239005735
6.4889356277884
6.486908859145952
6.48874442319949
6.496838750796686
6.484563416188656
6.475054174633524
6.4720841300191205
6.468272785213512
6.469598470363288
6.472989165073295
6.465340981516889
6.467558954748247
6.462587635436583
6.464920331421288
6.467750159337157
6.468451242829828
6.476163161249203
6.48038240917782
6.478100701083492
6.469483747609943
6.477769279796048
6.468119821542383
6.47453154875717
6.461810070108348
6.464486934353092
6.465226258763543
6.455780752071383
6.451586998087953
6.454620777565328
6.455971956660293
6.44270235818993
6.43589547482473
6.422281708094328
6.422906309751434
6.422128744423199
6.41472275334608
6.419018483110261
6.418942001274697
6.424716379859784
6.422766093052901
6.438444869343532
6.448119821542384
6.4640407903123
6.47131931166348
6.48155513065647
6.494008922880816
6.501784576163161
6.503110261312937
6.505723390694709
6.511778202676863
6.510847673677502
6.507877629063097
6.507138304652645
6.5065901848311025
6.497323135755258
6.490822179732314
6.481504142766092
6.479783301465902
6.470388782664117
6.477501593371574
6.474442319949012
6.478801784576163
6.484971319311664
6.488030592734225
6.498432122370937
6.501045251752708
6.511332058636074
6.516864244741873
6.526628425748885
6.5260930528999355
6.536418100701083
6.536838750796686
6.5260675589547485
6.527100063734863
6.519056724028044
6.5247163798597825
6.523275971956661
6.525111536010198
6.524818355640535
6.516507329509242
6.503021032504781
6.508260038240918
6.516392606755895
6.5085277246653925
6.515818992989165
6.5111790949649455
6.505583173996176
6.499719566602932
6.49202039515615
6.488094327597196
6.498699808795411
6.492084130019121
6.4868833652007645
6.485137029955385
6.4819502868068835
6.480038240917782
6.484282982791586
6.4850478011472275
6.498355640535372
6.50982791586998
6.511102613129382
6.512288081580625
6.512874442319949
6.52289356277884
6.523250478011472
6.53157425111536
6.533065646908859
6.535525812619502
6.526386233269599
6.529343530911408
6.521083492670491
6.52868068833652
6.527597195666029
6.531064372211599
6.531332058636075
6.519783301465902
6.5147227533460805
6.508068833652008
6.509815168897386
6.492135117909497
6.4920331421287445
6.484410452517528
6.487737412364564
6.478113448056087
6.480293180369662
6.493333333333333
6.492300828553218
6.493103887826641
6.491586998087954
6.4958317399617584
6.5008667941363925
6.499974506054811
6.4984448693435315
6.504818355640536
6.498419375398343
6.501542383683875
6.498126195028681
6.5047546207775655
6.500433397068196
6.509037603569151
6.501708094327596
6.509356277884002
6.505366475462077
6.512058636073932
6.50861695347355
6.5080815806246015
6.521465901848312
6.517692797960485
6.520344168260039
6.526386233269599
6.524818355640535
6.5187253027406
6.520420650095602
6.506373486297004
6.514646271510515
6.5008413001912055
6.4926067558954745
6.497195666029318
6.498419375398343
6.488731676226896
6.497080943275972
6.48989165073295
6.492441045251752
6.4934098151688975
6.49049075844487
6.497488846398981
6.503926067558955
6.504308476736775
6.509420012746973
6.503671128107074
6.496175908221797
6.506003824091779
6.4965965583174
6.502613129381772
6.500917782026768
6.499706819630338
6.4882472912683244
6.485137029955386
6.475041427660931
6.486513702995538
6.487304015296367
6.486628425748884
6.490605481198216
6.489878903760357
6.485009560229445
6.492045889101339
6.493550031867431
6.491931166347992
6.498750796685787
6.497399617590823
6.501504142766094
6.501695347355003
6.510057361376673
6.505901848311026
6.519745060548119
6.509216061185469
6.514072657743785
6.511905672402804
6.514646271510516
6.514161886551944
6.5103632887189296
6.514875717017208
6.50282982791587
6.509840662842574
6.493384321223709
6.497922243467177
6.488298279158699
6.491548757170172
6.47889101338432
6.473499043977056
6.468961121733588
6.456252390057362
6.4538687061822815
6.4466411727214785
6.44219247928617
6.437386870618228
6.440229445506693
6.431357552581262
6.43421287444232
6.440956022944551
6.445672402804333
6.456698534098152
6.466539196940727
6.4746080305927345
6.4960484384958574
6.503173996175907
6.513843212237093
6.530223072020395
6.544576163161249
6.550006373486298
6.557004461440408
6.562880815806246
6.567456978967495
6.5639005736137666
6.553320586360739
6.556328871892925
6.551599745060549
6.5433906947100064
6.531089866156787
6.522868068833652
6.5193116634799235
6.513078393881453
6.510210325047801
6.512695984703632
6.518279158699808
6.513652007648183
6.51780752071383
6.516252390057361
6.512746972594009
6.5125557680050985
6.513027405991077
6.512020395156151
6.501695347355003
6.500611854684513
6.494595283620141
6.4869980879541105
6.476953473550031
6.474506054811982
6.476201402166986
6.466794136392607
6.462957297641809
6.452173358827279
6.454557042702359
6.445430210325048
6.445111536010198
6.441134480560867
6.45023581899299
6.451548757170173
6.456876991714468
6.462014021669853
6.463390694710006
6.468973868706182
6.471370299553856
6.479439133205863
6.482052262587635
6.493792224346718
6.488336520076482
6.488973868706182
6.484333970681964
6.492504780114722
6.5000509878903765
6.50712555768005
6.507405991077119
6.511994901210963
6.514544295729763
6.5189674952198855
6.5224091778202675
6.528005098789038
6.530834926704908
6.525634161886551
6.520943275971957
6.523951561504143
6.536239643084768
6.529483747609942
6.533103887826642
6.5256214149139575
6.532351816443595
6.535971956660294
6.541057998725304
6.546054811982154
6.5538049713193125
6.5464882090503504
6.540790312300828
6.548285532186106
6.541223709369025
6.547456978967496
6.542600382409177
6.542358189929892
6.536086679413639
6.542281708094327
6.541835564053537
6.549471000637348
6.544614404079031
6.54817080943276
6.555576800509879
6.550414276609305
6.5578330146590185
6.5591969407265776
6.562039515615041
6.555041427660931
6.546297004461441
6.536749521988528
6.541210962396431
6.527342256214149
6.525774378585085
6.5322753346080304
6.530669216061186
6.525162523900573
6.53793499043977
6.537807520713831
6.545188017845762
6.558801784576163
6.561465901848311
6.574200127469727
6.579005736137668
6.579222434671766
6.576915232632249
6.581746335245379
6.574646271510517
6.5804079031230085
6.583581899298916
6.582995538559591
6.592045889101339
6.586857871255576
6.582817080943276
6.580599107711919
6.586908859145953
6.579311663479923
6.579961759082218
6.573078393881453
6.57866156787763
6.5671255576800505
6.559490121096239
6.558597833014659
6.563403441682601
6.564181007010835
6.5683620140216705
6.58206500956023
6.582115997450605
6.593843212237093
6.590669216061185
6.6004843849585715
6.606093052899936
6.616150414276609
6.6095219885277245
6.61621414913958
6.6035691523263225
6.600752071383047
6.599337157425112
6.589152326322499
6.587584448693436
6.58219247928617
6.5758317399617585
6.568387507966857
6.576430847673678
6.566896112173359
6.576724028043339
6.576443594646271
6.577119184193754
6.582562141491396
6.5802931803696625
6.582498406628425
6.580229445506691
6.582753346080305
6.573129381771829
6.573065646908859
6.561019757807522
6.557845761631613
6.5519821542383685
6.548451242829827
6.5445379222434665
6.537667304015296
6.538138942001274
6.524028043339706
6.522880815806246
6.516226896112173
6.518495857233908
6.505264499681325
6.512071383046526
6.501032504780115
6.499082217973232
6.492989165073295
6.495844486934353
6.504028043339708
6.501121733588273
6.516265137029954
6.51402166985341
6.527941363926067
6.522052262587636
6.537412364563417
6.538725302740599
6.550108349267049
6.55246653919694
6.553753983428935
6.557157425111536
6.546500956022945
6.547342256214149
6.537603569152326
6.535449330783939
6.526398980242193
6.527074569789674
6.527877629063098
6.5274442319949015
6.526054811982155
6.537756532823454
6.542549394518802
6.548616953473549
6.562715105162524
6.57898024219248
6.584614404079032
6.5903760356915235
6.589968132568515
6.594429572976417
6.6044869343530905
6.59640535372849
6.607699171446781
6.614518801784575
6.620280433397069
6.621376673040152
6.626246016571064
6.625863607393244
6.6284384958572335
6.623263224984067
6.62184831102613
6.6305035054174635
6.625825366475462
6.613932441045252
6.602268961121733
6.586131293817718
6.580713830465264
6.581351179094964
6.574748247291269
6.577985978330147
6.572007648183556
6.560866794136393
6.557705544933078
6.5629827915869985
6.562702358189929
6.573894200127469
6.572989165073295
6.567138304652644
6.567775653282345
6.570541746335246
6.578585086042065
6.587329509241555
6.588795411089866
6.588387507966857
6.587456978967495
6.585417463352454
6.589738687061823
6.597144678138942
6.6020905035054165
6.600930528999363
6.592326322498407
6.59459528362014
6.591574251115359
6.587304015296366
6.58308476736775
6.581669853409815
6.584040790312301
6.574378585086043
6.57780752071383
6.564869343530912
6.564461440407904
6.549623964308477
6.539847036328872
6.536379859783302
6.544244741873805
6.538470363288719
6.5346590184831115
6.5344678138942
6.536112173358828
6.555334608030591
6.562460165710644
6.5812237093690245
6.596507329509241
6.607635436583811
6.607240280433397
6.618317399617591
6.615640535372848
6.628463989802422
6.627597195666029
6.61138304652645
6.605889101338431
6.590758444869343
6.584678138942
6.5825748884639905
6.574620777565328
6.5658636073932435
6.55666029318037
6.543785850860421
6.540101975780751
6.54585086042065
6.547864882090503
6.560994263862333
6.567775653282345
6.568948374760994
6.5842065009560224
6.594110898661568
6.619732313575526
6.6328999362651375
6.634455066921607
6.643989802421926
6.646398980242193
6.651599745060548
6.652084130019121
6.657578075207138
6.65265774378585
6.650376035691523
6.632734225621415
6.626462715105163
6.625328234544296
6.618738049713193
6.624550669216062
6.609700446144042
6.60327597195666
6.590975143403441
6.590478011472276
6.584945825366476
6.5876226896112176
6.592848948374761
6.5964435946462725
6.593690248565966
6.5843084767367746
6.589725940089228
6.589241555130657
6.5994391332058635
6.597667304015297
6.602115997450605
6.600739324410452
6.591548757170171
6.580548119821541
6.585175270873168
6.584792861695347
6.583900573613766
6.5861440407903125
6.58817080943276
6.580968769917145
6.581465901848311
6.580879541108986
6.590210325047801
6.597896749521989
6.59287444231995
6.596736775015935
6.600535372848949
6.605812619502869
6.601657106437221
6.6105544933078395
6.613562778840024
6.616660293180369
6.6204206500956015
6.625379222434671
6.626016571064373
6.622166985340982
6.614926704907585
6.607291268323773
6.610197578075208
6.605608667941364
6.599630337794774
6.5947227533460815
6.585009560229445
6.586398980242193
6.584627151051626
6.593779477374124
6.595156150414277
6.592746972594009
6.584588910133843
6.586781389420013
6.588604206500956
6.594748247291268
6.596316124920331
6.588145315487572
6.579898024219247
6.574811982154238
6.579949012109624
6.586539196940726
6.592772466539198
6.594773741236456
6.596864244741874
6.60050987890376
6.600012746972594
6.611688973868706
6.6282982791587
6.625863607393244
6.630133843212237
6.627737412364564
6.631179094964946
6.635360101975781
6.642447418738049
6.63583173996176
6.643059273422563
6.641414913957935
6.642791586998087
6.646144040790312
6.648158062460166
6.657578075207138
6.653690248565965
6.659655831739962
6.6590312300828565
6.662192479286169
6.657131931166347
6.656953473550032
6.652989165073294
6.651931166347993
6.644563416188656
6.644550669216061
6.63831739961759
6.628400254939452
6.626449968132569
6.622434671765456
6.6237221159974515
6.620905035054174
6.617501593371575
6.62057361376673
6.61980879541109
6.616571064372212
6.616532823454429
6.621414913957935
6.617323135755258
6.624805608667942
6.627100063734863
6.620917782026769
6.6266029318036965
6.6201912045889095
6.62101975780752
6.612543021032505
6.622396430847673
6.626870618228171
6.629891650732951
6.629445506692161
6.622778840025494
6.624053537284895
6.617221159974505
6.616073932441045
6.617119184193753
6.61685149776928
6.612109623964309
6.599757807520715
6.591790949649459
6.58346717654557
6.585646908859146
6.593664754620778
6.591268323773104
6.592147864882091
6.586398980242193
6.590312300828553
6.581389420012747
6.588897386870618
6.593906947100064
6.6027660930528995
6.598750796685787
6.597973231357552
6.596622052262588
6.60502230720204
6.613613766730402
6.6183556405353725
6.633333333333334
6.635194391332059
6.6366857871255585
6.640892288081581
6.649024856596558
6.649483747609942
6.658992989165074
6.649114085404717
6.65100063734863
6.647214786488209
6.643581899298916
6.633103887826641
6.634582536647547
6.624015296367112
6.616124920331421
6.615678776290631
6.614506054811983
6.620803059273422
6.608757170172084
6.602447418738049
6.59125557680051
6.59459528362014
6.584372211599744
6.58610579987253
6.584831102613129
6.580650095602295
6.573142128744423
6.572007648183557
6.577909496494582
6.587686424474188
6.598075207138304
6.605251752708731
6.618929254302103
6.620216698534098
6.632810707456978
6.641363926067559
6.6434034416826
6.651077119184193
6.645417463352454
6.648438495857234
6.649585723390695
6.643033779477374
6.642154238368388
6.645149776927979
6.636507329509241
6.6266029318036965
6.628604206500956
6.62117272147865
6.630898661567879
6.619209687699172
6.619133205863608
6.617297641810071
6.617208413001912
6.611676226896112
6.618368387507967
6.618967495219886
6.6264882090503505
6.623237731038879
6.624499681325685
6.627954110898661
6.634875717017208
6.640522625876353
6.64251115360102
6.642281708094327
6.640344168260039
6.636660293180371
6.631688973868707
6.640089228808158
6.6293435309114095
6.630388782664117
6.6170936902485655
6.6135372848948375
6.600803059273423
6.603964308476736
6.599604843849586
6.602600382409178
6.604448693435308
6.595423836838751
6.602944550669217
6.612887189292544
6.623773103887826
6.624741873804971
6.6334735500318684
6.636622052262588
6.640114722753346
6.640267686424474
6.6483875079668575
6.661937539834289
6.664741873804972
6.666424474187381
6.661325685149777
6.670669216061186
6.671344805608667
6.675258126195028
6.681708094327597
6.692453792224346
6.681695347355002
6.68578712555768
6.682842574888463
6.672237093690248
6.670771191841937
6.660522625876354
6.663543658381134
6.663263224984067
6.661720841300191
6.655615041427661
6.654710006373486
6.643645634161887
6.639515615041428
6.6511408540471635
6.659745060548119
6.666437221159974
6.660548119821542
6.663798597833015
6.662587635436584
6.6650095602294455
6.673588272785213
6.680650095602294
6.682472912683238
6.668311026131294
6.662880815806246
6.667660930528999
6.668311026131293
6.668922880815806
6.663352453792224
6.662498406628426
6.653142128744424
6.6420777565328235
6.643620140216698
6.651663479923519
6.643938814531549
6.628591459528362
6.624984066284258
6.6130911408540465
6.612606755895475
6.60353091140854
6.601657106437221
6.599821542383684
6.595130656469089
6.586564690885915
6.592479286169535
6.597973231357552
6.59304015296367
6.600713830465264
6.598393881453154
6.6074569789674955
6.606297004461441
6.6114722753346085
6.610286806883365
6.616724028043341
6.604894837476099
6.5984193753983424
6.6
6.597412364563416
6.596953473550031
6.596418100701084
6.59615041427661
6.59357552581262
6.591153601019758
6.594518801784576
6.60038240917782
6.610554493307839
6.613626513702996
6.610312300828554
6.618623326959847
6.618049713193115
6.629623964308476
6.628209050350542
6.641950286806884
6.637578075207138
6.642281708094327
6.637170172084131
6.64791586998088
6.652695984703633
6.652797960484385
6.6517017208413
6.651790949649459
6.653486297004462
6.643683875079669
6.644282982791586
6.648757170172084
6.652300828553219
6.647316762268961
6.6493052899936265
6.654161886551944
6.655704270235819
6.656966220522625
6.661210962396431
6.669878903760357
6.667367750159337
6.671051625239006
6.680407903123009
6.685213511790949
6.68887189292543
6.683326959847036
6.681822817080944
6.686717654557043
6.682409177820268
6.68095602294455
6.68270235818993
6.6839133205863615
6.672976418100701
6.666755895474824
6.657909496494583
6.655742511153601
6.664346717654557
6.661440407903123
6.664525175270873
6.660981516889739
6.664512428298279
6.657144678138941
6.667202039515614
6.672823454429572
6.685672402804335
6.689279796048439
6.681414913957934
6.685889101338431
6.691867431485022
6.689585723390695
6.693460803059273
6.695334608030592
6.700522625876355
6.693626513702996
6.6855321861057995
6.681988527724665
6.681351179094965
6.67100063734863
6.66089228808158
6.6588145315487575
6.6474697259400894
6.645812619502867
6.6302740599107715
6.628081580624602
6.6274059910771195
6.627049075844487
6.631434034416826
6.624869343530912
6.635360101975781
6.63774378585086
6.648017845761633
6.6499936265137025
6.659069471000636
6.658406628425748
6.659247928616953
6.660050987890376
6.661185468451243
6.6685659655831735
6.659783301465902
6.666475462077757
6.658457616316125
6.659196940726577
6.647087316762269
6.654824729126831
6.64270235818993
6.640458891013385
6.629407265774378
6.627686424474187
6.6329126832377305
6.631739961759083
6.642447418738049
6.645073295092415
6.64919056724028
6.656711281070745
6.666093052899936
6.675054174633524
6.691357552581262
6.699107711918419
6.705226258763544
6.710796685787126
6.704053537284895
6.707265774378585
6.720101975780753
6.71453154875717
6.717820267686425
6.711943913320586
6.713537284894837
6.72263862332696
6.723288718929254
6.727163798597832
6.7395156150414275
6.7423836838750795
6.745850860420649
6.754901210962396
6.767546207775653
6.777858508604207
6.783760356915233
6.778801784576163
6.7867431485022305
6.79408540471638
6.7939579349904395
6.78963671128107
6.788068833652007
6.794429572976418
6.793269598470363
6.804652644996813
6.803097514340345
6.80778840025494
6.804333970681963
6.80289356277884
6.815462077756532
6.829521988527725
6.828948374760995
6.832377310388782
6.840433397068196
6.834098151688974
6.8308731676226895
6.825876354365838
6.830133843212237
6.824971319311664
6.8084130019120455
6.797629063097514
6.796010197578075
6.786730401529637
6.773690248565965
6.772313575525813
6.766284257488846
6.763173996175909
6.761108986615679
6.7618738049713185
6.7696622052262585
6.772925430210326
6.771408540471637
6.762358189929892
6.7656469088591455
6.754289356277884
6.758623326959847
6.756201402166985
6.740968769917145
6.7380242192479285
6.719082217973232
6.7052390057361375
6.699426386233269
6.69023581899299
6.677233906947099
6.678929254302103
6.6737284894837465
6.664920331421288
6.665430210325048
6.65138304652645
6.65685149776928
6.66381134480561
6.66463989802422
6.681300191204589
6.682166985340983
6.681325685149777
6.683530911408541
6.6961759082217975
6.705876354365839
6.717284894837477
6.725315487571702
6.723518164435946
6.731179094964945
6.728693435309114
6.745774378585087
6.754225621414913
6.765391969407266
6.772759719566603
6.777527087316762
6.784423199490122
6.789585723390695
6.801465901848311
6.810541746335245
6.812007648183556
6.812058636073933
6.811867431485023
6.802766093052901
6.802600382409178
6.804614404079031
6.794799235181644
6.785175270873168
6.77529636711281
6.763492670490759
6.76791586998088
6.763836838750797
6.761325685149777
6.759311663479924
6.7553346080305925
6.750707456978968
6.7616316124920335
6.769126832377311
6.781261950286807
6.788030592734225
6.780752071383047
6.776991714467814
6.787915869980879
6.793193116634799
6.798929254302104
6.801363926067559
6.799923518164436
6.802039515615041
6.79008285532186
6.790949649458254
6.793601019757807
6.791548757170172
6.788374760994264
6.784486934353091
6.77555130656469
6.779783301465901
6.784040790312301
6.782817080943277
6.784512428298279
6.778865519439133
6.785162523900573
6.793409815168898
6.786347992351817
6.795946462715105
6.796137667304015
6.79898024219248
6.800395156150415
6.800395156150415
6.800790312300828
6.811688973868706
6.80108349267049
6.807469725940089
6.807049075844487
6.8006118546845125
6.807227533460803
6.80559592096877
6.797310388782664
6.79634161886552
6.80346717654557
6.790401529636711
6.803326959847037
6.7900573613766735
6.798508604206501
6.804690885914596
6.811739961759083
6.804792861695347
6.814684512428298
6.821631612492033
6.823543658381134
6.828145315487572
6.824945825366475
6.828667941363927
6.825098789037604
6.8255831739961765
6.820038240917782
6.820242192479285
6.82327597195666
6.820331421287444
6.819490121096239
6.818368387507967
6.815015933715743
6.820152963671129
6.818355640535373
6.818610579987253
6.809458253664754
6.803390694710006
6.788489483747609
6.7827278521351175
6.782179732313576
6.788068833652008
6.7877629063097515
6.775194391332059
6.783403441682601
6.785710643722116
6.799337157425112
6.808986615678776
6.817833014659018
6.822434671765456
6.823594646271511
6.82031867431485
6.824907584448693
6.835156150414277
6.822906309751434
6.819719566602932
6.807342256214149
6.801312938177183
6.799477374123645
6.796035691523263
6.7917017208413
6.78842574888464
6.784142766093054
6.78238368387508
6.795207138304652
6.7925685149776935
6.794811982154239
6.800752071383045
6.7987635436583815
6.804435946462714
6.815525812619503
6.825328234544295
6.834365838113449
6.846309751434035
6.83678776290631
6.83949012109624
6.840242192479286
6.836851497769279
6.843607393244105
6.845404716379861
6.8450860420650095
6.84314850223072
6.835793499043977
6.830337794773741
6.840599107711919
6.83898024219248
6.84972594008923
6.854811982154239
6.856520076481836
6.855729764181007
6.852683237731038
6.852198852772466
6.855908221797323
6.845289993626514
6.8357934990439775
6.836290630975144
6.8314467813894195
6.8311026131293815
6.822472912683238
6.826883365200765
6.824181007010835
6.826883365200765
6.82044614404079
6.821249203314213
6.828145315487572
6.833550031867432
6.832976418100701
6.83312938177183
6.83504142766093
6.833282345442957
6.837896749521989
6.834697259400892
6.8367112810707455
6.846564690885915
6.849216061185469
6.848540471637986
6.852479286169534
6.852517527087317
6.860892288081581
6.8595283620140215
6.846819630337795
6.852772466539197
6.855564053537285
6.849700446144041
6.847010834926705
6.838738049713195
6.8367112810707455
6.842613129381772
6.833333333333333
6.8274442319949005
6.831472275334607
6.830350541746334
6.826105799872531
6.834276609305289
6.833346080305927
6.837692797960484
6.829216061185468
6.819604843849585
6.818075207138305
6.822281708094328
6.8297131931166355
6.8222689611217335
6.831140854047164
6.822587635436584
6.8168897386870615
6.81363926067559
6.821032504780114
6.827495219885277
6.831140854047164
6.823607393244104
6.811332058636074
6.814429572976418
6.812606755895475
6.806602931803696
6.810312300828554
6.8082855321861055
6.801210962396431
6.79144678138942
6.7945442957297635
6.797131931166348
6.805608667941364
6.803314212874442
6.806755895474825
6.819949012109624
6.813753983428936
6.820458891013384
6.82559592096877
6.834773741236456
6.828476736775016
6.837476099426386
6.834952198852772
6.83780752071383
6.8305162523900576
6.828145315487572
6.829572976418101
6.832976418100701
6.82817080943276
6.819745060548119
6.8283365200764825
6.8298406628425745
6.841057998725302
6.844053537284894
6.840012746972594
6.835729764181007
6.839757807520714
6.831332058636074
6.845812619502868
6.851752708731676
6.846692160611855
6.846704907584449
6.845455704270235
6.8519566602931805
6.852428298279159
6.857782026768643
6.861325685149777
6.866297004461441
6.85332058636074
6.859464627151052
6.862664117272149
6.8489866156787755
6.829764181007011
6.819349904397706
6.825927342256215
6.818572339069471
6.8242319949012105
6.822460165710643
6.826449968132568
6.822829827915871
6.823632887189293
6.823097514340343
6.838699808795412
6.8357425111536
6.829471000637349
6.830414276609306
6.822014021669854
6.816800509878904
6.817437858508605
6.811421287444233
6.800675589547483
6.811969407265775
6.812147864882091
6.8204333970681965
6.8239898024219245
6.831459528362014
6.828132568514978
6.841504142766093
6.842370936902487
6.851446781389421
6.863785850860421
6.857858508604207
6.852657743785851
6.845736137667305
6.8495347355003195
6.8478393881453155
6.854047163798598
6.83717017208413
6.824882090503505
6.8190567240280435
6.815028680688336
6.820050987890377
6.817412364563416
6.82006373486297
6.812810707456979
6.805595920968769
6.802753346080306
6.811268323773104
6.819617590822179
6.820764818355641
6.828769917144678
6.823288718929254
6.828196303377948
6.8242065009560235
6.831230082855322
6.844397705544933
6.853397068196304
6.86044614404079
6.866373486297005
6.866233269598471
6.854008922880816
6.866730401529637
6.868948374760993
6.879273422562141
6.877603569152327
6.8710643722116
6.860050987890377
6.849929891650733
6.845697896749522
6.842128744423199
6.840905035054175
6.836073932441045
6.830108349267049
6.830286806883365
6.829802421924793
6.834952198852772
6.84219247928617
6.855729764181007
6.857437858508604
6.870694710006374
6.885137029955385
6.893205863607393
6.897208413001913
6.899630337794774
6.903607393244105
6.8979222434671765
6.897208413001912
6.88791586998088
6.887176545570427
6.878138942001275
6.873499043977056
6.857539834289356
6.854391332058636
6.853945188017845
6.858648820905035
6.862715105162524
6.8655321861058
6.868833652007648
6.87465901848311
6.880688336520077
6.879082217973231
6.887520713830465
6.891918419375398
6.880713830465264
6.874110898661568
6.874671765455704
6.865009560229446
6.867775653282346
6.859885277246654
6.849139579349904
6.841261950286807
6.833715742511154
6.8246781389420015
6.818291905672403
6.809228808158061
6.797361376673041
6.792084130019121
6.786921606118546
6.7896112173358825
6.788362014021669
6.791370299553856
6.794518801784577
6.802817080943276
6.807010834926705
6.822460165710643
6.833205863607393
6.847214786488208
6.843161249203315
6.847163798597833
6.863046526449968
6.8661822817080935
6.874455066921606
6.880076481835563
6.894225621414914
6.885710643722116
6.878432122370937
6.873562778840026
6.882141491395794
6.876520076481836
6.869241555130656
6.873091140854047
6.864856596558318
6.867635436583811
6.862141491395794
6.871803696622052
6.873894200127469
6.8798215423836835
6.879885277246654
6.885799872530275
6.882065009560229
6.886195028680688
6.882370936902485
6.874620777565329
6.871752708731677
6.872887189292544
6.885289993626515
6.887546207775654
6.894187380497132
6.8923135755258125
6.89316762268961
6.894340344168261
6.907635436583811
6.908948374760994
6.905519439133206
6.894340344168261
6.890401529636711
6.8824346717654565
6.867380497131932
6.863836838750797
6.860191204588911
6.852848948374761
6.849024856596559
6.8480688336520075
6.846271510516252
6.848706182281709
6.840114722753346
6.836889738687061
6.841504142766094
6.847100063734863
6.844384958572339
6.839566602931803
6.826768642447418
6.825493945188017
6.826233269598471
6.821835564053537
6.825812619502868
6.827482472912683
6.827520713830466
6.82308476736775
6.831574251115359
6.840025493945187
6.848145315487572
6.845264499681327
6.854888463989803
6.857896749521989
6.863135755258127
6.865710643722116
6.864091778202677
6.869012109623966
6.875245379222435
6.87838113448056
6.88314850223072
6.890490758444869
6.8865646908859155
6.891179094964945
6.884257488846399
6.894773741236456
6.894977692797961
6.896290630975144
6.887533460803059
6.888820905035055
6.893741236456341
6.8996430847673675
6.898852772466539
6.8908094327597205
6.901504142766093
6.900458891013384
6.914760994263863
6.913677501593372
6.931115360101977
6.921261950286807
6.915971956660294
6.907329509241555
6.907304015296368
6.912530274059911
6.903123008285532
6.892249840662842
6.891179094964946
6.890006373486297
6.881835564053537
6.884448693435309
6.877182919056724
6.881389420012747
6.888285532186106
6.896214149139579
6.897093690248566
6.904741873804972
6.899898024219247
6.893537284894838
6.890720203951561
6.893014659018482
6.90174633524538
6.900178457616316
6.89376673040153
6.892797960484386
6.890172084130019
6.888017845761632
6.8814913957935
6.89068196303378
6.885863607393244
6.884295729764181
6.871561504142766
6.874824729126832
6.872746972594008
6.872186105799873
6.878687061822817
6.8752198852772475
6.875028680688335
6.875500318674314
6.876673040152964
6.870210325047801
6.883492670490758
6.871841937539834
6.873256851497769
6.873154875717017
6.872976418100701
6.879337157425112
6.880803059273423
6.873384321223709
6.869407265774378
6.869866156787762
6.865646908859146
6.875742511153601
6.881019757807522
6.874748247291269
6.868706182281708
6.869407265774378
6.8665009560229455
6.869024856596559
6.866437221159975
6.875984703632888
6.874314850223072
6.870376035691524
6.865965583173996
6.873932441045252
6.884843849585724
6.8861695347355
6.8934608030592734
6.897743785850861
6.902179732313575
6.9023836838750805
6.90712555768005
6.907864882090503
6.9170554493307845
6.906093052899936
6.896673040152963
6.892772466539197
6.891293817718291
6.883377947737413
6.881325685149777
6.873244104525176
6.867571701720841
6.864512428298278
6.8609177820267675
6.868833652007648
6.877437858508604
6.868604206500955
6.872058636073932
6.878521351179095
6.889394518801785
6.8885277246653915
6.896889738687062
6.902243467176547
6.8950541746335245
6.889407265774379
6.8944678138942
6.907036328871892
6.90012746972594
6.907074569789675
6.907023581899299
6.917323135755257
6.91806246016571
6.9129381771829195
6.9148884639898025
6.916430847673677
6.90565965583174
6.908820905035054
6.91157425111536
6.8989547482472915
6.893613766730401
6.887635436583811
6.881121733588272
6.881861057998725
6.8904780114722755
6.890401529636712
6.897985978330146
6.88836201402167
6.887660930528999
6.890312300828553
6.89717017208413
6.894773741236456
6.90025493945188
6.904831102613129
6.9043467176545565
6.90785213511791
6.902472912683237
6.912785213511792
6.912581261950287
6.920089228808158
6.92070108349267
6.929088591459528
6.922128744423199
6.925137029955385
6.925595920968769
6.919490121096241
6.921147227533461
6.909101338432123
6.904015296367112
6.9014913957934985
6.895627788400255
6.888425748884639
6.890465264499681
6.883811344805609
6.8713448056086674
6.875818992989165
6.874710006373487
6.882791586998088
6.893116634799235
6.886105799872531
6.889891650732951
6.889050350541747
6.895984703632887
6.905889101338432
6.919005736137668
6.923288718929254
6.927584448693435
6.931038878266412
6.934021669853409
6.946947100063735
6.938801784576163
6.9465264499681325
6.938368387507967
6.941325685149777
6.935436583811345
6.9295729764181
6.923199490121096
6.914123645634162
6.9045761631612494
6.8950541746335245
6.896303377947738
6.896520076481835
6.896736775015934
6.8837093690248565
6.875869980879541
6.877616316124921
6.872402804333971
6.873473550031867
6.877399617590822
6.878852772466539
6.878457616316125
6.880573613766731
6.875640535372849
6.871727214786488
6.87891650732951
6.870694710006374
6.87742511153601
6.878992989165073
6.878559592096877
6.870630975143404
6.874735500318675
6.862230720203952
6.874008922880815
6.8855576800509875
6.887877629063097
6.89555130656469
6.886692160611855
6.888961121733589
6.883492670490758
6.897896749521989
6.893295092415552
6.901542383683876
6.902549394518802
6.900025493945187
6.895678776290631
6.901210962396431
6.909063097514341
6.909114085404716
6.920356915232632
6.9124920331421285
6.921593371574251
6.924028043339707
6.920203951561504
6.920905035054175
6.925978330146591
6.911586998087954
6.9082345442957305
6.896239643084767
6.885710643722115
6.887724665391969
6.877029955385597
6.874353091140854
6.867482472912683
6.863123008285533
6.85548757170172
6.860076481835565
6.858355640535374
6.867941363926067
6.86578712555768
6.86050987890376
6.85974506054812
6.85265774378585
6.853537284894838
6.851306564690886
6.857259400892288
6.868693435309114
6.873932441045252
6.878215423836839
6.884894837476099
6.899337157425112
6.9067558954748245
6.919490121096239
6.933091140854048
6.933091140854048
6.931370299553857
6.930924155513066
6.929228808158062
6.928514977692798
6.924780114722753
6.922651370299554
6.922409177820268
6.922256214149139
6.917272147864882
6.9261185468451245
6.9370044614404085
6.9339196940726575
6.942855321861058
6.940191204588911
6.952007648183557
6.9564945825366475
6.959298916507329
6.954455066921605
6.949929891650733
6.956112173358828
6.946628425748885
6.956010197578075
6.955041427660931
6.9608540471637985
6.955436583811345
6.950669216061185
6.942664117272148
6.944614404079031
6.947304015296367
6.941312938177183
6.949177820267686
6.934582536647547
6.935920968769918
6.934327597195667
6.93144678138942
6.935041427660931
6.942090503505417
6.944040790312301
6.945188017845761
6.943696622052263
6.936418100701083
6.947686424474187
6.9397705544933075
6.927087316762269
6.9372466539196935
6.925774378585086
6.929853409815169
6.926449968132569
6.925685149776928
6.920981516889739
6.91838113448056
6.911816443594646
6.918585086042065
6.927240280433397
6.923862332695984
6.927112810707457
6.918687061822818
6.927367750159337
6.92861695347355
6.937527087316762
6.936813256851498
6.939821542383684
6.931319311663479
6.93491395793499
6.9245251752708725
6.929356277884003
6.926475462077756
6.915270873167623
6.91357552581262
6.913358827278522
6.919961759082219
6.919171446781389
6.915615041427661
6.907507966857871
6.907941363926068
6.902600382409177
6.900471637985978
6.905965583173996
6.903288718929255
6.901185468451243
6.889751434034417
6.888081580624601
6.89325685149777
6.901083492670491
6.9060803059273415
6.908374760994263
6.9093945188017845
6.907813894200128
6.901861057998726
6.895398342893562
6.89453154875717
6.893932441045252
6.889815168897386
6.879885277246654
6.885927342256214
6.877985978330147
6.882753346080306
6.876966220522626
6.880662842574889
6.88565965583174
6.8891013384321225
6.893957934990439
6.898636073932441
6.904882090503506
6.89980879541109
6.911268323773104
6.911892925430211
6.930962396430847
6.9381516889738695
6.9461695347355
6.958011472275334
6.966896112173359
6.97434034416826
6.9850478011472275
6.986870618228171
6.993027405991078
6.997412364563416
6.981185468451243
6.9853792224346725
6.98219247928617
6.981593371574251
6.970465264499682
6.965685149776927
6.959528362014022
6.9606373486297
6.947380497131931
6.951281070745698
6.964117272147865
6.958483110261313
6.951803696622052
6.946985340981517
6.948642447418737
6.948323773103888
6.952351816443595
6.950860420650096
6.958801784576163
6.950439770554493
6.946156787762905
6.9438878266411725
6.943734862970046
6.944270235818993
6.940050987890376
6.949305289993627
6.940293180369662
6.943224984066285
6.944741873804971
6.951281070745698
6.9427405991077125
6.945175270873166
6.950758444869344
6.958087954110899
6.963301465901847
6.94546845124283
6.948833652007648
6.941402166985341
6.933320586360739
6.930274059910771
6.936061185468452
6.933753983428935
6.922613129381772
6.912887189292544
6.908311026131294
6.917335882727851
6.907138304652645
6.900994263862333
6.895717017208412
6.897731038878266
6.8856724028043335
6.8824346717654565
6.88495857233907
6.8909369024856595
6.884703632887189
6.886105799872531
6.891370299553856
6.903696622052262
6.903760356915233
6.9014786488209054
6.9065137029955395
6.915666029318038
6.924486934353091
6.92076481835564
6.926437221159975
6.916188655194391
6.913779477374124
6.903454429572977
6.903671128107075
6.905162523900573
6.9015933715742515
6.898534098151688
6.886373486297005
6.886437221159975
6.887342256214149
6.897884002549395
6.900981516889738
6.9110643722116
6.916328871892925
6.909611217335883
6.922613129381772
6.927087316762269
6.932045889101339
6.937272147864883
6.935168897386871
6.939898024219248
6.943977055449331
6.946258763543659
6.946322498406628
6.962421924792862
6.9661312938177185
6.968629700446145
6.982804333970682
6.976392606755896
6.986054811982154
6.991268323773104
6.99414913957935
7.001108986615678
7.008463989802422
7.001542383683875
6.997718291905673
6.991281070745698
6.985251752708732
6.994888463989802
6.99806246016571
6.992632249840662
6.994735500318674
6.984257488846399
6.973639260675589
6.973855959209689
6.9650860420650105
6.970146590184831
6.963008285532187
6.964333970681962
6.958075207138306
6.9508859145952835
6.953919694072658
6.956214149139579
6.961491395793499
6.964741873804972
6.9760994263862335
6.97176545570427
6.9709496494582535
6.9580879541108995
6.952797960484385
6.951867431485023
6.948119821542384
6.939923518164435
6.945442957297642
6.9352963671128105
6.929840662842575
6.931803696622052
6.938712555768005
6.938585086042065
6.94282982791587
6.944576163161249
6.950796685787125
6.956736775015934
6.954302103250478
6.955513065646909
6.959439133205864
6.955857233906948
6.956112173358827
6.966118546845124
6.9677374123645635
6.974888463989802
6.961835564053538
6.966539196940727
6.965264499681326
6.975334608030593
6.968463989802421
6.976711281070745
6.979808795411091
6.976303377947737
6.979247928616953
6.971102613129381
6.977182919056724
6.975219885277247
6.978878266411727
6.966449968132569
6.971434034416825
6.963964308476737
6.953078393881453
6.950924155513066
6.940535372848949
6.950057361376674
6.949662205226258
6.948973868706183
6.946360739324411
6.9582154238368386
6.956188655194392
6.955768005098789
6.965838113448056
6.971051625239006
6.979094964945825
6.977297641810069
6.977374123645634
6.975079668578712
6.978228170809432
6.969420012746973
6.971370299553856
6.969891650732951
6.965379222434671
6.968476736775016
6.960956022944551
6.9537539834289355
6.9483492670490765
6.946449968132568
6.933613766730401
6.933792224346718
6.926488209050351
6.934684512428299
6.928209050350541
6.9167240280433395
6.923390694710006
6.920841300191205
6.924563416188655
6.9241682600382415
6.9375780752071385
6.935984703632887
6.944040790312301
6.93685149776928
6.95049075844487
6.9572339069471
6.950605481198216
6.961134480560867
6.9666921606118555
6.972632249840664
6.97157425111536
6.975054174633525
6.973333333333334
6.976226896112173
6.970847673677502
6.975971956660294
6.9852644996813265
6.974824729126833
6.974888463989802
6.967941363926068
6.9695729764181005
6.974620777565328
6.977718291905672
6.9767750159337165
6.981975780752071
6.973741236456342
6.977680050987891
6.982613129381772
6.9792989165073305
6.981606118546845
6.97402166985341
6.968795411089866
6.9682982791587005
6.971497769279796
6.961172721478648
6.970223072020396
6.956838750796685
6.95742511153601
6.9534098151688974
6.96034416826004
6.966284257488846
6.9703632887189295
6.972479286169535
6.968285532186107
6.980089228808159
6.975474824729128
6.986717654557043
6.992976418100701
7.008247291268323
7.012466539196941
7.0118419375398355
7.018648820905035
7.0141618865519435
7.0235564053537285
7.015831739961759
7.02066284257489
7.012606755895475
7.0178457616316114
7.003390694710006
7.002128744423199
7.003072020395157
6.991969407265774
6.988056086679413
6.981389420012747
6.982778840025493
6.972364563416188
6.981746335245378
6.964945825366476
6.967151051625239
6.958075207138305
6.957450605481198
6.9614276609305294
6.969560229445507
6.961249203314213
6.95344805608668
6.95697896749522
6.946475462077755
6.955564053537285
6.946437221159975
6.943900573613766
6.940726577437858
6.940726577437858
6.93536010197578
6.942434671765455
6.9472147864882094
6.955920968769917
6.958699808795411
6.96091778202677
6.9661695347355
6.976379859783302
6.973741236456342
6.980726577437859
6.980025493945188
6.976902485659656
6.9846908859145955
6.980943275971956
6.9912300828553215
6.982498406628427
6.990108349267048
6.990809432759719
7.001504142766094
7.001057998725303
7.010095602294456
7.013205863607393
7.017208413001912
7.017412364563416
7.012109623964308
7.018342893562778
7.021070745697897
7.0125557680050985
7.010528999362652
7.008667941363926
7.005748884639898
7.014136392606755
7.010337794773742
7.003008285532187
7.004015296367113
6.998725302740599
6.993919694072658
6.992683237731039
6.993894200127468
6.986500956022946
6.986386233269598
6.97504142766093
6.96244741873805
6.9631485022307205
6.955436583811346
6.956405353728489
6.950516252390058
6.951102613129381
6.941210962396431
6.945111536010197
6.9366730401529635
6.9366730401529635
6.946195028680688
6.9567367750159335
6.956252390057362
6.959439133205864
6.960905035054174
6.962842574888464
6.972275334608031
6.9704780114722755
6.980254939451881
6.988119821542384
6.9907711918419375
6.983008285532185
6.990834926704908
6.994888463989803
7.000777565328234
7.007890376035692
7.004257488846398
7.004971319311664
7.004117272147865
6.997629063097515
6.9923645634161895
6.985442957297642
6.983836838750796
6.969521988527724
6.967316762268961
6.958075207138305
6.96133843212237
6.964015296367112
6.961402166985341
6.963938814531549
6.95678776290631
6.959375398342893
6.952772466539197
6.951892925430211
6.939961759082218
6.941618865519439
6.93259400892288
6.930223072020395
6.916889738687062
6.908897386870619
6.902205226258764
6.891204588910134
6.885047801147227
6.881708094327597
6.883059273422563
6.877259400892288
6.876188655194391
6.867049075844487
6.870911408540472
6.882141491395792
6.89306564690886
6.915946462715105
6.922995538559591
6.9440025493945186
6.953537284894837
6.963492670490759
6.9707074569789675
6.9787253027405995
6.996647546207775
7.002370936902486
7.003543658381135
7.001784576163161
7.006207775653282
7.0055321861058
7.002065009560229
7.008183556405354
7.014187380497132
7.0142638623326965
7.008209050350542
7.009611217335882
7.0190949649458245
7.017654557042702
7.023926067558954
7.0228553218610585
7.030554493307839
7.0297386870618235
7.026781389420012
7.0372339069471
7.034238368387507
7.032122370936903
7.020369662205226
7.024627151051625
7.0203569152326315
7.018840025493946
7.02346717654557
7.016086679413639
7.014110898661568
7.004678138942001
7.00289356277884
6.997437858508604
7.005111536010197
7.007660930528999
7.004270235818993
7.000382409177821
6.99202039515615
6.99355003186743
6.987928616953474
6.988922880815807
6.995003186743149
6.993588272785213
6.9940981516889735
6.984856596558317
6.985200764818356
6.989177820267686
6.9877884002549395
6.991510516252389
6.998648820905034
7.004729126832377
6.997170172084131
6.995589547482473
6.994697259400891
6.989177820267687
6.989929891650733
6.982434671765456
6.994353091140853
6.992109623964309
6.983441682600382
6.984665391969407
6.987214786488209
6.998929254302103
6.9961504142766096
7.003072020395157
7.007100063734864
7.021631612492032
7.015551306564691
7.019362651370299
7.027253027405991
7.018903760356916
7.0235691523263215
7.012619502868069
7.020216698534098
7.020305927342257
7.021771829190568
7.017731038878267
7.0155385595920965
7.011140854047163
7.014557042702358
7.022600382409178
7.01653282345443
7.01253027405991
7.0094455066921615
7.010911408540472
7.010873167622689
7.0064754620777565
6.996813256851498
6.9965073295092415
6.9845761631612495
6.981338432122372
6.989343530911408
6.999196940726577
6.991179094964946
6.983314212874443
6.978534098151688
6.976188655194391
6.986539196940726
6.981108986615679
6.991421287444232
6.98514977692798
6.973830465264499
6.973677501593372
6.982103250478011
6.988132568514978
6.987826641172721
6.985289993626514
6.984270235818993
6.989101338432122
6.986398980242193
6.983161249203315
6.9820777565328225
6.980433397068197
6.978317399617591
6.969037603569153
6.957323135755258
6.950274059910772
6.9389547482472915
6.928005098789038
6.925519439133206
6.922409177820268
6.9255449330783945
6.9144678138942
6.903505417463353
6.9082345442957305
6.9211854684512435
6.931536010197578
6.940382409177821
6.9517017208413
6.954799235181644
6.965812619502867
6.967329509241556
6.980395156150414
6.986347992351817
6.984219247928618
6.988030592734226
6.983518164435946
6.980943275971956
6.979566602931803
6.977629063097514
6.969980879541109
6.968769917144678
6.959311663479924
6.965340981516889
6.961657106437221
6.953499043977055
6.95208413001912
6.955079668578714
6.96365838113448
6.959987253027407
6.966335245379223
6.971994901210962
6.978087954110899
6.973537284894837
6.9830847673677505
6.987609942638624
6.998406628425749
6.998942001274697
6.994008922880816
7.003989802421924
6.999286169534735
6.9983428935627785
6.997527087316762
6.999757807520714
6.997743785850861
7.001899298916507
6.992568514977694
6.998266411727214
6.999655831739962
6.989521988527725
6.9923773103887825
6.9960484384958574
7.003161249203314
7.015296367112811
7.02495857233907
7.022829827915871
7.034735500318674
7.038342893562779
7.045442957297642
7.055398342893563
7.0545188017845755
7.057514340344168
7.0508349267049075
7.045863607393245
7.036660293180369
7.037692797960484
7.035882727852135
7.032492033142129
7.020356915232632
7.0111790949649455
7.0183938814531555
7.010911408540472
7.014059910771192
7.009394518801784
7.010388782664118
7.016022944550669
7.009674952198853
7.014913957934991
7.013346080305927
7.019872530274061
7.0198980242192475
7.031982154238368
7.037794773741236
7.043072020395156
7.038840025493945
7.038725302740599
7.045404716379859
7.041797323135755
7.055933715742512
7.0528871892925435
7.05974506054812
7.0594136392606766
7.065098789037603
7.06429572976418
7.0729509241555135
7.073116634799235
7.07685149776928
7.0796048438495855
7.0680815806246
7.067316762268962
7.063301465901849
7.057157425111536
7.037437858508604
7.03697896749522
7.030044614404079
7.018202676864245
7.010669216061185
7.007673677501593
7.00308476736775
7.0093435309114085
6.996290630975143
6.990694710006373
6.997259400892288
6.993065646908859
6.995627788400254
7.003543658381135
7.007520713830465
6.995398342893563
7.0075079668578715
7.001300191204589
7.007890376035692
7.007023581899299
7.003097514340344
7.000152963671128
7.011077119184193
7.009662205226258
7.010223072020395
7.016086679413639
7.016265137029955
7.0138177182919055
7.007163798597833
7.006526449968132
7.005889101338432
7.010847673677502
6.996494582536648
6.989636711281071
6.978992989165073
6.984053537284895
6.979209687699171
6.981134480560867
6.9881453154875715
6.984920331421287
6.991497769279796
6.98168260038241
6.985761631612492
6.984168260038241
6.9934225621414905
6.981210962396431
6.975793499043977
6.977692797960485
6.97847036328872
6.978585086042065
6.971357552581262
6.97119184193754
6.975984703632887
6.9754110898661565
6.97672402804334
6.977055449330784
6.984869343530912
6.975054174633524
6.976226896112173
6.985876354365837
6.98559592096877
6.99666029318037
6.9918164435946455
7.003773103887827
6.998317399617592
7.011790949649458
7.005940089228808
7.023709369024856
7.026144040790312
7.027405991077119
7.0404079031230085
7.031905672402805
7.031421287444232
7.0219375398342905
7.026743148502231
7.01678776290631
7.017909496494583
7.004971319311664
7.003110261312937
6.993142128744423
6.990707456978967
6.993779477374123
7.00089228808158
7.00308476736775
7.007520713830465
7.013154875717017
7.020089228808158
7.023709369024856
7.0299808795411085
7.038342893562779
7.040611854684514
7.044780114722753
7.040025493945188
7.04778840025494
7.04868068833652
7.049241555130656
7.048132568514977
7.058546845124283
7.055066921606119
7.054467813894201
7.048413001912046
7.050656469088591
7.046258763543658
7.042562141491396
7.034263862332696
7.02944550669216
7.026998087954111
7.018903760356916
7.016978967495221
7.010286806883365
7.012249840662843
7.0140471637985975
7.016583811344805
7.013346080305927
7.023632887189292
7.028961121733588
7.025468451242829
7.028183556405353
7.033588272785214
7.043671128107074
7.042944550669215
7.0460165710643725
7.042766093052899
7.050082855321861
7.046284257488847
7.046169534735501
7.059133205863607
7.064461440407903
7.061096239643085
7.066437221159974
7.069279796048439
7.0676864244741875
7.0668706182281715
7.056481835564053
7.04661567877629
7.043173996175908
7.0293945188017855
7.018342893562779
7.009496494582536
6.994671765455704
6.98874442319949
6.983696622052263
6.981899298916507
6.994455066921606
6.99087316762269
6.992096876991715
6.98912683237731
6.990975143403442
6.988413001912047
6.993499043977056
6.990579987253027
6.988782664117272
6.9945570427023585
6.9899681325685155
6.991370299553855
6.993932441045252
6.996520076481835
6.99640535372849
7.008400254939451
7.013537284894837
7.0219375398342905
7.024206500956023
